-- MySQL dump 10.13  Distrib 5.6.23, for Win64 (x86_64)
--
-- Host: localhost    Database: dealerportal
-- ------------------------------------------------------
-- Server version	5.6.17

/*!40101 SET @OLD_CHARACTER_SET_CLIENT=@@CHARACTER_SET_CLIENT */;
/*!40101 SET @OLD_CHARACTER_SET_RESULTS=@@CHARACTER_SET_RESULTS */;
/*!40101 SET @OLD_COLLATION_CONNECTION=@@COLLATION_CONNECTION */;
/*!40101 SET NAMES utf8 */;
/*!40103 SET @OLD_TIME_ZONE=@@TIME_ZONE */;
/*!40103 SET TIME_ZONE='+00:00' */;
/*!40014 SET @OLD_UNIQUE_CHECKS=@@UNIQUE_CHECKS, UNIQUE_CHECKS=0 */;
/*!40014 SET @OLD_FOREIGN_KEY_CHECKS=@@FOREIGN_KEY_CHECKS, FOREIGN_KEY_CHECKS=0 */;
/*!40101 SET @OLD_SQL_MODE=@@SQL_MODE, SQL_MODE='NO_AUTO_VALUE_ON_ZERO' */;
/*!40111 SET @OLD_SQL_NOTES=@@SQL_NOTES, SQL_NOTES=0 */;

--
-- Table structure for table `com_vtiger_workflow_activatedonce`
--

DROP TABLE IF EXISTS `com_vtiger_workflow_activatedonce`;
/*!40101 SET @saved_cs_client     = @@character_set_client */;
/*!40101 SET character_set_client = utf8 */;
CREATE TABLE `com_vtiger_workflow_activatedonce` (
  `workflow_id` int(11) NOT NULL,
  `entity_id` int(11) NOT NULL,
  PRIMARY KEY (`workflow_id`,`entity_id`)
) ENGINE=InnoDB DEFAULT CHARSET=utf8;
/*!40101 SET character_set_client = @saved_cs_client */;

--
-- Dumping data for table `com_vtiger_workflow_activatedonce`
--

LOCK TABLES `com_vtiger_workflow_activatedonce` WRITE;
/*!40000 ALTER TABLE `com_vtiger_workflow_activatedonce` DISABLE KEYS */;
/*!40000 ALTER TABLE `com_vtiger_workflow_activatedonce` ENABLE KEYS */;
UNLOCK TABLES;

--
-- Table structure for table `com_vtiger_workflow_tasktypes`
--

DROP TABLE IF EXISTS `com_vtiger_workflow_tasktypes`;
/*!40101 SET @saved_cs_client     = @@character_set_client */;
/*!40101 SET character_set_client = utf8 */;
CREATE TABLE `com_vtiger_workflow_tasktypes` (
  `id` int(11) NOT NULL,
  `tasktypename` varchar(255) NOT NULL,
  `label` varchar(255) DEFAULT NULL,
  `classname` varchar(255) DEFAULT NULL,
  `classpath` varchar(255) DEFAULT NULL,
  `templatepath` varchar(255) DEFAULT NULL,
  `modules` varchar(500) DEFAULT NULL,
  `sourcemodule` varchar(255) DEFAULT NULL
) ENGINE=InnoDB DEFAULT CHARSET=utf8;
/*!40101 SET character_set_client = @saved_cs_client */;

--
-- Dumping data for table `com_vtiger_workflow_tasktypes`
--

LOCK TABLES `com_vtiger_workflow_tasktypes` WRITE;
/*!40000 ALTER TABLE `com_vtiger_workflow_tasktypes` DISABLE KEYS */;
INSERT INTO `com_vtiger_workflow_tasktypes` VALUES (1,'VTEmailTask','Send Mail','VTEmailTask','modules/com_vtiger_workflow/tasks/VTEmailTask.inc','com_vtiger_workflow/taskforms/VTEmailTask.tpl','{\"include\":[],\"exclude\":[]}',''),(2,'VTEntityMethodTask','Invoke Custom Function','VTEntityMethodTask','modules/com_vtiger_workflow/tasks/VTEntityMethodTask.inc','com_vtiger_workflow/taskforms/VTEntityMethodTask.tpl','{\"include\":[],\"exclude\":[]}',''),(3,'VTCreateTodoTask','Create Todo','VTCreateTodoTask','modules/com_vtiger_workflow/tasks/VTCreateTodoTask.inc','com_vtiger_workflow/taskforms/VTCreateTodoTask.tpl','{\"include\":[\"Leads\",\"Accounts\",\"Potentials\",\"Contacts\",\"HelpDesk\",\"Campaigns\",\"Quotes\",\"PurchaseOrder\",\"SalesOrder\",\"Invoice\"],\"exclude\":[\"Calendar\",\"FAQ\",\"Events\"]}',''),(4,'VTCreateEventTask','Create Event','VTCreateEventTask','modules/com_vtiger_workflow/tasks/VTCreateEventTask.inc','com_vtiger_workflow/taskforms/VTCreateEventTask.tpl','{\"include\":[\"Leads\",\"Accounts\",\"Potentials\",\"Contacts\",\"HelpDesk\",\"Campaigns\"],\"exclude\":[\"Calendar\",\"FAQ\",\"Events\"]}',''),(5,'VTUpdateFieldsTask','Update Fields','VTUpdateFieldsTask','modules/com_vtiger_workflow/tasks/VTUpdateFieldsTask.inc','com_vtiger_workflow/taskforms/VTUpdateFieldsTask.tpl','{\"include\":[],\"exclude\":[]}',''),(6,'VTCreateEntityTask','Create Entity','VTCreateEntityTask','modules/com_vtiger_workflow/tasks/VTCreateEntityTask.inc','com_vtiger_workflow/taskforms/VTCreateEntityTask.tpl','{\"include\":[],\"exclude\":[]}',''),(7,'VTSMSTask','SMS Task','VTSMSTask','modules/com_vtiger_workflow/tasks/VTSMSTask.inc','com_vtiger_workflow/taskforms/VTSMSTask.tpl','{\"include\":[],\"exclude\":[]}','SMSNotifier');
/*!40000 ALTER TABLE `com_vtiger_workflow_tasktypes` ENABLE KEYS */;
UNLOCK TABLES;

--
-- Table structure for table `com_vtiger_workflow_tasktypes_seq`
--

DROP TABLE IF EXISTS `com_vtiger_workflow_tasktypes_seq`;
/*!40101 SET @saved_cs_client     = @@character_set_client */;
/*!40101 SET character_set_client = utf8 */;
CREATE TABLE `com_vtiger_workflow_tasktypes_seq` (
  `id` int(11) NOT NULL
) ENGINE=InnoDB DEFAULT CHARSET=utf8;
/*!40101 SET character_set_client = @saved_cs_client */;

--
-- Dumping data for table `com_vtiger_workflow_tasktypes_seq`
--

LOCK TABLES `com_vtiger_workflow_tasktypes_seq` WRITE;
/*!40000 ALTER TABLE `com_vtiger_workflow_tasktypes_seq` DISABLE KEYS */;
INSERT INTO `com_vtiger_workflow_tasktypes_seq` VALUES (7);
/*!40000 ALTER TABLE `com_vtiger_workflow_tasktypes_seq` ENABLE KEYS */;
UNLOCK TABLES;

--
-- Table structure for table `com_vtiger_workflows`
--

DROP TABLE IF EXISTS `com_vtiger_workflows`;
/*!40101 SET @saved_cs_client     = @@character_set_client */;
/*!40101 SET character_set_client = utf8 */;
CREATE TABLE `com_vtiger_workflows` (
  `workflow_id` int(11) NOT NULL AUTO_INCREMENT,
  `module_name` varchar(100) DEFAULT NULL,
  `summary` varchar(400) NOT NULL,
  `test` text,
  `execution_condition` int(11) NOT NULL,
  `defaultworkflow` int(1) DEFAULT NULL,
  `type` varchar(255) DEFAULT NULL,
  `filtersavedinnew` int(1) DEFAULT NULL,
  `schtypeid` int(10) DEFAULT NULL,
  `schdayofmonth` varchar(100) DEFAULT NULL,
  `schdayofweek` varchar(100) DEFAULT NULL,
  `schannualdates` varchar(100) DEFAULT NULL,
  `schtime` varchar(50) DEFAULT NULL,
  `nexttrigger_time` datetime DEFAULT NULL,
  PRIMARY KEY (`workflow_id`),
  UNIQUE KEY `com_vtiger_workflows_idx` (`workflow_id`)
) ENGINE=InnoDB AUTO_INCREMENT=25 DEFAULT CHARSET=utf8;
/*!40101 SET character_set_client = @saved_cs_client */;

--
-- Dumping data for table `com_vtiger_workflows`
--

LOCK TABLES `com_vtiger_workflows` WRITE;
/*!40000 ALTER TABLE `com_vtiger_workflows` DISABLE KEYS */;
INSERT INTO `com_vtiger_workflows` VALUES (1,'Invoice','UpdateInventoryProducts On Every Save','[{\"fieldname\":\"subject\",\"operation\":\"does not contain\",\"value\":\"`!`\"}]',3,1,'basic',5,NULL,NULL,NULL,NULL,NULL,NULL),(2,'Accounts','Send Email to user when Notifyowner is True','[{\"fieldname\":\"notify_owner\",\"operation\":\"is\",\"value\":\"true:boolean\"}]',2,1,'basic',5,NULL,NULL,NULL,NULL,NULL,NULL),(3,'Contacts','Send Email to user when Notifyowner is True','[{\"fieldname\":\"notify_owner\",\"operation\":\"is\",\"value\":\"true:boolean\"}]',2,1,'basic',5,NULL,NULL,NULL,NULL,NULL,NULL),(4,'Contacts','Send Email to user when Portal User is True','[{\"fieldname\":\"portal\",\"operation\":\"is\",\"value\":\"true:boolean\"}]',2,1,'basic',5,NULL,NULL,NULL,NULL,NULL,NULL),(5,'Potentials','Send Email to users on Potential creation',NULL,1,1,'basic',5,NULL,NULL,NULL,NULL,NULL,NULL),(6,'Contacts','Workflow for Contact Creation or Modification','',3,1,'basic',5,NULL,NULL,NULL,NULL,NULL,NULL),(7,'HelpDesk','Ticket Creation From Portal : Send Email to Record Owner and Contact','[{\"fieldname\":\"from_portal\",\"operation\":\"is\",\"value\":1,\"valuetype\":\"rawtext\",\"joincondition\":\"and\",\"groupjoin\":\"and\",\"groupid\":0},{\"fieldname\":\"from_portal\",\"operation\":\"is\",\"value\":\"1\",\"valuetype\":\"rawtext\",\"joincondition\":\"\",\"groupjoin\":\"and\",\"groupid\":\"0\"}]',1,1,'basic',6,NULL,NULL,NULL,NULL,NULL,NULL),(9,'HelpDesk','Send Email to Contact on Ticket Update','[{\"fieldname\":\"(contact_id : (Contacts) emailoptout)\",\"operation\":\"is\",\"value\":\"0\",\"valuetype\":\"rawtext\",\"joincondition\":\"and\",\"groupjoin\":\"and\",\"groupid\":\"0\"},{\"fieldname\":\"from_portal\",\"operation\":\"is\",\"value\":0,\"valuetype\":\"rawtext\",\"joincondition\":\"and\",\"groupjoin\":\"and\",\"groupid\":0},{\"fieldname\":\"ticketstatus\",\"operation\":\"has changed to\",\"value\":\"Closed\",\"valuetype\":\"rawtext\",\"joincondition\":\"or\",\"groupjoin\":\"and\",\"groupid\":\"1\"},{\"fieldname\":\"solution\",\"operation\":\"has changed\",\"value\":\"\",\"valuetype\":\"\",\"joincondition\":\"or\",\"groupjoin\":\"and\",\"groupid\":\"1\"},{\"fieldname\":\"description\",\"operation\":\"has changed\",\"value\":\"\",\"valuetype\":\"\",\"joincondition\":\"or\",\"groupjoin\":\"and\",\"groupid\":\"1\"}]',3,1,'basic',6,NULL,NULL,NULL,NULL,NULL,NULL),(10,'Events','Workflow for Events when Send Notification is True','[{\"fieldname\":\"sendnotification\",\"operation\":\"is\",\"value\":\"true:boolean\"}]',3,1,'basic',5,NULL,NULL,NULL,NULL,NULL,NULL),(11,'Calendar','Workflow for Calendar Todos when Send Notification is True','[{\"fieldname\":\"sendnotification\",\"operation\":\"is\",\"value\":\"true:boolean\"}]',3,1,'basic',5,NULL,NULL,NULL,NULL,NULL,NULL),(12,'Potentials','Calculate or Update forecast amount','',3,1,'basic',5,NULL,NULL,NULL,NULL,NULL,NULL),(13,'Events','Workflow for Events when Send Notification is True','[{\"fieldname\":\"sendnotification\",\"operation\":\"is\",\"value\":\"true:boolean\"}]',3,1,'basic',5,NULL,NULL,NULL,NULL,NULL,NULL),(14,'Calendar','Workflow for Calendar Todos when Send Notification is True','[{\"fieldname\":\"sendnotification\",\"operation\":\"is\",\"value\":\"true:boolean\"}]',3,1,'basic',5,NULL,NULL,NULL,NULL,NULL,NULL),(15,'HelpDesk','Comment Added From CRM : Send Email to Organization','[{\"fieldname\":\"_VT_add_comment\",\"operation\":\"is added\",\"value\":\"\",\"valuetype\":\"rawtext\",\"joincondition\":\"\",\"groupjoin\":\"and\",\"groupid\":\"0\"},{\"fieldname\":\"from_portal\",\"operation\":\"is\",\"value\":\"0\",\"valuetype\":\"rawtext\",\"joincondition\":\"\",\"groupjoin\":\"and\",\"groupid\":\"0\"},{\"fieldname\":\"(parent_id : (Accounts) emailoptout)\",\"operation\":\"is\",\"value\":\"0\",\"valuetype\":\"rawtext\",\"joincondition\":\"and\",\"groupjoin\":\"and\",\"groupid\":\"0\"}]',3,1,'basic',6,NULL,NULL,NULL,NULL,NULL,NULL),(16,'PurchaseOrder','Update Inventory Products On Every Save',NULL,3,1,'basic',5,NULL,NULL,NULL,NULL,NULL,NULL),(17,'HelpDesk','Comment Added From Portal : Send Email to Record Owner','[{\"fieldname\":\"_VT_add_comment\",\"operation\":\"is added\",\"value\":\"\",\"valuetype\":\"rawtext\",\"joincondition\":\"\",\"groupjoin\":\"and\",\"groupid\":\"0\"},{\"fieldname\":\"from_portal\",\"operation\":\"is\",\"value\":\"1\",\"valuetype\":\"rawtext\",\"joincondition\":\"\",\"groupjoin\":\"and\",\"groupid\":\"0\"}]',3,1,'basic',6,NULL,NULL,NULL,NULL,NULL,NULL),(18,'HelpDesk','Comment Added From CRM : Send Email to Contact, where Contact is not a Portal User','[{\"fieldname\":\"(contact_id : (Contacts) portal)\",\"operation\":\"is\",\"value\":\"0\",\"valuetype\":\"rawtext\",\"joincondition\":\"and\",\"groupjoin\":\"and\",\"groupid\":\"0\"},{\"fieldname\":\"_VT_add_comment\",\"operation\":\"is added\",\"value\":\"\",\"valuetype\":\"rawtext\",\"joincondition\":\"\",\"groupjoin\":\"and\",\"groupid\":\"0\"},{\"fieldname\":\"from_portal\",\"operation\":\"is\",\"value\":\"0\",\"valuetype\":\"rawtext\",\"joincondition\":\"\",\"groupjoin\":\"and\",\"groupid\":\"0\"},{\"fieldname\":\"(contact_id : (Contacts) emailoptout)\",\"operation\":\"is\",\"value\":\"0\",\"valuetype\":\"rawtext\",\"joincondition\":\"and\",\"groupjoin\":\"and\",\"groupid\":\"0\"}]',3,1,'basic',6,NULL,NULL,NULL,NULL,NULL,NULL),(19,'HelpDesk','Comment Added From CRM : Send Email to Contact, where Contact is Portal User','[{\"fieldname\":\"(contact_id : (Contacts) portal)\",\"operation\":\"is\",\"value\":\"1\",\"valuetype\":\"rawtext\",\"joincondition\":\"and\",\"groupjoin\":\"and\",\"groupid\":\"0\"},{\"fieldname\":\"_VT_add_comment\",\"operation\":\"is added\",\"value\":\"\",\"valuetype\":\"rawtext\",\"joincondition\":\"\",\"groupjoin\":\"and\",\"groupid\":\"0\"},{\"fieldname\":\"from_portal\",\"operation\":\"is\",\"value\":\"0\",\"valuetype\":\"rawtext\",\"joincondition\":\"\",\"groupjoin\":\"and\",\"groupid\":\"0\"},{\"fieldname\":\"(contact_id : (Contacts) emailoptout)\",\"operation\":\"is\",\"value\":\"0\",\"valuetype\":\"rawtext\",\"joincondition\":\"and\",\"groupjoin\":\"and\",\"groupid\":\"0\"}]',3,1,'basic',6,NULL,NULL,NULL,NULL,NULL,NULL),(20,'HelpDesk','Send Email to Record Owner on Ticket Update','[{\"fieldname\":\"from_portal\",\"operation\":\"is\",\"value\":0,\"valuetype\":\"rawtext\",\"joincondition\":\"and\",\"groupjoin\":\"and\",\"groupid\":0},{\"fieldname\":\"ticketstatus\",\"operation\":\"has changed to\",\"value\":\"Closed\",\"valuetype\":\"rawtext\",\"joincondition\":\"or\",\"groupjoin\":\"and\",\"groupid\":\"1\"},{\"fieldname\":\"solution\",\"operation\":\"has changed\",\"value\":\"\",\"valuetype\":\"\",\"joincondition\":\"or\",\"groupjoin\":\"and\",\"groupid\":\"1\"},{\"fieldname\":\"assigned_user_id\",\"operation\":\"has changed\",\"value\":\"\",\"valuetype\":\"\",\"joincondition\":\"or\",\"groupjoin\":\"and\",\"groupid\":\"1\"},{\"fieldname\":\"description\",\"operation\":\"has changed\",\"value\":\"\",\"valuetype\":\"\",\"joincondition\":\"or\",\"groupjoin\":\"and\",\"groupid\":\"1\"}]',3,1,'basic',6,NULL,NULL,NULL,NULL,NULL,NULL),(21,'HelpDesk','Ticket Creation From CRM : Send Email to Record Owner','[{\"fieldname\":\"from_portal\",\"operation\":\"is\",\"value\":\"0\",\"valuetype\":\"rawtext\",\"joincondition\":\"\",\"groupjoin\":\"and\",\"groupid\":\"0\"}]',1,1,'basic',6,NULL,NULL,NULL,NULL,NULL,NULL),(22,'HelpDesk','Send Email to Organization on Ticket Update','[{\"fieldname\":\"(parent_id : (Accounts) emailoptout)\",\"operation\":\"is\",\"value\":\"0\",\"valuetype\":\"rawtext\",\"joincondition\":\"and\",\"groupjoin\":\"and\",\"groupid\":\"0\"},{\"fieldname\":\"from_portal\",\"operation\":\"is\",\"value\":0,\"valuetype\":\"rawtext\",\"joincondition\":\"and\",\"groupjoin\":\"and\",\"groupid\":0},{\"fieldname\":\"ticketstatus\",\"operation\":\"has changed to\",\"value\":\"Closed\",\"valuetype\":\"rawtext\",\"joincondition\":\"or\",\"groupjoin\":\"and\",\"groupid\":\"1\"},{\"fieldname\":\"solution\",\"operation\":\"has changed\",\"value\":\"\",\"valuetype\":\"\",\"joincondition\":\"or\",\"groupjoin\":\"and\",\"groupid\":\"1\"},{\"fieldname\":\"description\",\"operation\":\"has changed\",\"value\":\"\",\"valuetype\":\"\",\"joincondition\":\"or\",\"groupjoin\":\"and\",\"groupid\":\"1\"}]',3,1,'basic',6,NULL,NULL,NULL,NULL,NULL,NULL),(23,'HelpDesk','Ticket Creation From CRM : Send Email to Organization','[{\"fieldname\":\"(parent_id : (Accounts) emailoptout)\",\"operation\":\"is\",\"value\":\"0\",\"valuetype\":\"rawtext\",\"joincondition\":\"and\",\"groupjoin\":\"and\",\"groupid\":\"0\"},{\"fieldname\":\"from_portal\",\"operation\":\"is\",\"value\":\"0\",\"valuetype\":\"rawtext\",\"joincondition\":\"\",\"groupjoin\":\"and\",\"groupid\":\"0\"}]',1,1,'basic',6,NULL,NULL,NULL,NULL,NULL,NULL),(24,'HelpDesk','Ticket Creation From CRM : Send Email to Contact','[{\"fieldname\":\"(contact_id : (Contacts) emailoptout)\",\"operation\":\"is\",\"value\":\"0\",\"valuetype\":\"rawtext\",\"joincondition\":\"and\",\"groupjoin\":\"and\",\"groupid\":\"0\"},{\"fieldname\":\"from_portal\",\"operation\":\"is\",\"value\":\"0\",\"valuetype\":\"rawtext\",\"joincondition\":\"\",\"groupjoin\":\"and\",\"groupid\":\"0\"}]',1,1,'basic',6,NULL,NULL,NULL,NULL,NULL,NULL);
/*!40000 ALTER TABLE `com_vtiger_workflows` ENABLE KEYS */;
UNLOCK TABLES;

--
-- Table structure for table `com_vtiger_workflows_seq`
--

DROP TABLE IF EXISTS `com_vtiger_workflows_seq`;
/*!40101 SET @saved_cs_client     = @@character_set_client */;
/*!40101 SET character_set_client = utf8 */;
CREATE TABLE `com_vtiger_workflows_seq` (
  `id` int(11) NOT NULL
) ENGINE=InnoDB DEFAULT CHARSET=utf8;
/*!40101 SET character_set_client = @saved_cs_client */;

--
-- Dumping data for table `com_vtiger_workflows_seq`
--

LOCK TABLES `com_vtiger_workflows_seq` WRITE;
/*!40000 ALTER TABLE `com_vtiger_workflows_seq` DISABLE KEYS */;
INSERT INTO `com_vtiger_workflows_seq` VALUES (24);
/*!40000 ALTER TABLE `com_vtiger_workflows_seq` ENABLE KEYS */;
UNLOCK TABLES;

--
-- Table structure for table `com_vtiger_workflowtask_queue`
--

DROP TABLE IF EXISTS `com_vtiger_workflowtask_queue`;
/*!40101 SET @saved_cs_client     = @@character_set_client */;
/*!40101 SET character_set_client = utf8 */;
CREATE TABLE `com_vtiger_workflowtask_queue` (
  `task_id` int(11) DEFAULT NULL,
  `entity_id` varchar(100) DEFAULT NULL,
  `do_after` int(11) DEFAULT NULL,
  `task_contents` text
) ENGINE=InnoDB DEFAULT CHARSET=utf8;
/*!40101 SET character_set_client = @saved_cs_client */;

--
-- Dumping data for table `com_vtiger_workflowtask_queue`
--

LOCK TABLES `com_vtiger_workflowtask_queue` WRITE;
/*!40000 ALTER TABLE `com_vtiger_workflowtask_queue` DISABLE KEYS */;
INSERT INTO `com_vtiger_workflowtask_queue` VALUES (6,'12x79',0,'{\"fromEmail\":\"d2user1@a.com\",\"fromName\":\"d2user1\",\"toEmail\":\"d2user1@a.com\",\"ccEmail\":\"\",\"bccEmail\":\"\",\"subject\":\"Regarding Contact Assignment\",\"content\":\"An Contact has been assigned to you on vtigerCRM<br>Details of Contact are :<br><br>Contact Id:<b>CON8<\\/b><br>LastName:<b>Smith<\\/b><br>FirstName:<b>Bob<\\/b><br>Lead Source:<b><\\/b><br>Department:<b><\\/b><br>Description:<b>Wants roller blind<\\/b><br><br><br>And <b>CustomerPortal Login Details<\\/b> is sent to the EmailID :-<br><br>Thank You<br>Admin\"}'),(5,'13x80',0,'{\"fromEmail\":\"d2user1@a.com\",\"fromName\":\"d2user1\",\"toEmail\":\"d2user1@a.com\",\"ccEmail\":\"\",\"bccEmail\":\"\",\"subject\":\"Regarding Potential Assignment\",\"content\":\"An Potential has been assigned to you on vtigerCRM<br>Details of Potential are :<br><br>Potential No:<b>POT6<\\/b><br>Potential Name:<b>Test<\\/b><br>Amount:<b>0.00<\\/b><br>Expected Close Date:<b>26-04-2015 (dd-mm-yyyy)<\\/b><br>Type:<b><\\/b><br><br><br>Description :Wants roller blind<br><br>Thank You<br>Admin\"}'),(6,'12x32',0,'{\"fromEmail\":\"d2user1@a.com\",\"fromName\":\"d2user1\",\"toEmail\":\"d2user1@a.com\",\"ccEmail\":\"\",\"bccEmail\":\"\",\"subject\":\"Regarding Contact Assignment\",\"content\":\"An Contact has been assigned to you on vtigerCRM<br>Details of Contact are :<br><br>Contact Id:<b>CON5<\\/b><br>LastName:<b>Nicolas<\\/b><br>FirstName:<b>Jane<\\/b><br>Lead Source:<b><\\/b><br>Department:<b><\\/b><br>Description:<b><\\/b><br><br><br>And <b>CustomerPortal Login Details<\\/b> is sent to the EmailID :-adam.d.harris@me.com<br><br>Thank You<br>Admin\"}'),(6,'12x24',0,'{\"fromEmail\":\"d2user2@a.com\",\"fromName\":\"d2user2\",\"toEmail\":\"d2user2@a.com\",\"ccEmail\":\"\",\"bccEmail\":\"\",\"subject\":\"Regarding Contact Assignment\",\"content\":\"An Contact has been assigned to you on vtigerCRM<br>Details of Contact are :<br><br>Contact Id:<b>CON3<\\/b><br>LastName:<b>Sanker<\\/b><br>FirstName:<b>Jane<\\/b><br>Lead Source:<b>Existing Customer<\\/b><br>Department:<b><\\/b><br>Description:<b><\\/b><br><br><br>And <b>CustomerPortal Login Details<\\/b> is sent to the EmailID :-anne@thecolouredhouse.com.au<br><br>Thank You<br>Admin\"}'),(6,'12x24',0,'{\"fromEmail\":\"d2user2@a.com\",\"fromName\":\"d2user2\",\"toEmail\":\"d2user2@a.com\",\"ccEmail\":\"\",\"bccEmail\":\"\",\"subject\":\"Regarding Contact Assignment\",\"content\":\"An Contact has been assigned to you on vtigerCRM<br>Details of Contact are :<br><br>Contact Id:<b>CON3<\\/b><br>LastName:<b>Doe<\\/b><br>FirstName:<b>Jane<\\/b><br>Lead Source:<b>Existing Customer<\\/b><br>Department:<b><\\/b><br>Description:<b><\\/b><br><br><br>And <b>CustomerPortal Login Details<\\/b> is sent to the EmailID :-anne@thecolouredhouse.com.au<br><br>Thank You<br>Admin\"}'),(6,'12x3',0,'{\"fromEmail\":\"d2user1@a.com\",\"fromName\":\"d2user1\",\"toEmail\":\"d2user1@a.com\",\"ccEmail\":\"\",\"bccEmail\":\"\",\"subject\":\"Regarding Contact Assignment\",\"content\":\"An Contact has been assigned to you on vtigerCRM<br>Details of Contact are :<br><br>Contact Id:<b>CON1<\\/b><br>LastName:<b>Smith<\\/b><br>FirstName:<b>John<\\/b><br>Lead Source:<b><\\/b><br>Department:<b><\\/b><br>Description:<b><\\/b><br><br><br>And <b>CustomerPortal Login Details<\\/b> is sent to the EmailID :-adam.d.harris@me.com<br><br>Thank You<br>Admin\"}'),(6,'12x24',0,'{\"fromEmail\":\"d2user2@a.com\",\"fromName\":\"d2user2\",\"toEmail\":\"d2user2@a.com\",\"ccEmail\":\"\",\"bccEmail\":\"\",\"subject\":\"Regarding Contact Assignment\",\"content\":\"An Contact has been assigned to you on vtigerCRM<br>Details of Contact are :<br><br>Contact Id:<b>CON3<\\/b><br>LastName:<b>Doe<\\/b><br>FirstName:<b>Jane<\\/b><br>Lead Source:<b>Existing Customer<\\/b><br>Department:<b><\\/b><br>Description:<b><\\/b><br><br><br>And <b>CustomerPortal Login Details<\\/b> is sent to the EmailID :-jane@daeler1account.com<br><br>Thank You<br>Admin\"}'),(5,'13x83',0,'{\"fromEmail\":\"d1user1@a.com\",\"fromName\":\"d1user1\",\"toEmail\":\"d1user1@a.com\",\"ccEmail\":\"\",\"bccEmail\":\"\",\"subject\":\"Regarding Potential Assignment\",\"content\":\"An Potential has been assigned to you on vtigerCRM<br>Details of Potential are :<br><br>Potential No:<b>POT7<\\/b><br>Potential Name:<b>Sheraton Hotel<\\/b><br>Amount:<b>25,000.00<\\/b><br>Expected Close Date:<b>18-03-2016 (dd-mm-yyyy)<\\/b><br>Type:<b><\\/b><br><br><br>Description :<br><br>Thank You<br>Admin\"}'),(5,'13x86',0,'{\"fromEmail\":\"d2user1@a.com\",\"fromName\":\"d2user1\",\"toEmail\":\"d2user1@a.com\",\"ccEmail\":\"\",\"bccEmail\":\"\",\"subject\":\"Regarding Potential Assignment\",\"content\":\"An Potential has been assigned to you on vtigerCRM<br>Details of Potential are :<br><br>Potential No:<b>POT8<\\/b><br>Potential Name:<b>Test Opportunity<\\/b><br>Amount:<b>1,000.00<\\/b><br>Expected Close Date:<b>28-05-2015 (dd-mm-yyyy)<\\/b><br>Type:<b><\\/b><br><br><br>Description :<br><br>Thank You<br>Admin\"}'),(6,'12x88',0,'{\"fromEmail\":\"d2user1@a.com\",\"fromName\":\"d2user1\",\"toEmail\":\"d2user1@a.com\",\"ccEmail\":\"\",\"bccEmail\":\"\",\"subject\":\"Regarding Contact Assignment\",\"content\":\"An Contact has been assigned to you on vtigerCRM<br>Details of Contact are :<br><br>Contact Id:<b>CON9<\\/b><br>LastName:<b>Smith<\\/b><br>FirstName:<b>Jane<\\/b><br>Lead Source:<b><\\/b><br>Department:<b><\\/b><br>Description:<b><\\/b><br><br><br>And <b>CustomerPortal Login Details<\\/b> is sent to the EmailID :-adam.d.harris@me.com<br><br>Thank You<br>Admin\"}'),(6,'12x88',0,'{\"fromEmail\":\"d2user1@a.com\",\"fromName\":\"d2user1\",\"toEmail\":\"d2user1@a.com\",\"ccEmail\":\"\",\"bccEmail\":\"\",\"subject\":\"Regarding Contact Assignment\",\"content\":\"An Contact has been assigned to you on vtigerCRM<br>Details of Contact are :<br><br>Contact Id:<b>CON9<\\/b><br>LastName:<b>Smith<\\/b><br>FirstName:<b>Jane<\\/b><br>Lead Source:<b><\\/b><br>Department:<b><\\/b><br>Description:<b><\\/b><br><br><br>And <b>CustomerPortal Login Details<\\/b> is sent to the EmailID :-adam.d.harris@me.com<br><br>Thank You<br>Admin\"}'),(6,'12x88',0,'{\"fromEmail\":\"d2user1@a.com\",\"fromName\":\"d2user1\",\"toEmail\":\"d2user1@a.com\",\"ccEmail\":\"\",\"bccEmail\":\"\",\"subject\":\"Regarding Contact Assignment\",\"content\":\"An Contact has been assigned to you on vtigerCRM<br>Details of Contact are :<br><br>Contact Id:<b>CON9<\\/b><br>LastName:<b>Smith<\\/b><br>FirstName:<b>Jane<\\/b><br>Lead Source:<b><\\/b><br>Department:<b><\\/b><br>Description:<b><\\/b><br><br><br>And <b>CustomerPortal Login Details<\\/b> is sent to the EmailID :-adam.d.harris@me.com<br><br>Thank You<br>Admin\"}'),(6,'12x88',0,'{\"fromEmail\":\"d2user1@a.com\",\"fromName\":\"d2user1\",\"toEmail\":\"d2user1@a.com\",\"ccEmail\":\"\",\"bccEmail\":\"\",\"subject\":\"Regarding Contact Assignment\",\"content\":\"An Contact has been assigned to you on vtigerCRM<br>Details of Contact are :<br><br>Contact Id:<b>CON9<\\/b><br>LastName:<b>Smith<\\/b><br>FirstName:<b>Jane<\\/b><br>Lead Source:<b><\\/b><br>Department:<b><\\/b><br>Description:<b><\\/b><br><br><br>And <b>CustomerPortal Login Details<\\/b> is sent to the EmailID :-adam.d.harris@me.com<br><br>Thank You<br>Admin\"}'),(6,'12x88',0,'{\"fromEmail\":\"d2user1@a.com\",\"fromName\":\"d2user1\",\"toEmail\":\"d2user1@a.com\",\"ccEmail\":\"\",\"bccEmail\":\"\",\"subject\":\"Regarding Contact Assignment\",\"content\":\"An Contact has been assigned to you on vtigerCRM<br>Details of Contact are :<br><br>Contact Id:<b>CON9<\\/b><br>LastName:<b>Smith<\\/b><br>FirstName:<b>Jane<\\/b><br>Lead Source:<b><\\/b><br>Department:<b><\\/b><br>Description:<b><\\/b><br><br><br>And <b>CustomerPortal Login Details<\\/b> is sent to the EmailID :-adam.d.harris@me.com<br><br>Thank You<br>Admin\"}'),(6,'12x95',0,'{\"fromEmail\":\"officer@a.com\",\"fromName\":\"officer\",\"toEmail\":\"glorykk318@gmail.com, administrator@a.com, test@gmail.com, officer@a.com, dealer1@a.com, d1user1@a.com, d1user2@a.com\",\"ccEmail\":\"\",\"bccEmail\":\"\",\"subject\":\"Regarding Contact Assignment\",\"content\":\"An Contact has been assigned to you on vtigerCRM<br>Details of Contact are :<br><br>Contact Id:<b>CON10<\\/b><br>LastName:<b>Smith<\\/b><br>FirstName:<b>Rob<\\/b><br>Lead Source:<b>Existing Customer<\\/b><br>Department:<b><\\/b><br>Description:<b><\\/b><br><br><br>And <b>CustomerPortal Login Details<\\/b> is sent to the EmailID :-adam.d.harris@me.com<br><br>Thank You<br>Admin\"}'),(6,'12x95',0,'{\"fromEmail\":\"officer@a.com\",\"fromName\":\"officer\",\"toEmail\":\"glorykk318@gmail.com, administrator@a.com, test@gmail.com, officer@a.com, dealer1@a.com, d1user1@a.com, d1user2@a.com\",\"ccEmail\":\"\",\"bccEmail\":\"\",\"subject\":\"Regarding Contact Assignment\",\"content\":\"An Contact has been assigned to you on vtigerCRM<br>Details of Contact are :<br><br>Contact Id:<b>CON10<\\/b><br>LastName:<b>Smith<\\/b><br>FirstName:<b>Rob<\\/b><br>Lead Source:<b>Existing Customer<\\/b><br>Department:<b><\\/b><br>Description:<b><\\/b><br><br><br>And <b>CustomerPortal Login Details<\\/b> is sent to the EmailID :-adam.d.harris@me.com<br><br>Thank You<br>Admin\"}'),(6,'12x95',0,'{\"fromEmail\":\"officer@a.com\",\"fromName\":\"officer\",\"toEmail\":\"glorykk318@gmail.com, administrator@a.com, test@gmail.com, officer@a.com, dealer1@a.com, d1user1@a.com, d1user2@a.com\",\"ccEmail\":\"\",\"bccEmail\":\"\",\"subject\":\"Regarding Contact Assignment\",\"content\":\"An Contact has been assigned to you on vtigerCRM<br>Details of Contact are :<br><br>Contact Id:<b>CON10<\\/b><br>LastName:<b>Smith<\\/b><br>FirstName:<b>Rob<\\/b><br>Lead Source:<b>Existing Customer<\\/b><br>Department:<b><\\/b><br>Description:<b><\\/b><br><br><br>And <b>CustomerPortal Login Details<\\/b> is sent to the EmailID :-adam.d.harris@me.com<br><br>Thank You<br>Admin\"}');
/*!40000 ALTER TABLE `com_vtiger_workflowtask_queue` ENABLE KEYS */;
UNLOCK TABLES;

--
-- Table structure for table `com_vtiger_workflowtasks`
--

DROP TABLE IF EXISTS `com_vtiger_workflowtasks`;
/*!40101 SET @saved_cs_client     = @@character_set_client */;
/*!40101 SET character_set_client = utf8 */;
CREATE TABLE `com_vtiger_workflowtasks` (
  `task_id` int(11) NOT NULL AUTO_INCREMENT,
  `workflow_id` int(11) DEFAULT NULL,
  `summary` varchar(400) NOT NULL,
  `task` text,
  PRIMARY KEY (`task_id`),
  UNIQUE KEY `com_vtiger_workflowtasks_idx` (`task_id`)
) ENGINE=InnoDB AUTO_INCREMENT=29 DEFAULT CHARSET=utf8;
/*!40101 SET character_set_client = @saved_cs_client */;

--
-- Dumping data for table `com_vtiger_workflowtasks`
--

LOCK TABLES `com_vtiger_workflowtasks` WRITE;
/*!40000 ALTER TABLE `com_vtiger_workflowtasks` DISABLE KEYS */;
INSERT INTO `com_vtiger_workflowtasks` VALUES (1,1,'','O:18:\"VTEntityMethodTask\":6:{s:18:\"executeImmediately\";b:1;s:10:\"workflowId\";i:1;s:7:\"summary\";s:0:\"\";s:6:\"active\";b:1;s:10:\"methodName\";s:15:\"UpdateInventory\";s:2:\"id\";i:1;}'),(2,2,'An account has been created ','O:11:\"VTEmailTask\":9:{s:18:\"executeImmediately\";s:0:\"\";s:10:\"workflowId\";s:1:\"2\";s:7:\"summary\";s:28:\"An account has been created \";s:6:\"active\";s:1:\"1\";s:10:\"methodName\";s:11:\"NotifyOwner\";s:9:\"recepient\";s:36:\"$(assigned_user_id : (Users) email1)\";s:7:\"subject\";s:26:\"Regarding Account Creation\";s:7:\"content\";s:301:\"An Account has been assigned to you on vtigerCRM<br>Details of account are :<br><br>AccountId:<b>$account_no</b><br>AccountName:<b>$accountname</b><br>Rating:<b>$rating</b><br>Industry:<b>$industry</b><br>AccountType:<b>$accounttype</b><br>Description:<b>$description</b><br><br><br>Thank You<br>Admin\";s:2:\"id\";s:1:\"2\";}'),(3,3,'An contact has been created ','O:11:\"VTEmailTask\":9:{s:18:\"executeImmediately\";s:0:\"\";s:10:\"workflowId\";s:1:\"3\";s:7:\"summary\";s:28:\"An contact has been created \";s:6:\"active\";s:1:\"1\";s:10:\"methodName\";s:11:\"NotifyOwner\";s:9:\"recepient\";s:36:\"$(assigned_user_id : (Users) email1)\";s:7:\"subject\";s:26:\"Regarding Contact Creation\";s:7:\"content\";s:305:\"An Contact has been assigned to you on vtigerCRM<br>Details of Contact are :<br><br>Contact Id:<b>$contact_no</b><br>LastName:<b>$lastname</b><br>FirstName:<b>$firstname</b><br>Lead Source:<b>$leadsource</b><br>Department:<b>$department</b><br>Description:<b>$description</b><br><br><br>Thank You<br>Admin\";s:2:\"id\";s:1:\"3\";}'),(4,4,'Email Customer Portal Login Details','O:18:\"VTEntityMethodTask\":6:{s:18:\"executeImmediately\";b:1;s:10:\"workflowId\";i:4;s:7:\"summary\";s:35:\"Email Customer Portal Login Details\";s:6:\"active\";b:1;s:10:\"methodName\";s:22:\"SendPortalLoginDetails\";s:2:\"id\";i:4;}'),(5,5,'An Potential has been created ','O:11:\"VTEmailTask\":8:{s:18:\"executeImmediately\";s:0:\"\";s:10:\"workflowId\";s:1:\"5\";s:7:\"summary\";s:30:\"An Potential has been created \";s:6:\"active\";s:1:\"1\";s:9:\"recepient\";s:36:\"$(assigned_user_id : (Users) email1)\";s:7:\"subject\";s:30:\"Regarding Potential Assignment\";s:7:\"content\";s:342:\"An Potential has been assigned to you on vtigerCRM<br>Details of Potential are :<br><br>Potential No:<b>$potential_no</b><br>Potential Name:<b>$potentialname</b><br>Amount:<b>$amount</b><br>Expected Close Date:<b>$closingdate ($_DATE_FORMAT_)</b><br>Type:<b>$opportunity_type</b><br><br><br>Description :$description<br><br>Thank You<br>Admin\";s:2:\"id\";s:1:\"5\";}'),(6,6,'An contact has been created ','O:11:\"VTEmailTask\":8:{s:18:\"executeImmediately\";s:0:\"\";s:10:\"workflowId\";s:1:\"6\";s:7:\"summary\";s:28:\"An contact has been created \";s:6:\"active\";s:1:\"1\";s:9:\"recepient\";s:36:\"$(assigned_user_id : (Users) email1)\";s:7:\"subject\";s:28:\"Regarding Contact Assignment\";s:7:\"content\";s:384:\"An Contact has been assigned to you on vtigerCRM<br>Details of Contact are :<br><br>Contact Id:<b>$contact_no</b><br>LastName:<b>$lastname</b><br>FirstName:<b>$firstname</b><br>Lead Source:<b>$leadsource</b><br>Department:<b>$department</b><br>Description:<b>$description</b><br><br><br>And <b>CustomerPortal Login Details</b> is sent to the EmailID :-$email<br><br>Thank You<br>Admin\";s:2:\"id\";s:1:\"6\";}'),(7,7,'Notify Related Contact when Ticket is created from Portal','O:11:\"VTEmailTask\":9:{s:18:\"executeImmediately\";s:1:\"0\";s:7:\"summary\";s:57:\"Notify Related Contact when Ticket is created from Portal\";s:6:\"active\";s:1:\"1\";s:2:\"id\";s:1:\"7\";s:10:\"workflowId\";s:1:\"7\";s:9:\"fromEmail\";s:93:\"$(general : (__VtigerMeta__) supportName)&lt;$(general : (__VtigerMeta__) supportEmailId)&gt;\";s:9:\"recepient\";s:33:\",$(contact_id : (Contacts) email)\";s:7:\"subject\";s:93:\"[From Portal] $ticket_no [ Ticket Id : $(general : (__VtigerMeta__) recordId) ] $ticket_title\";s:7:\"content\";s:161:\"Ticket No : $ticket_no<br>\r\n							  Ticket ID : $(general : (__VtigerMeta__) recordId)<br>\r\n							  Ticket Title : $ticket_title<br><br>\r\n							  $description\";}'),(10,9,'Send Email to Contact on Ticket Update','O:11:\"VTEmailTask\":9:{s:18:\"executeImmediately\";s:1:\"0\";s:7:\"summary\";s:38:\"Send Email to Contact on Ticket Update\";s:6:\"active\";s:1:\"1\";s:2:\"id\";s:2:\"10\";s:9:\"fromEmail\";s:93:\"$(general : (__VtigerMeta__) supportName)&lt;$(general : (__VtigerMeta__) supportEmailId)&gt;\";s:9:\"recepient\";s:33:\",$(contact_id : (Contacts) email)\";s:7:\"subject\";s:79:\"$ticket_no [ Ticket Id : $(general : (__VtigerMeta__) recordId) ] $ticket_title\";s:7:\"content\";s:636:\"Ticket ID : $(general : (__VtigerMeta__) recordId)<br>Ticket Title : $ticket_title<br><br>\r\n								Dear $(contact_id : (Contacts) lastname) $(contact_id : (Contacts) firstname),<br><br>\r\n								The Ticket is replied the details are :<br><br>\r\n								Ticket No : $ticket_no<br>\r\n								Status : $ticketstatus<br>\r\n								Category : $ticketcategories<br>\r\n								Severity : $ticketseverities<br>\r\n								Priority : $ticketpriorities<br><br>\r\n								Description : <br>$description<br><br>\r\n								Solution : <br>$solution<br>\r\n								The comments are : <br>\r\n								$allComments<br><br>\r\n								Regards<br>Support Administrator\";s:10:\"workflowId\";s:1:\"9\";}'),(13,12,'update forecast amount','O:18:\"VTUpdateFieldsTask\":6:{s:18:\"executeImmediately\";b:1;s:10:\"workflowId\";i:12;s:7:\"summary\";s:22:\"update forecast amount\";s:6:\"active\";b:1;s:19:\"field_value_mapping\";s:95:\"[{\"fieldname\":\"forecast_amount\",\"valuetype\":\"expression\",\"value\":\"amount * probability / 100\"}]\";s:2:\"id\";i:13;}'),(14,13,'Send Notification Email to Record Owner','O:11:\"VTEmailTask\":8:{s:18:\"executeImmediately\";s:0:\"\";s:10:\"workflowId\";s:2:\"13\";s:7:\"summary\";s:39:\"Send Notification Email to Record Owner\";s:6:\"active\";s:1:\"1\";s:9:\"recepient\";s:36:\"$(assigned_user_id : (Users) email1)\";s:7:\"subject\";s:17:\"Event :  $subject\";s:7:\"content\";s:771:\"$(assigned_user_id : (Users) last_name) $(assigned_user_id : (Users) first_name) ,<br/><b>Activity Notification Details:</b><br/>Subject             : $subject<br/>Start date and time : $date_start ($(general : (__VtigerMeta__) usertimezone))<br/>End date and time   : $due_date ($(general : (__VtigerMeta__) usertimezone)) <br/>Status              : $eventstatus <br/>Priority            : $taskpriority <br/>Related To          : $(parent_id : (Leads) lastname) $(parent_id : (Leads) firstname) $(parent_id : (Accounts) accountname) $(parent_id : (Potentials) potentialname) $(parent_id : (HelpDesk) ticket_title) $(parent_id : (Campaigns) campaignname) <br/>Contacts List       : $contact_id <br/>Location            : $location <br/>Description         : $description\";s:2:\"id\";s:2:\"14\";}'),(15,14,'Send Notification Email to Record Owner','O:11:\"VTEmailTask\":8:{s:18:\"executeImmediately\";s:0:\"\";s:10:\"workflowId\";s:2:\"14\";s:7:\"summary\";s:39:\"Send Notification Email to Record Owner\";s:6:\"active\";s:1:\"1\";s:9:\"recepient\";s:36:\"$(assigned_user_id : (Users) email1)\";s:7:\"subject\";s:16:\"Task :  $subject\";s:7:\"content\";s:689:\"$(assigned_user_id : (Users) last_name) $(assigned_user_id : (Users) first_name) ,<br/><b>Task Notification Details:</b><br/>Subject : $subject<br/>Start date and time : $date_start ($(general : (__VtigerMeta__) usertimezone))<br/>End date and time   : $due_date ($_DATE_FORMAT_) <br/>Status              : $taskstatus <br/>Priority            : $taskpriority <br/>Related To          : $(parent_id : (Leads) lastname) $(parent_id : (Leads) firstname) $(parent_id : (Accounts) accountname) $(parent_id : (Potentials) potentialname) $(parent_id : (HelpDesk) ticket_title) $(parent_id : (Campaigns) campaignname) <br/>Contacts List       : $contact_id <br/>Description         : $description\";s:2:\"id\";s:2:\"15\";}'),(18,16,'Update Inventory Products','O:18:\"VTEntityMethodTask\":6:{s:18:\"executeImmediately\";b:1;s:10:\"workflowId\";i:16;s:7:\"summary\";s:25:\"Update Inventory Products\";s:6:\"active\";b:1;s:10:\"methodName\";s:15:\"UpdateInventory\";s:2:\"id\";i:18;}'),(19,17,'Comment Added From Portal : Send Email to Record Owner','O:11:\"VTEmailTask\":9:{s:18:\"executeImmediately\";s:1:\"0\";s:7:\"summary\";s:54:\"Comment Added From Portal : Send Email to Record Owner\";s:6:\"active\";s:1:\"1\";s:2:\"id\";s:2:\"19\";s:10:\"workflowId\";s:2:\"17\";s:9:\"fromEmail\";s:112:\"$(contact_id : (Contacts) lastname) $(contact_id : (Contacts) firstname)&lt;$(contact_id : (Contacts) email)&gt;\";s:9:\"recepient\";s:37:\",$(assigned_user_id : (Users) email1)\";s:7:\"subject\";s:92:\"Respond to Ticket ID## $(general : (__VtigerMeta__) recordId) ## in Customer Portal - URGENT\";s:7:\"content\";s:329:\"Dear $(assigned_user_id : (Users) last_name) $(assigned_user_id : (Users) first_name),<br><br>\r\n								Customer has provided the following additional information to your reply:<br><br>\r\n								<b>$lastComment</b><br><br>\r\n								Kindly respond to above ticket at the earliest.<br><br>\r\n								Regards<br>Support Administrator\";}'),(20,18,'Comment Added From CRM : Send Email to Contact, where Contact is not a Portal User','O:11:\"VTEmailTask\":9:{s:18:\"executeImmediately\";s:1:\"0\";s:7:\"summary\";s:82:\"Comment Added From CRM : Send Email to Contact, where Contact is not a Portal User\";s:6:\"active\";s:1:\"1\";s:2:\"id\";s:2:\"20\";s:10:\"workflowId\";s:2:\"18\";s:9:\"fromEmail\";s:93:\"$(general : (__VtigerMeta__) supportName)&lt;$(general : (__VtigerMeta__) supportEmailId)&gt;\";s:9:\"recepient\";s:33:\",$(contact_id : (Contacts) email)\";s:7:\"subject\";s:79:\"$ticket_no [ Ticket Id : $(general : (__VtigerMeta__) recordId) ] $ticket_title\";s:7:\"content\";s:525:\"Dear $(contact_id : (Contacts) lastname) $(contact_id : (Contacts) firstname),<br><br>\r\n							The Ticket is replied the details are :<br><br>\r\n							Ticket No : $ticket_no<br>\r\n							Status : $ticketstatus<br>\r\n							Category : $ticketcategories<br>\r\n							Severity : $ticketseverities<br>\r\n							Priority : $ticketpriorities<br><br>\r\n							Description : <br>$description<br><br>\r\n							Solution : <br>$solution<br>\r\n							The comments are : <br>\r\n							$allComments<br><br>\r\n							Regards<br>Support Administrator\";}'),(21,19,'Comment Added From CRM : Send Email to Contact, where Contact is Portal User','O:11:\"VTEmailTask\":9:{s:18:\"executeImmediately\";s:1:\"0\";s:7:\"summary\";s:76:\"Comment Added From CRM : Send Email to Contact, where Contact is Portal User\";s:6:\"active\";s:1:\"1\";s:2:\"id\";s:2:\"21\";s:10:\"workflowId\";s:2:\"19\";s:9:\"fromEmail\";s:93:\"$(general : (__VtigerMeta__) supportName)&lt;$(general : (__VtigerMeta__) supportEmailId)&gt;\";s:9:\"recepient\";s:33:\",$(contact_id : (Contacts) email)\";s:7:\"subject\";s:79:\"$ticket_no [ Ticket Id : $(general : (__VtigerMeta__) recordId) ] $ticket_title\";s:7:\"content\";s:554:\"Ticket No : $ticket_no<br>\r\n										Ticket Id : $(general : (__VtigerMeta__) recordId)<br>\r\n										Subject : $ticket_title<br><br>\r\n										Dear $(contact_id : (Contacts) lastname) $(contact_id : (Contacts) firstname),<br><br>\r\n										There is a reply to <b>$ticket_title</b> in the \"Customer Portal\" at VTiger.\r\n										You can use the following link to view the replies made:<br>\r\n										<a href=\"$(general : (__VtigerMeta__) portaldetailviewurl)\">Ticket Details</a><br><br>\r\n										Thanks<br>$(general : (__VtigerMeta__) supportName)\";}'),(22,15,'Comment Added From CRM : Send Email to Organization','O:11:\"VTEmailTask\":9:{s:18:\"executeImmediately\";s:1:\"0\";s:7:\"summary\";s:51:\"Comment Added From CRM : Send Email to Organization\";s:6:\"active\";s:1:\"1\";s:2:\"id\";s:2:\"22\";s:10:\"workflowId\";s:2:\"15\";s:9:\"fromEmail\";s:93:\"$(general : (__VtigerMeta__) supportName)&lt;$(general : (__VtigerMeta__) supportEmailId)&gt;\";s:9:\"recepient\";s:34:\",$(parent_id : (Accounts) email1),\";s:7:\"subject\";s:79:\"$ticket_no [ Ticket Id : $(general : (__VtigerMeta__) recordId) ] $ticket_title\";s:7:\"content\";s:601:\"Ticket ID : $(general : (__VtigerMeta__) recordId)<br>Ticket Title : $ticket_title<br><br>\r\n								Dear $(parent_id : (Accounts) accountname),<br><br>\r\n								The Ticket is replied the details are :<br><br>\r\n								Ticket No : $ticket_no<br>\r\n								Status : $ticketstatus<br>\r\n								Category : $ticketcategories<br>\r\n								Severity : $ticketseverities<br>\r\n								Priority : $ticketpriorities<br><br>\r\n								Description : <br>$description<br><br>\r\n								Solution : <br>$solution<br>\r\n								The comments are : <br>\r\n								$allComments<br><br>\r\n								Regards<br>Support Administrator\";}'),(23,7,'Notify Record Owner when Ticket is created from Portal','O:11:\"VTEmailTask\":9:{s:18:\"executeImmediately\";s:1:\"0\";s:7:\"summary\";s:54:\"Notify Record Owner when Ticket is created from Portal\";s:6:\"active\";s:1:\"1\";s:2:\"id\";s:2:\"23\";s:10:\"workflowId\";s:1:\"7\";s:9:\"fromEmail\";s:124:\"$(contact_id : (Contacts) lastname) $(contact_id : (Contacts) firstname)&lt;$(general : (__VtigerMeta__) supportEmailId)&gt;\";s:9:\"recepient\";s:37:\",$(assigned_user_id : (Users) email1)\";s:7:\"subject\";s:93:\"[From Portal] $ticket_no [ Ticket Id : $(general : (__VtigerMeta__) recordId) ] $ticket_title\";s:7:\"content\";s:161:\"Ticket No : $ticket_no<br>\r\n							  Ticket ID : $(general : (__VtigerMeta__) recordId)<br>\r\n							  Ticket Title : $ticket_title<br><br>\r\n							  $description\";}'),(24,20,'Send Email to Record Owner on Ticket Update','O:11:\"VTEmailTask\":9:{s:18:\"executeImmediately\";s:1:\"0\";s:7:\"summary\";s:43:\"Send Email to Record Owner on Ticket Update\";s:6:\"active\";s:1:\"1\";s:2:\"id\";s:2:\"24\";s:10:\"workflowId\";s:2:\"20\";s:9:\"fromEmail\";s:93:\"$(general : (__VtigerMeta__) supportName)&lt;$(general : (__VtigerMeta__) supportEmailId)&gt;\";s:9:\"recepient\";s:37:\",$(assigned_user_id : (Users) email1)\";s:7:\"subject\";s:40:\"Ticket Number : $ticket_no $ticket_title\";s:7:\"content\";s:607:\"Ticket ID : $(general : (__VtigerMeta__) recordId)<br>Ticket Title : $ticket_title<br><br>\r\n								Dear $(assigned_user_id : (Users) last_name) $(assigned_user_id : (Users) first_name),<br><br>\r\n								The Ticket is replied the details are :<br><br>\r\n								Ticket No : $ticket_no<br>\r\n								Status : $ticketstatus<br>\r\n								Category : $ticketcategories<br>\r\n								Severity : $ticketseverities<br>\r\n								Priority : $ticketpriorities<br><br>\r\n								Description : <br>$description<br><br>\r\n								Solution : <br>$solution\r\n								$allComments<br><br>\r\n								Regards<br>Support Administrator\";}'),(25,21,'Ticket Creation From CRM : Send Email to Record Owner','O:11:\"VTEmailTask\":9:{s:18:\"executeImmediately\";s:1:\"0\";s:7:\"summary\";s:53:\"Ticket Creation From CRM : Send Email to Record Owner\";s:6:\"active\";s:1:\"1\";s:2:\"id\";s:2:\"25\";s:10:\"workflowId\";s:2:\"21\";s:9:\"fromEmail\";s:93:\"$(general : (__VtigerMeta__) supportName)&lt;$(general : (__VtigerMeta__) supportEmailId)&gt;\";s:9:\"recepient\";s:37:\",$(assigned_user_id : (Users) email1)\";s:7:\"subject\";s:40:\"Ticket Number : $ticket_no $ticket_title\";s:7:\"content\";s:607:\"Ticket ID : $(general : (__VtigerMeta__) recordId)<br>Ticket Title : $ticket_title<br><br>\r\n								Dear $(assigned_user_id : (Users) last_name) $(assigned_user_id : (Users) first_name),<br><br>\r\n								The Ticket is replied the details are :<br><br>\r\n								Ticket No : $ticket_no<br>\r\n								Status : $ticketstatus<br>\r\n								Category : $ticketcategories<br>\r\n								Severity : $ticketseverities<br>\r\n								Priority : $ticketpriorities<br><br>\r\n								Description : <br>$description<br><br>\r\n								Solution : <br>$solution\r\n								$allComments<br><br>\r\n								Regards<br>Support Administrator\";}'),(26,22,'Send Email to Organization on Ticket Update','O:11:\"VTEmailTask\":9:{s:18:\"executeImmediately\";s:1:\"0\";s:7:\"summary\";s:43:\"Send Email to Organization on Ticket Update\";s:6:\"active\";s:1:\"1\";s:2:\"id\";s:2:\"26\";s:9:\"fromEmail\";s:93:\"$(general : (__VtigerMeta__) supportName)&lt;$(general : (__VtigerMeta__) supportEmailId)&gt;\";s:9:\"recepient\";s:33:\",$(parent_id : (Accounts) email1)\";s:7:\"subject\";s:79:\"$ticket_no [ Ticket Id : $(general : (__VtigerMeta__) recordId) ] $ticket_title\";s:7:\"content\";s:601:\"Ticket ID : $(general : (__VtigerMeta__) recordId)<br>Ticket Title : $ticket_title<br><br>\r\n								Dear $(parent_id : (Accounts) accountname),<br><br>\r\n								The Ticket is replied the details are :<br><br>\r\n								Ticket No : $ticket_no<br>\r\n								Status : $ticketstatus<br>\r\n								Category : $ticketcategories<br>\r\n								Severity : $ticketseverities<br>\r\n								Priority : $ticketpriorities<br><br>\r\n								Description : <br>$description<br><br>\r\n								Solution : <br>$solution<br>\r\n								The comments are : <br>\r\n								$allComments<br><br>\r\n								Regards<br>Support Administrator\";s:10:\"workflowId\";s:2:\"22\";}'),(27,23,'Ticket Creation From CRM : Send Email to Organization','O:11:\"VTEmailTask\":9:{s:18:\"executeImmediately\";s:1:\"0\";s:7:\"summary\";s:53:\"Ticket Creation From CRM : Send Email to Organization\";s:6:\"active\";s:1:\"1\";s:2:\"id\";s:2:\"27\";s:9:\"fromEmail\";s:93:\"$(general : (__VtigerMeta__) supportName)&lt;$(general : (__VtigerMeta__) supportEmailId)&gt;\";s:9:\"recepient\";s:33:\",$(parent_id : (Accounts) email1)\";s:7:\"subject\";s:79:\"$ticket_no [ Ticket Id : $(general : (__VtigerMeta__) recordId) ] $ticket_title\";s:7:\"content\";s:601:\"Ticket ID : $(general : (__VtigerMeta__) recordId)<br>Ticket Title : $ticket_title<br><br>\r\n								Dear $(parent_id : (Accounts) accountname),<br><br>\r\n								The Ticket is replied the details are :<br><br>\r\n								Ticket No : $ticket_no<br>\r\n								Status : $ticketstatus<br>\r\n								Category : $ticketcategories<br>\r\n								Severity : $ticketseverities<br>\r\n								Priority : $ticketpriorities<br><br>\r\n								Description : <br>$description<br><br>\r\n								Solution : <br>$solution<br>\r\n								The comments are : <br>\r\n								$allComments<br><br>\r\n								Regards<br>Support Administrator\";s:10:\"workflowId\";s:2:\"23\";}'),(28,24,'Ticket Creation From CRM : Send Email to Contact','O:11:\"VTEmailTask\":9:{s:18:\"executeImmediately\";s:1:\"0\";s:7:\"summary\";s:48:\"Ticket Creation From CRM : Send Email to Contact\";s:6:\"active\";s:1:\"1\";s:2:\"id\";s:2:\"28\";s:9:\"fromEmail\";s:93:\"$(general : (__VtigerMeta__) supportName)&lt;$(general : (__VtigerMeta__) supportEmailId)&gt;\";s:9:\"recepient\";s:33:\",$(contact_id : (Contacts) email)\";s:7:\"subject\";s:79:\"$ticket_no [ Ticket Id : $(general : (__VtigerMeta__) recordId) ] $ticket_title\";s:7:\"content\";s:636:\"Ticket ID : $(general : (__VtigerMeta__) recordId)<br>Ticket Title : $ticket_title<br><br>\r\n								Dear $(contact_id : (Contacts) lastname) $(contact_id : (Contacts) firstname),<br><br>\r\n								The Ticket is replied the details are :<br><br>\r\n								Ticket No : $ticket_no<br>\r\n								Status : $ticketstatus<br>\r\n								Category : $ticketcategories<br>\r\n								Severity : $ticketseverities<br>\r\n								Priority : $ticketpriorities<br><br>\r\n								Description : <br>$description<br><br>\r\n								Solution : <br>$solution<br>\r\n								The comments are : <br>\r\n								$allComments<br><br>\r\n								Regards<br>Support Administrator\";s:10:\"workflowId\";s:2:\"24\";}');
/*!40000 ALTER TABLE `com_vtiger_workflowtasks` ENABLE KEYS */;
UNLOCK TABLES;

--
-- Table structure for table `com_vtiger_workflowtasks_entitymethod`
--

DROP TABLE IF EXISTS `com_vtiger_workflowtasks_entitymethod`;
/*!40101 SET @saved_cs_client     = @@character_set_client */;
/*!40101 SET character_set_client = utf8 */;
CREATE TABLE `com_vtiger_workflowtasks_entitymethod` (
  `workflowtasks_entitymethod_id` int(11) NOT NULL,
  `module_name` varchar(100) DEFAULT NULL,
  `method_name` varchar(100) DEFAULT NULL,
  `function_path` varchar(400) DEFAULT NULL,
  `function_name` varchar(100) DEFAULT NULL,
  PRIMARY KEY (`workflowtasks_entitymethod_id`),
  UNIQUE KEY `com_vtiger_workflowtasks_entitymethod_idx` (`workflowtasks_entitymethod_id`)
) ENGINE=InnoDB DEFAULT CHARSET=utf8;
/*!40101 SET character_set_client = @saved_cs_client */;

--
-- Dumping data for table `com_vtiger_workflowtasks_entitymethod`
--

LOCK TABLES `com_vtiger_workflowtasks_entitymethod` WRITE;
/*!40000 ALTER TABLE `com_vtiger_workflowtasks_entitymethod` DISABLE KEYS */;
INSERT INTO `com_vtiger_workflowtasks_entitymethod` VALUES (1,'SalesOrder','UpdateInventory','include/InventoryHandler.php','handleInventoryProductRel'),(2,'Invoice','UpdateInventory','include/InventoryHandler.php','handleInventoryProductRel'),(3,'Contacts','SendPortalLoginDetails','modules/Contacts/ContactsHandler.php','Contacts_sendCustomerPortalLoginDetails'),(4,'HelpDesk','NotifyOnPortalTicketCreation','modules/HelpDesk/HelpDeskHandler.php','HelpDesk_nofifyOnPortalTicketCreation'),(5,'HelpDesk','NotifyOnPortalTicketComment','modules/HelpDesk/HelpDeskHandler.php','HelpDesk_notifyOnPortalTicketComment'),(6,'HelpDesk','NotifyOwnerOnTicketChange','modules/HelpDesk/HelpDeskHandler.php','HelpDesk_notifyOwnerOnTicketChange'),(7,'HelpDesk','NotifyParentOnTicketChange','modules/HelpDesk/HelpDeskHandler.php','HelpDesk_notifyParentOnTicketChange'),(8,'ModComments','CustomerCommentFromPortal','modules/ModComments/ModCommentsHandler.php','CustomerCommentFromPortal'),(9,'ModComments','TicketOwnerComments','modules/ModComments/ModCommentsHandler.php','TicketOwnerComments'),(10,'PurchaseOrder','UpdateInventory','include/InventoryHandler.php','handleInventoryProductRel');
/*!40000 ALTER TABLE `com_vtiger_workflowtasks_entitymethod` ENABLE KEYS */;
UNLOCK TABLES;

--
-- Table structure for table `com_vtiger_workflowtasks_entitymethod_seq`
--

DROP TABLE IF EXISTS `com_vtiger_workflowtasks_entitymethod_seq`;
/*!40101 SET @saved_cs_client     = @@character_set_client */;
/*!40101 SET character_set_client = utf8 */;
CREATE TABLE `com_vtiger_workflowtasks_entitymethod_seq` (
  `id` int(11) NOT NULL
) ENGINE=InnoDB DEFAULT CHARSET=utf8;
/*!40101 SET character_set_client = @saved_cs_client */;

--
-- Dumping data for table `com_vtiger_workflowtasks_entitymethod_seq`
--

LOCK TABLES `com_vtiger_workflowtasks_entitymethod_seq` WRITE;
/*!40000 ALTER TABLE `com_vtiger_workflowtasks_entitymethod_seq` DISABLE KEYS */;
INSERT INTO `com_vtiger_workflowtasks_entitymethod_seq` VALUES (10);
/*!40000 ALTER TABLE `com_vtiger_workflowtasks_entitymethod_seq` ENABLE KEYS */;
UNLOCK TABLES;

--
-- Table structure for table `com_vtiger_workflowtasks_seq`
--

DROP TABLE IF EXISTS `com_vtiger_workflowtasks_seq`;
/*!40101 SET @saved_cs_client     = @@character_set_client */;
/*!40101 SET character_set_client = utf8 */;
CREATE TABLE `com_vtiger_workflowtasks_seq` (
  `id` int(11) NOT NULL
) ENGINE=InnoDB DEFAULT CHARSET=utf8;
/*!40101 SET character_set_client = @saved_cs_client */;

--
-- Dumping data for table `com_vtiger_workflowtasks_seq`
--

LOCK TABLES `com_vtiger_workflowtasks_seq` WRITE;
/*!40000 ALTER TABLE `com_vtiger_workflowtasks_seq` DISABLE KEYS */;
INSERT INTO `com_vtiger_workflowtasks_seq` VALUES (28);
/*!40000 ALTER TABLE `com_vtiger_workflowtasks_seq` ENABLE KEYS */;
UNLOCK TABLES;

--
-- Table structure for table `com_vtiger_workflowtemplates`
--

DROP TABLE IF EXISTS `com_vtiger_workflowtemplates`;
/*!40101 SET @saved_cs_client     = @@character_set_client */;
/*!40101 SET character_set_client = utf8 */;
CREATE TABLE `com_vtiger_workflowtemplates` (
  `template_id` int(11) NOT NULL AUTO_INCREMENT,
  `module_name` varchar(100) DEFAULT NULL,
  `title` varchar(400) DEFAULT NULL,
  `template` text,
  PRIMARY KEY (`template_id`)
) ENGINE=InnoDB DEFAULT CHARSET=utf8;
/*!40101 SET character_set_client = @saved_cs_client */;

--
-- Dumping data for table `com_vtiger_workflowtemplates`
--

LOCK TABLES `com_vtiger_workflowtemplates` WRITE;
/*!40000 ALTER TABLE `com_vtiger_workflowtemplates` DISABLE KEYS */;
/*!40000 ALTER TABLE `com_vtiger_workflowtemplates` ENABLE KEYS */;
UNLOCK TABLES;

--
-- Table structure for table `nav_getallfabrics`
--

DROP TABLE IF EXISTS `nav_getallfabrics`;
/*!40101 SET @saved_cs_client     = @@character_set_client */;
/*!40101 SET character_set_client = utf8 */;
CREATE TABLE `nav_getallfabrics` (
  `No_` varchar(20) NOT NULL,
  `Description` varchar(30) DEFAULT NULL,
  `Product Group Code` varchar(10) DEFAULT NULL,
  `Last Date Modified` timestamp NULL DEFAULT NULL,
  `Unit Price` double DEFAULT NULL,
  PRIMARY KEY (`No_`)
) ENGINE=InnoDB DEFAULT CHARSET=utf8;
/*!40101 SET character_set_client = @saved_cs_client */;

--
-- Dumping data for table `nav_getallfabrics`
--

LOCK TABLES `nav_getallfabrics` WRITE;
/*!40000 ALTER TABLE `nav_getallfabrics` DISABLE KEYS */;
INSERT INTO `nav_getallfabrics` VALUES ('00.000.000','Track Only','VER-FAB',NULL,0),('40.050.066','#Alexis Beachsand Vertical','DELETED',NULL,0.55),('40.050.333','#Alexis Dune Beige Vertical','DELETED',NULL,0.55),('40.050.868','#Alexis Stone Vertical','DELETED',NULL,0.55),('40.060.049','Arden Artic Grey','VER-FAB',NULL,0.4),('40.060.490','Arden Kahlua','VER-FAB',NULL,0.4),('40.060.719','Arden Pumice Stone','VER-FAB',NULL,0.4),('40.060.838','Arden Snow White','VER-FAB',NULL,0.4),('40.060.980','Arden White','VER-FAB',NULL,0.4),('40.065.024','#Aria Amazo','DELETED',NULL,0.3),('40.065.033','#Aria Angora','DELETED',NULL,0.3),('40.065.162','#Aria Bushflower','DELETED',NULL,0.87),('40.065.210','#Aria Chalkwash','DELETED',NULL,0.3),('40.065.231','#Aria Cherry Ash','DELETED',NULL,0.3),('40.065.281','#Aria Cream','DELETED',NULL,0.3),('40.065.374','#Aria Galaxy Blue','DELETED',NULL,0.3),('40.065.553','#Aria Manor Stone','DELETED',NULL,0.3),('40.065.577','#Aria Mist Gree','DELETED',NULL,0.3),('40.065.694','#Aria Platinum','DELETED',NULL,0.3),('40.065.714','#Aria Primrose','DELETED',NULL,0.3),('40.065.742','#Aria Rose Haze','DELETED',NULL,0.3),('40.065.749','#Aria Rye Bread','DELETED',NULL,0.3),('40.065.768','#Aria Sandy Point','DELETED',NULL,0.3),('40.065.917','#Aria Terracotta','DELETED',NULL,0.3),('40.065.947','#Aria Victorian Lilac','DELETED',NULL,0.3),('40.068.038','#Ashford Antique White','VER-FAB',NULL,1.15),('40.068.241','#Ashford Cinnamo','DELETED',NULL,1.15),('40.068.868','#Ashford Stone','VER-FAB',NULL,1.15),('40.070.175','#Aspen Camelia','DELETED',NULL,0.6),('40.070.237','#Aspen Chintz','DELETED',NULL,0.6),('40.070.255','#Aspen Coffee Cream','VER-FAB',NULL,0.6),('40.070.266','#Aspen Cool Mint','DELETED',NULL,0.6),('40.070.508','#Aspen Light Straw','VER-FAB',NULL,0.6),('40.070.516','#Aspen Lilac Snow','VER-FAB',NULL,0.6),('40.070.603','Aspen Natural Stone','VER-FAB',NULL,0.6),('40.070.619','#Aspen Oatmeal','VER-FAB',NULL,0.6),('40.070.631','#Aspen Oyster','DELETED',NULL,0.6),('40.070.651','#Aspen Pearl','VER-FAB',NULL,0.6),('40.070.664','#Aspen Pearl Line','VER-FAB',NULL,0.6),('40.070.702','#Aspen Porcelai','VER-FAB',NULL,0.6),('40.070.811','#Aspen Silver Grey','DELETED',NULL,0.6),('40.070.830','#Aspen Snowdrift','DELETED',NULL,0.6),('40.070.980','#Aspen White','VER-FAB',NULL,0.6),('40.075.081','Attica Bien [IND]','VER-FAB',NULL,1.75),('40.075.324','Attica Enigma [IND]','VER-FAB',NULL,1.75),('40.075.416','Attica Grit [IND]','VER-FAB',NULL,1.75),('40.075.450','Attica Ibiza [IND]','VER-FAB',NULL,1.75),('40.075.478','Attica Java [IND]','VER-FAB',NULL,1.75),('40.075.602','Attica Myoko [IND]','VER-FAB',NULL,1.75),('40.075.621','Attica Okra [IND]','VER-FAB',NULL,1.75),('40.075.774','#Attica Scoria [IND]','VER-FAB',NULL,1.75),('40.075.904','Attica Talia [IND]','VER-FAB',NULL,1.75),('40.075.906','#Attica Talc [IND]','VER-FAB',NULL,1.75),('40.085.171','Basics II Calico','VER-FAB',NULL,1.75),('40.085.176','Basics Cameo','VER-FAB',NULL,1.75),('40.085.184','#Basics Caramel','VER-FAB',NULL,0.6),('40.085.194','Basics II Cashmere','VER-FAB',NULL,0.65),('40.085.368','Basics French Lace','VER-FAB',NULL,0.6),('40.085.490','Basics II Kahlua','VER-FAB',NULL,0.65),('40.085.526','Basics Lilylock','VER-FAB',NULL,0.4),('40.085.583','#Basics Mink','VER-FAB',NULL,0.4),('40.085.603','Basics II Natural Stone','VER-FAB',NULL,0.65),('40.085.613','Basics II Nougat','VER-FAB',NULL,0.65),('40.085.695','Basics Plumberry','VER-FAB',NULL,0.4),('40.085.724','#Basics Rave','DELETED',NULL,0.4),('40.085.746','Basics Rouge','VER-FAB',NULL,0.4),('40.085.789','Basics Seed','VER-FAB',NULL,0.4),('40.085.934','Basics Umber','VER-FAB',NULL,0.4),('40.085.980','Basics II White','VER-FAB',NULL,0.65),('40.100.028','#Bexley Amethyst','DELETED',NULL,0.55),('40.100.190','#Bexley Carribea','DELETED',NULL,0.55),('40.100.796','#Bexley Sherwood','DELETED',NULL,0.55),('40.117.464','Broome Ivory Blockout [IND]','VER-FAB',NULL,2.7),('40.117.593','Broome Mushroom Blockout [IND]','VER-FAB',NULL,2.7),('40.117.646','Broome Parchment Blockout [IND','VER-FAB',NULL,2.7),('40.117.826','Broome Snow Blockout [IND]','VER-FAB',NULL,2.7),('40.117.868','Broome Stone Blockout [IND]','VER-FAB',NULL,2.7),('40.119.075','#Brompton Beige','VER-FAB',NULL,1.15),('40.119.980','#Brompton White','VER-FAB',NULL,1.15),('40.119.994','#Brompton Winter White','VER-FAB',NULL,1.15),('40.120.674','Cascade Pebble','VER-CUST',NULL,0),('40.130.190','#C Vue Carribea','DELETED',NULL,0.55),('40.130.196','#C Vue Cayman Isle','DELETED',NULL,0.55),('40.130.643','#C Vue Paris','DELETED',NULL,0.55),('40.130.770','#C Vue Santorini','DELETED',NULL,0.55),('40.132.075','#Capri Beige [IND]','VER-FAB',NULL,0.65),('40.132.281','#Capri Cream [IND]','VER-FAB',NULL,0.65),('40.132.554','#Capri Manilla [IND]','VER-FAB',NULL,0.65),('40.132.980','#Capri White [IND]','VER-FAB',NULL,0.65),('40.170.013','Elegance Almond','VER-FAB',NULL,0.85),('40.170.038','Elegance Antique White','VER-FAB',NULL,0.85),('40.170.075','Elegance Beige','VER-FAB',NULL,0.85),('40.170.088','Elegance Biscuit','VER-FAB',NULL,0.85),('40.170.089','Elegance Bisque','VER-FAB',NULL,0.85),('40.170.137','Elegance Bone','VER-FAB',NULL,0.85),('40.170.217','Elegance Charcoal','VER-FAB',NULL,0.85),('40.170.241','Elegance Cinnamo','VER-FAB',NULL,0.85),('40.170.254','Elegance Coffee','VER-FAB',NULL,0.85),('40.170.281','Elegance Cream','VER-FAB',NULL,0.85),('40.170.330','Elegance Driftwood','VER-FAB',NULL,0.85),('40.170.349','Elegance Expresso','VER-FAB',NULL,0.85),('40.170.365','Elegance Flannel','VER-FAB',NULL,0),('40.170.408','Elegance Mid Grey','VER-FAB',NULL,0.85),('40.170.417','Elegance Gunmetal*','VER-FAB',NULL,0.85),('40.170.464','Elegance Ivory','VER-FAB',NULL,0.85),('40.170.489','Elegance Latte','VER-FAB',NULL,0.85),('40.170.506','Elegance Lt Grey','VER-FAB',NULL,0.85),('40.170.574','Elegance Mint','VER-FAB',NULL,0),('40.170.587','Elegance Mocha','VER-FAB',NULL,0.85),('40.170.597','#Elegance Natural','DELETED',NULL,0.85),('40.170.610','#Elegance Nubuck','DELETED',NULL,0.85),('40.170.614','Elegance Nutmeg','VER-FAB',NULL,0.85),('40.170.619','Elegance Oatmeal','VER-FAB',NULL,0.85),('40.170.646','Elegance Parchment','VER-FAB',NULL,0.85),('40.170.674','Elegance Pebble','VER-FAB',NULL,0.85),('40.170.675','Elegance Pepper','VER-FAB',NULL,0.85),('40.170.680','Elegance Pewter','VER-FAB',NULL,0),('40.170.715','Elegance Putty','VER-FAB',NULL,0.85),('40.170.740','Elegance Rose','VER-FAB',NULL,0.85),('40.170.758','Elegance Sand*','VER-FAB',NULL,0.85),('40.170.818','Elegance Slate','VER-FAB',NULL,0.85),('40.170.861','Elegance Spearmint*','VER-FAB',NULL,0.85),('40.170.868','Elegance Stone','VER-FAB',NULL,0.85),('40.170.869','Elegance Steele','VER-FAB',NULL,0.85),('40.170.907','Elegance Taupe','VER-FAB',NULL,0.85),('40.170.972','Elegance Wedgewood','VER-FAB',NULL,0.85),('40.170.980','Elegance White','VER-FAB',NULL,0.85),('40.170.994','Elegance Winter White','VER-FAB',NULL,0.85),('40.172.038','#Elegance Dulux Ant White','VER-FAB',NULL,0.85),('40.172.077','#Elegance Dulux Beige Royal','VER-FAB',NULL,0.85),('40.172.443','#Elegance Dulux Hog Bristle','VER-FAB',NULL,0.85),('40.172.444','#Elegance Dulux Half Hog Brstl','VER-FAB',NULL,0.85),('40.172.445','#Elegance Dulux Qtr Hog Brstle','VER-FAB',NULL,0.85),('40.172.598','#Elegance Dulux Natural White','VER-FAB',NULL,0.85),('40.172.958','#Elegance Dulux Vivid White','VER-FAB',NULL,0.85),('40.172.978','#Elegance Dulux Whisper White','VER-FAB',NULL,0.85),('40.200.017','#Evolve Alpaca','DELETED',NULL,1.8),('40.200.560','#Evolve Marble','DELETED',NULL,1.8),('40.200.694','#Evolve Platinum','DELETED',NULL,1.8),('40.200.788','#Evolve Seductio','DELETED',NULL,1.8),('40.200.826','#Evolve Snow','DELETED',NULL,1.8),('40.222.573','#Extraview Plus Midnight','DELETED',NULL,2.6),('40.340.118','#Gala Blue','DELETED',NULL,2.3),('40.340.164','#Gala Buttermilk','DELETED',NULL,2.3),('40.340.384','#Gala Gold','DELETED',NULL,2.3),('40.340.574','#Gala Mint','DELETED',NULL,2.3),('40.340.746','#Gala Rouge','DELETED',NULL,2.3),('40.340.807','#Gala Silver','DELETED',NULL,2.3),('40.345.009','Gibson Alabaster [IND]','VER-FAB',NULL,0.92),('40.345.464','Gibson Ivory [IND]','VER-FAB',NULL,0.92),('40.345.560','Gibson Marble [IND]','VER-FAB',NULL,0.92),('40.345.764','Gibson Sandstone [IND]','VER-FAB',NULL,0.92),('40.370.807','#Ikon Silver','DELETED',NULL,0),('40.382.159','Hudson Buffalo Blockout [IND]','VER-FAB',NULL,3),('40.382.217','Hudson Charcoal Blockout [IND]','VER-FAB',NULL,3),('40.382.233','Hudson Chinchilla BO [IND]','VER-FAB',NULL,3),('40.382.563','Hudson Marshmallow BO [IND]','VER-FAB',NULL,3),('40.382.720','Hudson Quartz Blockout [IND]','VER-FAB',NULL,3),('40.382.868','Hudson Stone Blockout [IND]','VER-FAB',NULL,3),('40.395.051','Jasper Ash Blockout [IND]','VER-FAB',NULL,3),('40.395.089','Jasper Bisque Blockout [IND]','VER-FAB',NULL,3),('40.395.217','Jasper Charcoal Blockout [IND]','VER-FAB',NULL,3),('40.395.347','Jasper Eggshell Blockout [IND]','VER-FAB',NULL,3),('40.395.646','Jasper Parchment Blockout [IND','VER-FAB',NULL,3),('40.430.075','#Liberty Beige','DELETED',NULL,0.7),('40.430.137','#Liberty Bone','DELETED',NULL,0.7),('40.430.651','#Liberty Pearl','DELETED',NULL,0.7),('40.430.868','#Liberty Stone','DELETED',NULL,0.7),('40.430.980','#Liberty White','DELETED',NULL,0.7),('40.432.328','Linen Down [IND]','VER-FAB',NULL,1.41),('40.432.382','Linen Glacier [IND]','VER-FAB',NULL,1.41),('40.445.980','#Matrix White','DELETED',NULL,1.38),('40.450.051','Mercury Ash Blockout [IND]','VER-FAB',NULL,3),('40.450.715','Mercury Putty Blockout [IND]','VER-FAB',NULL,3),('40.450.826','Mercury Snow Blockout [IND]','VER-FAB',NULL,3),('40.450.869','Mercury Steel Blockout [IND]','VER-FAB',NULL,3),('40.450.980','Mercury White Blockout [IND]','VER-FAB',NULL,3),('40.455.023','#Meridien Alpine Haze','DELETED',NULL,0.55),('40.455.066','#Meridien Beach Sand','DELETED',NULL,0.55),('40.455.166','#Meridien Butterscotch','DELETED',NULL,0.55),('40.455.184','#Meridien Caramel','DELETED',NULL,0.55),('40.455.193','#Meridien Cashew','DELETED',NULL,0.55),('40.455.195','#Meridien Cargo','DELETED',NULL,0.55),('40.455.246','#Meridien Citrus Cream','DELETED',NULL,0.55),('40.455.253','#Meridien Cockatoo','DELETED',NULL,0.55),('40.455.342','#Meridien Ebony','DELETED',NULL,0.55),('40.455.349','#Meridien Espresso','DELETED',NULL,0.55),('40.455.417','#Meridien Gunmetal','DELETED',NULL,0.55),('40.455.479','#Meridien Jewel','DELETED',NULL,0.55),('40.455.544','#Meridien Malt','DELETED',NULL,0.55),('40.455.574','#Meridien Mint','DELETED',NULL,0.55),('40.455.580','#Meridien Mistletoe','DELETED',NULL,0.55),('40.455.597','#Meridien Natural','DELETED',NULL,0.55),('40.455.623','#Meridien Orchid','DELETED',NULL,0.55),('40.455.640','#Meridien Paperbark','DELETED',NULL,0.55),('40.455.680','#Meridien Pewter','DELETED',NULL,0.55),('40.455.717','#Meridien Pumice','DELETED',NULL,0.55),('40.455.758','#Meridien Sand','DELETED',NULL,0.55),('40.455.940','#Meridien Vanilla','DELETED',NULL,0.55),('40.455.980','#Meridien White','DELETED',NULL,0.55),('40.456.011','#Midnight Alaska','DELETED',NULL,0.55),('40.456.013','#Midnight Almond','DELETED',NULL,0.55),('40.456.038','#Midnight Antique White','DELETED',NULL,0.55),('40.456.088','#Midnight Biscuit','DELETED',NULL,0.55),('40.456.241','#Midnight Cinnamo','DELETED',NULL,0.55),('40.456.248','#Midnight Clay','DELETED',NULL,0.55),('40.456.277','#Midnight Cotto','DELETED',NULL,0.55),('40.456.281','#Midnight Classic Cream','DELETED',NULL,0.55),('40.456.326','#Midnight Dove Grey','DELETED',NULL,0.55),('40.456.332','#Midnight Dune','DELETED',NULL,0.55),('40.456.347','#Midnight Egg Shell','DELETED',NULL,0.55),('40.456.414','#Midnight Grey Shee','DELETED',NULL,0.55),('40.456.535','#Midnight Line','DELETED',NULL,0.55),('40.456.614','#Midnight Nutmeg','DELETED',NULL,0.55),('40.456.646','#Midnight Parchment','DELETED',NULL,0.55),('40.456.725','#Midnight Raw Silk','DELETED',NULL,0.55),('40.456.784','#Midnight Sea Shell','DELETED',NULL,0.55),('40.456.990','#Midnight Wicker','DELETED',NULL,0.55),('40.460.091','#Moire Black','DELETED',NULL,1.35),('40.460.134','#Moire Blush','DELETED',NULL,1.35),('40.460.214','#Moire Champagne','DELETED',NULL,1.35),('40.460.347','#Moire Eggshell','DELETED',NULL,1.35),('40.460.648','#Moire Peach','DELETED',NULL,1.35),('40.460.818','#Moire Slate','DELETED',NULL,1.35),('40.460.980','#Moire White','DELETED',NULL,1.35),('40.490.631','#Pearl Oyster/Change to Silver','DELETED',NULL,0.55),('40.490.807','#Pearl Silver','DELETED',NULL,0.55),('40.510.023','Plaza Plus Alpine Haze','VER-FAB',NULL,1.3),('40.510.066','Plaza Plus Beachsand','VER-FAB',NULL,1.3),('40.510.166','#Plaza Plus Butterscotch','DELETED',NULL,1.3),('40.510.168','#Plaza Plus Cabernet','DELETED',NULL,1.3),('40.510.184','Plaza Plus Caramel','VER-FAB',NULL,1.3),('40.510.193','Plaza Plus Cashew','VER-FAB',NULL,1.3),('40.510.195','Plaza Plus Cargo','VER-FAB',NULL,1.3),('40.510.246','Plaza Plus Citrus Cream','VER-FAB',NULL,1.3),('40.510.247','Plaza Plus Clay','VER-FAB',NULL,1.3),('40.510.253','Plaza Plus Cockatoo','VER-FAB',NULL,1.3),('40.510.340','Plaza Plus Ebony','VER-FAB',NULL,1.3),('40.510.349','Plaza Plus Espresso','VER-FAB',NULL,1.3),('40.510.354','Plaza Plus Footprint','VER-FAB',NULL,1.3),('40.510.380','Plaza Plus Ginger','VER-FAB',NULL,1.3),('40.510.417','Plaza Plus Gunmetal','VER-FAB',NULL,1.3),('40.510.436','Plaza Plus Hickory','VER-FAB',NULL,1.3),('40.510.479','Plaza Plus Jewel','VER-FAB',NULL,1.3),('40.510.544','Plaza Plus Malt','VER-FAB',NULL,1.3),('40.510.574','#Plaza Plus Mint','DELETED',NULL,1.3),('40.510.580','#Plaza Plus Mistletoe','DELETED',NULL,1.3),('40.510.597','Plaza Plus Natural','VER-FAB',NULL,1.3),('40.510.609','Plaza Plus Nighthawk','VER-FAB',NULL,1.3),('40.510.623','Plaza Plus Orchid','VER-FAB',NULL,1.3),('40.510.640','Plaza Plus Paperbark','VER-FAB',NULL,1.3),('40.510.680','#Plaza Plus Pewter','DELETED',NULL,1.3),('40.510.717','Plaza Plus Pumice','VER-FAB',NULL,1.3),('40.510.745','Plaza Plus Royal','VER-FAB',NULL,1.3),('40.510.758','Plaza Plus Sand','VER-FAB',NULL,1.3),('40.510.940','Plaza Plus Vanilla','VER-FAB',NULL,1.3),('40.510.972','#Plaza Plus Wedgewood','DELETED',NULL,1.3),('40.510.980','Plaza Plus White','VER-FAB',NULL,1.3),('40.530.032','Quay Angel','VER-FAB',NULL,1.35),('40.530.322','#Quay Dew','VER-FAB',NULL,1.35),('40.530.442','#Quay Hog','VER-FAB',NULL,1.35),('40.530.537','#Quay Lotus','VER-FAB',NULL,1.35),('40.530.546','#Quay Mercury','VER-FAB',NULL,1.35),('40.530.548','#Quay Milto','VER-FAB',NULL,1.35),('40.530.647','#Quay Passive','VER-FAB',NULL,1.35),('40.530.677','#Quay Peca','VER-FAB',NULL,1.35),('40.530.871','#Quay Squiggle','VER-FAB',NULL,1.35),('40.530.875','Quay Storm','VER-FAB',NULL,1.35),('40.530.957','Quay Vivid','VER-FAB',NULL,1.35),('40.530.979','#Quay Whisper','VER-FAB',NULL,1.35),('40.540.091','#Raffles Black','DELETED',NULL,0.55),('40.540.160','#Raffles Burgundy','DELETED',NULL,0.5),('40.540.449','#Raffles Hunter Gree','DELETED',NULL,0.55),('40.540.464','#Raffles Ivory','DELETED',NULL,0.55),('40.540.605','#Raffles Navy','DELETED',NULL,0.55),('40.540.737','#Raffles Rich Cream','DELETED',NULL,0.55),('40.540.917','#Raffles Terracotta','DELETED',NULL,0.55),('40.540.972','#Raffles Wedgewood','DELETED',NULL,0.55),('40.700.181','#Seascape Capri','DELETED',NULL,1.35),('40.700.243','#Seascape Citro','DELETED',NULL,1.35),('40.700.316','#Seascape Denim','DELETED',NULL,1.35),('40.700.485','#Seascape Khaki','DELETED',NULL,1.35),('40.700.597','#Seascape Natural','DELETED',NULL,1.35),('40.700.818','#Seascape Slate','DELETED',NULL,1.35),('40.700.980','#Seascape White','DELETED',NULL,1.35),('40.740.033','#Sublime Angora','DELETED',NULL,1.36),('40.740.083','#Sublime Birch','DELETED',NULL,1.36),('40.740.109','#Sublime Bliss','DELETED',NULL,1.36),('40.740.285','#Sublime Crepe','DELETED',NULL,1.9),('40.740.366','#Sublime Forest','DELETED',NULL,1.36),('40.740.372','#Sublime Fresh Pine','DELETED',NULL,1.9),('40.740.425','#Sublime Harmony','DELETED',NULL,1.36),('40.740.452','#Sublime Iceberg','DELETED',NULL,1.36),('40.740.461','#Sublime Irish Cream','DELETED',NULL,1.36),('40.740.563','#Sublime Marshmellow','DELETED',NULL,1.36),('40.740.722','#Sublime Raffia','DELETED',NULL,1.36),('40.820.178','#Trophy Candle Glow','DELETED',NULL,0.55),('40.820.319','#Trophy Desert Breeze','DELETED',NULL,0.55),('40.820.399','#Trophy Green Chiffo','DELETED',NULL,0.55),('40.820.473','#Trophy Ivory Spice','DELETED',NULL,0.55),('40.820.582','#Trophy Misty Harbour','DELETED',NULL,0.55),('40.820.865','#Trophy Spun Silk','DELETED',NULL,0.55),('40.820.901','#Trophy Sweet Cream\'e','DELETED',NULL,0.55),('40.950.655','#Waterfall Pearl Glow','DELETED',NULL,0.55),('40.950.872','#Waterfall Stonewash','DELETED',NULL,0.55),('40.950.935','#Waterfall Urban Stone','DELETED',NULL,0.55),('40.950.987','#Waterfall Whitemist','DELETED',NULL,0.55),('40.990.044','#Zen Arabica','VER-FAB',NULL,0.85),('40.990.139','#Zen Bounty','VER-FAB',NULL,0.85),('40.990.194','#Zen Cashmere','VER-FAB',NULL,0.85),('40.990.352','#Zen Element','VER-FAB',NULL,0.85),('40.990.353','#Zen Embrace','VER-FAB',NULL,0.85),('40.990.383','#Zen Gazing','VER-FAB',NULL,0.85),('40.990.459','#Zen Illusio','VER-FAB',NULL,0.85),('40.990.549','#Zen Mario','VER-FAB',NULL,0.85),('40.990.556','#Zen Martini','VER-FAB',NULL,0.85),('40.990.752','#Zen Sahara','VER-FAB',NULL,0.85),('40.990.995','#Zen Ye','VER-FAB',NULL,0.85),('40.990.997','#Zen Zelda','VER-FAB',NULL,0.85),('41.003.999','Aspen [IND]','VER-FAB',NULL,0),('41.005.980','Bolero White [IND]','VER-FAB',NULL,0),('41.007.999','Chatsworth [IND]','VER-FAB',NULL,0),('41.008.999','Colourtex [IND]','VER-FAB',NULL,0),('41.017.999','Dapple SPC [IND]','VER-FAB',NULL,0),('41.018.999','Glacier [IND]','VER-FAB',NULL,0),('41.019.999','Geo [IND]','VER-FAB',NULL,0),('41.020.999','Guardian Grey [IND]','VER-FAB',NULL,0),('41.022.099','Harvest [IND]','VER-FAB',NULL,0),('41.025.999','Kendo [IND]','VER-FAB',NULL,0),('41.026.999','Laurel [IND]','VER-FAB',NULL,0),('41.028.999','#Louvotex [IND]','VER-FAB',NULL,0),('41.034.999','#Lusto [IND]','VER-FAB',NULL,0),('41.035.999','Madrid [IND]','VER-FAB',NULL,0),('41.046.999','Panama White [IND]','VER-FAB',NULL,0),('41.049.999','Pharaoh [IND]','VER-FAB',NULL,0),('41.050.999','PinStripe [IND]','VER-FAB',NULL,0),('41.051.999','Plaintex [IND]','VER-FAB',NULL,0),('41.053.999','Regency [IND]','VER-FAB',NULL,0),('41.054.999','#Retro [IND]','VER-FAB',NULL,0),('41.055.999','#Riviera [IND]','VER-FAB',NULL,0),('41.057.999','#Savanna [IND]','VER-FAB',NULL,0),('41.060.000','Shot Silk Mink [IND]','VER-FAB',NULL,0),('41.064.999','Tribune [IND]','VER-FAB',NULL,0),('41.067.999','Whisper [IND]','VER-FAB',NULL,0),('41.201.999','Eco Dawn [IND]','VER-FAB',NULL,0),('41.202.680','Dawn Pewter [IND]','VER-FAB',NULL,0),('41.202.999','Dawn [IND]','VER-FAB',NULL,0),('41.204.999','Melaluca [IND]','VER-FAB',NULL,0),('41.210.999','Pearlized [IND]','VER-FAB',NULL,0),('41.301.999','Vibe [IND]','VER-FAB',NULL,0),('41.302.999','Premium 24 [IND]','VER-FAB',NULL,0),('42.001.999','#Alaska [IND]','ROL-FAB',NULL,0),('42.002.999','#Blossom Spring [IND]','ROL-FAB',NULL,110),('42.003.999','Aspen [IND]','ROL-FAB',NULL,0),('42.004.999','Chenille [IND]','ROL-FAB',NULL,0),('42.005.980','Bolero [IND]','ROL-FAB',NULL,0),('42.006.000','Baroque [IND]','ROL-FAB',NULL,0),('42.007.091','Chatsworth Black [IND]','ROL-FAB',NULL,34.1500006),('42.007.281','Chatsworth Cream [IND]','ROL-FAB',NULL,34.1500006),('42.007.980','Chatsworth White [IND]','ROL-FAB',NULL,34.1500006),('42.008.999','Carnival Turquo [IND]','ROL-FAB',NULL,0),('42.009.999','Carnival Lime [IND]','ROL-FAB',NULL,0),('42.010.999','Carnival Orange [IND]','ROL-FAB',NULL,0),('42.011.999','Carnival Purple [IND]','ROL-FAB',NULL,0),('42.016.214','Dahlia BO Champagne [IND]','ROL-FAB',NULL,82),('42.016.217','Dahlia BO Claret [IND]','ROL-FAB',NULL,0),('42.016.489','Dahlia BO Teal [IND]','ROL-FAB',NULL,82.15),('42.016.999','Dahlia BO Charcoal [IND]','ROL-FAB',NULL,0),('42.018.999','#Decadence [IND]','ROL-FAB',NULL,0),('42.019.287','Havana Cuban [IND]','ROL-FAB',NULL,0),('42.019.529','Havana Lime [IND]','ROL-FAB',NULL,0),('42.019.748','Havana Rum [IND]','ROL-FAB',NULL,0),('42.020.489','#Jamboree Latte [IND]','ROL-FAB',NULL,0),('42.020.999','Jamboree [IND]','ROL-FAB',NULL,0),('42.021.281','Fresco Cream [IND]','ROL-FAB',NULL,0),('42.021.999','Fresco Truffle [IND]','ROL-FAB',NULL,0),('42.022.999','Geo [IND]','ROL-FAB',NULL,0),('42.023.999','Glacier [IND]','ROL-FAB',NULL,0),('42.024.999','#Kasbah [IND]','ROL-FAB',NULL,0),('42.025.999','Kendo [IND]','ROL-FAB',NULL,0),('42.026.999','Laurel [IND]','ROL-FAB',NULL,0),('42.029.999','Linear [IND]','ROL-FAB',NULL,0),('42.030.999','#Lily Taupe [IND]','ROL-FAB',NULL,0),('42.033.726','#Luna Molten Red [IND]','ROL-FAB',NULL,0),('42.033.999','#Luna Granite BO [IND]','ROL-FAB',NULL,0),('42.040.999','Matrix BO - Louvolite [IND]','ROL-FAB',NULL,0),('42.042.999','Mystique [IND]','ROL-FAB',NULL,0),('42.043.999','Lilly Olive [IND]','ROL-FAB',NULL,0),('42.044.999','Palm [IND]','ROL-FAB',NULL,0),('42.046.999','Panama [IND] - Louvolite','ROL-FAB',NULL,0),('42.047.256','Panecea Cobalt [IND]','ROL-FAB',NULL,0),('42.048.999','#Pearl Silver [IND]','',NULL,0),('42.049.999','Pharaoh [IND]','ROL-FAB',NULL,0),('42.050.999','Pom Pom [IND]','ROL-FAB',NULL,0),('42.051.999','Plaintex [IND]','ROL-FAB',NULL,0),('42.052.999','#Ravel [IND]','ROL-FAB',NULL,96.5),('42.053.999','Polka Dot [IND]','ROL-FAB',NULL,0),('42.054.999','Regency Stripe [IND]','ROL-FAB',NULL,0),('42.055.000','Rio [IND]','ROL-FAB',NULL,0),('42.055.999','Satin [IND]','ROL-FAB',NULL,0),('42.056.999','Samba [IND]','ROL-FAB',NULL,0),('42.057.217','Serenade Charcoal LF [IND]','ROL-FAB',NULL,0),('42.058.217','Serenade Charcoal BO [IND]','ROL-FAB',NULL,0),('42.060.000','Shot Silk Mink [IND]','ROL-FAB',NULL,0),('42.060.999','#Skyline [IND]','ROL-FAB',NULL,0),('42.063.999','Taffetta Chocolate B/O [IND]','ROL-FAB',NULL,0),('42.064.999','Tutti Fruiti [IND]','ROL-FAB',NULL,0),('42.065.999','Tudor [IND]','ROL-FAB',NULL,0),('42.066.999','Voile [IND]','ROL-FAB',NULL,0),('42.068.999','Viva White [IND]','ROL-FAB',NULL,0),('42.075.999','Whisper Ecru [IND]','ROL-FAB',NULL,0),('42.101.001','Sassari Abate B/O [IND]','ROL-FAB',NULL,0),('42.101.180','Sassari Capo B/O [IND]','ROL-FAB',NULL,0),('42.101.276','Sassari Costa B/O [IND]','ROL-FAB',NULL,0),('42.101.552','Sassari Manca B/O [IND]','ROL-FAB',NULL,0),('42.101.589','Sassari Mores B/O [IND]','ROL-FAB',NULL,0),('42.101.692','Sassari Plaza B/O [IND]','ROL-FAB',NULL,0),('42.101.703','Sassari Porto B/O [IND]','ROL-FAB',NULL,0),('42.101.743','Sassari Rosel B/O [IND]','ROL-FAB',NULL,75.5),('42.101.929','Sassari Travo B/O [IND]','ROL-FAB',NULL,0),('42.102.276','Sassari Costa Unc [IND]','ROL-FAB',NULL,0),('42.102.552','Sassari Manca Unc [IND]','ROL-FAB',NULL,0),('42.102.589','Sassari Mores Unc [IND]','ROL-FAB',NULL,0),('42.102.929','Sassari Travo Unc [IND]','ROL-FAB',NULL,0),('42.103.257','Scarborough Cocoa B/O [IND]','ROL-FAB',NULL,0),('42.103.371','Scarborough Fudge B/O [IND]','ROL-FAB',NULL,0),('42.103.539','Scarborough Liq\'ce B/O [IND]','ROL-FAB',NULL,0),('42.103.613','Scarborough Nougat B/O [IND]','ROL-FAB',NULL,0),('42.103.675','Scarborough Pepper B/O [IND]','ROL-FAB',NULL,0),('42.103.852','Scarborough Sorbet B/O [IND]','ROL-FAB',NULL,0),('42.103.932','Scarborough Truffle B/O [IND]','ROL-FAB',NULL,0),('42.103.940','Scarborough Vanilla B/O [IND]','ROL-FAB',NULL,0),('42.104.257','Scarborough Cocoa Unc [IND]','ROL-FAB',NULL,0),('42.104.371','Scarborough Fudge Unc [IND]','ROL-FAB',NULL,0),('42.104.539','Scarborough Liq\'ce Unc [IND]','ROL-FAB',NULL,0),('42.104.613','Scarborough Nougat Unc [IND]','ROL-FAB',NULL,0),('42.104.675','Scarborough Pepper Unc [IND]','ROL-FAB',NULL,0),('42.104.852','Scarborough Sorbet Unc [IND]','ROL-FAB',NULL,0),('42.104.932','Scarborough Truffle Unc [IND]','ROL-FAB',NULL,0),('42.104.940','Scarborough Vanilla Unc [IND]','ROL-FAB',NULL,0),('42.105.999','Hampton [IND]','ROL-FAB',NULL,0),('42.106.999','Emporium [IND]','ROL-FAB',NULL,0),('42.108.000','Kiribati L/F [IND]','ROL-FAB',NULL,0),('42.108.999','Kiribati B/O [IND]','ROL-FAB',NULL,43.1500006),('42.109.000','Sienna Unc [IND]','ROL-FAB',NULL,0),('42.109.999','Sienna Black Blockout [IND]','ROL-FAB',NULL,60),('42.110.999','Caymen [IND]','ROL-FAB',NULL,0),('42.115.999','Centro F/R B/O [IND]','ROL-FAB',NULL,0),('42.116.999','Centro F/R L/F [IND]','ROL-FAB',NULL,0),('42.147.680','Screen Opulence Pewter [IND]','ROL-FAB',NULL,43.1500006),('42.148.220','Net Series Ch Bronze [IND]','ROL-FAB',NULL,0),('42.148.224','Net Series Ch Grey [IND]','ROL-FAB',NULL,0),('42.148.535','Net Series Linen [IND]','ROL-FAB',NULL,0),('42.148.982','Net Series White Linen [IND]','ROL-FAB',NULL,0),('42.148.993','Net Series White Grey [IND]','ROL-FAB',NULL,0),('42.148.999','Net Series White Bl Grey [IND]','ROL-FAB',NULL,0),('42.149.224','Net Series Charcoal Grey [IND]','ROL-FAB',NULL,0),('42.150.218','RR series Charcoal Sand [IND]','ROL-FAB',NULL,0),('42.150.219','RR series Ch/Apricot [IND]','ROL-FAB',NULL,0),('42.150.980','RR series White [IND]','ROL-FAB',NULL,0),('42.150.999','RR series [IND]','ROL-FAB',NULL,0),('42.151.064','Newport B/O Beach Comber[IND]','ROL-FAB',NULL,0),('42.151.597','Newport B/O Natural [IND]','ROL-FAB',NULL,0),('42.151.733','Newport B/O Rialto [IND]','ROL-FAB',NULL,0),('42.152.061','Newport L/F Barley [IND]','ROL-FAB',NULL,0),('42.155.700','Summit BO [IND] Pompeii','ROL-FAB',NULL,0),('42.155.999','Summit BO [IND]','ROL-FAB',NULL,0),('42.156.999','Summit Unc [IND]','ROL-FAB',NULL,0),('42.165.999','Windsor B/O [IND]','ROL-FAB',NULL,0),('42.166.999','Windsor Unc [IND]','ROL-FAB',NULL,0),('42.201.587','#Dawn Mocha [IND]','ROL-FAB',NULL,0),('42.201.999','Dawn [IND]','ROL-FAB',NULL,0),('42.202.091','Melaleuca [IND]','DELETED',NULL,0),('42.202.999','Mini Dawn [IND]','ROL-FAB',NULL,0),('42.210.999','Pearlized [IND]','ROL-FAB',NULL,0),('42.250.999','Baltic B/O [IND]','ROL-FAB',NULL,0),('42.251.999','#Portabello B/O [IND] carnaby','ROL-FAB',NULL,0),('42.252.999','#Portabello TL [IND] carnaby','ROL-FAB',NULL,0),('42.260.999','Berkley B/O [IND]','ROL-FAB',NULL,0),('42.261.999','Berkley TL [IND]','ROL-FAB',NULL,0),('42.264.999','Dublin [IND]','SS-FAB',NULL,0),('42.265.999','Eclipse [IND]','ROL-FAB',NULL,0),('42.266.999','Fed Square [IND]','SS-FAB',NULL,0),('42.268.999','Kato [IND]','SS-FAB',NULL,0),('42.269.999','Katoomba [IND]','SS-FAB',NULL,0),('42.270.999','Quebec [IND]','ROL-FAB',NULL,0),('42.272.999','Tremont B/O [IND]','ROL-FAB',NULL,0),('42.274.999','Zaru [IND]','SS-FAB',NULL,0),('42.300.999','Aston B/O [IND]','ROL-FAB',NULL,0),('42.302.999','Daintree B/O [IND]','ROL-FAB',NULL,0),('42.304.999','#Mscreen 8505 [IND]','ROL-FAB',NULL,0),('42.305.999','Flocke 11201 [IND]','ROL-FAB',NULL,0),('42.306.999','EScreen 7510 Pearl [IND]','ROL-FAB',NULL,0),('42.307.032','Icon Angel B/O [IND]','ROL-FAB',NULL,44),('42.307.042','Icon Arena B/O [IND]','ROL-FAB',NULL,0),('42.307.091','Icon Night B/O [IND]','ROL-FAB',NULL,0),('42.307.171','Icon Calico B/O [IND]','ROL-FAB',NULL,0),('42.307.339','Icon Earth B/O [IND]','ROL-FAB',NULL,0),('42.307.363','Icon Flint B/O [IND]','ROL-FAB',NULL,0),('42.307.554','Icon Manilla B/O [IND]','ROL-FAB',NULL,34),('42.307.860','Icon Spritz B/O [IND]','ROL-FAB',NULL,0),('42.307.868','Icon Stone B/O [IND]','ROL-FAB',NULL,0),('42.308.999','Kiama Ebony [IND]','ROL-FAB',NULL,0),('42.309.980','Icon White B/O [IND]','ROL-FAB',NULL,0),('42.310.066','Palm Beach B/O Beachsand[IND]','ROL-FAB',NULL,0),('42.310.999','Palm Beach B/O Dune[IND]','ROL-FAB',NULL,0),('42.311.999','Screen [IND]','ROL-FAB',NULL,0),('42.312.999','#Premium 24 [IND]','ROL-FAB',NULL,0),('42.313.980','Sheerweave 4510 White [IND]','ROL-FAB',NULL,0),('42.313.982','Sheerweave 4510 W Linen [IND]','ROL-FAB',NULL,0),('42.313.999','Sheerweave 4510 Wh Stone[IND]','ROL-FAB',NULL,0),('42.314.091','Sheerweave 4300 Black [IND]','ROL-FAB',NULL,0),('42.314.535','Sheerweave 4300 Linen [IND]','ROL-FAB',NULL,0),('42.314.982','#Sheerweave 4300 W Linen [IND]','ROL-FAB',NULL,0),('42.314.999','Sheerweave 4300 Sl Stone [IND]','ROL-FAB',NULL,0),('42.315.220','Sheerweave 4500 CBronze [IND]','ROL-FAB',NULL,0),('42.315.221','Sheerweave 4500 Ch/Grey [IND]','ROL-FAB',NULL,0),('42.315.535','Sheerweave 4500 Linen [IND]','ROL-FAB',NULL,0),('42.315.980','Sheerweave 4500 White [IND]','ROL-FAB',NULL,0),('42.315.982','Sheerweave 4500 W/Linen [IND]','ROL-FAB',NULL,0),('42.315.992','Sheerweave 4500 Sandstone[IND]','ROL-FAB',NULL,0),('42.315.999','Sheerweave 4500 Wh/Grey [IND]','ROL-FAB',NULL,0),('42.316.171','Vibe B/O Calico [IND]','ROL-FAB',NULL,0),('42.316.217','Vibe B/O Coconut [IND]','ROL-FAB',NULL,0),('42.316.250','Vibe B/O Slate Stone [IND]','ROL-FAB',NULL,0),('42.316.546','Vibe B/O Mercury Metali [IND]','ROL-FAB',NULL,0),('42.316.575','Vibe B/O Dune [IND]','ROL-FAB',NULL,0),('42.316.873','Vibe B/O Starfish [IND]','ROL-FAB',NULL,0),('42.316.902','Vibe B/O Syllabub [IND]','ROL-FAB',NULL,35),('42.316.999','Vibe B/O [IND]','ROL-FAB',NULL,0),('42.317.217','Vela Metalized Charcoal [IND]','ROL-FAB',NULL,0),('42.318.999','Urban Shade Pewter [IND]','ROL-FAB',NULL,0),('42.319.999','Yoko B/O [IND]','ROL-FAB',NULL,0),('42.320.999','Yoko Unc [IND]','ROL-FAB',NULL,0),('42.331.999','Deco N203 [IND]','ROL-FAB',NULL,0),('42.349.999','Barbados [IND]','ROL-FAB',NULL,0),('42.350.999','Riviera Unc [IND]','ROL-FAB',NULL,0),('42.351.999','Serengetti B/O [IND]','ROL-FAB',NULL,0),('42.381.999','Soltis 96 [IND]','ROL-FAB',NULL,0),('42.401.999','#Wilson Studio Arizona Unc','ROL-CUST',NULL,0),('42.402.999','#Wilson Studio Blizzard B/O','ROL-CUST',NULL,62.95),('42.501.044','Kenross B/O Arabica [IND]','ROL-FAB',NULL,0),('42.501.481','Kenross B/O Jute [IND]','ROL-FAB',NULL,0),('42.501.698','Kenross B/O Poplar [IND]','DELETED',NULL,0),('42.502.044','Kenross Unc Arabica [IND]','ROL-FAB',NULL,0),('42.502.481','Kenross Unc Jute [IND]','ROL-FAB',NULL,0),('42.502.999','#Kenross B/O [IND]','ROL-FAB',NULL,0),('42.505.009','#Kaschgar B/O Alabaster [IND]','ROL-FAB',NULL,0),('42.505.086','#Kaschgar B/O Biscotti [IND]','ROL-FAB',NULL,0),('42.505.248','#Kaschgar B/O Clove [IND]','ROL-FAB',NULL,0),('42.505.907','#Kaschgar B/O Taupe [IND]','ROL-FAB',NULL,0),('42.505.999','#Kaschgar B/O Pitaya [IND]','ROL-FAB',NULL,0),('42.520.980','Peninsula White B/O [IND]','ROL-FAB',NULL,0),('42.600.999','IC Screen X5 [IND]','SS-FAB',NULL,0),('42.601.340','RollerShade Linseed [IND]','ROL-FAB',NULL,0),('42.601.489','RollerShade Chalk [IND]','SS-FAB',NULL,0),('42.601.631','RollerShade Oyster [IND]','ROL-FAB',NULL,0),('42.970.013','York Almond B/O [IND]','ROL-FAB',NULL,83),('42.970.229','York Chestnut B/O [IND]','ROL-FAB',NULL,72.3500009),('42.970.593','York Mushroom B/O [IND]','ROL-FAB',NULL,72.3500009),('42.970.932','York Truffle B/O [IND]','ROL-FAB',NULL,72.3500009),('42.970.960','York Walnut B/O [IND]','ROL-FAB',NULL,72.3500009),('42.971.013','York Almond Translucent [IND]','ROL-FAB',NULL,53.25),('42.971.229','York Chestnut Translucent [IND','ROL-FAB',NULL,53.25),('42.971.593','York Mushroom Translucent [IND','ROL-FAB',NULL,53.25),('42.971.932','York Truffle Translucent [IND]','ROL-FAB',NULL,53.25),('42.971.960','York Walnut Translucent [IND]','ROL-FAB',NULL,53.25),('44.102.464','Blake Ivory','ROM-FAB',NULL,21.9),('44.102.980','Blake White','ROM-FAB',NULL,21.9),('44.117.086','Broome 280 Biscotti (Soft);','ROM-FAB',NULL,27.4),('44.117.593','#Broome 280 Mushroom (Soft);','ROM-FAB',NULL,27.4),('44.117.646','#Broome 280 Parchment (Soft);','ROM-FAB',NULL,27.4),('44.117.826','Broome 280 Snow (Soft);','ROM-FAB',NULL,27.4),('44.117.868','#Broome 280 Stone (Soft);','ROM-FAB',NULL,27.4),('44.118.868','Broome 140 Stone','ROM-FAB',NULL,13.7),('44.375.464','Harmony 280 Ivory','ROM-FAB',NULL,24.9),('44.375.646','Harmony 280 Parchment','ROM-FAB',NULL,24.9),('44.375.809','Harmony 280 Silver Birch','ROM-FAB',NULL,24.9),('44.375.826','Harmony 280 Snow','ROM-FAB',NULL,24.9),('44.375.980','Harmony 280 White','ROM-FAB',NULL,24.9),('44.461.619','Morocco 242 Oatmeal','ROM-FAB',NULL,28.9),('44.461.639','Morocco 242 Paper','ROM-FAB',NULL,28.9),('44.461.674','Morocco 242 Pebble','ROM-FAB',NULL,28.9),('44.461.826','Morocco 242 Snow','ROM-FAB',NULL,28.9),('45.040.193','Alcott Cashew Blockout [IND]','ROL-FAB',NULL,53.65),('45.040.204','Alcott Celedon Blockout [IND]','ROL-FAB',NULL,53.65),('45.040.551','#Alcott Mahogany Blockout [IND','ROL-FAB',NULL,53.65),('45.040.631','#Alcott Oyster Blockout [IND]','ROL-FAB',NULL,53.65),('45.040.674','Alcott Pebble Blockout [IND]','ROL-FAB',NULL,53.65),('45.040.739','#Alcott Rice Blockout [IND]','ROL-FAB',NULL,53.65),('45.040.826','Alcott Snow Blockout [IND]','ROL-FAB',NULL,53.65),('45.040.870','#Alcott Stark White BO [IND]','ROL-FAB',NULL,53.65),('45.040.972','Alcott Wedgewood Blockout [IND','ROL-FAB',NULL,53.65),('45.050.868','#Alexis Stone','DELETED',NULL,16),('45.060.049','#Arden Artic Grey','ROL-FAB',NULL,8.5),('45.060.490','#Arden Kahlua','ROL-FAB',NULL,8.5),('45.060.719','#Arden Pumice Stone','ROL-FAB',NULL,8.5),('45.060.838','Arden Snow White','ROL-FAB',NULL,8.5),('45.060.980','Arden White','ROL-FAB',NULL,8.5),('45.061.051','Arizona Ash BO [IND]','ROL-FAB',NULL,66.1),('45.061.091','Arizona Black BO [IND]','ROL-FAB',NULL,66.1),('45.061.230','Arizona Cherry BO [IND]','ROL-FAB',NULL,66.1),('45.061.391','Arizona Fossil BO [IND]','ROL-FAB',NULL,66.1),('45.061.583','Arizona Mink BO [IND]','ROL-FAB',NULL,66.1),('45.061.826','Arizona Snow BO [IND]','ROL-FAB',NULL,66.1),('45.062.051','Arizona Ash TL [IND]','ROL-FAB',NULL,46.5500004),('45.062.091','Arizona Black TL [IND]','ROL-FAB',NULL,46.5500004),('45.062.230','Arizona Cherry TL [IND]','ROL-FAB',NULL,46.5500004),('45.062.391','Arizona Fossil TL [IND]','ROL-FAB',NULL,46.5500004),('45.062.583','Arizona Mink TL [IND]','ROL-FAB',NULL,46.5500004),('45.062.826','Arizona Snow TL [IND]','ROL-FAB',NULL,46.5500004),('45.063.091','Atlanta Black BO','ROL-FAB',NULL,0),('45.063.281','Atlanta Cream BO','ROL-FAB',NULL,0),('45.063.332','Atlanta Dune BO [IND]','ROL-FAB',NULL,0),('45.063.674','Atlanta Pebble BO [IND]','ROL-FAB',NULL,0),('45.063.701','Atlanta Porpoise BO [IND]','ROL-FAB',NULL,0),('45.063.739','Atlanta Rice BO [IND]','ROL-FAB',NULL,0),('45.063.907','Atlanta Taupe BO','ROL-FAB',NULL,0),('45.063.994','Atlanta Winter White BO','ROL-FAB',NULL,0),('45.064.091','Atlanta Black TL','ROL-FAB',NULL,0),('45.064.281','Atlanta Cream TL','ROL-FAB',NULL,0),('45.064.701','Atlanta Porpoise TL [IND]','ROL-FAB',NULL,0),('45.064.739','Atlanta Rice TL [IND]','ROL-FAB',NULL,0),('45.064.907','Atlanta Taupe TL','ROL-FAB',NULL,0),('45.064.994','Atlanta Winter White TL','ROL-FAB',NULL,0),('45.068.038','#Ashford Antique White','ROL-FAB',NULL,20),('45.068.241','#Ashford Cinnamo','ROL-FAB',NULL,20),('45.068.868','#Ashford Stone','ROL-FAB',NULL,20),('45.070.046','#Aspen Artic White','ROL-FAB',NULL,9),('45.070.175','#Aspen Camelia','ROL-FAB',NULL,9),('45.070.237','#Aspen Chintz','DELETED',NULL,9),('45.070.255','#Aspen Coffee Cream','ROL-FAB',NULL,9),('45.070.266','#Aspen Cool Mint','DELETED',NULL,9),('45.070.289','#Aspen Crystal Blue','DELETED',NULL,9),('45.070.508','#Aspen Light Straw','ROL-FAB',NULL,9),('45.070.516','#Aspen Lilac Snow','ROL-FAB',NULL,9),('45.070.603','#Aspen Natural Stone','ROL-FAB',NULL,9),('45.070.619','#Aspen Oatmeal','ROL-FAB',NULL,9),('45.070.651','#Aspen Pearl*','ROL-FAB',NULL,9),('45.070.664','#Aspen Pearl Line','ROL-FAB',NULL,9),('45.070.702','#Aspen Porcelai','ROL-FAB',NULL,9),('45.070.811','#Aspen Silver Grey*','ROL-FAB',NULL,9),('45.070.830','#Aspen Snowdrift','DELETED',NULL,9),('45.070.980','#Aspen White','ROL-FAB',NULL,9),('45.071.097','Austin Blanc BO [IND]','ROL-FAB',NULL,66.1),('45.071.217','Austin Charcoal Blockout','ROL-FAB',NULL,66.1),('45.071.340','Austin Ebony BO [IND]','ROL-FAB',NULL,66.1),('45.071.641','Austin Papyrus BO [IND]','ROL-FAB',NULL,66.1),('45.071.907','Austin Taupe BO [IND]','ROL-FAB',NULL,66.1),('45.072.363','#Aspect Flint','DELETED',NULL,21),('45.072.369','#Aspect Fresco','DELETED',NULL,21),('45.072.980','#Aspect White','DELETED',NULL,36.78),('45.073.097','Austin Blanc TL [IND]','ROL-FAB',NULL,46.5500004),('45.073.217','Austin Charcoal TL [IND]','ROL-FAB',NULL,46.5500004),('45.073.340','Austin Ebony TL [IND]','ROL-FAB',NULL,46.5500004),('45.073.641','Austin Papyrus TL [IND]','ROL-FAB',NULL,46.5500004),('45.073.907','Austin Taupe TL[IND]','ROL-FAB',NULL,46.5500004),('45.074.045','Avalon Athena [IND]','ROL-FAB',NULL,45.78),('45.074.053','Avalon Aqua [IND]','ROL-FAB',NULL,45.78),('45.074.242','Avalon Ciao [IND]','ROL-FAB',NULL,45.78),('45.074.535','Avalon Linen [IND]','ROL-FAB',NULL,45.78),('45.074.555','Avalon Manhattan [IND]','ROL-FAB',NULL,45.78),('45.074.571','Avalon Midnight Bronze [IND]','ROL-FAB',NULL,45.78),('45.074.573','Avalon Midnight [IND]','ROL-FAB',NULL,45.78),('45.074.576','Avalon Midnight Storm [IND]','ROL-FAB',NULL,45.78),('45.074.584','Avalon Midnight Smudge [IND]','ROL-FAB',NULL,45.78),('45.074.651','Avalon Pearl [IND]','ROL-FAB',NULL,45.78),('45.074.674','Avalon Pebble [IND]','ROL-FAB',NULL,45.78),('45.074.716','Avalon Pure [IND]','ROL-FAB',NULL,45.78),('45.074.764','Avalon Sandstone [IND]','ROL-FAB',NULL,45.78),('45.074.791','Avalon Shale [IND]','ROL-FAB',NULL,45.78),('45.074.862','Avalon Spoon [IND]','ROL-FAB',NULL,45.78),('45.074.884','Avalon Storm Wheat BV [IND]','ROL-FAB',NULL,45.78),('45.074.936','Avalon Uber [IND]','ROL-FAB',NULL,45.78),('45.074.971','Avalon Weathered Stone [IND]','ROL-FAB',NULL,45.78),('45.074.980','Avalon White [IND]','ROL-FAB',NULL,45.78),('45.074.998','Avalon Zurich [IND]','ROL-FAB',NULL,45.78),('45.075.081','#Attica Bien [IND]','ROL-FAB',NULL,43.1500006),('45.075.324','Attica Enigma [IND]','ROL-FAB',NULL,43.1500006),('45.075.416','#Attica Grit [IND]','ROL-FAB',NULL,43.1500006),('45.075.450','Attica Ibiza [IND]','ROL-FAB',NULL,43.1500006),('45.075.478','Attica Java [IND]','ROL-FAB',NULL,43.1500006),('45.075.602','Attica Myoko [IND]','ROL-FAB',NULL,43.1500006),('45.075.621','Attica Okra [IND]','ROL-FAB',NULL,43.1500006),('45.075.774','#Attica Scoria [IND]','ROL-FAB',NULL,43.1500006),('45.075.904','Attica Talia [IND]','ROL-FAB',NULL,43.1500006),('45.075.906','Attica Talc [IND]','ROL-FAB',NULL,43.1500006),('45.085.171','Basics II Calico','ROL-FAB',NULL,11.6),('45.085.176','#Basics Cameo','ROL-FAB',NULL,9),('45.085.184','#Basics Caramel','ROL-FAB',NULL,9),('45.085.194','Basics II Cashmere','ROL-FAB',NULL,14),('45.085.368','#Basics French Lace','ROL-FAB',NULL,9),('45.085.490','Basics II Kahlua','ROL-FAB',NULL,14),('45.085.526','Basics Lilylock','ROL-FAB',NULL,9),('45.085.583','#Basics Mink','ROL-FAB',NULL,9),('45.085.603','Basics II Natural Stone','ROL-FAB',NULL,11.6),('45.085.613','Basics II Nougat','ROL-FAB',NULL,14),('45.085.695','#Basics Plumberry','ROL-FAB',NULL,9),('45.085.724','#Basics Rave','ROL-FAB',NULL,9),('45.085.746','#Basics Rouge','DELETED',NULL,9),('45.085.789','#Basics Seed','DELETED',NULL,9),('45.085.934','#Basics Umber','ROL-FAB',NULL,9),('45.085.980','Basics II White','ROL-FAB',NULL,14),('45.100.028','#Bexley Amethyst','DELETED',NULL,19.09),('45.100.190','#Bexley Carribea','DELETED',NULL,19.09),('45.100.269','#Bexley Copper Blush','DELETED',NULL,19.09),('45.100.744','#Bexley Rose Quartz','DELETED',NULL,19.09),('45.100.796','#Bexley Sherwood','DELETED',NULL,19.09),('45.103.091','Blizzard Black BO [IND]','ROL-FAB',NULL,66.1),('45.103.462','Blizzard Iron BO [IND]','ROL-FAB',NULL,66.1),('45.103.651','Blizzard Pearl BO [IND]','ROL-FAB',NULL,66.1),('45.103.800','Blizzard Shitake BO [IND]','ROL-FAB',NULL,66.1),('45.103.826','Blizzard Snow BO [IND]','ROL-FAB',NULL,66.1),('45.103.980','Blizzard White BO [IND]','ROL-FAB',NULL,66.1),('45.104.091','Blizzard Black TL [IND]','ROL-FAB',NULL,46.5500004),('45.104.462','Blizzard Iron TL [IND]','ROL-FAB',NULL,46.5500004),('45.104.651','Blizzard Pearl TL [IND]','ROL-FAB',NULL,46.5500004),('45.104.800','Blizzard Shitake TL [IND]','ROL-FAB',NULL,46.5500004),('45.104.826','Blizzard Snow TL [IND]','ROL-FAB',NULL,46.5500004),('45.104.980','Blizzard White TL [IND]','ROL-FAB',NULL,46.5500004),('45.115.172','#Boston Camel Blockout','ROL-FAB',NULL,33.5),('45.115.284','#Boston Creme Blockout','ROL-FAB',NULL,33.5),('45.115.408','#Boston Grey Blockout','DELETED',NULL,33.5),('45.115.613','#Boston Nougat Blockout','ROL-FAB',NULL,33.5),('45.115.724','#Boston Raven Blockout','DELETED',NULL,33.5),('45.115.736','#Boston Rhino Blockout','DELETED',NULL,33.5),('45.115.747','#Boston Russ Blockout','DELETED',NULL,33.5),('45.115.753','#Boston Saddle Blockout','ROL-FAB',NULL,33.5),('45.115.886','#Boston Suede Blockout','ROL-FAB',NULL,33.5),('45.115.980','#Boston White Blockout','DELETED',NULL,33.5),('45.116.171','#Boston Calico Translucent','ROL-FAB',NULL,24.9500003),('45.116.172','#Boston Camel Translucent','ROL-FAB',NULL,24.9500003),('45.116.284','#Boston Creme Translucent','ROL-FAB',NULL,24.9500003),('45.116.408','#Boston Grey Translucent','ROL-FAB',NULL,24.9500003),('45.116.613','#Boston Nougat Translucent','ROL-FAB',NULL,24.9500003),('45.116.724','#Boston Raven Translucent','DELETED',NULL,24.9500003),('45.116.736','#Boston Rhino Translucent','ROL-FAB',NULL,24.9500003),('45.116.747','#Boston Russ Translucent','ROL-FAB',NULL,24.9500003),('45.116.753','#Boston Saddle Translucent','DELETED',NULL,24.9500003),('45.116.886','#Boston Suede Translucent','ROL-FAB',NULL,24.9500003),('45.116.980','#Boston White Translucent','ROL-FAB',NULL,24.9500003),('45.117.086','Broome Biscotti BO [IND]','ROL-FAB',NULL,56.35),('45.117.464','Broome Ivory BO [IND]','ROL-FAB',NULL,56.35),('45.117.501','Broome Lichen BO [IND]','ROL-FAB',NULL,56.35),('45.117.593','Broome Mushroom BO [IND]','ROL-FAB',NULL,56.35),('45.117.646','Broome Parchment BO [IND]','ROL-FAB',NULL,56.35),('45.117.680','Broome Pewter BO [IND]','ROL-FAB',NULL,56.35),('45.117.758','Broome Sand BO [IND]','ROL-FAB',NULL,56.35),('45.117.826','Broome Snow BO [IND]','ROL-FAB',NULL,56.35),('45.117.868','Broome Stone BO [IND]','ROL-FAB',NULL,56.35),('45.118.086','Broome Biscotti TL [IND]','ROL-FAB',NULL,38.2),('45.118.464','Broome Ivory TL [IND]','ROL-FAB',NULL,38.2),('45.118.501','Broome Lichen TL [IND]','ROL-FAB',NULL,38.2),('45.118.593','Broome Mushroom TL[IND]','ROL-FAB',NULL,38.2),('45.118.646','Broome Parchment TL [IND]','ROL-FAB',NULL,38.2),('45.118.680','Broome Pewter TL [IND]','ROL-FAB',NULL,38.2),('45.118.758','Broome Sand TL [IND]','ROL-FAB',NULL,38.2),('45.118.826','Broome Snow TL [IND]','ROL-FAB',NULL,38.2),('45.118.868','Broome Stone TL [IND]','ROL-FAB',NULL,38.2),('45.119.075','#Brompton Beige','ROL-FAB',NULL,12.95),('45.119.980','#Brompton White','ROL-FAB',NULL,12.95),('45.119.994','#Brompton Winter White','ROL-FAB',NULL,12.95),('45.125.217','#Byron Charcoal','DELETED',NULL,53),('45.125.236','#Byron Choko','DELETED',NULL,53),('45.125.243','#Byron Citro','DELETED',NULL,53),('45.125.316','#Byron Denim','DELETED',NULL,53),('45.125.485','#Byron Khaki','DELETED',NULL,53),('45.125.588','#Byron Moccasi','DELETED',NULL,53),('45.125.597','#Byron Natural','DELETED',NULL,53),('45.125.614','#Byron Nutmeg','DELETED',NULL,53),('45.125.640','#Byron Paperbark','DELETED',NULL,53),('45.125.747','#Byron Russet','DELETED',NULL,53),('45.125.758','#Byron Sand','DELETED',NULL,53),('45.125.771','#Byron Scorpio','DELETED',NULL,53),('45.125.818','#Bryon Slate','DELETED',NULL,53),('45.125.960','#Byron Walnut','DELETED',NULL,53),('45.125.977','#Byron Wheat','DELETED',NULL,53),('45.125.980','#Byron White','DELETED',NULL,53),('45.127.091','#Camden Black','ROL-FAB',NULL,36.449999999999996),('45.127.355','#Camden Faw','ROL-FAB',NULL,36.449999999999996),('45.127.439','#Camden Honey','ROL-FAB',NULL,36.449999999999996),('45.127.464','Camden Ivory [IND]','ROL-FAB',NULL,36.449999999999996),('45.127.680','#Camden Pewter','DELETED',NULL,36.449999999999996),('45.127.818','#Camden Slate [Discontinued]','ROL-FAB',NULL,36.449999999999996),('45.127.940','Camden Vanilla [IND]','ROL-FAB',NULL,36.449999999999996),('45.127.980','#Camden White','ROL-FAB',NULL,36.449999999999996),('45.128.097','Carnaby Blanc Blockout','ROL-FAB',NULL,81.75),('45.128.257','Carnaby Cocoa Blockout','ROL-FAB',NULL,81.75),('45.128.326','Carnaby Dove Blockout','ROL-FAB',NULL,81.75),('45.128.358','Carnaby Fog Blockout','ROL-FAB',NULL,81.75),('45.128.430','Carnaby Haze Blockout','ROL-FAB',NULL,81.75),('45.128.573','Carnaby Midnight Blockout','ROL-FAB',NULL,81.75),('45.128.583','Carnaby Mink Blockout','ROL-FAB',NULL,81.75),('45.128.651','Carnaby Pearl Blockout','ROL-FAB',NULL,81.75),('45.128.821','Carnaby Smoke Blockout','ROL-FAB',NULL,81.75),('45.128.851','Carnaby Soot Blockout','ROL-FAB',NULL,81.75),('45.129.097','Carnaby Blanc Translucent','ROL-FAB',NULL,64.2),('45.129.257','Carnaby Cocoa Translucent','ROL-FAB',NULL,64.2),('45.129.326','Carnaby Dove Translucent','ROL-FAB',NULL,64.2),('45.129.358','Carnaby Fog Translucent','ROL-FAB',NULL,64.2),('45.129.430','Carnaby Haze Translucent','ROL-FAB',NULL,64.2),('45.129.573','Carnaby Midnight Translucent','ROL-FAB',NULL,64.2),('45.129.583','Carnaby Mink Translucent','ROL-FAB',NULL,64.2),('45.129.651','Carnaby Pearl Translucent','ROL-FAB',NULL,64.2),('45.129.821','Carnaby Smoke Translucent','ROL-FAB',NULL,64.2),('45.129.851','Carnaby Soot Translucent','ROL-FAB',NULL,64.2),('45.130.091','C Vue Black Paris 2.5m','SS-FAB',NULL,25.249999999999996),('45.130.099','#C Vue Black Bronze 2.5m','SS-FAB',NULL,25.249999999999996),('45.130.101','#C Vue Black Pearl 2.5m','SS-FAB',NULL,25.249999999999996),('45.130.190','#C Vue Carribean 2.5m','SS-FAB',NULL,25.249999999999996),('45.130.196','#C Vue Cayman Isle 2.5m','SS-FAB',NULL,25.249999999999996),('45.130.286','#C Vue Crete 2.5m','SS-FAB',NULL,25.249999999999996),('45.130.297','#C Vue Daintree 2.5m','SS-FAB',NULL,25.249999999999996),('45.130.535','C Vue Linen 2.5m','SS-FAB',NULL,25.249999999999996),('45.130.545','C Vue Malta 2.5m','SS-FAB',NULL,25.249999999999996),('45.130.558','#C Vue Marina 2.5m','SS-FAB',NULL,25.249999999999996),('45.130.596','#C Vue Naples 2.5m','DELETED',NULL,25.249999999999996),('45.130.805','#C Vue Silicy 2.5m','SS-FAB',NULL,25.249999999999996),('45.130.903','#C Vue Tahitian Beach 2.5m','DELETED',NULL,24.049999999999997),('45.130.952','#C Vue Vienna','DELETED',NULL,24.049999999999997),('45.130.980','C Vue White Santorini 2m','SS-FAB',NULL,25.249999999999996),('45.130.982','#C Vue White Linen 2.5m','SS-FAB',NULL,25.249999999999996),('45.130.989','#C Vue White Pearl 2.5m','SS-FAB',NULL,25.249999999999996),('45.130.990','C Vue White Sand 2.5m*','SS-FAB',NULL,25.249999999999996),('45.130.993','C Vue White Grey 2.5m*','SS-FAB',NULL,25.249999999999996),('45.131.091','C Vue Black Paris 3m','SS-FAB',NULL,32),('45.131.099','#C Vue Black Bronze 3m','SS-FAB',NULL,32),('45.131.101','C Vue Black Pearl 3m*','SS-FAB',NULL,32),('45.131.190','C Vue Carribean 3.0m','SS-FAB',NULL,32),('45.131.196','#C Vue Cayman Isle 3.0m','SS-FAB',NULL,32),('45.131.535','C Vue Linen 3m','SS-FAB',NULL,32),('45.131.596','C Vue Naples 3.0m*','SS-FAB',NULL,32),('45.131.903','#C Vue Tahitian Beach 3.0m','SS-FAB',NULL,32),('45.131.980','C Vue White Santorini 3m','SS-FAB',NULL,32),('45.131.982','C Vue White Linen 3m','SS-FAB',NULL,32),('45.131.989','#C Vue White Pearl 3m','SS-FAB',NULL,32),('45.131.990','#C Vue White Sand 3m','SS-FAB',NULL,32),('45.131.993','C Vue White Grey 3m','SS-FAB',NULL,32),('45.135.342','C Vue Shantung Ebony*','SS-FAB',NULL,13),('45.135.464','C Vue Shantung Ivory*','SS-FAB',NULL,13),('45.135.517','C Vue Shantung Midnight Bronze','SS-FAB',NULL,13),('45.135.680','#C Vue Shantung Pewter','SS-FAB',NULL,13),('45.135.807','#C Vue Shantung Silver','SS-FAB',NULL,13),('45.135.868','C Vue Shantung Stone*','SS-FAB',NULL,13),('45.135.980','C Vue Shantung White*','SS-FAB',NULL,13),('45.136.051','Concord Ash Blockout','ROL-FAB',NULL,69.25),('45.136.173','Concord Cafe Blockout IND]','ROL-FAB',NULL,69.25),('45.136.345','Concord Egret Blockout','ROL-FAB',NULL,69.25),('45.136.464','Concord Ivory Blockout','ROL-FAB',NULL,69.25),('45.136.674','Concord Pebble Blockout','ROL-FAB',NULL,69.25),('45.136.818','Concord Slate Blockout [IND]','ROL-FAB',NULL,69.25),('45.136.868','Concord Stone Blockout','ROL-FAB',NULL,69.25),('45.137.051','Concord Ash Translucent','ROL-FAB',NULL,48.65),('45.137.173','Concord Cafe Translucent [IND]','ROL-FAB',NULL,48.65),('45.137.345','Concord Egret Translucent','ROL-FAB',NULL,48.65),('45.137.464','Concord Ivory Translucent','ROL-FAB',NULL,48.65),('45.137.674','Concord Pebble Translucent','ROL-FAB',NULL,48.65),('45.137.818','Concord Slate Translucent [IND','ROL-FAB',NULL,48.65),('45.137.868','Concord Stone Translucent','ROL-FAB',NULL,48.65),('45.140.051','Cordoba Ash BO [IND]','ROL-FAB',NULL,0),('45.140.340','Cordoba Ebony BO [IND]','ROL-FAB',NULL,0),('45.140.358','Cordoba Fog BO [IND]','ROL-FAB',NULL,0),('45.140.464','Cordoba Ivory BO [IND]','ROL-FAB',NULL,0),('45.140.793','Cordoba Shark BO [IND]','ROL-FAB',NULL,0),('45.140.826','Cordoba Snow BO [IND]','ROL-FAB',NULL,0),('45.141.051','Cordoba Ash TL [IND]','ROL-FAB',NULL,0),('45.141.340','Cordoba Ebony TL [IND]','ROL-FAB',NULL,0),('45.141.358','Cordoba Fog TL [IND]','ROL-FAB',NULL,0),('45.141.464','Cordoba Ivory TL [IND]','ROL-FAB',NULL,0),('45.141.793','Cordoba Shark TL [IND]','ROL-FAB',NULL,0),('45.141.826','Cordoba Snow TL [IND]','ROL-FAB',NULL,0),('45.142.075','#Cinq 3000 Beige Trv CS','ROL-FAB',NULL,90),('45.142.091','#Cinq 3000 Black Trv CS','ROL-FAB',NULL,90),('45.142.309','#Cinq 3000 Dark Grey Trv CS','ROL-FAB',NULL,90),('45.142.408','#Cinq 3000 Grey Trv CS','ROL-FAB',NULL,90),('45.142.618','#Cinq 3000 Off White Trv CS','ROL-FAB',NULL,90),('45.142.980','#Cinq 3000 White Trv CS','ROL-FAB',NULL,90),('45.144.260','Deco Screen Cobblestone [IND]','SS-FAB',NULL,46.3),('45.144.370','Deco Screen Flagstone [IND]','SS-FAB',NULL,46.3),('45.144.388','Deco Screen Granite [IND]','SS-FAB',NULL,46.3),('45.144.426','Deco Screen Harvest [IND]','SS-FAB',NULL,46.3),('45.144.431','Deco Screen Hazelnut [IND]','SS-FAB',NULL,46.3),('45.144.600','Deco Screen Naturelle [IND]','SS-FAB',NULL,46.3),('45.144.635','Deco Screen Oyster Shell [IND]','SS-FAB',NULL,46.3),('45.144.646','Deco Screen Parchment [IND]','SS-FAB',NULL,46.3),('45.144.735','Deco Screen River Rock [IND]','SS-FAB',NULL,46.3),('45.144.794','Deco Screen Shalestone [IND]','SS-FAB',NULL,46.3),('45.144.810','Deco Screen Silver Frost [IND]','SS-FAB',NULL,46.3),('45.144.824','Deco Screen Smoky Quartz [IND]','SS-FAB',NULL,46.3),('45.144.930','Deco Screen Tumbleweed [IND]','SS-FAB',NULL,46.3),('45.147.345','Detroit Egret Blockout [IND]','ROL-FAB',NULL,70),('45.147.674','Detroit Pebble Blockout [IND]','ROL-FAB',NULL,70),('45.147.680','Detroit Pewter Blockout [IND]','ROL-FAB',NULL,70),('45.147.715','Detroit Putty Blockout [IND]','ROL-FAB',NULL,70),('45.147.807','Detroit Silver Blockout [IND]','ROL-FAB',NULL,70),('45.148.345','Detroit Egret TL [IND]','ROL-FAB',NULL,49),('45.148.674','Detroit Pebble TL [IND]','ROL-FAB',NULL,49),('45.148.680','Detroit Pewter TL [IND]','ROL-FAB',NULL,49),('45.148.715','Detroit Putty TL [IND]','ROL-FAB',NULL,49),('45.148.807','Detroit Silver TL [IND]','ROL-FAB',NULL,49),('45.150.063','#Ecoview Beach Blue','DELETED',NULL,59.8),('45.150.069','#Ecoview Beach White','DELETED',NULL,59.8),('45.155.026','#Ecoview+ Amber White','DELETED',NULL,39.3),('45.155.027','#Ecoview+ Amber Blue','DELETED',NULL,39.3),('45.155.075','#Ecoview+ Beige','DELETED',NULL,39.3),('45.155.076','#Ecoview + Beige White','DELETED',NULL,39.3),('45.155.152','#Ecoview + Bronze','DELETED',NULL,39.3),('45.155.535','Ecoview + Linen [IND]','SS-FAB',NULL,39.3),('45.155.536','#Ecoview + Linen Beige','DELETED',NULL,39.3),('45.155.541','Ecoview + Linen White [IND]','SS-FAB',NULL,39.3),('45.155.569','Ecoview + Midnight Aloe [IND]','SS-FAB',NULL,39.3),('45.155.571','Ecoview + Midnight Bronze [IND','SS-FAB',NULL,39.3),('45.155.572','#Ecoview + Midnight Blue [IND]','SS-FAB',NULL,39.3),('45.155.573','Ecoview + Midnight [IND]','SS-FAB',NULL,39.3),('45.155.576','Ecoview + Midnight Storm [IND]','SS-FAB',NULL,39.3),('45.155.584','Ecoview + Midnight Smudge [IND','SS-FAB',NULL,39.3),('45.155.597','Ecoview + Natural [IND]','SS-FAB',NULL,39.3),('45.155.598','Ecoview + Natural White [IND]','SS-FAB',NULL,39.3),('45.155.651','#Ecoview + Pearl [IND]','DELETED',NULL,39.3),('45.155.664','Ecoview + Pearl Linen [IND]','SS-FAB',NULL,39.3),('45.155.666','Ecoview + Pearl Storm Wheat [I','SS-FAB',NULL,39.3),('45.155.875','#Ecoview + Storm [IND]','DELETED',NULL,39.3),('45.155.876','Ecoview + Storm M/N Aloe [IND]','SS-FAB',NULL,39.3),('45.155.877','#Ecoview + Storm Blue [IND]','DELETED',NULL,39.3),('45.155.878','Ecoview + Storm M/N Linen [IND','SS-FAB',NULL,39.3),('45.155.879','Ecoview + Storm M/N Wheat [IND','SS-FAB',NULL,39.3),('45.155.882','Ecoview + Storm Wheat [IND]','SS-FAB',NULL,39.3),('45.155.980','Ecoview + White [IND]','SS-FAB',NULL,39.3),('45.155.989','Ecoview + Pearl White [IND]','SS-FAB',NULL,39.3),('45.156.541','Ecoview +3000 Linen White [IND','SS-FAB',NULL,47.1),('45.156.571','Ecoview +3000 Mid Bronze [IND]','DELETED',NULL,47.1),('45.156.573','Ecoview +3000 Midnight [IND]','SS-FAB',NULL,47.1),('45.156.576','Ecoview +3000 Mid Storm [IND]','SS-FAB',NULL,47.1),('45.156.598','Ecoview +3000 Nat White [IND]','SS-FAB',NULL,47.1),('45.156.980','Ecoview +3000 White [IND]','SS-FAB',NULL,47.1),('45.156.989','Ecoview +3000 Pl White [IND]','SS-FAB',NULL,47.1),('45.170.013','Elegance Almond','ROL-FAB',NULL,20),('45.170.038','Elegance Antique White','ROL-FAB',NULL,20),('45.170.075','Elegance Beige','ROL-FAB',NULL,20),('45.170.088','Elegance Biscuit','ROL-FAB',NULL,20),('45.170.089','Elegance Bisque','ROL-FAB',NULL,20),('45.170.137','Elegance Bone','ROL-FAB',NULL,20),('45.170.217','Elegance Charcoal','ROL-FAB',NULL,20),('45.170.241','Elegance Cinnamo','ROL-FAB',NULL,20),('45.170.254','Elegance Coffee','ROL-FAB',NULL,20),('45.170.281','Elegance Cream','ROL-FAB',NULL,20),('45.170.330','Elegance Driftwood','ROL-FAB',NULL,20),('45.170.349','Elegance Expresso','ROL-FAB',NULL,20),('45.170.365','Elegance Flannel','ROL-FAB',NULL,0),('45.170.408','Elegance Mid Grey','ROL-FAB',NULL,20),('45.170.417','Elegance Gunmetal*','ROL-FAB',NULL,20),('45.170.464','Elegance Ivory','ROL-FAB',NULL,20),('45.170.489','Elegance Latte','ROL-FAB',NULL,20),('45.170.506','Elegance Lt Grey','ROL-FAB',NULL,20),('45.170.574','Elegance Mint','ROL-FAB',NULL,20),('45.170.587','Elegance Mocha','ROL-FAB',NULL,20),('45.170.597','#Elegance Natural','DELETED',NULL,20),('45.170.610','#Elegance Nubuck','DELETED',NULL,20),('45.170.614','Elegance Nutmeg','ROL-FAB',NULL,20),('45.170.619','Elegance Oatmeal','ROL-FAB',NULL,20),('45.170.646','Elegance Parchment','ROL-FAB',NULL,20),('45.170.674','Elegance Pebble','ROL-FAB',NULL,20),('45.170.675','Elegance Pepper','ROL-FAB',NULL,20),('45.170.680','Elegance Pewter','ROL-FAB',NULL,0),('45.170.715','Elegance Putty','ROL-FAB',NULL,20),('45.170.740','Elegance Rose','ROL-FAB',NULL,20),('45.170.758','Elegance Sand*','ROL-FAB',NULL,20),('45.170.818','Elegance Slate','ROL-FAB',NULL,20),('45.170.861','Elegance Spearmint*','ROL-FAB',NULL,20),('45.170.868','Elegance Stone','ROL-FAB',NULL,20),('45.170.869','Elegance Steele','ROL-FAB',NULL,0),('45.170.907','Elegance Taupe','ROL-FAB',NULL,20),('45.170.972','Elegance Wedgewood','ROL-FAB',NULL,20),('45.170.980','Elegance White','ROL-FAB',NULL,20),('45.170.994','Elegance Winter White','ROL-FAB',NULL,20),('45.171.038','Elegance Antique White 2.75m','ROL-FAB',NULL,24),('45.171.075','Elegance Beige 2.75m','ROL-FAB',NULL,24),('45.171.241','Elegance Cinnamon 2.75m','ROL-FAB',NULL,24),('45.171.281','Elegance Cream 2.75m','ROL-FAB',NULL,24),('45.171.330','Elegance Driftwood 2.75m','ROL-FAB',NULL,24),('45.171.614','Elegance Nutmeg 2.75m','ROL-FAB',NULL,24),('45.171.646','Elegance Parchment 2.75m','ROL-FAB',NULL,24),('45.171.674','Elegance Pebble 2.75m','ROL-FAB',NULL,24),('45.171.868','Elegance Stone 2.75m','ROL-FAB',NULL,24),('45.171.980','Elegance White 2.75m','ROL-FAB',NULL,24),('45.171.994','Elegance Winter White 2.75m','ROL-FAB',NULL,24),('45.172.038','Elegance Dulux Ant White','ROL-FAB',NULL,19.06),('45.172.077','#Elegance Dulux Beige Royal','ROL-FAB',NULL,19.06),('45.172.443','#Elegance Dulux Hog Bristle','ROL-FAB',NULL,19.06),('45.172.444','Elegance Dulux Half Hog Brstle','ROL-FAB',NULL,19.06),('45.172.445','Elegance Dulux Qtr Hog Brstle','ROL-FAB',NULL,19.06),('45.172.598','#Elegance Dulux Natural White','ROL-FAB',NULL,19.06),('45.172.958','#Elegance Dulux Vivid White','ROL-FAB',NULL,19.06),('45.172.978','#Elegance Dulux Whisper White','ROL-FAB',NULL,19.06),('45.175.217','#EvershadePearlessenceCharcoal','DELETED',NULL,0),('45.200.017','#Evolve Alpaca','DELETED',NULL,30.06),('45.200.151','#Evolve Brillant','DELETED',NULL,30.06),('45.200.560','#Evolve Marble','DELETED',NULL,30.06),('45.200.694','#Evolve Platinum','DELETED',NULL,30.06),('45.200.788','#Evolve Seductio','DELETED',NULL,30.06),('45.200.826','#Evolve Snow','DELETED',NULL,30.06),('45.200.931','#Evolve Tusca','DELETED',NULL,30.06),('45.200.964','#Evolve Wasabi','DELETED',NULL,30.06),('45.210.597','#Extraflocke Natural','DELETED',NULL,49),('45.210.674','#Extraflocke Pebble','DELETED',NULL,49),('45.210.980','#Extraflocke White','DELETED',NULL,49),('45.220.069','#Extraview Beach White','DELETED',NULL,58.07),('45.220.220','#Extraview Charcoal Bronze','DELETED',NULL,58.07),('45.220.411','#Extraview Grey Blue','DELETED',NULL,58.07),('45.220.538','#Extraview Linen Sable','DELETED',NULL,58.07),('45.225.025','#Extraview Plus Amber','DELETED',NULL,39.3),('45.225.026','#Extraview Plus Amber White','SS-FAB',NULL,39.3),('45.225.075','#Extraview Plus Beige','DELETED',NULL,39.3),('45.225.076','#Extraview Plus Beige White','DELETED',NULL,39.3),('45.225.152','#Extraview Plus Bronze','DELETED',NULL,39.3),('45.225.535','#Extraview+ Line','DELETED',NULL,39.3),('45.225.536','#Extraview+ Linen Beige','DELETED',NULL,39.3),('45.225.540','Extraview+ Lin W Smdg 2.5m[IND','SS-FAB',NULL,39.3),('45.225.541','#Extraview+ Linen White','SS-FAB',NULL,39.3),('45.225.559','#Extraview+ Midnight Amber Wh','SS-FAB',NULL,39.3),('45.225.561','Extraview+ Midnight Wheat [IND','SS-FAB',NULL,39.3),('45.225.568','Extraview+ Mid B Varnish [IND]','SS-FAB',NULL,39.3),('45.225.569','#Extraview+ Midnight Aloe','DELETED',NULL,39.3),('45.225.571','#Extraview+ Midnight Bronze','DELETED',NULL,39.3),('45.225.572','#Extraview+ Midnight Blue','DELETED',NULL,39.3),('45.225.573','#Extraview+ Midnight','DELETED',NULL,39.3),('45.225.576','#Extraview+ Midnight Storm','SS-FAB',NULL,39.3),('45.225.581','#Extraview+ Mid Storm Beige','SS-FAB',NULL,39.3),('45.225.584','#Extraview+ Midnight Smudge','SS-FAB',NULL,39.3),('45.225.585','#Extraview+ Mnight Blue BV','SS-FAB',NULL,39.3),('45.225.597','#Extraview Plus Natural','DELETED',NULL,39.3),('45.225.598','#Extraview+ Natural White','SS-FAB',NULL,39.3),('45.225.651','#Extraview+ Pearl','SS-FAB',NULL,39.3),('45.225.664','#Extraview+ Pearl Line','DELETED',NULL,39.3),('45.225.875','#Extraview Plus Storm','DELETED',NULL,39.3),('45.225.877','#Extraview Plus Storm Blue','DELETED',NULL,39.3),('45.225.884','#Extraview+ Wheat B Varnish','SS-FAB',NULL,39.3),('45.225.980','#Extraview+ White','SS-FAB',NULL,39.3),('45.225.981','#Extraview+ White Amber','SS-FAB',NULL,39.3),('45.225.989','#Extraview+ White Pearl','DELETED',NULL,39.3),('45.226.540','#Extraview+ Linen W Smudge 3m','SS-FAB',NULL,47.1),('45.226.576','#Extraview+ Midnight Storm','SS-FAB',NULL,47.1),('45.226.581','#Extraview+ Mid Storm Beige','SS-FAB',NULL,47.1),('45.226.584','#Extraview+ Midnight Smudge','SS-FAB',NULL,47.1),('45.226.980','#Extraview+ White','DELETED',NULL,47.1),('45.226.989','#Extraview+ White Pearl','DELETED',NULL,47.1),('45.228.051','Florida Ash [IND]','ROL-FAB',NULL,45),('45.228.058','Florida Bark [IND]','ROL-FAB',NULL,45),('45.228.083','Florida Birch [IND]','ROL-FAB',NULL,45),('45.228.325','Florida Donkey [IND]','ROL-FAB',NULL,45),('45.228.340','Florida Ebony [IND]','ROL-FAB',NULL,45),('45.228.347','Florida Eggshell [IND]','ROL-FAB',NULL,45),('45.228.388','Florida Granite [IND]','ROL-FAB',NULL,45),('45.228.631','Florida Oyster [IND]','ROL-FAB',NULL,45),('45.228.826','Florida Snow [IND]','ROL-FAB',NULL,45),('45.228.868','Florida Stone [IND]','ROL-FAB',NULL,45),('45.229.345','Fontana Egret Blockout [IND]','ROL-FAB',NULL,66.1),('45.229.347','Fontana Eggshell Blockout [IND','ROL-FAB',NULL,66.1),('45.229.417','Fontana Gunmetal Blockout [IND','ROL-FAB',NULL,66.1),('45.229.715','Fontana Putty Blockout [IND]','ROL-FAB',NULL,66.1),('45.229.756','Fontana Safari Blockout [IND]','ROL-FAB',NULL,66.1),('45.230.345','Fontana Egret LF [IND]','ROL-FAB',NULL,46.5500004),('45.230.347','Fontanta Eggshell LF [IND]','ROL-FAB',NULL,46.5500004),('45.230.417','Fontana Gunmetal LF [IND]','ROL-FAB',NULL,46.5500004),('45.230.715','Fontana Putty LF [IND]','ROL-FAB',NULL,46.5500004),('45.230.756','Fontana Safari LF [IND]','ROL-FAB',NULL,46.5500004),('45.231.036','Flinders Antique Blockout [IND','ROL-FAB',NULL,69.25),('45.231.159','Flinders Buffalo Blockout [IND','ROL-FAB',NULL,69.25),('45.231.244','Flinders Cinder Blockout [IND]','ROL-FAB',NULL,69.25),('45.231.268','Flinders Copper Blockout [IND]','ROL-FAB',NULL,69.25),('45.231.340','Flinders Ebony Blockout [IND]','ROL-FAB',NULL,69.25),('45.231.392','Flinders Fungi Blockout [IND]','ROL-FAB',NULL,69.25),('45.231.464','Flinders Ivory Blockout [IND]','ROL-FAB',NULL,69.25),('45.231.651','Flinders Pearl Blockout [IND]','ROL-FAB',NULL,69.25),('45.231.807','Flinders Silver Blockout [IND]','ROL-FAB',NULL,69.25),('45.231.818','Flinders Slate Blockout [IND]','ROL-FAB',NULL,69.25),('45.231.826','Flinders Snow Blockout [IND]','ROL-FAB',NULL,69.25),('45.231.907','Flinders Taupe Blockout [IND]','ROL-FAB',NULL,69.25),('45.340.118','#Gala Blue','DELETED',NULL,32.1),('45.340.164','#Gala Buttermilk','DELETED',NULL,32.1),('45.340.384','#Gala Gold','DELETED',NULL,32.1),('45.340.574','#Gala Mint','DELETED',NULL,32.1),('45.340.746','#Gala Rouge','DELETED',NULL,32.1),('45.340.807','#Gala Silver','DELETED',NULL,32.1),('45.350.573','#GreenScreen Midnight','DELETED',NULL,71.67),('45.370.807','#Ikon Silver','DELETED',NULL,52.11),('45.371.041','Signum Metalic Anthracite [IND','ROL-FAB',NULL,0),('45.371.393','Signum Metalic Graphite [IND]','ROL-FAB',NULL,0),('45.372.980','Signum Non Metalic White [IND]','ROL-FAB',NULL,0),('45.373.980','Signum Non Metalic White [IND]','ROL-FAB',NULL,0),('45.374.980','Signum White Blockout [IND]','ROL-FAB',NULL,0),('45.376.215','Harlow Chaos Blockout','ROL-FAB',NULL,92.4),('45.376.296','Harlow Evoke Blockout','ROL-FAB',NULL,92.4),('45.376.382','Harlow Glacier Blockout','ROL-FAB',NULL,92.4),('45.376.642','Harlow Papaya Blockout','ROL-FAB',NULL,92.4),('45.376.699','Harlow Polish Blockout','ROL-FAB',NULL,92.4),('45.376.713','Harlow Praline Blockout','ROL-FAB',NULL,92.4),('45.377.215','Harlow Chaos Translucent','ROL-FAB',NULL,68.25),('45.377.296','Harlow Evoke Translucent','ROL-FAB',NULL,68.25),('45.377.382','Harlow Glacier Translucent','ROL-FAB',NULL,68.25),('45.377.642','Harlow Papaya Translucent','ROL-FAB',NULL,68.25),('45.377.699','Harlow Polish Translucent','ROL-FAB',NULL,68.25),('45.377.713','Harlow Praline Translucent','ROL-FAB',NULL,68.25),('45.380.464','#Hawaii Ivory Blockout','DELETED',NULL,36.75),('45.380.980','#Hawaii White Blockout [IND]','DELETED',NULL,36.75),('45.381.464','#Hawaii Ivory Translucent','DELETED',NULL,21.8),('45.381.980','#Hawaii White Translucent','DELETED',NULL,21.8),('45.382.159','Hudson Buffalo Blockout','ROL-FAB',NULL,56.35),('45.382.217','Hudson Charcoal Blockout','ROL-FAB',NULL,56.35),('45.382.233','Hudson Chinchilla Blockout','ROL-FAB',NULL,56.35),('45.382.340','Hudson Ebony Blockout [IND]','ROL-FAB',NULL,56.35),('45.382.563','Hudson Marshmellow Blockout','ROL-FAB',NULL,56.35),('45.382.720','Hudson Quartz Blockout [IND]','ROL-FAB',NULL,56.35),('45.382.793','Hudson Shark Blockout [IND]','ROL-FAB',NULL,56.35),('45.382.807','Hudson Silver Blockout [IND]','ROL-FAB',NULL,56.35),('45.382.868','Hudson Stone Blockout','ROL-FAB',NULL,56.35),('45.383.159','Hudson Buffalo Translucent','ROL-FAB',NULL,38.2),('45.383.217','Hudson Charcoal Translucent','ROL-FAB',NULL,38.2),('45.383.233','Hudson Chinchilla Translucent','ROL-FAB',NULL,38.2),('45.383.340','Hudson Ebony Translucent [IND]','ROL-FAB',NULL,38.2),('45.383.563','Hudson Marshmellow Translucent','ROL-FAB',NULL,38.2),('45.383.720','Hudson Quartz Translucent [IND','ROL-FAB',NULL,38.2),('45.383.793','Hudson Shark Translucent [IND]','ROL-FAB',NULL,38.2),('45.383.807','Hudson Silver Translucent [IND','ROL-FAB',NULL,38.2),('45.383.868','Hudson Stone Translucent','ROL-FAB',NULL,38.2),('45.384.217','Husk Charcoal Sheer [IND]','ROL-FAB',NULL,0),('45.384.499','Husk Licorice Sheer [IND]','ROL-FAB',NULL,0),('45.384.597','Husk Natural Sheer [IND]','ROL-FAB',NULL,0),('45.384.674','Husk Pebble Sheer [IND]','ROL-FAB',NULL,0),('45.384.715','Husk Putty Sheer [IND]','ROL-FAB',NULL,0),('45.384.868','Husk Stone Sheer [IND]','ROL-FAB',NULL,0),('45.384.963','Husk Warm Grey Sheer [IND]','ROL-FAB',NULL,0),('45.384.980','Husk White Sheer [IND]','ROL-FAB',NULL,0),('45.385.089','Hutton Bisque BO [IND]','ROL-FAB',NULL,47.95),('45.385.184','#Hutton Caramel BO [IND]','ROL-FAB',NULL,45.65),('45.385.347','Hutton Eggshell BO [IND]','ROL-FAB',NULL,53.65),('45.385.357','Hutton Fern BO [IND]','ROL-FAB',NULL,47.95),('45.385.368','Hutton Flesh BO [IND]','ROL-FAB',NULL,47.95),('45.385.739','Hutton Rock BO [IND]','ROL-FAB',NULL,47.95),('45.385.826','Hutton Snow BO [IND]','ROL-FAB',NULL,53.65),('45.385.920','Hutton Thistle BO [IND]','ROL-FAB',NULL,47.95),('45.385.929','Hutton Truffle BO [IND]','ROL-FAB',NULL,47.95),('45.385.980','Hutton White BO [IND]','ROL-FAB',NULL,53.65),('45.386.089','Hutton Bisque TL [IND]','ROL-FAB',NULL,32.2),('45.386.184','#Hutton Caramel TL','ROL-FAB',NULL,30.65),('45.386.347','Hutton Eggshell TL [IND]','ROL-FAB',NULL,32.2),('45.386.357','Hutton Fern TL* [IND]','ROL-FAB',NULL,32.2),('45.386.368','Hutton Flesh TL [IND]','ROL-FAB',NULL,32.2),('45.386.739','Hutton Rock TL* [IND]','ROL-FAB',NULL,32.2),('45.386.826','Hutton Snow TL [IND]','ROL-FAB',NULL,32.2),('45.386.920','Hutton Thistle TL [IND]','ROL-FAB',NULL,32.2),('45.386.929','Hutton Truffle TL [IND]','ROL-FAB',NULL,32.2),('45.386.980','Hutton White TL [IND]','ROL-FAB',NULL,32.2),('45.387.171','#Huxley Calico BO','ROL-FAB',NULL,11),('45.387.192','#Huxley Casuarina BO','ROL-FAB',NULL,11),('45.387.715','#Huxley Putty BO','ROL-FAB',NULL,11),('45.387.980','#Huxley White BO','ROL-FAB',NULL,11),('45.388.171','#Huxley Calico LF','ROL-FAB',NULL,7),('45.388.192','#Huxley Casuarina LF','ROL-FAB',NULL,7),('45.388.715','#Huxley Putty LF','ROL-FAB',NULL,7),('45.388.980','#Huxley White LF','ROL-FAB',NULL,7),('45.390.597','#Jamaica Natural Blockout','DELETED',NULL,31.2),('45.395.051','Jasper Ash Blockout','ROL-FAB',NULL,56.35),('45.395.086','Jasper Biscotti Blockout [IND]','ROL-FAB',NULL,56.35),('45.395.089','Jasper Bisque Blockout [IND]','ROL-FAB',NULL,56.35),('45.395.217','Jasper Charcoal Blockout [IND]','ROL-FAB',NULL,56.35),('45.395.339','Jasper Earth Blockout [IND]','ROL-FAB',NULL,56.35),('45.395.347','Jasper Eggshell Blockout [IND]','ROL-FAB',NULL,56.35),('45.395.619','Jasper Oatmeal Blockout [IND]','ROL-FAB',NULL,56.35),('45.395.646','Jasper Parchment Blockout','ROL-FAB',NULL,56.35),('45.395.821','Jasper Smoke Blockout','ROL-FAB',NULL,56.35),('45.395.868','Jasper Stone Blockout [IND]','ROL-FAB',NULL,56.35),('45.396.051','Jasper Ash Translucent','ROL-FAB',NULL,38.2),('45.396.086','Jasper Biscotti TL [IND]','ROL-FAB',NULL,38.2),('45.396.089','Jasper Bisque TL [IND]','ROL-FAB',NULL,38.2),('45.396.217','Jasper Charcoal TL [IND]','ROL-FAB',NULL,38.2),('45.396.339','Jasper Earth TL [IND]','ROL-FAB',NULL,38.2),('45.396.347','Jasper Eggshell TL [IND]','ROL-FAB',NULL,38.2),('45.396.619','Jasper Oatmeal TL [IND]','ROL-FAB',NULL,38.2),('45.396.646','Jasper Parchment TL','ROL-FAB',NULL,38.2),('45.396.821','Jasper Smoke TL','ROL-FAB',NULL,38.2),('45.396.868','Jasper Stone TL [IND]','ROL-FAB',NULL,38.2),('45.400.009','Kakadu Alabaster BO [IND]','ROL-FAB',NULL,47.95),('45.400.083','#Kakadu Birch Blockout [IND]','ROL-FAB',NULL,47.95),('45.400.093','Kakadu Jet Black BO [IND]','ROL-FAB',NULL,47.95),('45.400.217','#Kakadu Charcoal Blockout [IND','ROL-FAB',NULL,47.95),('45.400.355','#Kakadu Fawn Blockout [IND]','DELETED',NULL,47.95),('45.400.674','#Kakadu Pebble Blockout [IND]','ROL-FAB',NULL,47.95),('45.400.754','Kakadu Sable BO IND]','ROL-FAB',NULL,47.95),('45.400.764','#Kakadu Sandstone BO [IND]','ROL-FAB',NULL,47.95),('45.400.980','#Kakadu White Blockout','ROL-FAB',NULL,47.95),('45.401.009','Kakadu Alabaster L/F [IND]','ROL-FAB',NULL,32.2),('45.401.083','#Kakadu Birch Translucent','ROL-FAB',NULL,32.2),('45.401.093','Kakadu Jet Black Translucent','ROL-FAB',NULL,32.2),('45.401.217','Kakadu Charcoal Translucent','ROL-FAB',NULL,32.2),('45.401.355','#Kakadu Fawn Translucent','DELETED',NULL,32.2),('45.401.674','#Kakadu Pebble Translucent','ROL-FAB',NULL,32.2),('45.401.754','Kakadu Sable TL [IND]','ROL-FAB',NULL,32.2),('45.401.764','Kakadu Sandstone TL [IND]','ROL-FAB',NULL,32.2),('45.401.980','Kakadu White Translucent','ROL-FAB',NULL,32.2),('45.414.021','Lava Aluminium BO [IND]','ROL-FAB',NULL,66.1),('45.414.093','Lava Black BO [IND]','ROL-FAB',NULL,66.1),('45.414.207','Lava Cement Blockout','ROL-FAB',NULL,66.1),('45.414.230','Lava Cherry BO [IND]','ROL-FAB',NULL,66.1),('45.414.344','Lava Eggplant BO [IND]','ROL-FAB',NULL,66.1),('45.414.595','Lava Moss BO [IND]','ROL-FAB',NULL,66.1),('45.414.826','Lava Snow BO [IND]','ROL-FAB',NULL,66.1),('45.415.021','Lava Aluminium TL [IND]','ROL-FAB',NULL,46.5500004),('45.415.093','Lava Black TL [IND]','ROL-FAB',NULL,46.5500004),('45.415.207','Lava Cement TL [IND]','ROL-FAB',NULL,46.5500004),('45.415.230','Lava Cherry TL [IND]','ROL-FAB',NULL,46.5500004),('45.415.344','Lava Eggplant TL [IND]','ROL-FAB',NULL,46.5500004),('45.415.595','Lava Moss TL [IND]','ROL-FAB',NULL,46.5500004),('45.415.826','Lava Snow TL [IND]','ROL-FAB',NULL,46.5500004),('45.420.537','#Lincscreen 6% Linen Pearl','SS-FAB',NULL,76.92999999999999),('45.420.541','#Lincscreen 6% Linen White','SS-FAB',NULL,76.92999999999999),('45.420.571','#Lincscreen 6% Midnight Bronze','SS-FAB',NULL,76.92999999999999),('45.420.572','#Lincscreen 6% Midnight Blue','SS-FAB',NULL,76.92999999999999),('45.420.573','#Lincscreen 6% Midnight','SS-FAB',NULL,76.92999999999999),('45.420.576','#Lincscreen 6% Midnight Storm','DELETED',NULL,76.92999999999999),('45.420.878','#Lincscreen 6% Storm White','SS-FAB',NULL,76.92999999999999),('45.420.980','#Lincscreen 6% White','SS-FAB',NULL,76.92999999999999),('45.421.537','#Lincscreen 3% Linen Pearl','SS-FAB',NULL,84.55),('45.421.541','#Lincscreen 3% Linen White','SS-FAB',NULL,84.55),('45.421.571','#Lincscreen 3% Midnight Bronze','SS-FAB',NULL,84.55),('45.421.572','#Lincscreen 3% Midnight Blue','SS-FAB',NULL,84.55),('45.421.573','#Lincscreen 3% Midnight','SS-FAB',NULL,84.55),('45.421.576','#Lincscreen 3% Midnight Storm','SS-FAB',NULL,84.55),('45.421.878','#Lincscreen 3% Storm White','SS-FAB',NULL,84.55),('45.421.980','#Lincscreen 3% White','SS-FAB',NULL,84.55),('45.430.075','#Liberty Beige','DELETED',NULL,29.9),('45.430.118','#Liberty Blue','DELETED',NULL,29.9),('45.430.137','#Liberty Bone','DELETED',NULL,29.9),('45.430.496','#Liberty Lemo','DELETED',NULL,29.9),('45.430.651','#Liberty Pearl','DELETED',NULL,29.9),('45.430.868','#Liberty Stone','DELETED',NULL,29.9),('45.430.980','#Liberty White','DELETED',NULL,29.9),('45.440.091','Linear Black [IND]','ROL-FAB',NULL,40.449999999999996),('45.440.535','Linear Linen [IND]','ROL-FAB',NULL,34),('45.440.980','Linear White [IND]','ROL-FAB',NULL,34),('45.441.091','# Lintex Black B/O [IND]','ROL-FAB',NULL,0),('45.441.153','# Lintex Brown Blockout','ROL-FAB',NULL,78.5),('45.441.277','#Lintex Cotton Blockout','ROL-FAB',NULL,78.5),('45.441.281','#Lintex Cream Blockout','ROL-FAB',NULL,78.5),('45.441.307','#Lintex Dark Beige Blockout','ROL-FAB',NULL,78.5),('45.441.509','#Lintex Light Beige Blockout','ROL-FAB',NULL,78.5),('45.441.583','#Lintex Mink Blockout','ROL-FAB',NULL,78.5),('45.441.821','#Lintex Smoke Blockout','ROL-FAB',NULL,0),('45.441.868','#Lintex Stone Blockout','ROL-FAB',NULL,78.5),('45.441.980','#Lintex White Blockout','ROL-FAB',NULL,78.5),('45.442.091','#Lintex Black Translucent','ROL-FAB',NULL,57.699999999999996),('45.442.153','#Lintex Brown Translucent','ROL-FAB',NULL,57.699999999999996),('45.442.277','#Lintex Cotton Translucent','ROL-FAB',NULL,57.699999999999996),('45.442.281','#Lintex Cream Translucent','ROL-FAB',NULL,78.5),('45.442.307','#Lintex Dark Beige Translucent','ROL-FAB',NULL,57.699999999999996),('45.442.509','#Lintex Light Beige Transluce','ROL-FAB',NULL,57.699999999999996),('45.442.583','#Lintex Mink Translucent','ROL-FAB',NULL,57.699999999999996),('45.442.617','#Lintex Orange Translucent','ROL-FAB',NULL,57.699999999999996),('45.442.649','#Lintex Peanut Translucent','ROL-FAB',NULL,57.699999999999996),('45.442.821','#Lintex Smoke Translucent','ROL-FAB',NULL,57.699999999999996),('45.442.868','#Lintex Stone Translucent','ROL-FAB',NULL,57.699999999999996),('45.442.928','#Lintex Tobacco Translucent','ROL-FAB',NULL,57.699999999999996),('45.442.980','#Lintex White Translucent','ROL-FAB',NULL,78.5),('45.445.281','#Matrix Cream','ROL-FAB',NULL,23.15),('45.445.980','#Matrix Ice','ROL-FAB',NULL,23.15),('45.446.254','Matrix Coffee TL [IND]','ROL-FAB',NULL,0),('45.446.340','Matrix Ebony TL [IND]','ROL-FAB',NULL,0),('45.446.464','Matrix Ivory TL [IND]','ROL-FAB',NULL,0),('45.446.583','Matrix Mink TL [IND]','ROL-FAB',NULL,0),('45.446.651','Matrix Pearl TL [IND]','ROL-FAB',NULL,0),('45.446.680','Matrix Pewter TL [IND]','ROL-FAB',NULL,0),('45.446.712','Matrix Pristine TL [IND]','ROL-FAB',NULL,0),('45.446.868','Matrix Stone TL [IND]','ROL-FAB',NULL,0),('45.446.980','Matrix White TL [IND]','ROL-FAB',NULL,0),('45.447.254','Matrix Coffee BO [IND]','ROL-FAB',NULL,0),('45.447.340','Matrix Ebony BO [IND]','ROL-FAB',NULL,0),('45.447.408','Matrix Grey BO [IND]','ROL-FAB',NULL,0),('45.447.464','Matrix Ivory BO [IND]','ROL-FAB',NULL,0),('45.447.583','Matrix Mink BO [IND]','ROL-FAB',NULL,0),('45.447.651','Matrix Pearl BO [IND]','ROL-FAB',NULL,0),('45.447.680','Matrix Pewter BO [IND]','ROL-FAB',NULL,0),('45.447.712','Matrix Pristine BO [IND]','ROL-FAB',NULL,0),('45.447.868','Matrix Stone BO [IND]','ROL-FAB',NULL,0),('45.447.980','Matrix White BO [IND]','ROL-FAB',NULL,0),('45.448.464','#Mentone Ivory Blockout','DELETED',NULL,28.1),('45.450.051','Mercury Ash Blockout','ROL-FAB',NULL,56.35),('45.450.091','Mercury Black Blockout','ROL-FAB',NULL,56.35),('45.450.233','Mercury Chinchilla BO [IND]','ROL-FAB',NULL,56.35),('45.450.238','#Mercury Chocolate BO','ROL-FAB',NULL,56.35),('45.450.244','Mercury Cinder Blockout [IND]','ROL-FAB',NULL,56.35),('45.450.281','Mercury Cream Blockout [IND]','ROL-FAB',NULL,56.35),('45.450.463','Mercury Ironbark Blockout','ROL-FAB',NULL,56.35),('45.450.595','#Mercuy Moss Blockout','ROL-FAB',NULL,45.65),('45.450.678','#Mercury Petrol Blockout','ROL-FAB',NULL,45.65),('45.450.715','#Mercury Putty Blockout','ROL-FAB',NULL,45.65),('45.450.807','Mercury Silver Blockout','ROL-FAB',NULL,56.35),('45.450.826','Mercury Snow Blockout','ROL-FAB',NULL,56.35),('45.450.834','Mercury Snowgum Blockout [IND]','ROL-FAB',NULL,56.35),('45.450.868','Mercury Stone Blockout','ROL-FAB',NULL,56.35),('45.450.869','Mercury Steel Blockout','ROL-FAB',NULL,56.35),('45.450.980','Mercury White Blockout','ROL-FAB',NULL,56.35),('45.451.051','Mercury Ash Translucent','ROL-FAB',NULL,38.2),('45.451.091','Mercury Black Translucent','ROL-FAB',NULL,38.2),('45.451.233','Mercury Chinchilla TL [IND]','ROL-FAB',NULL,38.2),('45.451.238','#Mercury Chocolate Translucent','ROL-FAB',NULL,30.65),('45.451.244','Mercury Cinder TL [IND]','ROL-FAB',NULL,38.2),('45.451.281','Mercury Cream TL [IND]','ROL-FAB',NULL,38.2),('45.451.463','Mercury Ironbark Translucent','ROL-FAB',NULL,38.2),('45.451.595','#Mercury Moss Translucent','ROL-FAB',NULL,30.65),('45.451.678','#Mercury Petrol Translucent','ROL-FAB',NULL,30.65),('45.451.715','#Mercury Putty Translucent','ROL-FAB',NULL,30.65),('45.451.807','Mercury Silver Translucent','ROL-FAB',NULL,38.2),('45.451.826','Mercury Snow Translucent','ROL-FAB',NULL,38.2),('45.451.834','Mercury Snowgum TL [IND]','ROL-FAB',NULL,38.2),('45.451.868','Mercury Stone Translucent','ROL-FAB',NULL,38.2),('45.451.869','Mercury Steel Translucent','ROL-FAB',NULL,38.2),('45.451.980','Mercury White Translucent','ROL-FAB',NULL,38.2),('45.452.118','#Mia Blue','DELETED',NULL,63.5500004),('45.452.281','#Mia Cream','DELETED',NULL,63.5500004),('45.452.363','#Mia Flint','DELETED',NULL,63.5500004),('45.452.868','#Mia Stone','DELETED',NULL,63.5500004),('45.452.940','#Mia Vanilla','DELETED',NULL,63.5500004),('45.452.980','#Mia White','DELETED',NULL,63.5500004),('45.455.023','#Meridien Alpine Haze','DELETED',NULL,23.15),('45.455.066','#Meridien Beach Sand','DELETED',NULL,23.15),('45.455.166','#Meridien Butterscotch','DELETED',NULL,23.15),('45.455.184','#Meridien Caramel','DELETED',NULL,23.15),('45.455.193','#Meridien Cashew','DELETED',NULL,23.15),('45.455.195','#Meridien Cargo','DELETED',NULL,23.15),('45.455.246','#Meridien Citrus Cream','DELETED',NULL,23.15),('45.455.253','#Meridien Cockatoo','DELETED',NULL,23.15),('45.455.342','#Meridien Ebony','DELETED',NULL,23.15),('45.455.349','#Meridien Espresso','DELETED',NULL,23.15),('45.455.417','#Meridien Gunmetal','DELETED',NULL,23.15),('45.455.479','#Meridien Jewel','DELETED',NULL,23.15),('45.455.544','#Meridien Malt','DELETED',NULL,23.15),('45.455.574','#Meridien Mint','DELETED',NULL,23.15),('45.455.580','#Meridien Mistletoe','DELETED',NULL,23.15),('45.455.597','#Meridien Natural','DELETED',NULL,23.15),('45.455.623','#Meridien Orchid','DELETED',NULL,23.15),('45.455.640','#Meridien Paperbark','DELETED',NULL,23.15),('45.455.680','#Meridien Pewter','DELETED',NULL,23.15),('45.455.717','#Meridien Pumice','DELETED',NULL,23.15),('45.455.758','#Meridien Sand','DELETED',NULL,23.15),('45.455.940','#Meridien Vanilla','DELETED',NULL,23.15),('45.455.980','#Meridien White','DELETED',NULL,23.15),('45.456.011','#Midnight Alaska','DELETED',NULL,17),('45.456.013','#Midnight Almond','DELETED',NULL,17),('45.456.038','#Midnight Antique White','DELETED',NULL,17),('45.456.088','#Midnight Biscuit','DELETED',NULL,17),('45.456.241','#Midnight Cinnamo','DELETED',NULL,17),('45.456.248','#Midnight Clay','DELETED',NULL,17),('45.456.277','#Midnight Cotto','DELETED',NULL,17),('45.456.281','#Midnight Classic Cream','DELETED',NULL,17),('45.456.326','#Midnight Dove Grey','DELETED',NULL,17),('45.456.332','#Midnight Dune','DELETED',NULL,17),('45.456.347','#Midnight Egg Shell','DELETED',NULL,17),('45.456.414','#Midnight Grey Shee','DELETED',NULL,17),('45.456.535','#Midnight Line','DELETED',NULL,17),('45.456.614','#Midnight Nutmeg','DELETED',NULL,17),('45.456.646','#Midnight Parchment','DELETED',NULL,17),('45.456.725','#Midnight Raw Silk','DELETED',NULL,17),('45.456.784','#Midnight Sea Shell','DELETED',NULL,17),('45.456.990','#Midnight Wicker','DELETED',NULL,17),('45.458.222','#M Screen Charcoal/Sable [IND]','SS-FAB',NULL,0),('45.458.223','#M Screen Charcoal/Linen [IND]','ROL-FAB',NULL,0),('45.458.224','#M Screen Charcoal/Grey [IND]','SS-FAB',NULL,38.5),('45.458.225','#M Screen Charcoal Lotus [IND]','SS-FAB',NULL,0),('45.458.226','#M Screen Ch Pearl Grey [IND]','SS-FAB',NULL,0),('45.458.257','#M Screen Cocoa [IND]','ROL-FAB',NULL,0),('45.458.532','#M Screen Linen Sbl Coco [IND]','ROL-FAB',NULL,0),('45.458.534','#M Screen Linen Stone [IND]','SS-FAB',NULL,38.5),('45.458.535','#M Screen Linen [IND]','ROL-FAB',NULL,0),('45.458.651','#M Screen Prl Sbl Cocoa [IND]','SS-FAB',NULL,0),('45.458.755','#M Screen Sbl Coco Haze [IND]','ROL-FAB',NULL,45),('45.458.975','#M Screen White Lotus*','SS-FAB',NULL,0),('45.458.980','#M Screen White [IND]','SS-FAB',NULL,0),('45.458.982','#M Screen White Line','SS-FAB',NULL,38.5),('45.458.991','#M Screen White Stone','SS-FAB',NULL,38.5),('45.459.217','M Screen Charcoal','SS-FAB',NULL,52.49999999999999),('45.459.221','M Screen Charcoal Cocoa','SS-FAB',NULL,52.49999999999999),('45.459.222','M Screen Charcoal Sable','SS-FAB',NULL,52.49999999999999),('45.459.224','M Screen Charcoal Grey','SS-FAB',NULL,52.49999999999999),('45.459.226','M Screen Ch Pearl Grey [IND]','ROL-FAB',NULL,52.49999999999999),('45.459.651','M Screen Pearl Sable [IND]','SS-FAB',NULL,52.49999999999999),('45.459.652','M Screen Pearl Charcoal [IND]','SS-FAB',NULL,0),('45.459.653','M Screen Prl Sbl Cocoa [IND]','SS-FAB',NULL,0),('45.459.664','M Screen Pearl Line','SS-FAB',NULL,52.49999999999999),('45.459.755','M Screen Sable Coco Haze [IND]','SS-FAB',NULL,52.49999999999999),('45.459.975','M Screen White Lotus','SS-FAB',NULL,0),('45.459.980','M Screen White','SS-FAB',NULL,52.49999999999999),('45.459.982','M Screen White Line','SS-FAB',NULL,52.49999999999999),('45.459.989','M Screen White Pearl','ROL-FAB',NULL,52.49999999999999),('45.459.991','M Screen White Stone','SS-FAB',NULL,52.49999999999999),('45.460.009','#Moire Alabaster','DELETED',NULL,16.33),('45.460.091','#Moire Black','DELETED',NULL,16.33),('45.460.134','#Moire Blush','DELETED',NULL,16.33),('45.460.214','#Moire Champagne','DELETED',NULL,16.33),('45.460.347','#Moire Eggshell','DELETED',NULL,16.33),('45.460.396','#Moire Gree','DELETED',NULL,16.33),('45.460.408','#Moire Grey','DELETED',NULL,16.33),('45.460.648','#Moire Peach','DELETED',NULL,16.33),('45.460.818','#Moire Slate','DELETED',NULL,16.33),('45.460.980','#Moire White','DELETED',NULL,16.33),('45.461.091','Moma Black Blockout [IND]','ROL-FAB',NULL,66.1),('45.461.462','Moma Iron Blockout [IND]','ROL-FAB',NULL,66.1),('45.461.800','Moma Shitake Blockout [IND]','ROL-FAB',NULL,66.1),('45.461.826','Moma Snow Blockout [IND]','ROL-FAB',NULL,66.1),('45.461.868','Moma Stone Blockout [IND]','ROL-FAB',NULL,66.1),('45.461.980','Moma White Blockout [IND]','ROL-FAB',NULL,66.1),('45.462.091','Moma Black Translucent [IND]','ROL-FAB',NULL,46.5500004),('45.462.462','Moma Iron Translucent [IND]','ROL-FAB',NULL,46.5500004),('45.462.800','Moma Shitake Translucent [IND]','ROL-FAB',NULL,46.5500004),('45.462.826','Moma Snow Translucent [IND]','ROL-FAB',NULL,46.5500004),('45.462.868','Moma Stone Translucent [IND]','ROL-FAB',NULL,46.5500004),('45.462.980','Moma White Translucent [IND]','ROL-FAB',NULL,46.5500004),('45.463.464','#New Bermuda Ivory Blockout','DELETED',NULL,39.4),('45.463.980','#New Bermuda White Blockout','DELETED',NULL,39.4),('45.464.464','#New Bermuda Ivory Translucent','DELETED',NULL,23.7),('45.464.980','#New Bermuda White Transulcent','DELETED',NULL,23.7),('45.468.054','#North Azure','DELETED',NULL,42.1500006),('45.468.458','#North Indigo','DELETED',NULL,42.1500006),('45.468.807','#North Silver','DELETED',NULL,42.1500006),('45.468.980','#North White','DELETED',NULL,42.1500006),('45.470.091','#Ombra 8900 Black','ROL-FAB',NULL,84),('45.470.980','#Ombra 8000 White','ROL-FAB',NULL,84),('45.475.036','#Panama Antique','ROL-FAB',NULL,56),('45.475.229','#Panama Chestnut','ROL-FAB',NULL,56),('45.475.301','#Panama Daisy','ROL-FAB',NULL,56),('45.475.329','#Panama Dream','ROL-FAB',NULL,56),('45.475.331','#Panama Duchess','ROL-FAB',NULL,56),('45.475.498','#Panama Leopard','ROL-FAB',NULL,56),('45.475.575','#Panama Mist','ROL-FAB',NULL,56),('45.475.680','#Panama Pewter','ROL-FAB',NULL,56),('45.475.683','#Panama Phantom','ROL-FAB',NULL,56),('45.480.980','#Parnell Allegra 1421','ROL-FAB',NULL,12.9),('45.481.980','#Parnell Autumn 1301','ROL-FAB',NULL,12.9),('45.482.980','#Parnell Crystal 1311','ROL-FAB',NULL,12.9),('45.483.980','#Parnell Florence 1424','ROL-FAB',NULL,12.9),('45.490.268','#Pearl Copper','DELETED',NULL,39.6),('45.490.807','#Pearl Silver','DELETED',NULL,39.6),('45.510.023','Plaza Plus Alpine Hze','ROL-FAB',NULL,27.249999999999996),('45.510.066','Plaza Plus Beach Sand','ROL-FAB',NULL,27.249999999999996),('45.510.166','#Plaza Plus Butterscotch','ROL-FAB',NULL,27.249999999999996),('45.510.168','#Plaza Plus Cabernet','DELETED',NULL,27.249999999999996),('45.510.184','Plaza Plus Caramel','ROL-FAB',NULL,27.249999999999996),('45.510.193','Plaza Plus Cashew','ROL-FAB',NULL,27.249999999999996),('45.510.195','Plaza Plus Cargo','ROL-FAB',NULL,27.249999999999996),('45.510.246','Plaza Plus Citrus Cream','ROL-FAB',NULL,27.249999999999996),('45.510.247','Plaza Plus Clay','ROL-FAB',NULL,27.249999999999996),('45.510.253','Plaza Plus Cockatoo','ROL-FAB',NULL,27.249999999999996),('45.510.340','Plaza Plus Ebony','ROL-FAB',NULL,27.249999999999996),('45.510.349','Plaza Plus Espresso','ROL-FAB',NULL,27.249999999999996),('45.510.354','Plaza Plus Footprint','ROL-FAB',NULL,27.249999999999996),('45.510.380','Plaza Plus Ginger','ROL-FAB',NULL,27.249999999999996),('45.510.417','Plaza Plus Gunmetal','ROL-FAB',NULL,27.249999999999996),('45.510.436','Plaza Plus Hickory','ROL-FAB',NULL,27.249999999999996),('45.510.479','Plaza Plus Jewel','ROL-FAB',NULL,27.249999999999996),('45.510.544','Plaza Plus Malt','ROL-FAB',NULL,27.249999999999996),('45.510.574','#Plaza Plus Mint','ROL-FAB',NULL,27.249999999999996),('45.510.580','#Plaza Plus Mistletoe','DELETED',NULL,27.249999999999996),('45.510.597','Plaza Plus Natural','ROL-FAB',NULL,27.249999999999996),('45.510.609','Plaza Plus Nighthawk','ROL-FAB',NULL,27.249999999999996),('45.510.623','Plaza Plus Orchid','ROL-FAB',NULL,27.249999999999996),('45.510.640','Plaza Plus Paperbark','ROL-FAB',NULL,27.249999999999996),('45.510.680','#Plaza Plus Pewter','ROL-FAB',NULL,27.249999999999996),('45.510.717','Plaza Plus Pumice','ROL-FAB',NULL,27.249999999999996),('45.510.745','Plaza Plus Royal','ROL-FAB',NULL,27.249999999999996),('45.510.758','Plaza Plus Sand','ROL-FAB',NULL,27.249999999999996),('45.510.940','Plaza Plus Vanilla','ROL-FAB',NULL,27.249999999999996),('45.510.972','#Plaza Plus Wedgewood','ROL-FAB',NULL,27.249999999999996),('45.510.980','Plaza Plus White','ROL-FAB',NULL,27.249999999999996),('45.511.195','Plaza Plus Cargo 2.8m','ROL-FAB',NULL,31.7500004),('45.511.247','Plaza Plus Clay 2.8m','ROL-FAB',NULL,31.7500004),('45.511.253','Plaza Plus Cockatoo 2.8m','ROL-FAB',NULL,31.7500004),('45.511.340','Plaza Plus Ebony 2.8m','ROL-FAB',NULL,31.7500004),('45.511.349','Plaza Plus Espresso 2.8m','ROL-FAB',NULL,31.7500004),('45.511.354','Plaza Plus Footprint 2.8m','ROL-FAB',NULL,31.7500004),('45.511.380','Plaza Plus Ginger 2.8m','ROL-FAB',NULL,31.7500004),('45.511.436','Plaza Plus Hickory 2.8m','ROL-FAB',NULL,31.7500004),('45.511.609','Plaza Plus Nighthawk 2.8m','ROL-FAB',NULL,31.7500004),('45.511.623','Plaza Plus Orchid 2.8m','ROL-FAB',NULL,31.7500004),('45.511.980','Plaza Plus White 2.8m','ROL-FAB',NULL,31.7500004),('45.520.022','#Polar Alpine Blockout','DELETED',NULL,43.5),('45.520.281','#Polar Cream Blockout','DELETED',NULL,43.5),('45.520.357','#Polar Fern Blockout','ROL-FAB',NULL,43.5),('45.520.434','#Polar Heather Blockout','DELETED',NULL,43.5),('45.520.627','#Polar Olive Blockout','DELETED',NULL,43.5),('45.520.715','#Polar Putty Blockout','DELETED',NULL,43.5),('45.520.729','#Polar Redwood Blockout','DELETED',NULL,43.5),('45.520.826','#Polar Snow Blockout','DELETED',NULL,43.5),('45.520.883','#Polar String Blockout','DELETED',NULL,43.5),('45.520.907','#Polar Taupe Blockout','DELETED',NULL,43.5),('45.521.022','#Polar Alpine Translucent','DELETED',NULL,29.2),('45.521.281','#Polar Cream Translucent','DELETED',NULL,29.2),('45.521.357','#Polar Fern Translucent','DELETED',NULL,29.2),('45.521.434','#Polar Heather Translucent','DELETED',NULL,29.2),('45.521.627','#Polar Olive Translucent','DELETED',NULL,29.2),('45.521.715','#Polar Putty Translucent','DELETED',NULL,29.2),('45.521.729','#Polar Redwood Translucent','DELETED',NULL,29.2),('45.521.826','#Polar Snow Translucent','DELETED',NULL,29.2),('45.521.883','#Polar String Translucent','DELETED',NULL,29.2),('45.521.907','#Polar Taupe Translucent','DELETED',NULL,29.2),('45.530.032','Quay Angel','ROL-FAB',NULL,32.9),('45.530.322','#Quay Dew','ROL-FAB',NULL,32.9),('45.530.442','#Quay Hog','ROL-FAB',NULL,32.9),('45.530.537','#Quay Lotus','ROL-FAB',NULL,32.9),('45.530.546','#Quay Mercury','ROL-FAB',NULL,32.9),('45.530.548','#Quay Milto','ROL-FAB',NULL,32.9),('45.530.647','#Quay Passive','ROL-FAB',NULL,32.9),('45.530.677','#Quay Peca','ROL-FAB',NULL,32.9),('45.530.871','#Quay Squiggle','ROL-FAB',NULL,32.9),('45.530.875','Quay Storm','ROL-FAB',NULL,32.9),('45.530.957','Quay Vivid','ROL-FAB',NULL,32.9),('45.530.979','#Quay Whisper','ROL-FAB',NULL,32.9),('45.540.091','#Raffles Black','DELETED',NULL,20.82),('45.540.160','#Raffles Burgundy','DELETED',NULL,20.82),('45.540.449','#Raffles Hunter Gree','DELETED',NULL,20.82),('45.540.464','#Raffles Ivory','DELETED',NULL,20.82),('45.540.737','#Raffles Rich Cream','DELETED',NULL,20.82),('45.540.917','#Raffles Terracotta','DELETED',NULL,20.82),('45.540.972','#Raffles Wedgewood','DELETED',NULL,20.82),('45.610.612','#Resorts Norfolk','DELETED',NULL,21.5),('45.650.075','#Retro-Tex Beige 49719/2','DELETED',NULL,24.9),('45.650.238','#Retro-Tex Chocolate 49719/3','DELETED',NULL,24.9),('45.680.980','#Sicily White Blockout','ROL-FAB',NULL,36.75),('45.690.051','Screen Opulence Ash [IND]','SS-FAB',NULL,43.1500006),('45.690.096','Screen Opulence B Diamond IND','SS-FAB',NULL,43.1500006),('45.690.188','Screen Opulence Carob [IND]','SS-FAB',NULL,43.1500006),('45.690.560','Screen Opulence Marble [IND]','SS-FAB',NULL,43.1500006),('45.690.694','Screen Opulence Platinum [IND]','SS-FAB',NULL,43.1500006),('45.690.748','Screen Opulence Rye [IND]','SS-FAB',NULL,43.1500006),('45.690.791','Screen Opulence Shale [IND]','SS-FAB',NULL,43.1500006),('45.690.928','Screen Opulence Tobacco [IND]','SS-FAB',NULL,43.1500006),('45.700.980','#Seascape White','DELETED',NULL,20.41),('45.710.033','Seychelles Angora','ROL-FAB',NULL,87.25),('45.710.208','#Seychelles Cereamic','ROL-FAB',NULL,87.25),('45.710.214','Seychelles Champagne','ROL-FAB',NULL,87.25),('45.710.334','Seychelles Drizzle','ROL-FAB',NULL,87.25),('45.710.346','Seychelles Empire','ROL-FAB',NULL,87.25),('45.710.348','Seychelles Essence','ROL-FAB',NULL,87.25),('45.710.991','Seychelles Willow','ROL-FAB',NULL,87.25),('45.720.464','#Sheer-Tex Ivory 5157','ROL-FAB',NULL,19.7),('45.720.574','#Sheer-Tex Mint 5159','ROL-FAB',NULL,19.7),('45.720.907','#Sheer-Tex Taupe 5160','DELETED',NULL,19.7),('45.720.980','#Sheer-Tex White 4130','ROL-FAB',NULL,19.7),('45.720.996','#Sheer-Tex Yellow 5158','ROL-FAB',NULL,19.7),('45.721.464','#Sheer-Tex Ivory 5157','ROL-FAB',NULL,23.65),('45.721.980','#Sheer-Tex White 4130','ROL-FAB',NULL,23.65),('45.730.980','#Sicily White Blockout','DELETED',NULL,39.4),('45.735.137','Spencer Bone BO [IND]','ROL-FAB',NULL,66.1),('45.735.197','Spencer Caviar BO [IND]','ROL-FAB',NULL,66.1),('45.735.462','Spencer Iron BO [IND]','ROL-FAB',NULL,66.1),('45.735.583','Spencer Mink BO [IND]','ROL-FAB',NULL,66.1),('45.735.826','Spencer Snow BO [IND]','ROL-FAB',NULL,66.1),('45.735.907','Spencer Taupe BO [IND]','ROL-FAB',NULL,66.1),('45.736.137','Spencer Bone TL [IND]','ROL-FAB',NULL,46.5500004),('45.736.197','Spencer Caviar TL [IND]','ROL-FAB',NULL,46.5500004),('45.736.462','Spencer Iron TL [IND]','ROL-FAB',NULL,46.5500004),('45.736.583','Spencer Mink TL [IND]','ROL-FAB',NULL,46.5500004),('45.736.826','Spencer Snow TL [IND]','ROL-FAB',NULL,46.5500004),('45.736.907','Spencer Taupe TL [IND]','ROL-FAB',NULL,46.5500004),('45.740.033','#Sublime Angora','DELETED',NULL,32.16),('45.740.083','#Sublime Birch','DELETED',NULL,32.16),('45.740.109','#Sublime Bliss','DELETED',NULL,32.16),('45.740.252','#Sublime Cobalt','DELETED',NULL,32.16),('45.740.285','#Sublime Crepe','DELETED',NULL,32.16),('45.740.366','#Sublime Forest','DELETED',NULL,32.16),('45.740.372','#Sublime Fresh Pine','DELETED',NULL,32.16),('45.740.425','#Sublime Harmony','DELETED',NULL,32.16),('45.740.452','#Sublime Iceberg','DELETED',NULL,32.16),('45.740.461','#Sublime Irsh Cream','DELETED',NULL,32.16),('45.740.563','#Sublime M\'mallow','DELETED',NULL,32.16),('45.740.722','#Sublime Raffia','DELETED',NULL,32.16),('45.742.075','#Topic Beige Trv CS','ROL-FAB',NULL,84),('45.742.091','#Topic Black Trv CS','ROL-FAB',NULL,84),('45.742.305','#Topic Dark Brown Trv CS','ROL-FAB',NULL,90),('45.742.309','#Topic Dark Grey Trv CS','ROL-FAB',NULL,84),('45.742.339','#Topic Earth Trv CS','ROL-FAB',NULL,90),('45.742.408','#Topic Grey Trv CS','ROL-FAB',NULL,90),('45.742.618','#Topic Off White Trv CS','ROL-FAB',NULL,90),('45.742.849','#Topic Soft Khaki Trv CS','ROL-FAB',NULL,90),('45.742.980','#Topic White Trv CS','ROL-FAB',NULL,90),('45.744.091','#Terra 2000 Black','ROL-FAB',NULL,96),('45.744.259','#Terra 2000 Coco','ROL-FAB',NULL,0),('45.744.332','#Terra 2000 Dune','ROL-FAB',NULL,0),('45.744.631','#Terra 2000 Oyster','ROL-FAB',NULL,0),('45.744.980','#Terra 2000 White','ROL-FAB',NULL,0),('45.940.091','#View 2000 Black','ROL-FAB',NULL,86),('45.940.259','#View 2000 Coco','ROL-FAB',NULL,86),('45.940.332','#View 2000 Dune','ROL-FAB',NULL,86),('45.940.631','#iew 2000 Oyster','ROL-FAB',NULL,96),('45.940.980','#View 2000 White','ROL-FAB',NULL,86),('45.948.091','#Volt 2150 Black','ROL-FAB',NULL,96),('45.948.259','#Volt 2150 Coco','ROL-FAB',NULL,96),('45.948.332','#Volt 2150 Dune','ROL-FAB',NULL,96),('45.948.631','#Volt 2150 Oyster','ROL-FAB',NULL,96),('45.948.980','#Volt 2150 White','ROL-FAB',NULL,96),('45.950.258','#Waterfall Colonial Cream','DELETED',NULL,23.5),('45.950.590','#Waterfall Moon Blue - Run out','DELETED',NULL,23.5),('45.950.655','#Waterfall Pearl Glow','DELETED',NULL,23.5),('45.950.691','#Waterfall Pink Splash','DELETED',NULL,23.5),('45.950.872','#Waterfall Stone Wash','DELETED',NULL,23.5),('45.950.935','#Waterfall Urban Stone','DELETED',NULL,23.5),('45.950.987','#Waterfall White Mist','DELETED',NULL,23.5),('45.951.087','Willandra Bison BO [IND]','ROL-FAB',NULL,82.45),('45.951.217','Willandra Charcoal BO [IND]','ROL-FAB',NULL,82.45),('45.951.464','Willandra Ivory BO','ROL-FAB',NULL,82.45),('45.951.477','Willandra Jarrah BO [IND]','ROL-FAB',NULL,82.45),('45.951.533','Willandra Linnet BO','ROL-FAB',NULL,82.45),('45.951.575','Willandra Mist BO [IND]','ROL-FAB',NULL,82.45),('45.951.767','Willandra Saudi Sand BO [IND]','ROL-FAB',NULL,82.45),('45.951.819','Willandra Slipcast BO','ROL-FAB',NULL,82.45),('45.951.821','Willandra Smoke BO [IND]','ROL-FAB',NULL,82.45),('45.951.859','Willandra Spirit BO','ROL-FAB',NULL,82.45),('45.951.875','Willandra Storm BO [IND]','ROL-FAB',NULL,82.45),('45.951.979','Willandra Whisper BO','ROL-FAB',NULL,82.45),('45.952.087','Willandra Bison TL [IND]','ROL-FAB',NULL,60.49999999999999),('45.952.217','Willandra Charcoal TL [IND]','ROL-FAB',NULL,60.49999999999999),('45.952.464','Willandra Ivory TL','ROL-FAB',NULL,60.49999999999999),('45.952.477','Willandra Jarrah TL [IND]','ROL-FAB',NULL,60.49999999999999),('45.952.533','Willandra Linnet TL','ROL-FAB',NULL,60.49999999999999),('45.952.575','Willandra Mist TL [IND]','ROL-FAB',NULL,60.49999999999999),('45.952.767','Willandra Saudi Sand TL [IND]','ROL-FAB',NULL,60.49999999999999),('45.952.819','Willandra Slipcast TL','ROL-FAB',NULL,60.49999999999999),('45.952.821','Willandra Smoke TL [IND]','ROL-FAB',NULL,60.49999999999999),('45.952.859','Willandra Spirit TL','ROL-FAB',NULL,60.49999999999999),('45.952.875','Willandra Storm TL','ROL-FAB',NULL,60.49999999999999),('45.952.979','Willandra Whisper TL','ROL-FAB',NULL,60.49999999999999),('45.960.467','#Xerox Ivory Peach','DELETED',NULL,19.6),('45.960.718','#Xerox Quicksilver','DELETED',NULL,19.6),('45.960.755','#Xerox Sahara Gold','DELETED',NULL,19.6),('45.960.834','#Xerox Snowgum','DELETED',NULL,19.6),('45.960.893','#Xerox Sunflower','DELETED',NULL,19.6),('45.990.044','#Zen Arabica','ROL-FAB',NULL,23.849999999999998),('45.990.139','#Zen Bounty','ROL-FAB',NULL,23.849999999999998),('45.990.194','#Zen Cashmere','ROL-FAB',NULL,23.849999999999998),('45.990.352','#Zen Element','ROL-FAB',NULL,23.849999999999998),('45.990.353','#Zen Embrace','ROL-FAB',NULL,23.849999999999998),('45.990.383','#Zen Gazing','ROL-FAB',NULL,23.849999999999998),('45.990.459','#Zen Illusio','ROL-FAB',NULL,23.849999999999998),('45.990.549','#Zen Mario','ROL-FAB',NULL,23.849999999999998),('45.990.556','#Zen Martini','ROL-FAB',NULL,23.849999999999998),('45.990.752','#Zen Sahara','ROL-FAB',NULL,23.849999999999998),('45.990.995','#Zen Ye','ROL-FAB',NULL,23.849999999999998),('45.990.997','#Zen Zelda','ROL-FAB',NULL,23.849999999999998),('45.990.999','#Zodiac White','DELETED',NULL,20.75),('45.992.547','#Lining Ivory 1-Pass 150cm','DELETED',NULL,0),('45.992.980','Lining White 1-Pass 137cm','LINING',NULL,0),('45.993.464','Sheer Lining','LINING',NULL,0),('45.995.547','#Lining Ivory 3-Pass 280cm','LINING',NULL,0),('45.995.980','Lining White 3-Pass 280cm','LINING',NULL,19.95),('45.997.980','#SuedeLina II White','DELETED',NULL,0),('46.711.075','#Thermoveil 0907-096 Beige','DELETED',NULL,5),('46.711.092','#Thermoveil 0904-096 Blk/Brow','DELETED',NULL,5),('46.711.396','#Thermoveil 0908-096 Shw Gree','DELETED',NULL,5),('46.711.408','#Thermoveil 0910-096 Grey','DELETED',NULL,5),('46.711.702','#Thermoveil 0911-096 Porcelai','DELETED',NULL,5),('46.711.980','#Thermoveil 0901-096 White','DELETED',NULL,5),('46.712.075','#Thermoveil 1302-096 Beige*','DELETED',NULL,5),('46.712.092','#Thermoveil 1304-096 Blk/Brow','DELETED',NULL,5),('46.712.347','#Thermoveil 1316-096 Eggshell','DELETED',NULL,5),('46.712.408','#Thermoveil 1313-096 Grey','DELETED',NULL,5),('46.712.790','#Thermoveil 1320-096 Shdw Grey','DELETED',NULL,5),('46.712.809','#Thermoveil 1319-096 S/Birch','DELETED',NULL,5),('46.712.980','#Thermoveil 1301-096 White','DELETED',NULL,5),('46.713.092','#Thermoveil 1304-126 Blk/Brow','DELETED',NULL,5),('46.713.347','#Thermoveil 1316-126 Eggshell','DELETED',NULL,5),('46.713.980','#Thermoveil 1301-126 White','DELETED',NULL,5),('46.714.434','#Soleil 5103-096 Heather','MS-FAB',NULL,5),('46.714.651','#Soleil 5102-096 Pearl','MS-FAB',NULL,15),('46.714.679','#Soleil 5107-096 PeriwinkStraw','DELETED',NULL,5),('46.714.920','#Soleil 5104-096 Thistle','DELETED',NULL,5),('46.714.973','#Soleil 5108-096 Wdgewood Gre','MS-FAB',NULL,5),('46.714.980','#Soleil 5101-096 White','DELETED',NULL,5),('46.715.091','#Euroveil 5320-096 Black','DELETED',NULL,5),('46.715.152','#Euroveil 5313-096 Bronze','MS-FAB',NULL,5),('46.715.217','#Euroveil 5312-096 Charcoal','MS-FAB',NULL,5),('46.715.271','#Euroveil 5302-096 Cornsilk','MS-FAB',NULL,5),('46.715.327','#Euroveil 5309-096 Dove Grey','MS-FAB',NULL,5),('46.715.393','#Euroveil 5311-096 Graphite','MS-FAB',NULL,5),('46.715.608','#Euroveil 5310-096 Nickel','DELETED',NULL,5),('46.715.758','#Euroveil 5304-096 Sand','DELETED',NULL,5),('46.715.809','#Euroveil 5306-096 SilverBirch','MS-FAB',NULL,5),('46.715.818','#Euroveil 5316-096 Slate','MS-FAB',NULL,5),('46.717.152','#Euroveil 6013-096 Bronze','MS-FAB',NULL,5),('46.717.217','#Euroveil 6012-096 Charcoal','MS-FAB',NULL,5),('46.717.271','#Euroveil 6002-096 Cornsilk','MS-FAB',NULL,5),('46.717.327','#Euroveil 6009-096 Dove Grey','MS-FAB',NULL,5),('46.717.393','#Euroveil 6011-096 Graphite','MS-FAB',NULL,5),('46.717.608','#Euroveil 6010-096 Nickel','MS-FAB',NULL,5),('46.717.758','#Euroveil 6004-096 Sand','MS-FAB',NULL,5),('46.717.760','#Euroveil 6017-096 Sandlewood','DELETED',NULL,5),('46.717.809','#Euroveil 6006-096 Silver Birc','MS-FAB',NULL,5),('46.717.818','#Euroveil 6016-096 Slate','MS-FAB',NULL,5),('46.717.868','#Euroveil 6018-096 Stone','DELETED',NULL,5),('46.717.980','#Euroveil 6001-096 White','DELETED',NULL,5),('46.717.985','#Euroveil 6020-096 Black/White','DELETED',NULL,5),('46.718.170','#Soleil 5404-096 Cafe Au Lait','DELETED',NULL,5),('46.718.389','#Soleil 5411-096 Granite Tweed','DELETED',NULL,5),('46.718.660','#Soleil 5409-096 Pearlite','MS-FAB',NULL,5),('46.719.270','#Soleil 8007-072 Copper Beach','DELETED',NULL,5),('46.719.361','#Soleil 8006-072 Flanders','MS-FAB',NULL,5),('46.719.541','#Soleil 8002-072 Linen White','MS-FAB',NULL,5),('46.719.638','#Soleil 8001-072 Panama White','MS-FAB',NULL,5),('46.719.722','#Soleil 8005-072 Raffia','MS-FAB',NULL,5),('46.719.992','#Soleil 8008-072 Winter Grass','DELETED',NULL,5),('47.007.003','#Kobe Arama 3','DELETED',NULL,75),('47.059.002','#Kobe Limoges 2','DELETED',NULL,75),('47.081.000','#Kobe Orleans 1','DELETED',NULL,98),('47.085.001','#Kobe Pepita 1','DELETED',NULL,89),('47.085.005','#Kobe Pepita 5','DELETED',NULL,89),('47.085.006','#Kobe Pepita 6','DELETED',NULL,89),('47.103.019','#Kobe Sparkle 19','DELETED',NULL,65),('47.507.008','#Kobe Alassio 8','DELETED',NULL,50),('47.508.002','#Kobe Alegria 2','DELETED',NULL,143),('47.509.001','#Kobe Alicia Col 1','DELETED',NULL,75),('47.509.002','#Kobe Alicia Col 2','DELETED',NULL,75),('47.518.005','#Kobe Arama 5','DELETED',NULL,75),('47.519.020','#Kobe Ardenza 20','DELETED',NULL,50),('47.519.024','#Kobe Ardenza 24','DELETED',NULL,50),('47.519.025','#Kobe Ardenza 25','DELETED',NULL,50),('47.522.009','#Kobe Arena 9','DELETED',NULL,108),('47.522.021','#Kobe Arena 21','DELETED',NULL,108),('47.522.026','#Kobe Arena 26','DELETED',NULL,108),('47.523.034','#Kobe Arenzano 34','DELETED',NULL,40),('47.523.036','#Kobe Arenzano 36','DELETED',NULL,40),('47.558.060','#Kobe Bolero 60','DELETED',NULL,40),('47.562.014','#Kobe Calida 14','DELETED',NULL,65),('47.577.001','#Kobe Carona 1','DELETED',NULL,50),('47.615.001','#Kobe Constanza 1','DELETED',NULL,86),('47.615.003','#Kobe Constanza 3','DELETED',NULL,86),('47.615.004','#Kobe Constanza 4','DELETED',NULL,86),('47.638.307','#Kobe Dijon 307','DELETED',NULL,98),('47.684.003','#Kobe Focus 3','DELETED',NULL,81),('47.686.042','#Kobe Fontera Col 42','DELETED',NULL,0),('47.700.001','#Kobe Gavotte 1','DELETED',NULL,65),('47.705.006','#Kobe Gilmer 6','DELETED',NULL,84),('47.749.002','#Kobe Livorno 2','DELETED',NULL,65),('47.749.004','#Kobe Livorno 4','DELETED',NULL,65),('47.764.003','#Kobe Lundy 3','DELETED',NULL,81),('47.766.001','#Kobe Madurai 1','DELETED',NULL,172),('47.772.001','#Kobe Melmerby 1','DELETED',NULL,50),('47.792.016','#Kobe Modica 16','DELETED',NULL,65),('47.792.039','#Kobe Modica 39','DELETED',NULL,65),('47.796.004','#Kobe Natal 4','DELETED',NULL,86),('47.800.016','#Kobe Nestor 16','DELETED',NULL,75),('47.800.017','#Kobe Nestor 17','DELETED',NULL,75),('47.800.018','#Kobe Nestor 18','DELETED',NULL,75),('47.820.005','#Kobe Palba 5','DELETED',NULL,77),('47.838.028','#Kobe Perkins 28','DELETED',NULL,77),('47.840.007','#Kobe Pietro 7','DELETED',NULL,91),('47.846.013','#Kobe Ramsey 13','DELETED',NULL,65),('47.848.009','#Kobe Raymond 9','DELETED',NULL,65),('47.850.006','#Kobe Real 6','DELETED',NULL,112),('47.850.007','#Kobe Real 7','DELETED',NULL,112),('47.852.002','#Kobe Rennes 2','DELETED',NULL,77),('47.852.004','#Kobe Rennes 4','DELETED',NULL,77),('47.864.007','#Kobe Rodez 7','DELETED',NULL,115.000001),('47.864.013','#Kobe Rodez 13','DELETED',NULL,115.000001),('47.887.001','#Kobe Scala 1','DELETED',NULL,65),('47.889.096','#Kobe Silver 96','DELETED',NULL,50),('47.897.019','#Kobe Sparkle 19','DELETED',NULL,65),('47.904.001','#Kobe Stopera 1','DELETED',NULL,116.99999999999999),('47.904.004','#Kobe Stopera 4','DELETED',NULL,116.99999999999999),('47.904.015','#Kobe Stopera 15','DELETED',NULL,116.99999999999999),('47.921.025','#Kobe Terni 25','DELETED',NULL,50),('47.940.002','#Kobe Varigotti 2','DELETED',NULL,50),('47.940.003','#Kobe Varigotti 3','DELETED',NULL,50),('47.945.001','#Kobe Visconti 1','DELETED',NULL,96.99999999999999),('48.110.940','Bronte Vanilla/Ivory CS4291','TAC-FAB',NULL,40.21),('48.110.980','Bronte White CS4290','TAC-FAB',NULL,39.64),('48.111.980','Bronte Sheer White','TAC-FAB',NULL,33.73),('48.118.980','Cabriole 8000 White','TAC-FAB',NULL,28.4300003),('48.124.373','Chantilli Frost','TAC-FAB',NULL,75),('48.124.535','Chantilli Line','TAC-FAB',NULL,53.809999999999995),('48.124.614','Chantilli Nutmeg','TAC-FAB',NULL,20.6),('48.124.651','Chantilli Pearl','TAC-FAB',NULL,32.95),('48.124.863','Chantilli Spice','TAC-FAB',NULL,42.9),('48.124.960','Chantilli Walnut','TAC-FAB',NULL,17.49),('48.128.940','Cinq Vanilla','TAC-FAB',NULL,0),('48.140.980','Duke White','TAC-FAB',NULL,13.03),('48.190.980','Eva White','TAC-FAB',NULL,54.64),('48.350.597','Hampton Natural','TAC-FAB',NULL,21.7),('48.360.301','Hyde Daisy','TAC-FAB',NULL,22.52),('48.360.367','Hyde Fleur','TAC-FAB',NULL,20.15),('48.375.597','Jasper Natural','TAC-FAB',NULL,14.22),('48.420.680','Lavande Pewter','TAC-FAB',NULL,23.47),('48.450.980','#Mento 8000 White','DELETED',NULL,50),('48.462.491','Moulin Leaf','TAC-FAB',NULL,29.6300003),('48.465.100','Peslin Liso 11','TAC-FAB',NULL,24.32),('48.465.101','Peslin Liso 20','TAC-FAB',NULL,24.32),('48.465.102','Peslin Listado 216','TAC-FAB',NULL,25.86),('48.465.103','Pes Listado 211','TAC-FAB',NULL,25.86),('48.465.104','Peslin Listado 116','TAC-FAB',NULL,25.86),('48.465.105','Peslin Listado 111','TAC-FAB',NULL,25.86),('48.465.200','Siena 11','TAC-FAB',NULL,21.5),('48.465.201','Turin 16','TAC-FAB',NULL,22.91),('48.465.202','Turin 11','TAC-FAB',NULL,22.91),('48.465.203','Turin 20','TAC-FAB',NULL,22.91),('48.465.300','Persia 3','TAC-FAB',NULL,34.56),('48.465.301','Persia 11','TAC-FAB',NULL,34.56),('48.465.400','Style 16','TAC-FAB',NULL,24.32),('48.465.401','Style 20','TAC-FAB',NULL,24.32),('48.465.402','Style 11','TAC-FAB',NULL,24.32),('48.480.599','Palissy Natural Ivory','TAC-FAB',NULL,19.66),('48.553.651','Ribbon Pearl','TAC-FAB',NULL,26.78),('48.555.535','Rocco Line','TAC-FAB',NULL,46.22),('48.555.597','Rocco Natural','TAC-FAB',NULL,106.1),('48.557.597','Sevilla Natural','TAC-FAB',NULL,129),('48.600.373','Vale frost','TAC-FAB',NULL,15.65),('48.600.751','Vale Sage','TAC-FAB',NULL,20.39),('48.600.980','Vale White','TAC-FAB',NULL,40.03),('48.690.535','WK Sandoy Line','TAC-FAB',NULL,141.22),('48.690.980','WK Sandoy White','TAC-FAB',NULL,230.000003),('49.001.335','Everview','EXT-FAB',NULL,0),('49.001.337','Everview','EXT-FAB',NULL,0),('49.001.338','Everview','EXT-FAB',NULL,0),('49.001.386','Everview','EXT-FAB',NULL,0),('49.001.393','Everview','EXT-FAB',NULL,0),('49.001.451','Everview','EXT-FAB',NULL,0),('49.001.556','Everview','EXT-FAB',NULL,38),('49.001.591','Everview','EXT-FAB',NULL,0),('49.001.595','Everview','EXT-FAB',NULL,0),('49.001.610','Everview','EXT-FAB',NULL,0),('49.001.616','Everview','EXT-FAB',NULL,0),('49.001.637','Everview','EXT-FAB',NULL,0),('49.001.682','Everview','EXT-FAB',NULL,0),('49.001.694','Everview','EXT-FAB',NULL,0),('49.001.697','Everview','EXT-FAB',NULL,0),('49.001.721','#Everview','DELETED',NULL,0),('49.001.731','#Everview','EXT-FAB',NULL,0),('49.001.754','Everview','EXT-FAB',NULL,0),('49.001.773','Everview','EXT-FAB',NULL,0),('49.001.791','Everview','EXT-FAB',NULL,0),('49.001.869','Everview','EXT-FAB',NULL,0),('49.001.918','Everview','EXT-FAB',NULL,0),('49.002.335','Everview','EXT-FAB',NULL,0),('49.002.337','Everview','EXT-FAB',NULL,0),('49.002.338','Everview','EXT-FAB',NULL,0),('49.002.386','Everview','EXT-FAB',NULL,0),('49.002.393','Everview','EXT-FAB',NULL,0),('49.002.451','Everview','EXT-FAB',NULL,0),('49.002.556','Everview','EXT-FAB',NULL,0),('49.002.591','Everview','EXT-FAB',NULL,0),('49.002.595','Everview','EXT-FAB',NULL,0),('49.002.610','Everview','EXT-FAB',NULL,51),('49.002.616','Everview','EXT-FAB',NULL,52.1500006),('49.002.637','Everview','EXT-FAB',NULL,0),('49.002.682','Everview','EXT-FAB',NULL,54.49999999999999),('49.002.694','Everview','EXT-FAB',NULL,50.8),('49.002.697','Everview','EXT-FAB',NULL,0),('49.002.721','Everview','EXT-FAB',NULL,0),('49.002.731','#Everview','EXT-FAB',NULL,0),('49.002.754','Everview','EXT-FAB',NULL,0),('49.002.773','Everview','EXT-FAB',NULL,0),('49.002.791','Everview','EXT-FAB',NULL,0),('49.002.869','Everview','EXT-FAB',NULL,0),('49.002.918','Everview','EXT-FAB',NULL,0),('49.101.041','Soltis 93','EXT-FAB',NULL,35),('49.101.980','Soltis 93','EXT-FAB',NULL,0),('49.101.999','Soltis 93','EXT-FAB',NULL,0),('49.201.999','Soltis 86','EXT-FAB',NULL,0),('49.202.091','Soltis 86','EXT-FAB',NULL,0),('49.202.726','Soltis 86','EXT-FAB',NULL,0),('49.301.999','Soltis 96','EXT-FAB',NULL,0),('49.302.999','Soltis 96','EXT-FAB',NULL,0),('49.801.999','Docril [IND]','EXT-FAB',NULL,0),('49.802.999','Outlook [IND]','EXT-FAB',NULL,0),('49.803.999','Lisos [IND]','EXT-FAB',NULL,0),('49.809.999','Shadeview [IND]','EXT-FAB',NULL,0),('49.811.999','Somerton [IND]','EXT-FAB',NULL,0),('49.812.999','PVC clear 0.75mm','EXT-FAB',NULL,0),('FIT_AV','#Fitting - Aluminium Venetia','',NULL,30);
/*!40000 ALTER TABLE `nav_getallfabrics` ENABLE KEYS */;
UNLOCK TABLES;

--
-- Table structure for table `nav_getdimensions`
--

DROP TABLE IF EXISTS `nav_getdimensions`;
/*!40101 SET @saved_cs_client     = @@character_set_client */;
/*!40101 SET character_set_client = utf8 */;
CREATE TABLE `nav_getdimensions` (
  `No_` varchar(20) DEFAULT NULL,
  `Dimension Code` varchar(20) DEFAULT NULL,
  `Dimension Value Code` varchar(20) DEFAULT NULL
) ENGINE=InnoDB DEFAULT CHARSET=utf8;
/*!40101 SET character_set_client = @saved_cs_client */;

--
-- Dumping data for table `nav_getdimensions`
--

LOCK TABLES `nav_getdimensions` WRITE;
/*!40000 ALTER TABLE `nav_getdimensions` DISABLE KEYS */;
INSERT INTO `nav_getdimensions` VALUES ('25.115.000','SIZE DIMENSIO','38'),('25.120.091','SIZE DIMENSIO','32'),('25.120.980','SIZE DIMENSIO','32'),('25.125.091','SIZE DIMENSIO','40'),('25.125.980','SIZE DIMENSIO','40'),('25.130.091','SIZE DIMENSIO','45'),('25.130.980','SIZE DIMENSIO','45'),('25.135.091','SIZE DIMENSIO','32'),('25.135.980','SIZE DIMENSIO','32'),('25.140.091','SIZE DIMENSIO','40'),('25.140.980','SIZE DIMENSIO','40'),('25.145.091','SIZE DIMENSIO','45'),('25.145.980','SIZE DIMENSIO','45'),('25.146.091','SIZE DIMENSIO','500'),('25.146.140','SIZE DIMENSIO','500'),('25.146.980','SIZE DIMENSIO','500'),('25.147.140','SIZE DIMENSIO','600'),('25.147.980','SIZE DIMENSIO','600'),('25.148.091','SIZE DIMENSIO','750'),('25.148.140','SIZE DIMENSIO','750'),('25.148.980','SIZE DIMENSIO','750'),('25.149.091','SIZE DIMENSIO','1000'),('25.149.140','SIZE DIMENSIO','1000'),('25.149.980','SIZE DIMENSIO','1000'),('25.151.091','SIZE DIMENSIO','1500'),('25.151.140','SIZE DIMENSIO','1500'),('25.151.980','SIZE DIMENSIO','1500'),('25.175.000','SIZE DIMENSIO','20'),('25.198.000','SIZE DIMENSIO','18'),('25.199.000','SIZE DIMENSIO','12'),('25.980.091','SIZE DIMENSIO','45'),('25.980.980','SIZE DIMENSIO','45'),('40.050.066','VERT-CAT','C'),('40.050.333','VERT-CAT','C'),('40.050.868','VERT-CAT','C'),('40.060.049','VERT-CAT','1'),('40.060.490','VERT-CAT','1'),('40.060.719','VERT-CAT','1'),('40.060.838','VERT-CAT','1'),('40.060.980','VERT-CAT','1'),('40.065.024','VERT-CAT','1'),('40.065.033','VERT-CAT','1'),('40.065.162','VERT-CAT','1'),('40.065.210','VERT-CAT','1'),('40.065.231','VERT-CAT','1'),('40.065.281','VERT-CAT','1'),('40.065.374','VERT-CAT','1'),('40.065.553','VERT-CAT','1'),('40.065.577','VERT-CAT','1'),('40.065.694','VERT-CAT','1'),('40.065.714','VERT-CAT','1'),('40.065.742','VERT-CAT','1'),('40.065.749','VERT-CAT','1'),('40.065.768','VERT-CAT','1'),('40.065.917','VERT-CAT','1'),('40.065.947','VERT-CAT','1'),('40.068.038','VERT-CAT','1'),('40.068.241','VERT-CAT','1'),('40.068.868','VERT-CAT','1'),('40.070.046','VERT-CAT','1'),('40.070.175','VERT-CAT','1'),('40.070.237','VERT-CAT','1'),('40.070.255','VERT-CAT','1'),('40.070.266','VERT-CAT','1'),('40.070.508','VERT-CAT','1'),('40.070.516','VERT-CAT','1'),('40.070.603','VERT-CAT','1'),('40.070.619','VERT-CAT','1'),('40.070.631','VERT-CAT','1'),('40.070.651','VERT-CAT','1'),('40.070.664','VERT-CAT','1'),('40.070.702','VERT-CAT','1'),('40.070.811','VERT-CAT','1'),('40.070.830','VERT-CAT','1'),('40.070.980','VERT-CAT','1'),('40.075.081','VERT-CAT','5'),('40.075.324','VERT-CAT','5'),('40.075.416','VERT-CAT','5'),('40.075.450','VERT-CAT','5'),('40.075.478','VERT-CAT','5'),('40.075.602','VERT-CAT','5'),('40.075.621','VERT-CAT','5'),('40.075.774','VERT-CAT','5'),('40.075.904','VERT-CAT','5'),('40.075.906','VERT-CAT','5'),('40.085.171','VERT-CAT','1'),('40.085.176','VERT-CAT','1'),('40.085.184','VERT-CAT','1'),('40.085.194','VERT-CAT','1'),('40.085.368','VERT-CAT','1'),('40.085.490','VERT-CAT','1'),('40.085.526','VERT-CAT','1'),('40.085.583','VERT-CAT','1'),('40.085.603','VERT-CAT','1'),('40.085.613','VERT-CAT','1'),('40.085.695','VERT-CAT','1'),('40.085.724','VERT-CAT','1'),('40.085.746','VERT-CAT','1'),('40.085.789','VERT-CAT','1'),('40.085.934','VERT-CAT','1'),('40.085.980','VERT-CAT','1'),('40.100.028','VERT-CAT','1'),('40.100.190','VERT-CAT','1'),('40.100.796','VERT-CAT','1'),('40.117.464','VERT-CAT','6'),('40.117.593','VERT-CAT','6'),('40.117.646','VERT-CAT','6'),('40.117.826','VERT-CAT','6'),('40.117.868','VERT-CAT','6'),('40.119.075','VERT-CAT','1'),('40.119.980','VERT-CAT','1'),('40.119.994','VERT-CAT','1'),('40.120.674','VERT-CAT','3'),('40.130.190','SIZE DIMENSIO','89'),('40.130.190','VERT-CAT','2'),('40.130.196','SIZE DIMENSIO','89'),('40.130.196','VERT-CAT','2'),('40.130.643','SIZE DIMENSIO','89'),('40.130.643','VERT-CAT','2'),('40.130.770','SIZE DIMENSIO','89'),('40.130.770','VERT-CAT','2'),('40.132.075','VERT-CAT','2'),('40.132.281','VERT-CAT','2'),('40.132.554','VERT-CAT','2'),('40.132.980','VERT-CAT','2'),('40.170.013','VERT-CAT','2'),('40.170.038','VERT-CAT','2'),('40.170.075','VERT-CAT','2'),('40.170.088','VERT-CAT','2'),('40.170.089','VERT-CAT','2'),('40.170.137','VERT-CAT','2'),('40.170.217','VERT-CAT','2'),('40.170.241','VERT-CAT','2'),('40.170.254','VERT-CAT','2'),('40.170.281','VERT-CAT','2'),('40.170.330','VERT-CAT','2'),('40.170.349','VERT-CAT','2'),('40.170.365','VERT-CAT','2'),('40.170.408','VERT-CAT','2'),('40.170.417','VERT-CAT','2'),('40.170.464','VERT-CAT','2'),('40.170.489','VERT-CAT','2'),('40.170.506','VERT-CAT','2'),('40.170.574','VERT-CAT','2'),('40.170.587','VERT-CAT','2'),('40.170.597','VERT-CAT','2'),('40.170.610','VERT-CAT','2'),('40.170.614','VERT-CAT','2'),('40.170.619','VERT-CAT','2'),('40.170.646','VERT-CAT','2'),('40.170.674','VERT-CAT','2'),('40.170.675','VERT-CAT','2'),('40.170.680','VERT-CAT','2'),('40.170.715','VERT-CAT','2'),('40.170.740','VERT-CAT','2'),('40.170.758','VERT-CAT','2'),('40.170.818','VERT-CAT','2'),('40.170.861','VERT-CAT','2'),('40.170.868','VERT-CAT','2'),('40.170.869','VERT-CAT','2'),('40.170.907','VERT-CAT','2'),('40.170.972','VERT-CAT','2'),('40.170.980','VERT-CAT','2'),('40.170.994','VERT-CAT','2'),('40.172.038','VERT-CAT','2'),('40.172.077','VERT-CAT','2'),('40.172.443','VERT-CAT','2'),('40.172.444','VERT-CAT','2'),('40.172.445','VERT-CAT','2'),('40.172.598','VERT-CAT','2'),('40.172.958','VERT-CAT','2'),('40.172.978','VERT-CAT','2'),('40.200.017','VERT-CAT','6'),('40.200.560','VERT-CAT','6'),('40.200.694','VERT-CAT','6'),('40.200.788','VERT-CAT','6'),('40.200.826','VERT-CAT','6'),('40.340.118','VERT-CAT','5'),('40.340.164','VERT-CAT','5'),('40.340.384','VERT-CAT','5'),('40.340.574','VERT-CAT','5'),('40.340.746','VERT-CAT','5'),('40.340.807','VERT-CAT','5'),('40.345.009','VERT-CAT','2'),('40.345.464','VERT-CAT','2'),('40.345.560','VERT-CAT','2'),('40.345.764','VERT-CAT','2'),('40.370.807','VERT-CAT','8'),('40.382.159','VERT-CAT','6'),('40.382.217','VERT-CAT','6'),('40.382.233','VERT-CAT','6'),('40.382.563','VERT-CAT','6'),('40.382.720','VERT-CAT','6'),('40.382.868','VERT-CAT','6'),('40.395.051','VERT-CAT','6'),('40.395.089','VERT-CAT','6'),('40.395.217','VERT-CAT','6'),('40.395.347','VERT-CAT','6'),('40.395.646','VERT-CAT','6'),('40.430.075','VERT-CAT','1'),('40.430.137','VERT-CAT','1'),('40.430.651','VERT-CAT','1'),('40.430.868','VERT-CAT','1'),('40.430.980','VERT-CAT','1'),('40.432.328','VERT-CAT','4'),('40.432.382','VERT-CAT','4'),('40.445.980','VERT-CAT','4'),('40.450.051','VERT-CAT','6'),('40.450.715','VERT-CAT','6'),('40.450.826','VERT-CAT','6'),('40.450.869','VERT-CAT','6'),('40.450.980','VERT-CAT','6'),('40.455.023','VERT-CAT','2'),('40.455.066','VERT-CAT','2'),('40.455.166','VERT-CAT','2'),('40.455.184','VERT-CAT','2'),('40.455.193','VERT-CAT','2'),('40.455.195','VERT-CAT','2'),('40.455.246','VERT-CAT','2'),('40.455.253','VERT-CAT','2'),('40.455.342','VERT-CAT','2'),('40.455.349','VERT-CAT','2'),('40.455.417','VERT-CAT','2'),('40.455.479','VERT-CAT','2'),('40.455.544','VERT-CAT','2'),('40.455.574','VERT-CAT','2'),('40.455.580','VERT-CAT','2'),('40.455.597','VERT-CAT','2'),('40.455.623','VERT-CAT','2'),('40.455.640','VERT-CAT','2'),('40.455.680','VERT-CAT','2'),('40.455.717','VERT-CAT','2'),('40.455.758','VERT-CAT','2'),('40.455.940','VERT-CAT','2'),('40.455.980','VERT-CAT','2'),('40.456.011','VERT-CAT','C'),('40.456.013','VERT-CAT','C'),('40.456.038','VERT-CAT','C'),('40.456.088','VERT-CAT','C'),('40.456.241','VERT-CAT','C'),('40.456.248','VERT-CAT','C'),('40.456.277','VERT-CAT','C'),('40.456.281','VERT-CAT','C'),('40.456.326','VERT-CAT','C'),('40.456.332','VERT-CAT','C'),('40.456.347','VERT-CAT','C'),('40.456.414','VERT-CAT','C'),('40.456.535','VERT-CAT','C'),('40.456.614','VERT-CAT','C'),('40.456.646','VERT-CAT','C'),('40.456.725','VERT-CAT','C'),('40.456.784','VERT-CAT','C'),('40.456.990','VERT-CAT','C'),('40.460.091','VERT-CAT','3'),('40.460.134','VERT-CAT','3'),('40.460.214','VERT-CAT','3'),('40.460.347','VERT-CAT','3'),('40.460.648','VERT-CAT','3'),('40.460.818','VERT-CAT','3'),('40.460.980','VERT-CAT','3'),('40.490.631','VERT-CAT','5'),('40.490.807','VERT-CAT','5'),('40.510.023','VERT-CAT','3'),('40.510.066','VERT-CAT','3'),('40.510.166','VERT-CAT','3'),('40.510.168','VERT-CAT','3'),('40.510.184','VERT-CAT','3'),('40.510.193','VERT-CAT','3'),('40.510.195','VERT-CAT','3'),('40.510.246','VERT-CAT','3'),('40.510.247','VERT-CAT','3'),('40.510.253','VERT-CAT','3'),('40.510.340','VERT-CAT','3'),('40.510.349','VERT-CAT','3'),('40.510.354','VERT-CAT','3'),('40.510.380','VERT-CAT','3'),('40.510.417','VERT-CAT','3'),('40.510.436','VERT-CAT','3'),('40.510.479','VERT-CAT','3'),('40.510.544','VERT-CAT','3'),('40.510.574','VERT-CAT','3'),('40.510.580','VERT-CAT','3'),('40.510.597','VERT-CAT','3'),('40.510.609','VERT-CAT','3'),('40.510.623','VERT-CAT','3'),('40.510.640','VERT-CAT','3'),('40.510.680','VERT-CAT','3'),('40.510.717','VERT-CAT','3'),('40.510.745','VERT-CAT','3'),('40.510.758','VERT-CAT','3'),('40.510.940','VERT-CAT','3'),('40.510.972','VERT-CAT','3'),('40.510.980','VERT-CAT','3'),('40.530.032','VERT-CAT','3'),('40.530.322','VERT-CAT','3'),('40.530.442','VERT-CAT','3'),('40.530.537','VERT-CAT','3'),('40.530.546','VERT-CAT','3'),('40.530.548','VERT-CAT','3'),('40.530.647','VERT-CAT','3'),('40.530.677','VERT-CAT','3'),('40.530.871','VERT-CAT','3'),('40.530.875','VERT-CAT','3'),('40.530.957','VERT-CAT','3'),('40.530.979','VERT-CAT','3'),('40.540.091','VERT-CAT','1'),('40.540.160','VERT-CAT','1'),('40.540.449','VERT-CAT','1'),('40.540.464','VERT-CAT','1'),('40.540.605','VERT-CAT','1'),('40.540.737','VERT-CAT','1'),('40.540.917','VERT-CAT','1'),('40.540.972','VERT-CAT','1'),('40.700.181','VERT-CAT','3'),('40.700.243','VERT-CAT','3'),('40.700.316','VERT-CAT','3'),('40.700.485','VERT-CAT','3'),('40.700.597','VERT-CAT','3'),('40.700.818','VERT-CAT','3'),('40.700.980','VERT-CAT','3'),('40.740.033','VERT-CAT','4'),('40.740.083','VERT-CAT','4'),('40.740.109','VERT-CAT','4'),('40.740.285','VERT-CAT','4'),('40.740.366','VERT-CAT','4'),('40.740.372','VERT-CAT','4'),('40.740.425','VERT-CAT','4'),('40.740.452','VERT-CAT','4'),('40.740.461','VERT-CAT','4'),('40.740.563','VERT-CAT','4'),('40.740.722','VERT-CAT','4'),('40.820.178','VERT-CAT','B'),('40.820.319','VERT-CAT','B'),('40.820.399','VERT-CAT','B'),('40.820.473','VERT-CAT','B'),('40.820.582','VERT-CAT','B'),('40.820.865','VERT-CAT','B'),('40.820.901','VERT-CAT','B'),('40.950.655','VERT-CAT','B'),('40.950.872','VERT-CAT','B'),('40.950.935','VERT-CAT','B'),('40.950.987','VERT-CAT','B'),('40.990.044','VERT-CAT','2'),('40.990.139','VERT-CAT','2'),('40.990.194','VERT-CAT','2'),('40.990.352','VERT-CAT','2'),('40.990.353','VERT-CAT','2'),('40.990.383','VERT-CAT','2'),('40.990.459','VERT-CAT','2'),('40.990.549','VERT-CAT','2'),('40.990.556','VERT-CAT','2'),('40.990.752','VERT-CAT','2'),('40.990.995','VERT-CAT','2'),('40.990.997','VERT-CAT','2'),('41.003.999','VERT-CAT','6'),('41.005.980','VERT-CAT','4'),('41.007.999','VERT-CAT','6'),('41.008.999','VERT-CAT','6'),('41.017.999','VERT-CAT','6'),('41.018.999','VERT-CAT','6'),('41.019.999','VERT-CAT','5'),('41.020.999','VERT-CAT','4'),('41.022.099','VERT-CAT','5'),('41.025.999','VERT-CAT','6'),('41.026.999','VERT-CAT','7'),('41.028.999','VERT-CAT','6'),('41.034.999','VERT-CAT','8'),('41.035.999','VERT-CAT','6'),('41.046.999','VERT-CAT','6'),('41.049.999','VERT-CAT','7'),('41.050.999','VERT-CAT','7'),('41.051.999','VERT-CAT','7'),('41.053.999','VERT-CAT','7'),('41.054.999','VERT-CAT','5'),('41.055.999','VERT-CAT','2'),('41.057.999','VERT-CAT','6'),('41.060.000','VERT-CAT','7'),('41.064.999','VERT-CAT','6'),('41.067.999','VERT-CAT','5'),('41.201.999','VERT-CAT','7'),('41.202.680','VERT-CAT','7'),('41.202.999','VERT-CAT','7'),('41.204.999','VERT-CAT','7'),('41.210.999','VERT-CAT','6'),('41.301.999','VERT-CAT','5'),('41.302.999','VERT-CAT','8'),('42.001.999','MOT-CAT','2'),('42.001.999','PAN-CAT','9'),('42.001.999','ROL-CAT','9'),('42.001.999','ROM-CAT','9'),('42.001.999','ROM-HEM','60'),('42.001.999','SIZE DIMENSIO','2200'),('42.002.999','ROL-CAT','13'),('42.002.999','SIZE DIMENSIO','2000'),('42.003.999','PAN-CAT','7'),('42.003.999','ROL-CAT','7'),('42.003.999','SIZE DIMENSIO','2100'),('42.004.999','PAN-CAT','11'),('42.004.999','ROL-CAT','11'),('42.004.999','ROM-CAT','11'),('42.004.999','ROM-HEM','60'),('42.004.999','SIZE DIMENSIO','2000'),('42.005.980','PAN-CAT','6'),('42.005.980','ROL-CAT','6'),('42.005.980','ROM-CAT','6'),('42.005.980','ROM-HEM','60'),('42.005.980','SIZE DIMENSIO','2000'),('42.006.000','PAN-CAT','8'),('42.006.000','ROL-CAT','8'),('42.006.000','SIZE DIMENSIO','2050'),('42.007.091','MOT-CAT','3'),('42.007.091','PAN-CAT','8'),('42.007.091','ROL-CAT','8'),('42.007.091','ROM-CAT','8'),('42.007.091','ROM-FAB','1'),('42.007.091','ROM-HEM','60'),('42.007.091','SIZE DIMENSIO','2000'),('42.007.281','MOT-CAT','2'),('42.007.281','PAN-CAT','8'),('42.007.281','ROL-CAT','8'),('42.007.281','ROM-CAT','8'),('42.007.281','ROM-FAB','1'),('42.007.281','ROM-HEM','60'),('42.007.281','SIZE DIMENSIO','2000'),('42.007.980','MOT-CAT','2'),('42.007.980','PAN-CAT','8'),('42.007.980','ROL-CAT','8'),('42.007.980','ROM-CAT','8'),('42.007.980','ROM-FAB','1'),('42.007.980','ROM-HEM','60'),('42.007.980','SIZE DIMENSIO','2000'),('42.008.999','PAN-CAT','8'),('42.008.999','ROL-CAT','8'),('42.008.999','ROM-CAT','8'),('42.008.999','SIZE DIMENSIO','2100'),('42.009.999','PAN-CAT','8'),('42.009.999','ROL-CAT','8'),('42.009.999','ROM-CAT','8'),('42.009.999','ROM-HEM','60'),('42.009.999','SIZE DIMENSIO','2100'),('42.010.999','PAN-CAT','8'),('42.010.999','ROL-CAT','8'),('42.010.999','ROM-CAT','8'),('42.010.999','ROM-HEM','60'),('42.010.999','SIZE DIMENSIO','2100'),('42.011.999','PAN-CAT','8'),('42.011.999','ROL-CAT','8'),('42.011.999','ROM-CAT','8'),('42.011.999','SIZE DIMENSIO','2100'),('42.016.214','ROL-CAT','12'),('42.016.214','SIZE DIMENSIO','2000'),('42.016.217','PAN-CAT','12'),('42.016.217','ROL-CAT','12'),('42.016.217','ROM-CAT','12'),('42.016.217','ROM-HEM','60'),('42.016.217','SIZE DIMENSIO','2000'),('42.016.489','PAN-CAT','12'),('42.016.489','ROL-CAT','12'),('42.016.489','ROM-CAT','12'),('42.016.489','SIZE DIMENSIO','2000'),('42.016.999','PAN-CAT','12'),('42.016.999','ROL-CAT','12'),('42.016.999','ROM-CAT','12'),('42.016.999','SIZE DIMENSIO','2000'),('42.018.999','PAN-CAT','10'),('42.018.999','ROL-CAT','10'),('42.018.999','ROM-CAT','10'),('42.018.999','ROM-HEM','60'),('42.018.999','SIZE DIMENSIO','1830'),('42.019.287','PAN-CAT','10'),('42.019.287','ROL-CAT','10'),('42.019.287','ROM-CAT','10'),('42.019.287','ROM-HEM','60'),('42.019.287','SIZE DIMENSIO','1830'),('42.019.529','PAN-CAT','10'),('42.019.529','ROL-CAT','10'),('42.019.529','ROM-CAT','10'),('42.019.529','ROM-HEM','60'),('42.019.529','SIZE DIMENSIO','1830'),('42.019.748','PAN-CAT','10'),('42.019.748','ROL-CAT','10'),('42.019.748','ROM-CAT','10'),('42.019.748','ROM-HEM','60'),('42.019.748','SIZE DIMENSIO','1830'),('42.020.489','PAN-CAT','6'),('42.020.489','ROL-CAT','6'),('42.020.489','ROM-CAT','6'),('42.020.489','ROM-HEM','60'),('42.020.489','SIZE DIMENSIO','2100'),('42.020.999','PAN-CAT','6'),('42.020.999','ROL-CAT','6'),('42.020.999','ROM-CAT','6'),('42.020.999','ROM-HEM','60'),('42.020.999','SIZE DIMENSIO','2100'),('42.021.281','PAN-CAT','8'),('42.021.281','ROL-CAT','8'),('42.021.281','ROM-CAT','8'),('42.021.281','SIZE DIMENSIO','2050'),('42.021.999','PAN-CAT','8'),('42.021.999','ROL-CAT','8'),('42.021.999','ROM-CAT','8'),('42.021.999','SIZE DIMENSIO','2050'),('42.022.999','PAN-CAT','7'),('42.022.999','ROL-CAT','7'),('42.022.999','ROM-CAT','7'),('42.022.999','ROM-HEM','60'),('42.022.999','SIZE DIMENSIO','2050'),('42.023.999','PAN-CAT','7'),('42.023.999','ROL-CAT','7'),('42.023.999','SIZE DIMENSIO','2100'),('42.024.999','PAN-CAT','5'),('42.024.999','ROL-CAT','5'),('42.024.999','ROM-CAT','5'),('42.024.999','SIZE DIMENSIO','2200'),('42.025.999','PAN-CAT','8'),('42.025.999','ROL-CAT','8'),('42.025.999','ROM-CAT','8'),('42.025.999','SIZE DIMENSIO','2400'),('42.026.999','PAN-CAT','9'),('42.026.999','ROL-CAT','9'),('42.026.999','ROM-CAT','9'),('42.026.999','SIZE DIMENSIO','1830'),('42.029.999','PAN-CAT','11'),('42.029.999','ROL-CAT','11'),('42.029.999','ROM-CAT','11'),('42.029.999','SIZE DIMENSIO','2200'),('42.030.999','ROL-CAT','12'),('42.030.999','SIZE DIMENSIO','1800'),('42.033.726','ROL-CAT','11'),('42.033.726','SIZE DIMENSIO','2000'),('42.033.999','ROL-CAT','11'),('42.033.999','SIZE DIMENSIO','2000'),('42.040.999','PAN-CAT','10'),('42.040.999','ROL-CAT','10'),('42.040.999','SIZE DIMENSIO','3000'),('42.042.999','ROL-CAT','8'),('42.042.999','SIZE DIMENSIO','2800'),('42.043.999','ROL-CAT','10'),('42.043.999','SIZE DIMENSIO','1830'),('42.044.999','ROL-CAT','6'),('42.044.999','SIZE DIMENSIO','2000'),('42.046.999','PAN-CAT','9'),('42.046.999','ROL-CAT','9'),('42.046.999','ROM-CAT','9'),('42.046.999','SIZE DIMENSIO','1830'),('42.047.256','PAN-CAT','11'),('42.047.256','ROL-CAT','11'),('42.047.256','ROM-CAT','11'),('42.047.256','ROM-HEM','60'),('42.047.256','SIZE DIMENSIO','2000'),('42.048.999','ROL-CAT','9'),('42.048.999','SIZE DIMENSIO','1830'),('42.049.999','PAN-CAT','8'),('42.049.999','ROL-CAT','8'),('42.049.999','ROM-CAT','8'),('42.049.999','SIZE DIMENSIO','2400'),('42.050.999','ROL-CAT','10'),('42.050.999','SIZE DIMENSIO','1830'),('42.051.999','ROL-CAT','11'),('42.051.999','SIZE DIMENSIO','1800'),('42.052.999','PAN-CAT','12'),('42.052.999','ROL-CAT','12'),('42.052.999','ROM-CAT','12'),('42.052.999','SIZE DIMENSIO','2000'),('42.053.999','ROL-CAT','10'),('42.053.999','ROM-CAT','10'),('42.053.999','ROM-HEM','60'),('42.053.999','SIZE DIMENSIO','1830'),('42.054.999','PAN-CAT','10'),('42.054.999','ROL-CAT','10'),('42.054.999','ROM-CAT','10'),('42.054.999','ROM-HEM','60'),('42.054.999','SIZE DIMENSIO','2000'),('42.055.000','PAN-CAT','11'),('42.055.000','ROL-CAT','11'),('42.055.000','ROM-CAT','11'),('42.055.000','ROM-HEM','60'),('42.055.000','SIZE DIMENSIO','2000'),('42.055.999','ROL-CAT','10'),('42.055.999','SIZE DIMENSIO','2000'),('42.056.999','ROL-CAT','10'),('42.056.999','SIZE DIMENSIO','3000'),('42.057.217','PAN-CAT','6'),('42.057.217','ROL-CAT','6'),('42.057.217','ROM-CAT','6'),('42.057.217','SIZE DIMENSIO','2800'),('42.058.217','ROL-CAT','7'),('42.058.217','SIZE DIMENSIO','2800'),('42.060.000','PAN-CAT','12'),('42.060.000','ROL-CAT','12'),('42.060.000','SIZE DIMENSIO','2000'),('42.060.999','PAN-CAT','12'),('42.060.999','ROL-CAT','12'),('42.060.999','ROM-CAT','12'),('42.060.999','SIZE DIMENSIO','2300'),('42.063.999','PAN-CAT','12'),('42.063.999','ROL-CAT','12'),('42.063.999','ROM-CAT','12'),('42.063.999','SIZE DIMENSIO','2000'),('42.064.999','PAN-CAT','10'),('42.064.999','ROL-CAT','10'),('42.064.999','SIZE DIMENSIO','1830'),('42.065.999','PAN-CAT','10'),('42.065.999','ROL-CAT','10'),('42.065.999','SIZE DIMENSIO','1830'),('42.066.999','ROL-CAT','7'),('42.066.999','SIZE DIMENSIO','2000'),('42.068.999','PAN-CAT','8'),('42.068.999','ROL-CAT','8'),('42.068.999','ROM-CAT','8'),('42.068.999','ROM-HEM','60'),('42.068.999','SIZE DIMENSIO','2800'),('42.075.999','ROL-CAT','6'),('42.075.999','SIZE DIMENSIO','2050'),('42.101.001','MOT-CAT','5'),('42.101.001','PAN-CAT','10'),('42.101.001','ROL-CAT','10'),('42.101.001','ROM-CAT','10'),('42.101.001','ROM-HEM','60'),('42.101.001','SIZE DIMENSIO','3000'),('42.101.180','MOT-CAT','5'),('42.101.180','PAN-CAT','10'),('42.101.180','ROL-CAT','10'),('42.101.180','ROM-CAT','10'),('42.101.180','ROM-HEM','60'),('42.101.180','SIZE DIMENSIO','3000'),('42.101.276','MOT-CAT','5'),('42.101.276','PAN-CAT','10'),('42.101.276','ROL-CAT','10'),('42.101.276','ROM-CAT','10'),('42.101.276','ROM-HEM','60'),('42.101.276','SIZE DIMENSIO','3000'),('42.101.552','MOT-CAT','5'),('42.101.552','PAN-CAT','10'),('42.101.552','ROL-CAT','10'),('42.101.552','ROM-CAT','10'),('42.101.552','ROM-HEM','60'),('42.101.552','SIZE DIMENSIO','3000'),('42.101.589','MOT-CAT','5'),('42.101.589','PAN-CAT','10'),('42.101.589','ROL-CAT','10'),('42.101.589','ROM-CAT','10'),('42.101.589','ROM-HEM','60'),('42.101.589','SIZE DIMENSIO','3000'),('42.101.692','MOT-CAT','5'),('42.101.692','PAN-CAT','10'),('42.101.692','ROL-CAT','10'),('42.101.692','ROM-CAT','10'),('42.101.692','ROM-HEM','60'),('42.101.692','SIZE DIMENSIO','3000'),('42.101.703','MOT-CAT','5'),('42.101.703','PAN-CAT','10'),('42.101.703','ROL-CAT','10'),('42.101.703','ROM-CAT','10'),('42.101.703','ROM-HEM','60'),('42.101.703','SIZE DIMENSIO','3000'),('42.101.743','MOT-CAT','5'),('42.101.743','PAN-CAT','10'),('42.101.743','ROL-CAT','10'),('42.101.743','ROM-CAT','10'),('42.101.743','ROM-HEM','60'),('42.101.743','SIZE DIMENSIO','3000'),('42.101.929','MOT-CAT','5'),('42.101.929','PAN-CAT','10'),('42.101.929','ROL-CAT','10'),('42.101.929','ROM-CAT','10'),('42.101.929','ROM-HEM','60'),('42.101.929','SIZE DIMENSIO','3000'),('42.102.276','MOT-CAT','2'),('42.102.276','PAN-CAT','7'),('42.102.276','ROL-CAT','7'),('42.102.276','ROM-CAT','7'),('42.102.276','ROM-HEM','60'),('42.102.276','SIZE DIMENSIO','3000'),('42.102.552','MOT-CAT','2'),('42.102.552','PAN-CAT','7'),('42.102.552','ROL-CAT','7'),('42.102.552','ROM-CAT','7'),('42.102.552','ROM-HEM','60'),('42.102.552','SIZE DIMENSIO','3000'),('42.102.589','MOT-CAT','2'),('42.102.589','PAN-CAT','7'),('42.102.589','ROL-CAT','7'),('42.102.589','ROM-CAT','7'),('42.102.589','ROM-HEM','60'),('42.102.589','SIZE DIMENSIO','3000'),('42.102.929','MOT-CAT','2'),('42.102.929','PAN-CAT','7'),('42.102.929','ROL-CAT','7'),('42.102.929','ROM-CAT','7'),('42.102.929','ROM-HEM','60'),('42.102.929','SIZE DIMENSIO','3000'),('42.103.257','PAN-CAT','10'),('42.103.257','ROL-CAT','10'),('42.103.257','ROM-CAT','10'),('42.103.257','ROM-HEM','60'),('42.103.257','SIZE DIMENSIO','3000'),('42.103.371','PAN-CAT','10'),('42.103.371','ROL-CAT','10'),('42.103.371','ROM-CAT','10'),('42.103.371','ROM-HEM','60'),('42.103.371','SIZE DIMENSIO','3000'),('42.103.539','PAN-CAT','10'),('42.103.539','ROL-CAT','10'),('42.103.539','ROM-CAT','10'),('42.103.539','ROM-HEM','60'),('42.103.539','SIZE DIMENSIO','3000'),('42.103.613','PAN-CAT','10'),('42.103.613','ROL-CAT','10'),('42.103.613','ROM-CAT','10'),('42.103.613','ROM-HEM','60'),('42.103.613','SIZE DIMENSIO','3000'),('42.103.675','PAN-CAT','10'),('42.103.675','ROL-CAT','10'),('42.103.675','ROM-CAT','10'),('42.103.675','ROM-HEM','60'),('42.103.675','SIZE DIMENSIO','3000'),('42.103.852','PAN-CAT','10'),('42.103.852','ROL-CAT','10'),('42.103.852','ROM-CAT','10'),('42.103.852','ROM-HEM','60'),('42.103.852','SIZE DIMENSIO','3000'),('42.103.932','PAN-CAT','10'),('42.103.932','ROL-CAT','10'),('42.103.932','ROM-CAT','10'),('42.103.932','ROM-HEM','60'),('42.103.932','SIZE DIMENSIO','3000'),('42.103.940','PAN-CAT','10'),('42.103.940','ROL-CAT','10'),('42.103.940','ROM-CAT','10'),('42.103.940','ROM-HEM','60'),('42.103.940','SIZE DIMENSIO','3000'),('42.104.257','PAN-CAT','7'),('42.104.257','ROL-CAT','7'),('42.104.257','ROM-CAT','7'),('42.104.257','ROM-HEM','60'),('42.104.257','SIZE DIMENSIO','3000'),('42.104.371','PAN-CAT','7'),('42.104.371','ROL-CAT','7'),('42.104.371','ROM-CAT','7'),('42.104.371','ROM-HEM','60'),('42.104.371','SIZE DIMENSIO','3000'),('42.104.539','PAN-CAT','7'),('42.104.539','ROL-CAT','7'),('42.104.539','ROM-CAT','7'),('42.104.539','ROM-HEM','60'),('42.104.539','SIZE DIMENSIO','3000'),('42.104.613','PAN-CAT','7'),('42.104.613','ROL-CAT','7'),('42.104.613','ROM-CAT','7'),('42.104.613','ROM-HEM','60'),('42.104.613','SIZE DIMENSIO','3000'),('42.104.675','PAN-CAT','7'),('42.104.675','ROL-CAT','7'),('42.104.675','ROM-CAT','7'),('42.104.675','ROM-HEM','60'),('42.104.675','SIZE DIMENSIO','3000'),('42.104.852','PAN-CAT','7'),('42.104.852','ROL-CAT','7'),('42.104.852','ROM-CAT','7'),('42.104.852','ROM-HEM','60'),('42.104.852','SIZE DIMENSIO','3000'),('42.104.932','PAN-CAT','7'),('42.104.932','ROL-CAT','7'),('42.104.932','ROM-CAT','7'),('42.104.932','ROM-HEM','60'),('42.104.932','SIZE DIMENSIO','3000'),('42.104.940','PAN-CAT','7'),('42.104.940','ROL-CAT','7'),('42.104.940','ROM-CAT','7'),('42.104.940','ROM-HEM','60'),('42.104.940','SIZE DIMENSIO','3000'),('42.105.999','ROL-CAT','8'),('42.105.999','SIZE DIMENSIO','2800'),('42.106.999','ROL-CAT','7'),('42.106.999','SIZE DIMENSIO','2800'),('42.108.000','PAN-CAT','7'),('42.108.000','ROL-CAT','7'),('42.108.000','ROM-CAT','7'),('42.108.000','SIZE DIMENSIO','2800'),('42.108.999','PAN-CAT','8'),('42.108.999','ROL-CAT','8'),('42.108.999','ROM-CAT','8'),('42.108.999','SIZE DIMENSIO','2800'),('42.109.000','PAN-CAT','9'),('42.109.000','ROL-CAT','9'),('42.109.000','ROM-CAT','9'),('42.109.000','SIZE DIMENSIO','2800'),('42.109.999','PAN-CAT','10'),('42.109.999','ROL-CAT','10'),('42.109.999','ROM-CAT','10'),('42.109.999','SIZE DIMENSIO','2800'),('42.110.999','PAN-CAT','7'),('42.110.999','ROL-CAT','7'),('42.110.999','ROM-CAT','7'),('42.110.999','SIZE DIMENSIO','2800'),('42.115.999','PAN-CAT','6'),('42.115.999','ROL-CAT','6'),('42.115.999','ROM-CAT','6'),('42.115.999','ROM-HEM','60'),('42.115.999','SIZE DIMENSIO','2500'),('42.116.999','ROL-CAT','6'),('42.116.999','SIZE DIMENSIO','2800'),('42.147.680','ROL-CAT','8'),('42.147.680','SIZE DIMENSIO','2500'),('42.148.220','PAN-CAT','9'),('42.148.220','ROL-CAT','9'),('42.148.220','ROM-CAT','9'),('42.148.220','SIZE DIMENSIO','2500'),('42.148.224','PAN-CAT','9'),('42.148.224','ROL-CAT','9'),('42.148.224','ROM-CAT','9'),('42.148.224','SIZE DIMENSIO','2500'),('42.148.535','PAN-CAT','9'),('42.148.535','ROL-CAT','9'),('42.148.535','SIZE DIMENSIO','2500'),('42.148.982','PAN-CAT','9'),('42.148.982','ROL-CAT','9'),('42.148.982','ROM-CAT','9'),('42.148.982','SIZE DIMENSIO','2500'),('42.148.993','PAN-CAT','9'),('42.148.993','ROL-CAT','9'),('42.148.993','SIZE DIMENSIO','2500'),('42.148.999','PAN-CAT','9'),('42.148.999','ROL-CAT','9'),('42.148.999','ROM-CAT','9'),('42.148.999','SIZE DIMENSIO','2500'),('42.149.224','ROL-CAT','9'),('42.149.224','SIZE DIMENSIO','3000'),('42.150.218','PAN-CAT','9'),('42.150.218','ROL-CAT','9'),('42.150.218','SIZE DIMENSIO','2500'),('42.150.219','ROL-CAT','9'),('42.150.219','ROM-CAT','9'),('42.150.219','SIZE DIMENSIO','3000'),('42.150.980','ROL-CAT','9'),('42.150.980','SIZE DIMENSIO','2500'),('42.150.999','PAN-CAT','9'),('42.150.999','ROL-CAT','9'),('42.150.999','ROM-CAT','9'),('42.150.999','SIZE DIMENSIO','2500'),('42.151.064','PAN-CAT','4'),('42.151.064','ROL-CAT','4'),('42.151.064','ROM-CAT','4'),('42.151.064','ROM-HEM','60'),('42.151.064','SIZE DIMENSIO','2500'),('42.151.597','PAN-CAT','4'),('42.151.597','ROL-CAT','4'),('42.151.597','ROM-CAT','4'),('42.151.597','ROM-HEM','60'),('42.151.597','SIZE DIMENSIO','2500'),('42.151.733','PAN-CAT','4'),('42.151.733','ROL-CAT','4'),('42.151.733','ROM-CAT','4'),('42.151.733','ROM-HEM','60'),('42.151.733','SIZE DIMENSIO','2500'),('42.152.061','ROL-CAT','4'),('42.152.061','SIZE DIMENSIO','2800'),('42.155.700','PAN-CAT','8'),('42.155.700','ROL-CAT','8'),('42.155.700','ROM-CAT','8'),('42.155.700','ROM-HEM','60'),('42.155.700','SIZE DIMENSIO','2800'),('42.155.999','PAN-CAT','8'),('42.155.999','ROL-CAT','8'),('42.155.999','ROM-CAT','8'),('42.155.999','SIZE DIMENSIO','2800'),('42.156.999','PAN-CAT','6'),('42.156.999','ROL-CAT','6'),('42.156.999','ROM-CAT','6'),('42.156.999','ROM-HEM','60'),('42.156.999','SIZE DIMENSIO','2800'),('42.165.999','PAN-CAT','7'),('42.165.999','ROL-CAT','7'),('42.165.999','ROM-CAT','7'),('42.165.999','ROM-HEM','60'),('42.165.999','SIZE DIMENSIO','3000'),('42.166.999','PAN-CAT','5'),('42.166.999','ROL-CAT','5'),('42.166.999','ROM-CAT','5'),('42.166.999','ROM-HEM','60'),('42.166.999','SIZE DIMENSIO','3000'),('42.201.587','ROL-CAT','7'),('42.201.587','SIZE DIMENSIO','2100'),('42.201.999','PAN-CAT','7'),('42.201.999','ROL-CAT','7'),('42.201.999','SIZE DIMENSIO','2100'),('42.202.091','PAN-CAT','6'),('42.202.091','ROL-CAT','6'),('42.202.091','ROM-CAT','6'),('42.202.091','SIZE DIMENSIO','2100'),('42.202.999','ROL-CAT','5'),('42.202.999','SIZE DIMENSIO','2100'),('42.210.999','PAN-CAT','7'),('42.210.999','ROL-CAT','7'),('42.210.999','ROM-CAT','7'),('42.210.999','SIZE DIMENSIO','2100'),('42.250.999','PAN-CAT','10'),('42.250.999','ROL-CAT','10'),('42.250.999','SIZE DIMENSIO','2800'),('42.260.999','PAN-CAT','7'),('42.260.999','ROL-CAT','7'),('42.260.999','ROM-CAT','7'),('42.260.999','ROM-HEM','60'),('42.260.999','SIZE DIMENSIO','2800'),('42.261.999','PAN-CAT','5'),('42.261.999','ROL-CAT','5'),('42.261.999','ROM-CAT','5'),('42.261.999','ROM-HEM','60'),('42.261.999','SIZE DIMENSIO','2800'),('42.264.999','PAN-CAT','7'),('42.264.999','ROL-CAT','7'),('42.264.999','SIZE DIMENSIO','3000'),('42.265.999','PAN-CAT','4'),('42.265.999','ROL-CAT','4'),('42.265.999','SIZE DIMENSIO','3000'),('42.266.999','PAN-CAT','8'),('42.266.999','ROL-CAT','8'),('42.266.999','ROM-CAT','8'),('42.266.999','ROM-HEM','60'),('42.266.999','SIZE DIMENSIO','2800'),('42.268.999','ROL-CAT','4'),('42.268.999','SIZE DIMENSIO','3000'),('42.269.999','ROL-CAT','8'),('42.269.999','SIZE DIMENSIO','2800'),('42.270.999','PAN-CAT','8'),('42.270.999','ROL-CAT','8'),('42.270.999','SIZE DIMENSIO','2800'),('42.272.999','ROL-CAT','5'),('42.272.999','SIZE DIMENSIO','2500'),('42.274.999','PAN-CAT','5'),('42.274.999','ROL-CAT','5'),('42.274.999','SIZE DIMENSIO','3000'),('42.300.999','PAN-CAT','9'),('42.300.999','ROL-CAT','9'),('42.300.999','SIZE DIMENSIO','3000'),('42.302.999','ROL-CAT','11'),('42.302.999','SIZE DIMENSIO','2950'),('42.304.999','PAN-CAT','9'),('42.304.999','ROL-CAT','9'),('42.304.999','ROM-CAT','9'),('42.304.999','SIZE DIMENSIO','2500'),('42.305.999','PAN-CAT','2'),('42.305.999','ROL-CAT','2'),('42.305.999','ROM-CAT','2'),('42.305.999','SIZE DIMENSIO','2000'),('42.306.999','PAN-CAT','7'),('42.306.999','ROL-CAT','7'),('42.306.999','SIZE DIMENSIO','2500'),('42.307.032','PAN-CAT','7'),('42.307.032','ROL-CAT','7'),('42.307.032','ROM-CAT','7'),('42.307.032','ROM-HEM','60'),('42.307.032','SIZE DIMENSIO','3100'),('42.307.042','PAN-CAT','7'),('42.307.042','ROL-CAT','7'),('42.307.042','SIZE DIMENSIO','2500'),('42.307.091','PAN-CAT','7'),('42.307.091','ROL-CAT','7'),('42.307.091','ROM-CAT','7'),('42.307.091','SIZE DIMENSIO','2500'),('42.307.171','PAN-CAT','7'),('42.307.171','ROL-CAT','7'),('42.307.171','ROM-CAT','7'),('42.307.171','SIZE DIMENSIO','3000'),('42.307.339','PAN-CAT','7'),('42.307.339','ROL-CAT','7'),('42.307.339','ROM-CAT','7'),('42.307.339','ROM-HEM','60'),('42.307.339','SIZE DIMENSIO','2500'),('42.307.363','PAN-CAT','7'),('42.307.363','ROL-CAT','7'),('42.307.363','ROM-CAT','7'),('42.307.363','SIZE DIMENSIO','3000'),('42.307.554','PAN-CAT','7'),('42.307.554','ROL-CAT','7'),('42.307.554','ROM-CAT','7'),('42.307.554','ROM-HEM','60'),('42.307.554','SIZE DIMENSIO','3000'),('42.307.860','PAN-CAT','7'),('42.307.860','ROL-CAT','7'),('42.307.860','ROM-CAT','7'),('42.307.860','ROM-HEM','60'),('42.307.860','SIZE DIMENSIO','3000'),('42.307.868','PAN-CAT','7'),('42.307.868','ROL-CAT','7'),('42.307.868','ROM-CAT','7'),('42.307.868','ROM-HEM','60'),('42.307.868','SIZE DIMENSIO','2500'),('42.308.999','PAN-CAT','5'),('42.308.999','ROL-CAT','5'),('42.308.999','ROM-CAT','5'),('42.308.999','SIZE DIMENSIO','2800'),('42.309.980','PAN-CAT','7'),('42.309.980','ROL-CAT','7'),('42.309.980','ROM-CAT','7'),('42.309.980','ROM-HEM','60'),('42.309.980','SIZE DIMENSIO','3000'),('42.310.066','ROL-CAT','8'),('42.310.066','SIZE DIMENSIO','3000'),('42.310.999','ROL-CAT','8'),('42.310.999','ROM-CAT','8'),('42.310.999','ROM-HEM','60'),('42.310.999','SIZE DIMENSIO','3000'),('42.311.999','ROL-CAT','6'),('42.311.999','SIZE DIMENSIO','2500'),('42.312.999','ROL-CAT','5'),('42.312.999','SIZE DIMENSIO','2400'),('42.313.980','PAN-CAT','9'),('42.313.980','ROL-CAT','9'),('42.313.980','SIZE DIMENSIO','3200'),('42.313.982','PAN-CAT','9'),('42.313.982','ROL-CAT','9'),('42.313.982','ROM-CAT','9'),('42.313.982','ROM-HEM','60'),('42.313.982','SIZE DIMENSIO','3200'),('42.313.999','PAN-CAT','9'),('42.313.999','ROL-CAT','9'),('42.313.999','SIZE DIMENSIO','2500'),('42.314.091','PAN-CAT','9'),('42.314.091','ROL-CAT','9'),('42.314.091','SIZE DIMENSIO','2500'),('42.314.535','PAN-CAT','9'),('42.314.535','ROL-CAT','9'),('42.314.535','SIZE DIMENSIO','3200'),('42.314.982','PAN-CAT','9'),('42.314.982','ROL-CAT','9'),('42.314.982','SIZE DIMENSIO','3200'),('42.314.999','PAN-CAT','9'),('42.314.999','ROL-CAT','9'),('42.314.999','ROM-CAT','9'),('42.314.999','SIZE DIMENSIO','3200'),('42.315.220','PAN-CAT','9'),('42.315.220','ROL-CAT','9'),('42.315.220','ROM-CAT','9'),('42.315.220','ROM-HEM','60'),('42.315.220','SIZE DIMENSIO','3200'),('42.315.221','ROL-CAT','9'),('42.315.221','SIZE DIMENSIO','2500'),('42.315.535','ROL-CAT','9'),('42.315.535','SIZE DIMENSIO','2500'),('42.315.980','PAN-CAT','9'),('42.315.980','ROL-CAT','9'),('42.315.980','SIZE DIMENSIO','2500'),('42.315.982','PAN-CAT','9'),('42.315.982','ROL-CAT','9'),('42.315.982','SIZE DIMENSIO','2500'),('42.315.992','PAN-CAT','9'),('42.315.992','ROL-CAT','9'),('42.315.992','SIZE DIMENSIO','2500'),('42.315.999','PAN-CAT','9'),('42.315.999','ROL-CAT','9'),('42.315.999','ROM-CAT','9'),('42.315.999','ROM-HEM','60'),('42.315.999','SIZE DIMENSIO','3200'),('42.316.171','ROL-CAT','6'),('42.316.171','SIZE DIMENSIO','3000'),('42.316.217','ROL-CAT','6'),('42.316.217','SIZE DIMENSIO','3000'),('42.316.250','PAN-CAT','6'),('42.316.250','ROL-CAT','6'),('42.316.250','ROM-CAT','6'),('42.316.250','SIZE DIMENSIO','3000'),('42.316.546','PAN-CAT','6'),('42.316.546','ROL-CAT','6'),('42.316.546','SIZE DIMENSIO','3000'),('42.316.575','PAN-CAT','6'),('42.316.575','ROL-CAT','6'),('42.316.575','ROM-CAT','6'),('42.316.575','SIZE DIMENSIO','3000'),('42.316.873','PAN-CAT','6'),('42.316.873','ROL-CAT','6'),('42.316.873','ROM-CAT','6'),('42.316.873','SIZE DIMENSIO','3000'),('42.316.902','ROL-CAT','6'),('42.316.902','SIZE DIMENSIO','3000'),('42.316.999','PAN-CAT','6'),('42.316.999','ROL-CAT','6'),('42.316.999','ROM-CAT','6'),('42.316.999','SIZE DIMENSIO','3000'),('42.317.217','PAN-CAT','10'),('42.317.217','ROL-CAT','10'),('42.317.217','ROM-CAT','10'),('42.317.217','SIZE DIMENSIO','2500'),('42.318.999','ROL-CAT','10'),('42.318.999','SIZE DIMENSIO','2400'),('42.319.999','PAN-CAT','7'),('42.319.999','ROL-CAT','7'),('42.319.999','ROM-CAT','7'),('42.319.999','SIZE DIMENSIO','2400'),('42.320.999','PAN-CAT','6'),('42.320.999','ROL-CAT','6'),('42.320.999','ROM-CAT','6'),('42.320.999','SIZE DIMENSIO','2400'),('42.331.999','ROL-CAT','6'),('42.331.999','SIZE DIMENSIO','3200'),('42.349.999','PAN-CAT','10'),('42.349.999','ROL-CAT','10'),('42.349.999','SIZE DIMENSIO','2800'),('42.350.999','PAN-CAT','8'),('42.350.999','ROL-CAT','8'),('42.350.999','ROM-CAT','8'),('42.350.999','SIZE DIMENSIO','3000'),('42.351.999','PAN-CAT','10'),('42.351.999','ROL-CAT','10'),('42.351.999','ROM-CAT','10'),('42.351.999','SIZE DIMENSIO','3000'),('42.381.999','ROL-CAT','8'),('42.381.999','SIZE DIMENSIO','2600'),('42.401.999','PAN-CAT','4'),('42.401.999','ROL-CAT','4'),('42.401.999','ROM-CAT','4'),('42.401.999','SIZE DIMENSIO','2800'),('42.402.999','PAN-CAT','6'),('42.402.999','ROL-CAT','6'),('42.402.999','ROM-CAT','6'),('42.402.999','SIZE DIMENSIO','2800'),('42.501.044','PAN-CAT','8'),('42.501.044','ROL-CAT','8'),('42.501.044','ROM-CAT','8'),('42.501.044','ROM-HEM','60'),('42.501.044','SIZE DIMENSIO','3000'),('42.501.481','PAN-CAT','8'),('42.501.481','ROL-CAT','8'),('42.501.481','ROM-CAT','8'),('42.501.481','ROM-HEM','60'),('42.501.481','SIZE DIMENSIO','3000'),('42.501.698','PAN-CAT','8'),('42.501.698','ROL-CAT','8'),('42.501.698','ROM-CAT','8'),('42.501.698','ROM-HEM','60'),('42.501.698','SIZE DIMENSIO','3000'),('42.502.044','PAN-CAT','6'),('42.502.044','ROL-CAT','6'),('42.502.044','ROM-CAT','6'),('42.502.044','ROM-HEM','60'),('42.502.044','SIZE DIMENSIO','3000'),('42.502.481','ROL-CAT','6'),('42.502.481','SIZE DIMENSIO','3000'),('42.502.999','ROL-CAT','9'),('42.502.999','SIZE DIMENSIO','2950'),('42.505.009','PAN-CAT','8'),('42.505.009','ROL-CAT','8'),('42.505.009','ROM-CAT','8'),('42.505.009','SIZE DIMENSIO','2800'),('42.505.086','PAN-CAT','8'),('42.505.086','ROL-CAT','8'),('42.505.086','ROM-CAT','8'),('42.505.086','SIZE DIMENSIO','2800'),('42.505.248','PAN-CAT','8'),('42.505.248','ROL-CAT','8'),('42.505.248','ROM-CAT','8'),('42.505.248','SIZE DIMENSIO','2800'),('42.505.907','PAN-CAT','8'),('42.505.907','ROL-CAT','8'),('42.505.907','ROM-CAT','8'),('42.505.907','SIZE DIMENSIO','2800'),('42.505.999','PAN-CAT','8'),('42.505.999','ROL-CAT','8'),('42.505.999','ROM-CAT','8'),('42.505.999','SIZE DIMENSIO','2800'),('42.520.980','PAN-CAT','9'),('42.520.980','ROL-CAT','9'),('42.520.980','ROM-CAT','9'),('42.520.980','ROM-HEM','60'),('42.520.980','SIZE DIMENSIO','2950'),('42.600.999','ROL-CAT','7'),('42.600.999','SIZE DIMENSIO','2700'),('42.601.340','PAN-CAT','8'),('42.601.340','ROL-CAT','8'),('42.601.340','SIZE DIMENSIO','2438'),('42.601.489','PAN-CAT','8'),('42.601.489','ROL-CAT','8'),('42.601.489','SIZE DIMENSIO','2438'),('42.601.631','PAN-CAT','8'),('42.601.631','ROL-CAT','8'),('42.601.631','SIZE DIMENSIO','2438'),('42.970.013','MOT-CAT','5'),('42.970.013','PAN-CAT','10'),('42.970.013','ROL-CAT','10'),('42.970.013','ROM-CAT','10'),('42.970.013','ROM-FAB','2'),('42.970.013','ROM-HEM','60'),('42.970.013','SIZE DIMENSIO','2750'),('42.970.229','MOT-CAT','5'),('42.970.229','PAN-CAT','10'),('42.970.229','ROL-CAT','10'),('42.970.229','ROM-CAT','10'),('42.970.229','ROM-FAB','2'),('42.970.229','ROM-HEM','60'),('42.970.229','SIZE DIMENSIO','2750'),('42.970.593','PAN-CAT','10'),('42.970.593','ROL-CAT','10'),('42.970.593','ROM-CAT','10'),('42.970.593','ROM-FAB','2'),('42.970.593','ROM-HEM','60'),('42.970.593','SIZE DIMENSIO','2750'),('42.970.932','PAN-CAT','10'),('42.970.932','ROL-CAT','10'),('42.970.932','ROM-CAT','10'),('42.970.932','ROM-FAB','2'),('42.970.932','ROM-HEM','60'),('42.970.932','SIZE DIMENSIO','2750'),('42.970.960','MOT-CAT','5'),('42.970.960','PAN-CAT','10'),('42.970.960','ROL-CAT','10'),('42.970.960','ROM-CAT','10'),('42.970.960','ROM-FAB','2'),('42.970.960','ROM-HEM','60'),('42.970.960','SIZE DIMENSIO','2750'),('42.971.013','MOT-CAT','3'),('42.971.013','PAN-CAT','8'),('42.971.013','ROL-CAT','8'),('42.971.013','ROM-CAT','8'),('42.971.013','ROM-FAB','1'),('42.971.013','ROM-HEM','60'),('42.971.013','SIZE DIMENSIO','2750'),('42.971.229','MOT-CAT','3'),('42.971.229','PAN-CAT','8'),('42.971.229','ROL-CAT','8'),('42.971.229','ROM-CAT','8'),('42.971.229','ROM-FAB','1'),('42.971.229','ROM-HEM','60'),('42.971.229','SIZE DIMENSIO','2750'),('42.971.593','MOT-CAT','3'),('42.971.593','PAN-CAT','8'),('42.971.593','ROL-CAT','8'),('42.971.593','ROM-CAT','8'),('42.971.593','ROM-FAB','1'),('42.971.593','ROM-HEM','60'),('42.971.593','SIZE DIMENSIO','2750'),('42.971.932','MOT-CAT','3'),('42.971.932','PAN-CAT','8'),('42.971.932','ROL-CAT','8'),('42.971.932','ROM-CAT','8'),('42.971.932','ROM-FAB','1'),('42.971.932','ROM-HEM','60'),('42.971.932','SIZE DIMENSIO','2750'),('42.971.960','PAN-CAT','8'),('42.971.960','ROL-CAT','8'),('42.971.960','ROM-CAT','8'),('42.971.960','ROM-FAB','1'),('42.971.960','ROM-HEM','60'),('42.971.960','SIZE DIMENSIO','2750'),('44.102.464','MOT-CAT','1'),('44.102.464','PAN-CAT','A'),('44.102.464','ROM-CAT','A'),('44.102.464','ROM-FAB','1'),('44.102.464','ROM-HEM','116'),('44.102.464','SIZE DIMENSIO','2750'),('44.102.980','MOT-CAT','1'),('44.102.980','PAN-CAT','A'),('44.102.980','ROM-CAT','A'),('44.102.980','ROM-FAB','1'),('44.102.980','ROM-HEM','116'),('44.102.980','SIZE DIMENSIO','2750'),('44.117.086','ROM-CAT','1'),('44.117.086','ROM-HEM','116'),('44.117.086','SIZE DIMENSIO','2750'),('44.117.593','ROM-CAT','A'),('44.117.593','ROM-HEM','116'),('44.117.593','SIZE DIMENSIO','2750'),('44.117.646','ROM-CAT','A'),('44.117.646','ROM-HEM','116'),('44.117.646','SIZE DIMENSIO','2750'),('44.117.826','ROM-CAT','1'),('44.117.826','ROM-HEM','116'),('44.117.826','SIZE DIMENSIO','2750'),('44.117.868','MOT-CAT','1'),('44.117.868','PAN-CAT','1'),('44.117.868','ROM-CAT','1'),('44.117.868','ROM-FAB','1'),('44.117.868','ROM-HEM','116'),('44.117.868','SIZE DIMENSIO','2750'),('44.118.868','ROM-CAT','1'),('44.118.868','ROM-FAB','1'),('44.118.868','ROM-HEM','116'),('44.118.868','SIZE DIMENSIO','1350'),('44.375.464','ROM-CAT','1'),('44.375.464','ROM-HEM','116'),('44.375.464','SIZE DIMENSIO','2750'),('44.375.646','ROM-CAT','1'),('44.375.646','ROM-HEM','116'),('44.375.646','SIZE DIMENSIO','2750'),('44.375.809','ROM-CAT','1'),('44.375.809','ROM-HEM','116'),('44.375.809','SIZE DIMENSIO','2750'),('44.375.826','ROM-CAT','1'),('44.375.826','ROM-HEM','116'),('44.375.826','SIZE DIMENSIO','2750'),('44.375.980','ROM-CAT','1'),('44.375.980','ROM-HEM','116'),('44.375.980','SIZE DIMENSIO','2750'),('44.461.619','ROM-CAT','1'),('44.461.619','ROM-HEM','116'),('44.461.619','SIZE DIMENSIO','2350'),('44.461.639','ROM-CAT','1'),('44.461.639','ROM-HEM','116'),('44.461.639','SIZE DIMENSIO','2350'),('44.461.674','ROM-CAT','1'),('44.461.674','ROM-HEM','116'),('44.461.674','SIZE DIMENSIO','2350'),('44.461.826','ROM-CAT','1'),('44.461.826','ROM-HEM','116'),('44.461.826','SIZE DIMENSIO','2350'),('45.040.193','MOT-CAT','2'),('45.040.193','PAN-CAT','7'),('45.040.193','ROL-CAT','7'),('45.040.193','ROM-CAT','7'),('45.040.193','ROM-FAB','2'),('45.040.193','ROM-HEM','60'),('45.040.193','SIZE DIMENSIO','2750'),('45.040.204','MOT-CAT','2'),('45.040.204','PAN-CAT','7'),('45.040.204','ROL-CAT','7'),('45.040.204','ROM-CAT','7'),('45.040.204','ROM-FAB','2'),('45.040.204','ROM-HEM','60'),('45.040.204','SIZE DIMENSIO','2750'),('45.040.551','MOT-CAT','2'),('45.040.551','PAN-CAT','7'),('45.040.551','ROL-CAT','7'),('45.040.551','ROM-CAT','7'),('45.040.551','ROM-FAB','2'),('45.040.551','ROM-HEM','60'),('45.040.551','SIZE DIMENSIO','2750'),('45.040.631','MOT-CAT','2'),('45.040.631','PAN-CAT','7'),('45.040.631','ROL-CAT','7'),('45.040.631','ROM-CAT','7'),('45.040.631','ROM-FAB','2'),('45.040.631','ROM-HEM','60'),('45.040.631','SIZE DIMENSIO','2750'),('45.040.674','MOT-CAT','2'),('45.040.674','PAN-CAT','7'),('45.040.674','ROL-CAT','7'),('45.040.674','ROM-CAT','7'),('45.040.674','ROM-FAB','2'),('45.040.674','ROM-HEM','60'),('45.040.674','SIZE DIMENSIO','2750'),('45.040.739','MOT-CAT','2'),('45.040.739','PAN-CAT','7'),('45.040.739','ROL-CAT','7'),('45.040.739','ROM-CAT','7'),('45.040.739','ROM-FAB','2'),('45.040.739','ROM-HEM','60'),('45.040.739','SIZE DIMENSIO','2750'),('45.040.826','MOT-CAT','2'),('45.040.826','PAN-CAT','7'),('45.040.826','ROL-CAT','7'),('45.040.826','ROM-CAT','7'),('45.040.826','ROM-FAB','2'),('45.040.826','ROM-HEM','60'),('45.040.826','SIZE DIMENSIO','2750'),('45.040.870','MOT-CAT','2'),('45.040.870','PAN-CAT','7'),('45.040.870','ROL-CAT','7'),('45.040.870','ROM-CAT','7'),('45.040.870','ROM-FAB','2'),('45.040.870','ROM-HEM','60'),('45.040.870','SIZE DIMENSIO','2750'),('45.040.972','MOT-CAT','2'),('45.040.972','PAN-CAT','7'),('45.040.972','ROL-CAT','7'),('45.040.972','ROM-CAT','7'),('45.040.972','ROM-FAB','2'),('45.040.972','ROM-HEM','60'),('45.040.972','SIZE DIMENSIO','2750'),('45.050.868','PAN-CAT','1'),('45.050.868','ROL-CAT','1'),('45.050.868','ROM-FAB','2'),('45.050.868','SIZE DIMENSIO','2000'),('45.060.049','MOT-CAT','1'),('45.060.049','PAN-CAT','A'),('45.060.049','ROL-CAT','A'),('45.060.049','SIZE DIMENSIO','2400'),('45.060.490','MOT-CAT','1'),('45.060.490','PAN-CAT','A'),('45.060.490','ROL-CAT','A'),('45.060.490','SIZE DIMENSIO','2350'),('45.060.719','MOT-CAT','1'),('45.060.719','PAN-CAT','A'),('45.060.719','ROL-CAT','A'),('45.060.719','SIZE DIMENSIO','2350'),('45.060.838','MOT-CAT','1'),('45.060.838','PAN-CAT','1'),('45.060.838','ROL-CAT','1'),('45.060.838','SIZE DIMENSIO','2350'),('45.060.980','MOT-CAT','1'),('45.060.980','PAN-CAT','1'),('45.060.980','ROL-CAT','1'),('45.060.980','SIZE DIMENSIO','2400'),('45.061.051','MOT-CAT','3'),('45.061.051','PAN-CAT','8'),('45.061.051','ROL-CAT','8'),('45.061.051','ROM-CAT','8'),('45.061.051','ROM-HEM','60'),('45.061.051','SIZE DIMENSIO','2800'),('45.061.091','MOT-CAT','3'),('45.061.091','PAN-CAT','8'),('45.061.091','ROL-CAT','8'),('45.061.091','ROM-CAT','8'),('45.061.091','ROM-HEM','60'),('45.061.091','SIZE DIMENSIO','2800'),('45.061.230','MOT-CAT','3'),('45.061.230','PAN-CAT','8'),('45.061.230','ROL-CAT','8'),('45.061.230','ROM-CAT','8'),('45.061.230','ROM-HEM','60'),('45.061.230','SIZE DIMENSIO','2800'),('45.061.391','MOT-CAT','3'),('45.061.391','PAN-CAT','8'),('45.061.391','ROL-CAT','8'),('45.061.391','ROM-CAT','8'),('45.061.391','ROM-HEM','60'),('45.061.391','SIZE DIMENSIO','2800'),('45.061.583','MOT-CAT','3'),('45.061.583','PAN-CAT','8'),('45.061.583','ROL-CAT','8'),('45.061.583','ROM-CAT','8'),('45.061.583','ROM-HEM','60'),('45.061.583','SIZE DIMENSIO','2800'),('45.061.826','MOT-CAT','3'),('45.061.826','PAN-CAT','8'),('45.061.826','ROL-CAT','8'),('45.061.826','ROM-CAT','8'),('45.061.826','ROM-HEM','60'),('45.061.826','SIZE DIMENSIO','2800'),('45.062.051','MOT-CAT','2'),('45.062.051','PAN-CAT','6'),('45.062.051','ROL-CAT','6'),('45.062.051','ROM-CAT','6'),('45.062.051','ROM-HEM','60'),('45.062.051','SIZE DIMENSIO','2800'),('45.062.091','MOT-CAT','2'),('45.062.091','PAN-CAT','6'),('45.062.091','ROL-CAT','6'),('45.062.091','ROM-CAT','6'),('45.062.091','ROM-HEM','60'),('45.062.091','SIZE DIMENSIO','2800'),('45.062.230','MOT-CAT','2'),('45.062.230','PAN-CAT','6'),('45.062.230','ROL-CAT','6'),('45.062.230','ROM-CAT','6'),('45.062.230','ROM-HEM','60'),('45.062.230','SIZE DIMENSIO','2800'),('45.062.391','MOT-CAT','2'),('45.062.391','PAN-CAT','6'),('45.062.391','ROL-CAT','6'),('45.062.391','ROM-CAT','6'),('45.062.391','ROM-HEM','60'),('45.062.391','SIZE DIMENSIO','2800'),('45.062.583','MOT-CAT','2'),('45.062.583','PAN-CAT','6'),('45.062.583','ROL-CAT','6'),('45.062.583','ROM-CAT','6'),('45.062.583','ROM-HEM','60'),('45.062.583','SIZE DIMENSIO','2800'),('45.062.826','MOT-CAT','2'),('45.062.826','PAN-CAT','6'),('45.062.826','ROL-CAT','6'),('45.062.826','ROM-CAT','6'),('45.062.826','ROM-HEM','60'),('45.062.826','SIZE DIMENSIO','2800'),('45.063.091','PAN-CAT','3'),('45.063.091','ROL-CAT','3'),('45.063.091','SIZE DIMENSIO','2500'),('45.063.281','PAN-CAT','3'),('45.063.281','ROL-CAT','3'),('45.063.281','SIZE DIMENSIO','2500'),('45.063.332','PAN-CAT','3'),('45.063.332','ROL-CAT','3'),('45.063.332','SIZE DIMENSIO','2500'),('45.063.674','PAN-CAT','3'),('45.063.674','ROL-CAT','3'),('45.063.674','SIZE DIMENSIO','2500'),('45.063.701','PAN-CAT','3'),('45.063.701','ROL-CAT','3'),('45.063.701','SIZE DIMENSIO','2500'),('45.063.739','PAN-CAT','3'),('45.063.739','ROL-CAT','3'),('45.063.739','SIZE DIMENSIO','2500'),('45.063.907','PAN-CAT','3'),('45.063.907','ROL-CAT','3'),('45.063.907','SIZE DIMENSIO','2500'),('45.063.994','PAN-CAT','3'),('45.063.994','ROL-CAT','3'),('45.063.994','SIZE DIMENSIO','2500'),('45.064.091','PAN-CAT','3'),('45.064.091','ROL-CAT','3'),('45.064.091','SIZE DIMENSIO','2500'),('45.064.281','PAN-CAT','3'),('45.064.281','ROL-CAT','3'),('45.064.281','SIZE DIMENSIO','2500'),('45.064.701','PAN-CAT','3'),('45.064.701','ROL-CAT','3'),('45.064.701','SIZE DIMENSIO','2500'),('45.064.739','PAN-CAT','3'),('45.064.739','ROL-CAT','3'),('45.064.739','SIZE DIMENSIO','2500'),('45.064.907','PAN-CAT','3'),('45.064.907','ROL-CAT','3'),('45.064.907','SIZE DIMENSIO','2500'),('45.064.994','PAN-CAT','3'),('45.064.994','ROL-CAT','3'),('45.064.994','SIZE DIMENSIO','2500'),('45.068.038','MOT-CAT','1'),('45.068.038','PAN-CAT','1'),('45.068.038','ROL-CAT','1'),('45.068.038','SIZE DIMENSIO','2400'),('45.068.241','MOT-CAT','1'),('45.068.241','PAN-CAT','1'),('45.068.241','ROL-CAT','1'),('45.068.241','SIZE DIMENSIO','2400'),('45.068.868','MOT-CAT','1'),('45.068.868','PAN-CAT','1'),('45.068.868','ROL-CAT','1'),('45.068.868','SIZE DIMENSIO','2400'),('45.070.046','MOT-CAT','1'),('45.070.046','PAN-CAT','1'),('45.070.046','ROL-CAT','1'),('45.070.046','SIZE DIMENSIO','2350'),('45.070.175','MOT-CAT','1'),('45.070.175','PAN-CAT','1'),('45.070.175','ROL-CAT','1'),('45.070.175','SIZE DIMENSIO','2200'),('45.070.237','MEC-CAT','1'),('45.070.237','PAN-CAT','2'),('45.070.237','ROL-CAT','1'),('45.070.237','SIZE DIMENSIO','2200'),('45.070.255','MOT-CAT','1'),('45.070.255','PAN-CAT','1'),('45.070.255','ROL-CAT','1'),('45.070.255','SIZE DIMENSIO','2200'),('45.070.266','MOT-CAT','1'),('45.070.266','PAN-CAT','2'),('45.070.266','ROL-CAT','1'),('45.070.266','SIZE DIMENSIO','2200'),('45.070.289','PAN-CAT','2'),('45.070.289','ROL-CAT','1'),('45.070.289','SIZE DIMENSIO','2200'),('45.070.508','MOT-CAT','1'),('45.070.508','PAN-CAT','1'),('45.070.508','ROL-CAT','1'),('45.070.508','SIZE DIMENSIO','2200'),('45.070.516','MOT-CAT','1'),('45.070.516','PAN-CAT','1'),('45.070.516','ROL-CAT','1'),('45.070.516','SIZE DIMENSIO','2200'),('45.070.603','MOT-CAT','1'),('45.070.603','PAN-CAT','1'),('45.070.603','ROL-CAT','1'),('45.070.603','SIZE DIMENSIO','2350'),('45.070.619','MOT-CAT','1'),('45.070.619','PAN-CAT','1'),('45.070.619','ROL-CAT','1'),('45.070.619','SIZE DIMENSIO','2200'),('45.070.651','MOT-CAT','1'),('45.070.651','PAN-CAT','1'),('45.070.651','ROL-CAT','1'),('45.070.651','SIZE DIMENSIO','2200'),('45.070.664','MOT-CAT','1'),('45.070.664','PAN-CAT','1'),('45.070.664','ROL-CAT','1'),('45.070.664','SIZE DIMENSIO','2350'),('45.070.702','MOT-CAT','1'),('45.070.702','PAN-CAT','1'),('45.070.702','ROL-CAT','1'),('45.070.702','SIZE DIMENSIO','2350'),('45.070.811','MOT-CAT','1'),('45.070.811','PAN-CAT','1'),('45.070.811','ROL-CAT','1'),('45.070.811','SIZE DIMENSIO','2200'),('45.070.830','MOT-CAT','1'),('45.070.830','PAN-CAT','1'),('45.070.830','ROL-CAT','1'),('45.070.830','SIZE DIMENSIO','2200'),('45.070.980','MOT-CAT','1'),('45.070.980','PAN-CAT','1'),('45.070.980','ROL-CAT','1'),('45.070.980','SIZE DIMENSIO','2350'),('45.071.097','MOT-CAT','3'),('45.071.097','PAN-CAT','8'),('45.071.097','ROL-CAT','8'),('45.071.097','ROM-CAT','8'),('45.071.097','ROM-HEM','60'),('45.071.097','SIZE DIMENSIO','2800'),('45.071.217','MOT-CAT','3'),('45.071.217','PAN-CAT','8'),('45.071.217','ROL-CAT','8'),('45.071.217','ROM-CAT','8'),('45.071.217','ROM-HEM','60'),('45.071.217','SIZE DIMENSIO','2800'),('45.071.340','MOT-CAT','3'),('45.071.340','PAN-CAT','8'),('45.071.340','ROL-CAT','8'),('45.071.340','ROM-CAT','8'),('45.071.340','ROM-HEM','60'),('45.071.340','SIZE DIMENSIO','2800'),('45.071.641','MOT-CAT','3'),('45.071.641','PAN-CAT','8'),('45.071.641','ROL-CAT','8'),('45.071.641','ROM-CAT','8'),('45.071.641','ROM-HEM','60'),('45.071.641','SIZE DIMENSIO','2800'),('45.071.907','MOT-CAT','3'),('45.071.907','PAN-CAT','8'),('45.071.907','ROL-CAT','8'),('45.071.907','ROM-CAT','8'),('45.071.907','ROM-HEM','60'),('45.071.907','SIZE DIMENSIO','2800'),('45.072.363','PAN-CAT','1'),('45.072.363','ROL-CAT','1'),('45.072.363','SIZE DIMENSIO','2060'),('45.072.369','PAN-CAT','1'),('45.072.369','ROL-CAT','1'),('45.072.369','SIZE DIMENSIO','2060'),('45.072.980','PAN-CAT','1'),('45.072.980','ROL-CAT','1'),('45.072.980','SIZE DIMENSIO','2060'),('45.073.097','MOT-CAT','2'),('45.073.097','PAN-CAT','6'),('45.073.097','ROL-CAT','6'),('45.073.097','ROM-CAT','6'),('45.073.097','ROM-HEM','60'),('45.073.097','SIZE DIMENSIO','2800'),('45.073.217','MOT-CAT','2'),('45.073.217','PAN-CAT','6'),('45.073.217','ROL-CAT','6'),('45.073.217','ROM-CAT','6'),('45.073.217','ROM-HEM','60'),('45.073.217','SIZE DIMENSIO','2800'),('45.073.340','MOT-CAT','2'),('45.073.340','PAN-CAT','6'),('45.073.340','ROL-CAT','6'),('45.073.340','ROM-CAT','6'),('45.073.340','ROM-HEM','60'),('45.073.340','SIZE DIMENSIO','2800'),('45.073.641','MOT-CAT','2'),('45.073.641','PAN-CAT','6'),('45.073.641','ROL-CAT','6'),('45.073.641','ROM-CAT','6'),('45.073.641','ROM-HEM','60'),('45.073.641','SIZE DIMENSIO','2800'),('45.073.907','MOT-CAT','2'),('45.073.907','PAN-CAT','6'),('45.073.907','ROL-CAT','6'),('45.073.907','ROM-CAT','6'),('45.073.907','ROM-HEM','60'),('45.073.907','SIZE DIMENSIO','2800'),('45.074.045','MOT-CAT','2'),('45.074.045','PAN-CAT','8'),('45.074.045','ROL-CAT','8'),('45.074.045','ROM-CAT','8'),('45.074.045','ROM-HEM','60'),('45.074.045','SIZE DIMENSIO','2800'),('45.074.053','MOT-CAT','2'),('45.074.053','PAN-CAT','8'),('45.074.053','ROL-CAT','8'),('45.074.053','ROM-CAT','8'),('45.074.053','ROM-HEM','60'),('45.074.053','SIZE DIMENSIO','2800'),('45.074.242','MOT-CAT','2'),('45.074.242','PAN-CAT','8'),('45.074.242','ROL-CAT','8'),('45.074.242','ROM-CAT','8'),('45.074.242','ROM-HEM','60'),('45.074.242','SIZE DIMENSIO','2800'),('45.074.535','MOT-CAT','2'),('45.074.535','PAN-CAT','8'),('45.074.535','ROL-CAT','8'),('45.074.535','ROM-CAT','8'),('45.074.535','ROM-FAB','2'),('45.074.535','ROM-HEM','60'),('45.074.535','SIZE DIMENSIO','2800'),('45.074.555','MOT-CAT','2'),('45.074.555','PAN-CAT','8'),('45.074.555','ROL-CAT','8'),('45.074.555','ROM-CAT','8'),('45.074.555','ROM-HEM','60'),('45.074.555','SIZE DIMENSIO','2800'),('45.074.571','MOT-CAT','2'),('45.074.571','PAN-CAT','8'),('45.074.571','ROL-CAT','8'),('45.074.571','ROM-CAT','8'),('45.074.571','ROM-FAB','2'),('45.074.571','ROM-HEM','60'),('45.074.571','SIZE DIMENSIO','2800'),('45.074.573','MOT-CAT','2'),('45.074.573','PAN-CAT','8'),('45.074.573','ROL-CAT','8'),('45.074.573','ROM-CAT','8'),('45.074.573','ROM-FAB','2'),('45.074.573','ROM-HEM','60'),('45.074.573','SIZE DIMENSIO','2800'),('45.074.576','MOT-CAT','2'),('45.074.576','PAN-CAT','8'),('45.074.576','ROL-CAT','8'),('45.074.576','ROM-CAT','8'),('45.074.576','ROM-FAB','2'),('45.074.576','ROM-HEM','60'),('45.074.576','SIZE DIMENSIO','2800'),('45.074.584','MOT-CAT','2'),('45.074.584','PAN-CAT','8'),('45.074.584','ROL-CAT','8'),('45.074.584','ROM-CAT','8'),('45.074.584','ROM-FAB','2'),('45.074.584','ROM-HEM','60'),('45.074.584','SIZE DIMENSIO','2800'),('45.074.651','MOT-CAT','2'),('45.074.651','PAN-CAT','8'),('45.074.651','ROL-CAT','8'),('45.074.651','ROM-CAT','8'),('45.074.651','ROM-FAB','2'),('45.074.651','ROM-HEM','60'),('45.074.651','SIZE DIMENSIO','2800'),('45.074.674','MOT-CAT','2'),('45.074.674','PAN-CAT','8'),('45.074.674','ROL-CAT','8'),('45.074.674','ROM-CAT','8'),('45.074.674','ROM-FAB','2'),('45.074.674','ROM-HEM','60'),('45.074.674','SIZE DIMENSIO','2800'),('45.074.716','MOT-CAT','2'),('45.074.716','PAN-CAT','8'),('45.074.716','ROL-CAT','8'),('45.074.716','ROM-CAT','8'),('45.074.716','ROM-HEM','60'),('45.074.716','SIZE DIMENSIO','2800'),('45.074.764','MOT-CAT','2'),('45.074.764','PAN-CAT','8'),('45.074.764','ROL-CAT','8'),('45.074.764','ROM-CAT','8'),('45.074.764','ROM-FAB','2'),('45.074.764','ROM-HEM','60'),('45.074.764','SIZE DIMENSIO','2800'),('45.074.791','MOT-CAT','2'),('45.074.791','PAN-CAT','8'),('45.074.791','ROL-CAT','8'),('45.074.791','ROM-CAT','8'),('45.074.791','ROM-FAB','2'),('45.074.791','ROM-HEM','60'),('45.074.791','SIZE DIMENSIO','2800'),('45.074.862','MOT-CAT','2'),('45.074.862','PAN-CAT','8'),('45.074.862','ROL-CAT','8'),('45.074.862','ROM-CAT','8'),('45.074.862','ROM-HEM','60'),('45.074.862','SIZE DIMENSIO','2800'),('45.074.884','MOT-CAT','2'),('45.074.884','PAN-CAT','8'),('45.074.884','ROL-CAT','8'),('45.074.884','ROM-CAT','8'),('45.074.884','ROM-FAB','2'),('45.074.884','ROM-HEM','60'),('45.074.884','SIZE DIMENSIO','2800'),('45.074.936','MEC-CAT','2'),('45.074.936','PAN-CAT','8'),('45.074.936','ROL-CAT','8'),('45.074.936','ROM-CAT','8'),('45.074.936','ROM-HEM','60'),('45.074.936','SIZE DIMENSIO','2800'),('45.074.971','MOT-CAT','2'),('45.074.971','PAN-CAT','8'),('45.074.971','ROL-CAT','8'),('45.074.971','ROM-CAT','8'),('45.074.971','ROM-FAB','2'),('45.074.971','ROM-HEM','60'),('45.074.971','SIZE DIMENSIO','2800'),('45.074.980','MOT-CAT','2'),('45.074.980','PAN-CAT','8'),('45.074.980','ROL-CAT','8'),('45.074.980','ROM-CAT','8'),('45.074.980','ROM-FAB','2'),('45.074.980','ROM-HEM','60'),('45.074.980','SIZE DIMENSIO','2800'),('45.074.998','MOT-CAT','2'),('45.074.998','PAN-CAT','8'),('45.074.998','ROL-CAT','8'),('45.074.998','ROM-CAT','8'),('45.074.998','ROM-HEM','60'),('45.074.998','SIZE DIMENSIO','2800'),('45.075.081','MOT-CAT','1'),('45.075.081','PAN-CAT','7'),('45.075.081','ROL-CAT','7'),('45.075.081','ROM-CAT','7'),('45.075.081','ROM-HEM','60'),('45.075.081','SIZE DIMENSIO','2800'),('45.075.324','MOT-CAT','1'),('45.075.324','PAN-CAT','7'),('45.075.324','ROL-CAT','7'),('45.075.324','ROM-CAT','7'),('45.075.324','ROM-HEM','60'),('45.075.324','SIZE DIMENSIO','2800'),('45.075.416','MOT-CAT','1'),('45.075.416','PAN-CAT','7'),('45.075.416','ROL-CAT','7'),('45.075.416','ROM-CAT','7'),('45.075.416','ROM-HEM','60'),('45.075.416','SIZE DIMENSIO','2800'),('45.075.450','MOT-CAT','1'),('45.075.450','PAN-CAT','7'),('45.075.450','ROL-CAT','7'),('45.075.450','ROM-CAT','7'),('45.075.450','ROM-HEM','60'),('45.075.450','SIZE DIMENSIO','2800'),('45.075.478','MOT-CAT','1'),('45.075.478','PAN-CAT','7'),('45.075.478','ROL-CAT','7'),('45.075.478','ROM-CAT','7'),('45.075.478','ROM-HEM','60'),('45.075.478','SIZE DIMENSIO','2800'),('45.075.602','MOT-CAT','1'),('45.075.602','PAN-CAT','7'),('45.075.602','ROL-CAT','7'),('45.075.602','ROM-CAT','7'),('45.075.602','ROM-HEM','60'),('45.075.602','SIZE DIMENSIO','2800'),('45.075.621','MOT-CAT','1'),('45.075.621','PAN-CAT','7'),('45.075.621','ROL-CAT','7'),('45.075.621','ROM-CAT','7'),('45.075.621','ROM-HEM','60'),('45.075.621','SIZE DIMENSIO','2800'),('45.075.774','MOT-CAT','1'),('45.075.774','PAN-CAT','7'),('45.075.774','ROL-CAT','7'),('45.075.774','ROM-CAT','7'),('45.075.774','ROM-HEM','60'),('45.075.774','SIZE DIMENSIO','2800'),('45.075.904','MOT-CAT','1'),('45.075.904','PAN-CAT','7'),('45.075.904','ROL-CAT','7'),('45.075.904','ROM-CAT','7'),('45.075.904','ROM-HEM','60'),('45.075.904','SIZE DIMENSIO','2800'),('45.075.906','MOT-CAT','1'),('45.075.906','PAN-CAT','7'),('45.075.906','ROL-CAT','7'),('45.075.906','ROM-CAT','7'),('45.075.906','ROM-HEM','60'),('45.075.906','SIZE DIMENSIO','2800'),('45.085.171','MOT-CAT','1'),('45.085.171','PAN-CAT','1'),('45.085.171','ROL-CAT','1'),('45.085.171','SIZE DIMENSIO','2500'),('45.085.176','MOT-CAT','1'),('45.085.176','PAN-CAT','1'),('45.085.176','ROL-CAT','1'),('45.085.176','SIZE DIMENSIO','2400'),('45.085.184','MOT-CAT','1'),('45.085.184','PAN-CAT','1'),('45.085.184','ROL-CAT','1'),('45.085.184','SIZE DIMENSIO','2400'),('45.085.194','MOT-CAT','1'),('45.085.194','PAN-CAT','1'),('45.085.194','ROL-CAT','1'),('45.085.194','SIZE DIMENSIO','3000'),('45.085.368','MOT-CAT','1'),('45.085.368','PAN-CAT','1'),('45.085.368','ROL-CAT','1'),('45.085.368','SIZE DIMENSIO','2400'),('45.085.490','MOT-CAT','1'),('45.085.490','PAN-CAT','1'),('45.085.490','ROL-CAT','1'),('45.085.490','SIZE DIMENSIO','3000'),('45.085.526','MOT-CAT','1'),('45.085.526','PAN-CAT','1'),('45.085.526','ROL-CAT','1'),('45.085.526','SIZE DIMENSIO','2400'),('45.085.583','MOT-CAT','1'),('45.085.583','PAN-CAT','1'),('45.085.583','ROL-CAT','1'),('45.085.583','SIZE DIMENSIO','2400'),('45.085.603','MOT-CAT','1'),('45.085.603','PAN-CAT','1'),('45.085.603','ROL-CAT','1'),('45.085.603','SIZE DIMENSIO','2500'),('45.085.613','MOT-CAT','1'),('45.085.613','PAN-CAT','1'),('45.085.613','ROL-CAT','1'),('45.085.613','SIZE DIMENSIO','3000'),('45.085.695','MOT-CAT','1'),('45.085.695','PAN-CAT','1'),('45.085.695','ROL-CAT','1'),('45.085.695','SIZE DIMENSIO','2400'),('45.085.724','MOT-CAT','1'),('45.085.724','PAN-CAT','1'),('45.085.724','ROL-CAT','1'),('45.085.724','SIZE DIMENSIO','2400'),('45.085.746','MOT-CAT','1'),('45.085.746','PAN-CAT','1'),('45.085.746','ROL-CAT','1'),('45.085.746','SIZE DIMENSIO','2400'),('45.085.789','MOT-CAT','1'),('45.085.789','PAN-CAT','1'),('45.085.789','ROL-CAT','1'),('45.085.789','SIZE DIMENSIO','2400'),('45.085.934','MOT-CAT','1'),('45.085.934','PAN-CAT','1'),('45.085.934','ROL-CAT','1'),('45.085.934','SIZE DIMENSIO','2400'),('45.085.980','MOT-CAT','1'),('45.085.980','PAN-CAT','1'),('45.085.980','ROL-CAT','1'),('45.085.980','SIZE DIMENSIO','3000'),('45.100.028','MOT-CAT','1'),('45.100.028','PAN-CAT','1'),('45.100.028','ROL-CAT','2'),('45.100.028','SIZE DIMENSIO','1800'),('45.100.190','MOT-CAT','1'),('45.100.190','PAN-CAT','1'),('45.100.190','ROL-CAT','2'),('45.100.190','SIZE DIMENSIO','1800'),('45.100.269','MOT-CAT','1'),('45.100.269','PAN-CAT','1'),('45.100.269','ROL-CAT','2'),('45.100.269','SIZE DIMENSIO','1800'),('45.100.744','MOT-CAT','1'),('45.100.744','PAN-CAT','1'),('45.100.744','ROL-CAT','2'),('45.100.744','SIZE DIMENSIO','1800'),('45.100.796','MOT-CAT','1'),('45.100.796','PAN-CAT','1'),('45.100.796','ROL-CAT','2'),('45.100.796','SIZE DIMENSIO','1800'),('45.103.091','MOT-CAT','3'),('45.103.091','PAN-CAT','8'),('45.103.091','ROL-CAT','8'),('45.103.091','ROM-CAT','8'),('45.103.091','ROM-HEM','60'),('45.103.091','SIZE DIMENSIO','2800'),('45.103.462','MOT-CAT','3'),('45.103.462','PAN-CAT','8'),('45.103.462','ROL-CAT','8'),('45.103.462','ROM-CAT','8'),('45.103.462','ROM-HEM','60'),('45.103.462','SIZE DIMENSIO','2800'),('45.103.651','MOT-CAT','3'),('45.103.651','PAN-CAT','8'),('45.103.651','ROL-CAT','8'),('45.103.651','ROM-CAT','8'),('45.103.651','ROM-HEM','60'),('45.103.651','SIZE DIMENSIO','2800'),('45.103.800','MOT-CAT','3'),('45.103.800','PAN-CAT','8'),('45.103.800','ROL-CAT','8'),('45.103.800','ROM-CAT','8'),('45.103.800','ROM-HEM','60'),('45.103.800','SIZE DIMENSIO','2800'),('45.103.826','MOT-CAT','3'),('45.103.826','PAN-CAT','8'),('45.103.826','ROL-CAT','8'),('45.103.826','ROM-CAT','8'),('45.103.826','ROM-HEM','60'),('45.103.826','SIZE DIMENSIO','2800'),('45.103.980','MOT-CAT','3'),('45.103.980','PAN-CAT','8'),('45.103.980','ROL-CAT','8'),('45.103.980','ROM-CAT','8'),('45.103.980','ROM-HEM','60'),('45.103.980','SIZE DIMENSIO','2800'),('45.104.091','MOT-CAT','2'),('45.104.091','PAN-CAT','6'),('45.104.091','ROL-CAT','6'),('45.104.091','ROM-CAT','6'),('45.104.091','ROM-HEM','60'),('45.104.091','SIZE DIMENSIO','2800'),('45.104.462','MOT-CAT','2'),('45.104.462','PAN-CAT','6'),('45.104.462','ROL-CAT','6'),('45.104.462','ROM-CAT','6'),('45.104.462','ROM-HEM','60'),('45.104.462','SIZE DIMENSIO','2800'),('45.104.651','MOT-CAT','2'),('45.104.651','PAN-CAT','6'),('45.104.651','ROL-CAT','6'),('45.104.651','ROM-CAT','6'),('45.104.651','ROM-HEM','60'),('45.104.651','SIZE DIMENSIO','2800'),('45.104.800','MOT-CAT','2'),('45.104.800','PAN-CAT','6'),('45.104.800','ROL-CAT','6'),('45.104.800','ROM-CAT','6'),('45.104.800','ROM-HEM','60'),('45.104.800','SIZE DIMENSIO','2800'),('45.104.826','MOT-CAT','2'),('45.104.826','PAN-CAT','6'),('45.104.826','ROL-CAT','6'),('45.104.826','ROM-CAT','6'),('45.104.826','ROM-HEM','60'),('45.104.826','SIZE DIMENSIO','2800'),('45.104.980','MOT-CAT','2'),('45.104.980','PAN-CAT','6'),('45.104.980','ROL-CAT','6'),('45.104.980','ROM-CAT','6'),('45.104.980','ROM-HEM','60'),('45.104.980','SIZE DIMENSIO','2800'),('45.115.172','MOT-CAT','1'),('45.115.172','PAN-CAT','1'),('45.115.172','ROL-CAT','1'),('45.115.172','ROM-CAT','1'),('45.115.172','ROM-FAB','2'),('45.115.172','ROM-HEM','60'),('45.115.172','SIZE DIMENSIO','2400'),('45.115.284','MOT-CAT','1'),('45.115.284','PAN-CAT','1'),('45.115.284','ROL-CAT','1'),('45.115.284','ROM-CAT','1'),('45.115.284','ROM-FAB','2'),('45.115.284','ROM-HEM','60'),('45.115.284','SIZE DIMENSIO','2400'),('45.115.408','MOT-CAT','1'),('45.115.408','PAN-CAT','1'),('45.115.408','ROL-CAT','1'),('45.115.408','ROM-CAT','1'),('45.115.408','ROM-FAB','2'),('45.115.408','ROM-HEM','60'),('45.115.408','SIZE DIMENSIO','2400'),('45.115.613','MOT-CAT','1'),('45.115.613','PAN-CAT','1'),('45.115.613','ROL-CAT','1'),('45.115.613','ROM-CAT','1'),('45.115.613','ROM-FAB','2'),('45.115.613','ROM-HEM','60'),('45.115.613','SIZE DIMENSIO','2400'),('45.115.724','MOT-CAT','1'),('45.115.724','PAN-CAT','1'),('45.115.724','ROL-CAT','1'),('45.115.724','ROM-CAT','1'),('45.115.724','ROM-FAB','2'),('45.115.724','ROM-HEM','60'),('45.115.724','SIZE DIMENSIO','2400'),('45.115.736','MOT-CAT','1'),('45.115.736','PAN-CAT','1'),('45.115.736','ROL-CAT','1'),('45.115.736','ROM-CAT','1'),('45.115.736','ROM-FAB','2'),('45.115.736','ROM-HEM','60'),('45.115.736','SIZE DIMENSIO','2400'),('45.115.747','MOT-CAT','1'),('45.115.747','PAN-CAT','1'),('45.115.747','ROL-CAT','1'),('45.115.747','ROM-CAT','1'),('45.115.747','ROM-FAB','2'),('45.115.747','ROM-HEM','60'),('45.115.747','SIZE DIMENSIO','2400'),('45.115.753','MOT-CAT','1'),('45.115.753','PAN-CAT','1'),('45.115.753','ROL-CAT','1'),('45.115.753','ROM-CAT','1'),('45.115.753','ROM-FAB','2'),('45.115.753','ROM-HEM','60'),('45.115.753','SIZE DIMENSIO','2400'),('45.115.886','MOT-CAT','1'),('45.115.886','PAN-CAT','1'),('45.115.886','ROL-CAT','1'),('45.115.886','ROM-CAT','1'),('45.115.886','ROM-FAB','2'),('45.115.886','ROM-HEM','60'),('45.115.886','SIZE DIMENSIO','2400'),('45.115.980','MOT-CAT','1'),('45.115.980','PAN-CAT','1'),('45.115.980','ROL-CAT','1'),('45.115.980','ROM-CAT','1'),('45.115.980','ROM-FAB','2'),('45.115.980','ROM-HEM','60'),('45.115.980','SIZE DIMENSIO','2400'),('45.116.171','MOT-CAT','1'),('45.116.171','PAN-CAT','1'),('45.116.171','ROL-CAT','1'),('45.116.171','ROM-CAT','1'),('45.116.171','ROM-FAB','1'),('45.116.171','ROM-HEM','60'),('45.116.171','SIZE DIMENSIO','2400'),('45.116.172','MOT-CAT','1'),('45.116.172','PAN-CAT','1'),('45.116.172','ROL-CAT','1'),('45.116.172','ROM-CAT','1'),('45.116.172','ROM-FAB','1'),('45.116.172','ROM-HEM','60'),('45.116.172','SIZE DIMENSIO','2400'),('45.116.284','MOT-CAT','1'),('45.116.284','PAN-CAT','1'),('45.116.284','ROL-CAT','1'),('45.116.284','ROM-CAT','1'),('45.116.284','ROM-FAB','1'),('45.116.284','ROM-HEM','60'),('45.116.284','SIZE DIMENSIO','2400'),('45.116.408','MOT-CAT','1'),('45.116.408','PAN-CAT','1'),('45.116.408','ROL-CAT','1'),('45.116.408','ROM-CAT','1'),('45.116.408','ROM-FAB','1'),('45.116.408','ROM-HEM','60'),('45.116.408','SIZE DIMENSIO','2400'),('45.116.613','MOT-CAT','1'),('45.116.613','PAN-CAT','1'),('45.116.613','ROL-CAT','1'),('45.116.613','ROM-CAT','1'),('45.116.613','ROM-FAB','1'),('45.116.613','ROM-HEM','60'),('45.116.613','SIZE DIMENSIO','2400'),('45.116.724','MOT-CAT','1'),('45.116.724','PAN-CAT','1'),('45.116.724','ROL-CAT','1'),('45.116.724','ROM-CAT','1'),('45.116.724','ROM-FAB','1'),('45.116.724','ROM-HEM','60'),('45.116.724','SIZE DIMENSIO','2400'),('45.116.736','MOT-CAT','1'),('45.116.736','PAN-CAT','1'),('45.116.736','ROL-CAT','1'),('45.116.736','ROM-CAT','1'),('45.116.736','ROM-FAB','1'),('45.116.736','ROM-HEM','60'),('45.116.736','SIZE DIMENSIO','2400'),('45.116.747','MOT-CAT','1'),('45.116.747','PAN-CAT','1'),('45.116.747','ROL-CAT','1'),('45.116.747','ROM-CAT','1'),('45.116.747','ROM-FAB','1'),('45.116.747','ROM-HEM','60'),('45.116.747','SIZE DIMENSIO','2400'),('45.116.753','MOT-CAT','1'),('45.116.753','PAN-CAT','1'),('45.116.753','ROL-CAT','1'),('45.116.753','ROM-CAT','1'),('45.116.753','ROM-FAB','1'),('45.116.753','ROM-HEM','60'),('45.116.753','SIZE DIMENSIO','2400'),('45.116.886','MOT-CAT','1'),('45.116.886','PAN-CAT','1'),('45.116.886','ROL-CAT','1'),('45.116.886','ROM-CAT','1'),('45.116.886','ROM-FAB','1'),('45.116.886','ROM-HEM','60'),('45.116.886','SIZE DIMENSIO','2400'),('45.116.980','MOT-CAT','1'),('45.116.980','PAN-CAT','1'),('45.116.980','ROL-CAT','3'),('45.116.980','ROM-CAT','1'),('45.116.980','ROM-FAB','1'),('45.116.980','ROM-HEM','60'),('45.116.980','SIZE DIMENSIO','2400'),('45.117.086','MOT-CAT','2'),('45.117.086','PAN-CAT','7'),('45.117.086','ROL-CAT','7'),('45.117.086','ROM-CAT','7'),('45.117.086','ROM-FAB','2'),('45.117.086','ROM-HEM','60'),('45.117.086','SIZE DIMENSIO','2750'),('45.117.464','MOT-CAT','2'),('45.117.464','PAN-CAT','7'),('45.117.464','ROL-CAT','7'),('45.117.464','ROM-CAT','7'),('45.117.464','ROM-FAB','2'),('45.117.464','ROM-HEM','60'),('45.117.464','SIZE DIMENSIO','2750'),('45.117.501','MOT-CAT','2'),('45.117.501','PAN-CAT','7'),('45.117.501','ROL-CAT','7'),('45.117.501','ROM-CAT','7'),('45.117.501','ROM-FAB','2'),('45.117.501','ROM-HEM','60'),('45.117.501','SIZE DIMENSIO','2750'),('45.117.593','MOT-CAT','2'),('45.117.593','PAN-CAT','7'),('45.117.593','ROL-CAT','7'),('45.117.593','ROM-CAT','7'),('45.117.593','ROM-FAB','2'),('45.117.593','ROM-HEM','60'),('45.117.593','SIZE DIMENSIO','2750'),('45.117.646','MOT-CAT','2'),('45.117.646','PAN-CAT','7'),('45.117.646','ROL-CAT','7'),('45.117.646','ROM-CAT','7'),('45.117.646','ROM-FAB','2'),('45.117.646','ROM-HEM','60'),('45.117.646','SIZE DIMENSIO','2750'),('45.117.680','MOT-CAT','2'),('45.117.680','PAN-CAT','7'),('45.117.680','ROL-CAT','7'),('45.117.680','ROM-CAT','7'),('45.117.680','ROM-FAB','2'),('45.117.680','ROM-HEM','60'),('45.117.680','SIZE DIMENSIO','2750'),('45.117.758','MOT-CAT','2'),('45.117.758','PAN-CAT','7'),('45.117.758','ROL-CAT','7'),('45.117.758','ROM-CAT','7'),('45.117.758','ROM-FAB','2'),('45.117.758','ROM-HEM','60'),('45.117.758','SIZE DIMENSIO','2750'),('45.117.826','MOT-CAT','2'),('45.117.826','PAN-CAT','7'),('45.117.826','ROL-CAT','7'),('45.117.826','ROM-CAT','7'),('45.117.826','ROM-FAB','2'),('45.117.826','ROM-HEM','60'),('45.117.826','SIZE DIMENSIO','2750'),('45.117.868','MOT-CAT','2'),('45.117.868','PAN-CAT','7'),('45.117.868','ROL-CAT','7'),('45.117.868','ROM-CAT','7'),('45.117.868','ROM-FAB','2'),('45.117.868','ROM-HEM','60'),('45.117.868','SIZE DIMENSIO','2750'),('45.118.086','MOT-CAT','1'),('45.118.086','PAN-CAT','4'),('45.118.086','ROL-CAT','4'),('45.118.086','ROM-CAT','4'),('45.118.086','ROM-FAB','1'),('45.118.086','ROM-HEM','60'),('45.118.086','SIZE DIMENSIO','2750'),('45.118.464','MOT-CAT','1'),('45.118.464','PAN-CAT','5'),('45.118.464','ROL-CAT','5'),('45.118.464','ROM-CAT','5'),('45.118.464','ROM-FAB','1'),('45.118.464','ROM-HEM','60'),('45.118.464','SIZE DIMENSIO','2750'),('45.118.501','MOT-CAT','1'),('45.118.501','PAN-CAT','5'),('45.118.501','ROL-CAT','5'),('45.118.501','ROM-CAT','5'),('45.118.501','ROM-FAB','1'),('45.118.501','ROM-HEM','60'),('45.118.501','SIZE DIMENSIO','2750'),('45.118.593','MOT-CAT','1'),('45.118.593','PAN-CAT','5'),('45.118.593','ROL-CAT','5'),('45.118.593','ROM-CAT','5'),('45.118.593','ROM-FAB','1'),('45.118.593','ROM-HEM','60'),('45.118.593','SIZE DIMENSIO','2750'),('45.118.646','MOT-CAT','1'),('45.118.646','PAN-CAT','5'),('45.118.646','ROL-CAT','5'),('45.118.646','ROM-CAT','5'),('45.118.646','ROM-FAB','1'),('45.118.646','ROM-HEM','60'),('45.118.646','SIZE DIMENSIO','2750'),('45.118.680','MOT-CAT','1'),('45.118.680','PAN-CAT','5'),('45.118.680','ROL-CAT','5'),('45.118.680','ROM-CAT','5'),('45.118.680','ROM-FAB','1'),('45.118.680','ROM-HEM','60'),('45.118.680','SIZE DIMENSIO','2750'),('45.118.758','MOT-CAT','1'),('45.118.758','PAN-CAT','5'),('45.118.758','ROL-CAT','5'),('45.118.758','ROM-CAT','5'),('45.118.758','ROM-FAB','1'),('45.118.758','ROM-HEM','60'),('45.118.758','SIZE DIMENSIO','2750'),('45.118.826','MOT-CAT','1'),('45.118.826','PAN-CAT','5'),('45.118.826','ROL-CAT','5'),('45.118.826','ROM-CAT','5'),('45.118.826','ROM-FAB','1'),('45.118.826','ROM-HEM','60'),('45.118.826','SIZE DIMENSIO','2750'),('45.118.868','MOT-CAT','1'),('45.118.868','PAN-CAT','5'),('45.118.868','ROL-CAT','5'),('45.118.868','ROM-CAT','5'),('45.118.868','ROM-FAB','1'),('45.118.868','ROM-HEM','60'),('45.118.868','SIZE DIMENSIO','2750'),('45.119.075','MOT-CAT','1'),('45.119.075','PAN-CAT','1'),('45.119.075','ROL-CAT','1'),('45.119.075','ROM-CAT',''),('45.119.075','SIZE DIMENSIO','2400'),('45.119.980','MOT-CAT','1'),('45.119.980','PAN-CAT','1'),('45.119.980','ROL-CAT','1'),('45.119.980','SIZE DIMENSIO','2400'),('45.119.994','MOT-CAT','1'),('45.119.994','PAN-CAT','1'),('45.119.994','ROL-CAT','1'),('45.119.994','SIZE DIMENSIO','2400'),('45.125.217','MOT-CAT','3'),('45.125.217','PAN-CAT','6'),('45.125.217','ROL-CAT','6'),('45.125.217','ROM-CAT','6'),('45.125.217','ROM-HEM','60'),('45.125.217','SIZE DIMENSIO','2400'),('45.125.236','MOT-CAT','3'),('45.125.236','PAN-CAT','6'),('45.125.236','ROL-CAT','6'),('45.125.236','ROM-CAT','6'),('45.125.236','ROM-HEM','60'),('45.125.236','SIZE DIMENSIO','2400'),('45.125.243','MOT-CAT','3'),('45.125.243','PAN-CAT','6'),('45.125.243','ROL-CAT','6'),('45.125.243','ROM-CAT','6'),('45.125.243','ROM-HEM','60'),('45.125.243','SIZE DIMENSIO','2400'),('45.125.316','MOT-CAT','3'),('45.125.316','PAN-CAT','6'),('45.125.316','ROL-CAT','6'),('45.125.316','ROM-CAT','6'),('45.125.316','ROM-HEM','60'),('45.125.316','SIZE DIMENSIO','2400'),('45.125.485','MOT-CAT','3'),('45.125.485','PAN-CAT','6'),('45.125.485','ROL-CAT','6'),('45.125.485','ROM-CAT','6'),('45.125.485','ROM-HEM','60'),('45.125.485','SIZE DIMENSIO','2400'),('45.125.588','MOT-CAT','3'),('45.125.588','PAN-CAT','6'),('45.125.588','ROL-CAT','6'),('45.125.588','ROM-CAT','6'),('45.125.588','ROM-HEM','60'),('45.125.588','SIZE DIMENSIO','2400'),('45.125.597','MOT-CAT','3'),('45.125.597','PAN-CAT','6'),('45.125.597','ROL-CAT','6'),('45.125.597','ROM-CAT','6'),('45.125.597','ROM-HEM','60'),('45.125.597','SIZE DIMENSIO','2400'),('45.125.614','MOT-CAT','3'),('45.125.614','PAN-CAT','6'),('45.125.614','ROL-CAT','6'),('45.125.614','ROM-CAT','6'),('45.125.614','ROM-HEM','60'),('45.125.614','SIZE DIMENSIO','2400'),('45.125.640','MOT-CAT','3'),('45.125.640','PAN-CAT','6'),('45.125.640','ROL-CAT','6'),('45.125.640','ROM-CAT','6'),('45.125.640','ROM-HEM','60'),('45.125.640','SIZE DIMENSIO','2400'),('45.125.747','MOT-CAT','3'),('45.125.747','PAN-CAT','6'),('45.125.747','ROL-CAT','6'),('45.125.747','ROM-CAT','6'),('45.125.747','ROM-HEM','60'),('45.125.747','SIZE DIMENSIO','2400'),('45.125.758','MOT-CAT','3'),('45.125.758','PAN-CAT','6'),('45.125.758','ROL-CAT','6'),('45.125.758','ROM-CAT','6'),('45.125.758','ROM-HEM','60'),('45.125.758','SIZE DIMENSIO','2400'),('45.125.771','MOT-CAT','3'),('45.125.771','PAN-CAT','6'),('45.125.771','ROL-CAT','6'),('45.125.771','ROM-CAT','6'),('45.125.771','ROM-HEM','60'),('45.125.771','SIZE DIMENSIO','2400'),('45.125.818','MOT-CAT','3'),('45.125.818','PAN-CAT','6'),('45.125.818','ROL-CAT','6'),('45.125.818','ROM-CAT','6'),('45.125.818','ROM-HEM','60'),('45.125.818','SIZE DIMENSIO','2400'),('45.125.960','MOT-CAT','3'),('45.125.960','PAN-CAT','6'),('45.125.960','ROL-CAT','6'),('45.125.960','ROM-CAT','6'),('45.125.960','ROM-HEM','60'),('45.125.960','SIZE DIMENSIO','2400'),('45.125.977','MOT-CAT','3'),('45.125.977','PAN-CAT','6'),('45.125.977','ROL-CAT','6'),('45.125.977','ROM-CAT','6'),('45.125.977','ROM-HEM','60'),('45.125.977','SIZE DIMENSIO','2400'),('45.125.980','MOT-CAT','3'),('45.125.980','PAN-CAT','6'),('45.125.980','ROL-CAT','6'),('45.125.980','ROM-CAT','6'),('45.125.980','ROM-HEM','60'),('45.125.980','SIZE DIMENSIO','2400'),('45.127.091','MOT-CAT','1'),('45.127.091','PAN-CAT','7'),('45.127.091','ROL-CAT','7'),('45.127.091','ROM-CAT','7'),('45.127.091','ROM-FAB','2'),('45.127.091','ROM-HEM','60'),('45.127.091','SIZE DIMENSIO','2500'),('45.127.355','MOT-CAT','1'),('45.127.355','PAN-CAT','7'),('45.127.355','ROL-CAT','7'),('45.127.355','ROM-CAT','7'),('45.127.355','ROM-FAB','2'),('45.127.355','ROM-HEM','60'),('45.127.355','SIZE DIMENSIO','2500'),('45.127.439','MOT-CAT','1'),('45.127.439','PAN-CAT','7'),('45.127.439','ROL-CAT','7'),('45.127.439','ROM-CAT','7'),('45.127.439','ROM-FAB','2'),('45.127.439','ROM-HEM','60'),('45.127.439','SIZE DIMENSIO','2500'),('45.127.464','MOT-CAT','1'),('45.127.464','PAN-CAT','7'),('45.127.464','ROL-CAT','7'),('45.127.464','ROM-CAT','7'),('45.127.464','ROM-FAB','2'),('45.127.464','ROM-HEM','60'),('45.127.464','SIZE DIMENSIO','2500'),('45.127.680','MOT-CAT','1'),('45.127.680','PAN-CAT','7'),('45.127.680','ROL-CAT','7'),('45.127.680','ROM-CAT','7'),('45.127.680','ROM-FAB','2'),('45.127.680','ROM-HEM','60'),('45.127.680','SIZE DIMENSIO','2500'),('45.127.818','MOT-CAT','1'),('45.127.818','PAN-CAT','7'),('45.127.818','ROL-CAT','7'),('45.127.818','ROM-CAT','7'),('45.127.818','ROM-FAB','2'),('45.127.818','ROM-HEM','60'),('45.127.818','SIZE DIMENSIO','2500'),('45.127.940','MOT-CAT','1'),('45.127.940','PAN-CAT','7'),('45.127.940','ROL-CAT','7'),('45.127.940','ROM-CAT','7'),('45.127.940','ROM-HEM','60'),('45.127.940','SIZE DIMENSIO','2500'),('45.127.980','MOT-CAT','1'),('45.127.980','PAN-CAT','7'),('45.127.980','ROL-CAT','7'),('45.127.980','ROM-CAT','7'),('45.127.980','ROM-FAB','2'),('45.127.980','ROM-HEM','60'),('45.127.980','SIZE DIMENSIO','2500'),('45.128.097','MOT-CAT','5'),('45.128.097','PAN-CAT','8'),('45.128.097','ROL-CAT','8'),('45.128.097','ROM-CAT','8'),('45.128.097','ROM-HEM','60'),('45.128.097','SIZE DIMENSIO','2800'),('45.128.257','MOT-CAT','5'),('45.128.257','PAN-CAT','8'),('45.128.257','ROL-CAT','8'),('45.128.257','ROM-CAT','8'),('45.128.257','ROM-HEM','60'),('45.128.257','SIZE DIMENSIO','2800'),('45.128.326','MOT-CAT','5'),('45.128.326','PAN-CAT','8'),('45.128.326','ROL-CAT','8'),('45.128.326','ROM-CAT','8'),('45.128.326','ROM-HEM','60'),('45.128.326','SIZE DIMENSIO','2800'),('45.128.358','MOT-CAT','5'),('45.128.358','PAN-CAT','8'),('45.128.358','ROL-CAT','8'),('45.128.358','ROM-CAT','8'),('45.128.358','ROM-HEM','60'),('45.128.358','SIZE DIMENSIO','2800'),('45.128.430','MOT-CAT','5'),('45.128.430','PAN-CAT','8'),('45.128.430','ROL-CAT','8'),('45.128.430','ROM-CAT','8'),('45.128.430','ROM-HEM','60'),('45.128.430','SIZE DIMENSIO','2800'),('45.128.573','MOT-CAT','5'),('45.128.573','PAN-CAT','8'),('45.128.573','ROL-CAT','8'),('45.128.573','ROM-CAT','8'),('45.128.573','ROM-HEM','60'),('45.128.573','SIZE DIMENSIO','2800'),('45.128.583','MOT-CAT','5'),('45.128.583','PAN-CAT','8'),('45.128.583','ROL-CAT','8'),('45.128.583','ROM-CAT','8'),('45.128.583','ROM-HEM','60'),('45.128.583','SIZE DIMENSIO','2800'),('45.128.651','MOT-CAT','5'),('45.128.651','PAN-CAT','8'),('45.128.651','ROL-CAT','8'),('45.128.651','ROM-CAT','8'),('45.128.651','ROM-HEM','60'),('45.128.651','SIZE DIMENSIO','2800'),('45.128.821','MOT-CAT','5'),('45.128.821','PAN-CAT','8'),('45.128.821','ROL-CAT','8'),('45.128.821','ROM-CAT','8'),('45.128.821','ROM-HEM','60'),('45.128.821','SIZE DIMENSIO','2800'),('45.128.851','MOT-CAT','5'),('45.128.851','PAN-CAT','8'),('45.128.851','ROL-CAT','8'),('45.128.851','ROM-CAT','8'),('45.128.851','ROM-HEM','60'),('45.128.851','SIZE DIMENSIO','2800'),('45.129.097','MOT-CAT','3'),('45.129.097','PAN-CAT','7'),('45.129.097','ROL-CAT','7'),('45.129.097','ROM-CAT','7'),('45.129.097','ROM-HEM','60'),('45.129.097','SIZE DIMENSIO','2800'),('45.129.257','MOT-CAT','3'),('45.129.257','PAN-CAT','7'),('45.129.257','ROL-CAT','7'),('45.129.257','ROM-CAT','7'),('45.129.257','ROM-HEM','60'),('45.129.257','SIZE DIMENSIO','2800'),('45.129.326','MOT-CAT','3'),('45.129.326','PAN-CAT','7'),('45.129.326','ROL-CAT','7'),('45.129.326','ROM-CAT','7'),('45.129.326','ROM-HEM','60'),('45.129.326','SIZE DIMENSIO','2800'),('45.129.358','MOT-CAT','3'),('45.129.358','PAN-CAT','7'),('45.129.358','ROL-CAT','7'),('45.129.358','ROM-CAT','7'),('45.129.358','ROM-HEM','60'),('45.129.358','SIZE DIMENSIO','2800'),('45.129.430','MOT-CAT','3'),('45.129.430','PAN-CAT','7'),('45.129.430','ROL-CAT','7'),('45.129.430','ROM-CAT','7'),('45.129.430','ROM-HEM','60'),('45.129.430','SIZE DIMENSIO','2800'),('45.129.573','MOT-CAT','3'),('45.129.573','PAN-CAT','7'),('45.129.573','ROL-CAT','7'),('45.129.573','ROM-CAT','7'),('45.129.573','ROM-HEM','60'),('45.129.573','SIZE DIMENSIO','2800'),('45.129.583','MOT-CAT','3'),('45.129.583','PAN-CAT','7'),('45.129.583','ROL-CAT','7'),('45.129.583','ROM-CAT','7'),('45.129.583','ROM-HEM','60'),('45.129.583','SIZE DIMENSIO','2800'),('45.129.651','MOT-CAT','3'),('45.129.651','PAN-CAT','7'),('45.129.651','ROL-CAT','7'),('45.129.651','ROM-CAT','7'),('45.129.651','ROM-HEM','60'),('45.129.651','SIZE DIMENSIO','2800'),('45.129.821','MOT-CAT','3'),('45.129.821','PAN-CAT','7'),('45.129.821','ROL-CAT','7'),('45.129.821','ROM-CAT','7'),('45.129.821','ROM-HEM','60'),('45.129.821','SIZE DIMENSIO','2800'),('45.129.851','MOT-CAT','3'),('45.129.851','PAN-CAT','7'),('45.129.851','ROL-CAT','7'),('45.129.851','ROM-CAT','7'),('45.129.851','ROM-HEM','60'),('45.129.851','SIZE DIMENSIO','2800'),('45.130.091','MOT-CAT','1'),('45.130.091','PAN-CAT','3'),('45.130.091','ROL-CAT','3'),('45.130.091','ROM-CAT','3'),('45.130.091','ROM-HEM','60'),('45.130.091','SIZE DIMENSIO','2500'),('45.130.099','MOT-CAT','1'),('45.130.099','PAN-CAT','3'),('45.130.099','ROL-CAT','3'),('45.130.099','ROM-CAT','3'),('45.130.099','ROM-HEM','60'),('45.130.099','SIZE DIMENSIO','2500'),('45.130.101','MOT-CAT','1'),('45.130.101','PAN-CAT','3'),('45.130.101','ROL-CAT','3'),('45.130.101','ROM-CAT','3'),('45.130.101','ROM-HEM','60'),('45.130.101','SIZE DIMENSIO','2500'),('45.130.190','MOT-CAT','1'),('45.130.190','PAN-CAT','3'),('45.130.190','ROL-CAT','3'),('45.130.190','ROM-CAT','3'),('45.130.190','ROM-HEM','60'),('45.130.190','SIZE DIMENSIO','2500'),('45.130.196','MOT-CAT','1'),('45.130.196','PAN-CAT','1'),('45.130.196','ROL-CAT','1'),('45.130.196','SIZE DIMENSIO','2500'),('45.130.286','MOT-CAT','1'),('45.130.286','PAN-CAT','1'),('45.130.286','ROL-CAT','1'),('45.130.286','SIZE DIMENSIO','2500'),('45.130.297','MOT-CAT','1'),('45.130.297','PAN-CAT','1'),('45.130.297','ROL-CAT','1'),('45.130.297','ROM-CAT','1'),('45.130.297','ROM-FAB','1'),('45.130.297','ROM-HEM','60'),('45.130.297','SIZE DIMENSIO','2500'),('45.130.535','MOT-CAT','1'),('45.130.535','PAN-CAT','3'),('45.130.535','ROL-CAT','3'),('45.130.535','ROM-CAT','3'),('45.130.535','ROM-HEM','60'),('45.130.535','SIZE DIMENSIO','2500'),('45.130.545','MOT-CAT','1'),('45.130.545','PAN-CAT','3'),('45.130.545','ROL-CAT','3'),('45.130.545','ROM-CAT','3'),('45.130.545','ROM-HEM','60'),('45.130.545','SIZE DIMENSIO','2500'),('45.130.558','MOT-CAT','1'),('45.130.558','PAN-CAT','1'),('45.130.558','ROL-CAT','1'),('45.130.558','ROM-CAT','1'),('45.130.558','ROM-FAB','1'),('45.130.558','ROM-HEM','60'),('45.130.558','SIZE DIMENSIO','2500'),('45.130.596','MOT-CAT','1'),('45.130.596','PAN-CAT','1'),('45.130.596','ROL-CAT','1'),('45.130.596','ROM-CAT','1'),('45.130.596','ROM-FAB','1'),('45.130.596','ROM-HEM','60'),('45.130.596','SIZE DIMENSIO','2500'),('45.130.805','MOT-CAT','1'),('45.130.805','PAN-CAT','1'),('45.130.805','ROL-CAT','1'),('45.130.805','ROM-CAT','1'),('45.130.805','ROM-FAB','1'),('45.130.805','ROM-HEM','60'),('45.130.805','SIZE DIMENSIO','2500'),('45.130.903','MOT-CAT','1'),('45.130.903','PAN-CAT','1'),('45.130.903','ROL-CAT','1'),('45.130.903','ROM-CAT','1'),('45.130.903','ROM-FAB','1'),('45.130.903','ROM-HEM','60'),('45.130.903','SIZE DIMENSIO','2500'),('45.130.952','MOT-CAT','1'),('45.130.952','PAN-CAT','1'),('45.130.952','ROL-CAT','1'),('45.130.952','ROM-CAT','1'),('45.130.952','SIZE DIMENSIO','2500'),('45.130.980','MOT-CAT','1'),('45.130.980','PAN-CAT','3'),('45.130.980','ROL-CAT','3'),('45.130.980','ROM-CAT','3'),('45.130.980','ROM-HEM','60'),('45.130.980','SIZE DIMENSIO','2000'),('45.130.982','MOT-CAT','1'),('45.130.982','PAN-CAT','3'),('45.130.982','ROL-CAT','3'),('45.130.982','ROM-CAT','3'),('45.130.982','ROM-HEM','60'),('45.130.982','SIZE DIMENSIO','2500'),('45.130.989','MOT-CAT','1'),('45.130.989','PAN-CAT','3'),('45.130.989','ROL-CAT','3'),('45.130.989','ROM-CAT','3'),('45.130.989','ROM-HEM','60'),('45.130.989','SIZE DIMENSIO','2500'),('45.130.990','MOT-CAT','1'),('45.130.990','PAN-CAT','3'),('45.130.990','ROL-CAT','3'),('45.130.990','ROM-CAT','3'),('45.130.990','ROM-HEM','60'),('45.130.990','SIZE DIMENSIO','2500'),('45.130.993','MOT-CAT','1'),('45.130.993','PAN-CAT','3'),('45.130.993','ROL-CAT','3'),('45.130.993','ROM-CAT','3'),('45.130.993','ROM-HEM','60'),('45.130.993','SIZE DIMENSIO','2500'),('45.131.091','MOT-CAT','1'),('45.131.091','PAN-CAT','3'),('45.131.091','ROL-CAT','3'),('45.131.091','ROM-CAT','3'),('45.131.091','ROM-HEM','60'),('45.131.091','SIZE DIMENSIO','3000'),('45.131.099','MOT-CAT','1'),('45.131.099','PAN-CAT','3'),('45.131.099','ROL-CAT','3'),('45.131.099','ROM-CAT','3'),('45.131.099','ROM-HEM','60'),('45.131.099','SIZE DIMENSIO','3000'),('45.131.101','MOT-CAT','1'),('45.131.101','PAN-CAT','3'),('45.131.101','ROL-CAT','3'),('45.131.101','ROM-CAT','3'),('45.131.101','ROM-HEM','60'),('45.131.101','SIZE DIMENSIO','3000'),('45.131.190','MOT-CAT','1'),('45.131.190','PAN-CAT','3'),('45.131.190','ROL-CAT','3'),('45.131.190','ROM-CAT','3'),('45.131.190','ROM-HEM','60'),('45.131.190','SIZE DIMENSIO','3000'),('45.131.196','MOT-CAT','1'),('45.131.196','PAN-CAT','1'),('45.131.196','ROL-CAT','1'),('45.131.196','ROM-CAT','1'),('45.131.196','SIZE DIMENSIO','3000'),('45.131.535','MOT-CAT','1'),('45.131.535','PAN-CAT','3'),('45.131.535','ROL-CAT','3'),('45.131.535','ROM-CAT','3'),('45.131.535','ROM-HEM','60'),('45.131.535','SIZE DIMENSIO','3000'),('45.131.596','MOT-CAT','1'),('45.131.596','PAN-CAT','3'),('45.131.596','ROL-CAT','3'),('45.131.596','ROM-CAT','3'),('45.131.596','ROM-HEM','60'),('45.131.596','SIZE DIMENSIO','3000'),('45.131.903','MOT-CAT','1'),('45.131.903','PAN-CAT','1'),('45.131.903','ROL-CAT','1'),('45.131.903','ROM-CAT','1'),('45.131.903','SIZE DIMENSIO','3000'),('45.131.980','MOT-CAT','1'),('45.131.980','PAN-CAT','3'),('45.131.980','ROL-CAT','3'),('45.131.980','ROM-CAT','3'),('45.131.980','ROM-HEM','60'),('45.131.980','SIZE DIMENSIO','3000'),('45.131.982','MOT-CAT','1'),('45.131.982','PAN-CAT','3'),('45.131.982','ROL-CAT','3'),('45.131.982','ROM-CAT','3'),('45.131.982','ROM-HEM','60'),('45.131.982','SIZE DIMENSIO','3000'),('45.131.989','MOT-CAT','1'),('45.131.989','PAN-CAT','3'),('45.131.989','ROL-CAT','3'),('45.131.989','ROM-CAT','3'),('45.131.989','ROM-HEM','60'),('45.131.989','SIZE DIMENSIO','3000'),('45.131.990','MOT-CAT','1'),('45.131.990','PAN-CAT','3'),('45.131.990','ROL-CAT','3'),('45.131.990','ROM-CAT','3'),('45.131.990','ROM-HEM','60'),('45.131.990','SIZE DIMENSIO','3000'),('45.131.993','MOT-CAT','1'),('45.131.993','PAN-CAT','3'),('45.131.993','ROL-CAT','3'),('45.131.993','ROM-CAT','3'),('45.131.993','ROM-HEM','60'),('45.131.993','SIZE DIMENSIO','3000'),('45.135.342','MOT-CAT','1'),('45.135.342','PAN-CAT','1'),('45.135.342','ROL-CAT','1'),('45.135.342','SIZE DIMENSIO','2500'),('45.135.464','MOT-CAT','1'),('45.135.464','PAN-CAT','1'),('45.135.464','ROL-CAT','1'),('45.135.464','SIZE DIMENSIO','2500'),('45.135.517','MOT-CAT','1'),('45.135.517','PAN-CAT','1'),('45.135.517','ROL-CAT','1'),('45.135.517','SIZE DIMENSIO','2500'),('45.135.680','MOT-CAT','1'),('45.135.680','PAN-CAT','1'),('45.135.680','ROL-CAT','1'),('45.135.680','ROM-CAT','1'),('45.135.680','ROM-HEM','60'),('45.135.680','SIZE DIMENSIO','2500'),('45.135.807','MOT-CAT','1'),('45.135.807','PAN-CAT','1'),('45.135.807','ROL-CAT','1'),('45.135.807','SIZE DIMENSIO','2500'),('45.135.868','MOT-CAT','1'),('45.135.868','PAN-CAT','1'),('45.135.868','ROL-CAT','1'),('45.135.868','SIZE DIMENSIO','2500'),('45.135.980','MOT-CAT','1'),('45.135.980','PAN-CAT','1'),('45.135.980','ROL-CAT','1'),('45.135.980','SIZE DIMENSIO','2500'),('45.136.051','MOT-CAT','3'),('45.136.051','PAN-CAT','7'),('45.136.051','ROL-CAT','7'),('45.136.051','ROM-CAT','7'),('45.136.051','ROM-HEM','60'),('45.136.051','SIZE DIMENSIO','2800'),('45.136.173','MOT-CAT','3'),('45.136.173','PAN-CAT','8'),('45.136.173','ROL-CAT','8'),('45.136.173','ROM-CAT','8'),('45.136.173','ROM-HEM','60'),('45.136.173','SIZE DIMENSIO','2800'),('45.136.345','MOT-CAT','3'),('45.136.345','PAN-CAT','7'),('45.136.345','ROL-CAT','7'),('45.136.345','ROM-CAT','7'),('45.136.345','ROM-HEM','60'),('45.136.345','SIZE DIMENSIO','2800'),('45.136.464','MOT-CAT','3'),('45.136.464','PAN-CAT','7'),('45.136.464','ROL-CAT','7'),('45.136.464','ROM-CAT','7'),('45.136.464','ROM-HEM','60'),('45.136.464','SIZE DIMENSIO','2800'),('45.136.674','MOT-CAT','3'),('45.136.674','PAN-CAT','7'),('45.136.674','ROL-CAT','7'),('45.136.674','ROM-CAT','7'),('45.136.674','ROM-HEM','60'),('45.136.674','SIZE DIMENSIO','2800'),('45.136.818','MOT-CAT','3'),('45.136.818','PAN-CAT','8'),('45.136.818','ROL-CAT','8'),('45.136.818','ROM-CAT','8'),('45.136.818','ROM-HEM','60'),('45.136.818','SIZE DIMENSIO','2800'),('45.136.868','MOT-CAT','3'),('45.136.868','PAN-CAT','7'),('45.136.868','ROL-CAT','7'),('45.136.868','ROM-CAT','7'),('45.136.868','ROM-HEM','60'),('45.136.868','SIZE DIMENSIO','2800'),('45.137.051','MOT-CAT','2'),('45.137.051','PAN-CAT','5'),('45.137.051','ROL-CAT','5'),('45.137.051','ROM-CAT','5'),('45.137.051','ROM-HEM','60'),('45.137.051','SIZE DIMENSIO','2800'),('45.137.173','MOT-CAT','2'),('45.137.173','PAN-CAT','6'),('45.137.173','ROL-CAT','6'),('45.137.173','ROM-CAT','6'),('45.137.173','ROM-HEM','60'),('45.137.173','SIZE DIMENSIO','2800'),('45.137.345','MOT-CAT','2'),('45.137.345','PAN-CAT','5'),('45.137.345','ROL-CAT','5'),('45.137.345','ROM-CAT','5'),('45.137.345','ROM-HEM','60'),('45.137.345','SIZE DIMENSIO','2800'),('45.137.464','MOT-CAT','2'),('45.137.464','PAN-CAT','5'),('45.137.464','ROL-CAT','5'),('45.137.464','ROM-CAT','5'),('45.137.464','ROM-HEM','60'),('45.137.464','SIZE DIMENSIO','2800'),('45.137.674','MOT-CAT','2'),('45.137.674','PAN-CAT','5'),('45.137.674','ROL-CAT','5'),('45.137.674','ROM-CAT','5'),('45.137.674','ROM-HEM','60'),('45.137.674','SIZE DIMENSIO','2800'),('45.137.818','MOT-CAT','2'),('45.137.818','PAN-CAT','6'),('45.137.818','ROL-CAT','6'),('45.137.818','ROM-CAT','6'),('45.137.818','ROM-HEM','60'),('45.137.818','SIZE DIMENSIO','2800'),('45.137.868','MOT-CAT','2'),('45.137.868','PAN-CAT','5'),('45.137.868','ROL-CAT','5'),('45.137.868','ROM-CAT','5'),('45.137.868','ROM-HEM','60'),('45.137.868','SIZE DIMENSIO','2800'),('45.140.358','PAN-CAT','8'),('45.140.358','ROL-CAT','8'),('45.140.358','SIZE DIMENSIO','2800'),('45.142.075','MOT-CAT','6'),('45.142.075','PAN-CAT','8'),('45.142.075','ROL-CAT','8'),('45.142.075','ROM-CAT','8'),('45.142.075','ROM-HEM','60'),('45.142.075','SIZE DIMENSIO','3000'),('45.142.091','MOT-CAT','6'),('45.142.091','PAN-CAT','8'),('45.142.091','ROL-CAT','8'),('45.142.091','ROM-CAT','8'),('45.142.091','ROM-HEM','60'),('45.142.091','SIZE DIMENSIO','3000'),('45.142.309','MOT-CAT','6'),('45.142.309','PAN-CAT','8'),('45.142.309','ROL-CAT','8'),('45.142.309','ROM-CAT','8'),('45.142.309','ROM-HEM','60'),('45.142.309','SIZE DIMENSIO','3000'),('45.142.408','MOT-CAT','6'),('45.142.408','PAN-CAT','8'),('45.142.408','ROL-CAT','8'),('45.142.408','ROM-CAT','8'),('45.142.408','ROM-HEM','60'),('45.142.408','SIZE DIMENSIO','3000'),('45.142.618','MOT-CAT','6'),('45.142.618','PAN-CAT','8'),('45.142.618','ROL-CAT','8'),('45.142.618','ROM-CAT','8'),('45.142.618','ROM-HEM','60'),('45.142.618','SIZE DIMENSIO','3000'),('45.142.980','MOT-CAT','6'),('45.142.980','PAN-CAT','8'),('45.142.980','ROL-CAT','8'),('45.142.980','ROM-CAT','8'),('45.142.980','ROM-HEM','60'),('45.142.980','SIZE DIMENSIO','3000'),('45.144.260','MOT-CAT','3'),('45.144.260','PAN-CAT','8'),('45.144.260','ROL-CAT','8'),('45.144.260','SIZE DIMENSIO','2500'),('45.144.370','MOT-CAT','3'),('45.144.370','PAN-CAT','8'),('45.144.370','ROL-CAT','8'),('45.144.370','SIZE DIMENSIO','2500'),('45.144.388','MOT-CAT','3'),('45.144.388','PAN-CAT','8'),('45.144.388','ROL-CAT','8'),('45.144.388','SIZE DIMENSIO','2500'),('45.144.426','MOT-CAT','3'),('45.144.426','PAN-CAT','8'),('45.144.426','ROL-CAT','8'),('45.144.426','SIZE DIMENSIO','2500'),('45.144.431','MOT-CAT','3'),('45.144.431','PAN-CAT','8'),('45.144.431','ROL-CAT','8'),('45.144.431','SIZE DIMENSIO','2500'),('45.144.600','MOT-CAT','3'),('45.144.600','PAN-CAT','8'),('45.144.600','ROL-CAT','8'),('45.144.600','SIZE DIMENSIO','2500'),('45.144.635','MOT-CAT','3'),('45.144.635','PAN-CAT','8'),('45.144.635','ROL-CAT','8'),('45.144.635','SIZE DIMENSIO','2500'),('45.144.646','MOT-CAT','3'),('45.144.646','PAN-CAT','8'),('45.144.646','ROL-CAT','8'),('45.144.646','SIZE DIMENSIO','2500'),('45.144.735','MOT-CAT','3'),('45.144.735','PAN-CAT','8'),('45.144.735','ROL-CAT','8'),('45.144.735','SIZE DIMENSIO','2500'),('45.144.794','MOT-CAT','3'),('45.144.794','PAN-CAT','8'),('45.144.794','ROL-CAT','8'),('45.144.794','SIZE DIMENSIO','2500'),('45.144.810','MOT-CAT','3'),('45.144.810','PAN-CAT','8'),('45.144.810','ROL-CAT','8'),('45.144.810','SIZE DIMENSIO','2500'),('45.144.824','MOT-CAT','3'),('45.144.824','PAN-CAT','8'),('45.144.824','ROL-CAT','8'),('45.144.824','SIZE DIMENSIO','2500'),('45.144.930','MOT-CAT','3'),('45.144.930','PAN-CAT','8'),('45.144.930','ROL-CAT','8'),('45.144.930','SIZE DIMENSIO','2500'),('45.147.345','MOT-CAT','3'),('45.147.345','PAN-CAT','8'),('45.147.345','ROL-CAT','8'),('45.147.345','ROM-CAT','8'),('45.147.345','ROM-HEM','60'),('45.147.345','SIZE DIMENSIO','2800'),('45.147.674','MOT-CAT','3'),('45.147.674','PAN-CAT','8'),('45.147.674','ROL-CAT','8'),('45.147.674','ROM-CAT','8'),('45.147.674','ROM-HEM','60'),('45.147.674','SIZE DIMENSIO','2800'),('45.147.680','MOT-CAT','3'),('45.147.680','PAN-CAT','8'),('45.147.680','ROL-CAT','8'),('45.147.680','ROM-CAT','8'),('45.147.680','ROM-HEM','60'),('45.147.680','SIZE DIMENSIO','2800'),('45.147.715','MOT-CAT','3'),('45.147.715','PAN-CAT','8'),('45.147.715','ROL-CAT','8'),('45.147.715','ROM-CAT','8'),('45.147.715','ROM-HEM','60'),('45.147.715','SIZE DIMENSIO','2800'),('45.147.807','MOT-CAT','3'),('45.147.807','PAN-CAT','8'),('45.147.807','ROL-CAT','8'),('45.147.807','ROM-CAT','8'),('45.147.807','ROM-HEM','60'),('45.147.807','SIZE DIMENSIO','2800'),('45.148.345','MOT-CAT','2'),('45.148.345','PAN-CAT','6'),('45.148.345','ROL-CAT','6'),('45.148.345','ROM-CAT','6'),('45.148.345','ROM-HEM','60'),('45.148.345','SIZE DIMENSIO','2800'),('45.148.674','MOT-CAT','2'),('45.148.674','PAN-CAT','6'),('45.148.674','ROL-CAT','6'),('45.148.674','ROM-CAT','6'),('45.148.674','ROM-HEM','60'),('45.148.674','SIZE DIMENSIO','2800'),('45.148.680','MOT-CAT','2'),('45.148.680','PAN-CAT','6'),('45.148.680','ROL-CAT','6'),('45.148.680','ROM-CAT','6'),('45.148.680','ROM-HEM','60'),('45.148.680','SIZE DIMENSIO','2800'),('45.148.715','MOT-CAT','2'),('45.148.715','PAN-CAT','6'),('45.148.715','ROL-CAT','6'),('45.148.715','ROM-CAT','6'),('45.148.715','ROM-HEM','60'),('45.148.715','SIZE DIMENSIO','2800'),('45.148.807','MOT-CAT','2'),('45.148.807','PAN-CAT','6'),('45.148.807','ROL-CAT','6'),('45.148.807','ROM-CAT','6'),('45.148.807','ROM-HEM','60'),('45.148.807','SIZE DIMENSIO','2800'),('45.150.063','PAN-CAT','5'),('45.150.063','ROL-CAT','5'),('45.150.063','ROM-CAT','5'),('45.150.063','ROM-HEM','60'),('45.150.063','SIZE DIMENSIO','2500'),('45.150.069','PAN-CAT','5'),('45.150.069','ROL-CAT','5'),('45.150.069','ROM-CAT','5'),('45.150.069','ROM-HEM','60'),('45.150.069','SIZE DIMENSIO','2500'),('45.155.026','MOT-CAT','2'),('45.155.026','PAN-CAT','5'),('45.155.026','ROL-CAT','5'),('45.155.026','ROM-CAT','5'),('45.155.026','SIZE DIMENSIO','2500'),('45.155.027','MOT-CAT','2'),('45.155.027','PAN-CAT','5'),('45.155.027','ROL-CAT','5'),('45.155.027','ROM-CAT','5'),('45.155.027','SIZE DIMENSIO','2500'),('45.155.075','MOT-CAT','2'),('45.155.075','PAN-CAT','5'),('45.155.075','ROL-CAT','5'),('45.155.075','ROM-CAT','5'),('45.155.075','SIZE DIMENSIO','2500'),('45.155.076','MOT-CAT','4'),('45.155.076','PAN-CAT','5'),('45.155.076','ROL-CAT','5'),('45.155.076','ROM-CAT','5'),('45.155.076','ROM-HEM','60'),('45.155.076','SIZE DIMENSIO','2500'),('45.155.152','MOT-CAT','4'),('45.155.152','PAN-CAT','5'),('45.155.152','ROL-CAT','5'),('45.155.152','ROM-CAT','5'),('45.155.152','ROM-HEM','60'),('45.155.152','SIZE DIMENSIO','2500'),('45.155.535','MOT-CAT','2'),('45.155.535','PAN-CAT','5'),('45.155.535','ROL-CAT','5'),('45.155.535','ROM-CAT','5'),('45.155.535','ROM-HEM','60'),('45.155.535','SIZE DIMENSIO','2500'),('45.155.536','MOT-CAT','4'),('45.155.536','PAN-CAT','5'),('45.155.536','ROL-CAT','5'),('45.155.536','ROM-CAT','5'),('45.155.536','ROM-HEM','60'),('45.155.536','SIZE DIMENSIO','2500'),('45.155.541','MOT-CAT','2'),('45.155.541','PAN-CAT','5'),('45.155.541','ROL-CAT','5'),('45.155.541','ROM-CAT','5'),('45.155.541','ROM-HEM','60'),('45.155.541','SIZE DIMENSIO','2500'),('45.155.569','MOT-CAT','2'),('45.155.569','PAN-CAT','5'),('45.155.569','ROL-CAT','5'),('45.155.569','ROM-CAT','5'),('45.155.569','ROM-HEM','60'),('45.155.569','SIZE DIMENSIO','2500'),('45.155.571','MOT-CAT','2'),('45.155.571','PAN-CAT','5'),('45.155.571','ROL-CAT','5'),('45.155.571','ROM-CAT','5'),('45.155.571','ROM-HEM','60'),('45.155.571','SIZE DIMENSIO','2500'),('45.155.572','MOT-CAT','2'),('45.155.572','PAN-CAT','5'),('45.155.572','ROL-CAT','5'),('45.155.572','ROM-CAT','5'),('45.155.572','ROM-HEM','60'),('45.155.572','SIZE DIMENSIO','2500'),('45.155.573','MOT-CAT','2'),('45.155.573','PAN-CAT','5'),('45.155.573','ROL-CAT','5'),('45.155.573','ROM-CAT','5'),('45.155.573','ROM-HEM','60'),('45.155.573','SIZE DIMENSIO','2500'),('45.155.576','MOT-CAT','2'),('45.155.576','PAN-CAT','5'),('45.155.576','ROL-CAT','5'),('45.155.576','ROM-CAT','5'),('45.155.576','ROM-HEM','60'),('45.155.576','SIZE DIMENSIO','2500'),('45.155.584','MOT-CAT','2'),('45.155.584','PAN-CAT','5'),('45.155.584','ROL-CAT','5'),('45.155.584','ROM-CAT','5'),('45.155.584','ROM-HEM','60'),('45.155.584','SIZE DIMENSIO','2500'),('45.155.597','MOT-CAT','2'),('45.155.597','PAN-CAT','5'),('45.155.597','ROL-CAT','5'),('45.155.597','ROM-CAT','5'),('45.155.597','ROM-HEM','60'),('45.155.597','SIZE DIMENSIO','2500'),('45.155.598','MOT-CAT','2'),('45.155.598','PAN-CAT','5'),('45.155.598','ROL-CAT','5'),('45.155.598','ROM-CAT','5'),('45.155.598','ROM-HEM','60'),('45.155.598','SIZE DIMENSIO','2500'),('45.155.651','MOT-CAT','1'),('45.155.651','PAN-CAT','5'),('45.155.651','ROL-CAT','5'),('45.155.651','ROM-CAT','5'),('45.155.651','ROM-HEM','60'),('45.155.651','SIZE DIMENSIO','2500'),('45.155.664','MOT-CAT','2'),('45.155.664','PAN-CAT','5'),('45.155.664','ROL-CAT','5'),('45.155.664','ROM-CAT','5'),('45.155.664','ROM-HEM','60'),('45.155.664','SIZE DIMENSIO','2500'),('45.155.666','MOT-CAT','2'),('45.155.666','PAN-CAT','5'),('45.155.666','ROL-CAT','5'),('45.155.666','ROM-CAT','5'),('45.155.666','ROM-HEM','60'),('45.155.666','SIZE DIMENSIO','2500'),('45.155.875','MOT-CAT','1'),('45.155.875','PAN-CAT','5'),('45.155.875','ROL-CAT','5'),('45.155.875','ROM-CAT','5'),('45.155.875','SIZE DIMENSIO','2500'),('45.155.876','MOT-CAT','2'),('45.155.876','PAN-CAT','5'),('45.155.876','ROL-CAT','5'),('45.155.876','ROM-CAT','5'),('45.155.876','ROM-HEM','60'),('45.155.876','SIZE DIMENSIO','2500'),('45.155.877','MOT-CAT','1'),('45.155.877','PAN-CAT','5'),('45.155.877','ROL-CAT','5'),('45.155.877','ROM-CAT','5'),('45.155.877','ROM-HEM','60'),('45.155.877','SIZE DIMENSIO','2500'),('45.155.878','MOT-CAT','2'),('45.155.878','PAN-CAT','5'),('45.155.878','ROL-CAT','5'),('45.155.878','ROM-CAT','5'),('45.155.878','ROM-HEM','60'),('45.155.878','SIZE DIMENSIO','2500'),('45.155.879','MOT-CAT','2'),('45.155.879','PAN-CAT','5'),('45.155.879','ROL-CAT','5'),('45.155.879','ROM-CAT','5'),('45.155.879','ROM-HEM','60'),('45.155.879','SIZE DIMENSIO','2500'),('45.155.882','MOT-CAT','2'),('45.155.882','PAN-CAT','5'),('45.155.882','ROL-CAT','5'),('45.155.882','ROM-CAT','5'),('45.155.882','ROM-HEM','60'),('45.155.882','SIZE DIMENSIO','2500'),('45.155.980','MOT-CAT','2'),('45.155.980','PAN-CAT','5'),('45.155.980','ROL-CAT','5'),('45.155.980','ROM-CAT','5'),('45.155.980','ROM-HEM','60'),('45.155.980','SIZE DIMENSIO','2500'),('45.155.989','MOT-CAT','2'),('45.155.989','PAN-CAT','5'),('45.155.989','ROL-CAT','5'),('45.155.989','ROM-CAT','5'),('45.155.989','ROM-HEM','60'),('45.155.989','SIZE DIMENSIO','2500'),('45.156.541','MOT-CAT','2'),('45.156.541','PAN-CAT','5'),('45.156.541','ROL-CAT','5'),('45.156.541','ROM-CAT','5'),('45.156.541','ROM-HEM','60'),('45.156.541','SIZE DIMENSIO','3000'),('45.156.571','MOT-CAT','2'),('45.156.571','PAN-CAT','5'),('45.156.571','ROL-CAT','5'),('45.156.571','ROM-CAT','5'),('45.156.571','ROM-HEM','60'),('45.156.571','SIZE DIMENSIO','3000'),('45.156.573','MOT-CAT','2'),('45.156.573','PAN-CAT','5'),('45.156.573','ROL-CAT','5'),('45.156.573','ROM-CAT','5'),('45.156.573','ROM-HEM','60'),('45.156.573','SIZE DIMENSIO','3000'),('45.156.576','MOT-CAT','2'),('45.156.576','PAN-CAT','5'),('45.156.576','ROL-CAT','5'),('45.156.576','ROM-CAT','5'),('45.156.576','ROM-HEM','60'),('45.156.576','SIZE DIMENSIO','3000'),('45.156.598','MOT-CAT','2'),('45.156.598','PAN-CAT','5'),('45.156.598','ROL-CAT','5'),('45.156.598','ROM-CAT','5'),('45.156.598','ROM-HEM','60'),('45.156.598','SIZE DIMENSIO','3000'),('45.156.980','MOT-CAT','2'),('45.156.980','PAN-CAT','5'),('45.156.980','ROL-CAT','5'),('45.156.980','ROM-CAT','5'),('45.156.980','ROM-HEM','60'),('45.156.980','SIZE DIMENSIO','3000'),('45.156.989','MOT-CAT','2'),('45.156.989','PAN-CAT','5'),('45.156.989','ROL-CAT','5'),('45.156.989','ROM-CAT','5'),('45.156.989','ROM-HEM','60'),('45.156.989','SIZE DIMENSIO','3000'),('45.170.013','MOT-CAT','1'),('45.170.013','PAN-CAT','2'),('45.170.013','ROL-CAT','2'),('45.170.013','SIZE DIMENSIO','2500'),('45.170.038','MOT-CAT','1'),('45.170.038','PAN-CAT','2'),('45.170.038','ROL-CAT','2'),('45.170.038','SIZE DIMENSIO','2500'),('45.170.075','MOT-CAT','1'),('45.170.075','PAN-CAT','2'),('45.170.075','ROL-CAT','2'),('45.170.075','SIZE DIMENSIO','2500'),('45.170.088','MOT-CAT','1'),('45.170.088','PAN-CAT','2'),('45.170.088','ROL-CAT','2'),('45.170.088','SIZE DIMENSIO','2500'),('45.170.089','MOT-CAT','1'),('45.170.089','PAN-CAT','2'),('45.170.089','ROL-CAT','2'),('45.170.089','SIZE DIMENSIO','2500'),('45.170.137','MOT-CAT','1'),('45.170.137','PAN-CAT','2'),('45.170.137','ROL-CAT','2'),('45.170.137','SIZE DIMENSIO','2500'),('45.170.217','MOT-CAT','1'),('45.170.217','PAN-CAT','2'),('45.170.217','ROL-CAT','2'),('45.170.217','SIZE DIMENSIO','2500'),('45.170.241','MOT-CAT','1'),('45.170.241','PAN-CAT','2'),('45.170.241','ROL-CAT','2'),('45.170.241','SIZE DIMENSIO','2500'),('45.170.254','MOT-CAT','1'),('45.170.254','PAN-CAT','2'),('45.170.254','ROL-CAT','2'),('45.170.254','SIZE DIMENSIO','2500'),('45.170.281','MOT-CAT','1'),('45.170.281','PAN-CAT','2'),('45.170.281','ROL-CAT','2'),('45.170.281','SIZE DIMENSIO','2500'),('45.170.330','MOT-CAT','1'),('45.170.330','PAN-CAT','2'),('45.170.330','ROL-CAT','2'),('45.170.330','SIZE DIMENSIO','2500'),('45.170.349','MOT-CAT','1'),('45.170.349','PAN-CAT','2'),('45.170.349','ROL-CAT','2'),('45.170.349','SIZE DIMENSIO','2500'),('45.170.365','PAN-CAT','2'),('45.170.365','ROL-CAT','2'),('45.170.365','SIZE DIMENSIO','2500'),('45.170.408','MOT-CAT','1'),('45.170.408','PAN-CAT','2'),('45.170.408','ROL-CAT','2'),('45.170.408','SIZE DIMENSIO','2500'),('45.170.417','MOT-CAT','1'),('45.170.417','PAN-CAT','2'),('45.170.417','ROL-CAT','2'),('45.170.417','SIZE DIMENSIO','2500'),('45.170.464','MOT-CAT','1'),('45.170.464','PAN-CAT','2'),('45.170.464','ROL-CAT','2'),('45.170.464','SIZE DIMENSIO','2500'),('45.170.489','MOT-CAT','1'),('45.170.489','PAN-CAT','2'),('45.170.489','ROL-CAT','2'),('45.170.489','SIZE DIMENSIO','2500'),('45.170.506','MOT-CAT','1'),('45.170.506','PAN-CAT','2'),('45.170.506','ROL-CAT','2'),('45.170.506','SIZE DIMENSIO','2500'),('45.170.574','PAN-CAT','2'),('45.170.574','ROL-CAT','2'),('45.170.574','SIZE DIMENSIO','2500'),('45.170.587','MOT-CAT','1'),('45.170.587','PAN-CAT','2'),('45.170.587','ROL-CAT','2'),('45.170.587','SIZE DIMENSIO','2500'),('45.170.597','MOT-CAT','1'),('45.170.597','PAN-CAT','2'),('45.170.597','ROL-CAT','2'),('45.170.597','SIZE DIMENSIO','2500'),('45.170.610','MOT-CAT','1'),('45.170.610','PAN-CAT','2'),('45.170.610','ROL-CAT','2'),('45.170.610','SIZE DIMENSIO','2500'),('45.170.614','MOT-CAT','1'),('45.170.614','PAN-CAT','2'),('45.170.614','ROL-CAT','2'),('45.170.614','SIZE DIMENSIO','2500'),('45.170.619','MOT-CAT','1'),('45.170.619','PAN-CAT','2'),('45.170.619','ROL-CAT','2'),('45.170.619','SIZE DIMENSIO','2500'),('45.170.646','MOT-CAT','1'),('45.170.646','PAN-CAT','2'),('45.170.646','ROL-CAT','2'),('45.170.646','SIZE DIMENSIO','2500'),('45.170.674','MOT-CAT','1'),('45.170.674','PAN-CAT','2'),('45.170.674','ROL-CAT','2'),('45.170.674','SIZE DIMENSIO','2500'),('45.170.675','MOT-CAT','1'),('45.170.675','PAN-CAT','2'),('45.170.675','ROL-CAT','2'),('45.170.675','SIZE DIMENSIO','2500'),('45.170.680','PAN-CAT','2'),('45.170.680','ROL-CAT','2'),('45.170.680','SIZE DIMENSIO','2500'),('45.170.715','MOT-CAT','1'),('45.170.715','PAN-CAT','2'),('45.170.715','ROL-CAT','2'),('45.170.715','SIZE DIMENSIO','2500'),('45.170.740','MOT-CAT','1'),('45.170.740','PAN-CAT','2'),('45.170.740','ROL-CAT','2'),('45.170.740','SIZE DIMENSIO','2500'),('45.170.758','MOT-CAT','1'),('45.170.758','PAN-CAT','2'),('45.170.758','ROL-CAT','2'),('45.170.758','SIZE DIMENSIO','2500'),('45.170.818','MOT-CAT','1'),('45.170.818','PAN-CAT','2'),('45.170.818','ROL-CAT','2'),('45.170.818','SIZE DIMENSIO','2500'),('45.170.861','MOT-CAT','1'),('45.170.861','PAN-CAT','2'),('45.170.861','ROL-CAT','2'),('45.170.861','SIZE DIMENSIO','2500'),('45.170.868','MOT-CAT','1'),('45.170.868','PAN-CAT','2'),('45.170.868','ROL-CAT','2'),('45.170.868','SIZE DIMENSIO','2500'),('45.170.869','PAN-CAT','2'),('45.170.869','ROL-CAT','2'),('45.170.869','SIZE DIMENSIO','2500'),('45.170.907','MOT-CAT','1'),('45.170.907','PAN-CAT','2'),('45.170.907','ROL-CAT','2'),('45.170.907','SIZE DIMENSIO','2500'),('45.170.972','MOT-CAT','1'),('45.170.972','PAN-CAT','2'),('45.170.972','ROL-CAT','2'),('45.170.972','SIZE DIMENSIO','2500'),('45.170.980','MOT-CAT','1'),('45.170.980','PAN-CAT','2'),('45.170.980','ROL-CAT','2'),('45.170.980','SIZE DIMENSIO','2500'),('45.170.994','MOT-CAT','1'),('45.170.994','PAN-CAT','2'),('45.170.994','ROL-CAT','2'),('45.170.994','SIZE DIMENSIO','2500'),('45.171.038','MOT-CAT','1'),('45.171.038','PAN-CAT','2'),('45.171.038','ROL-CAT','2'),('45.171.038','SIZE DIMENSIO','2750'),('45.171.075','MOT-CAT','1'),('45.171.075','PAN-CAT','2'),('45.171.075','ROL-CAT','2'),('45.171.075','SIZE DIMENSIO','2750'),('45.171.241','MOT-CAT','1'),('45.171.241','PAN-CAT','2'),('45.171.241','ROL-CAT','2'),('45.171.241','SIZE DIMENSIO','2750'),('45.171.281','MOT-CAT','1'),('45.171.281','PAN-CAT','2'),('45.171.281','ROL-CAT','2'),('45.171.281','SIZE DIMENSIO','2750'),('45.171.330','MOT-CAT','1'),('45.171.330','PAN-CAT','2'),('45.171.330','ROL-CAT','2'),('45.171.330','SIZE DIMENSIO','2750'),('45.171.614','MOT-CAT','1'),('45.171.614','PAN-CAT','2'),('45.171.614','ROL-CAT','2'),('45.171.614','SIZE DIMENSIO','2750'),('45.171.646','MOT-CAT','1'),('45.171.646','PAN-CAT','2'),('45.171.646','ROL-CAT','2'),('45.171.646','SIZE DIMENSIO','2750'),('45.171.674','MOT-CAT','1'),('45.171.674','PAN-CAT','2'),('45.171.674','ROL-CAT','2'),('45.171.674','SIZE DIMENSIO','2750'),('45.171.868','MOT-CAT','1'),('45.171.868','PAN-CAT','2'),('45.171.868','ROL-CAT','2'),('45.171.868','SIZE DIMENSIO','2750'),('45.171.980','MOT-CAT','1'),('45.171.980','PAN-CAT','2'),('45.171.980','ROL-CAT','2'),('45.171.980','SIZE DIMENSIO','2750'),('45.171.994','MOT-CAT','1'),('45.171.994','PAN-CAT','2'),('45.171.994','ROL-CAT','2'),('45.171.994','SIZE DIMENSIO','2750'),('45.172.038','PAN-CAT','2'),('45.172.038','ROL-CAT','2'),('45.172.038','SIZE DIMENSIO','2500'),('45.172.077','PAN-CAT','2'),('45.172.077','ROL-CAT','2'),('45.172.077','SIZE DIMENSIO','2500'),('45.172.443','PAN-CAT','2'),('45.172.443','ROL-CAT','2'),('45.172.443','SIZE DIMENSIO','2500'),('45.172.444','PAN-CAT','2'),('45.172.444','ROL-CAT','2'),('45.172.444','SIZE DIMENSIO','2500'),('45.172.445','PAN-CAT','2'),('45.172.445','ROL-CAT','2'),('45.172.445','SIZE DIMENSIO','2500'),('45.172.598','PAN-CAT','2'),('45.172.598','ROL-CAT','2'),('45.172.598','SIZE DIMENSIO','2500'),('45.172.958','PAN-CAT','2'),('45.172.958','ROL-CAT','2'),('45.172.958','SIZE DIMENSIO','2500'),('45.172.978','PAN-CAT','2'),('45.172.978','ROL-CAT','2'),('45.172.978','SIZE DIMENSIO','2500'),('45.200.017','MOT-CAT','2'),('45.200.017','PAN-CAT','3'),('45.200.017','ROL-CAT','5'),('45.200.017','SIZE DIMENSIO','2400'),('45.200.151','MOT-CAT','2'),('45.200.151','PAN-CAT','3'),('45.200.151','ROL-CAT','5'),('45.200.151','SIZE DIMENSIO','2400'),('45.200.560','MOT-CAT','2'),('45.200.560','PAN-CAT','3'),('45.200.560','ROL-CAT','5'),('45.200.560','SIZE DIMENSIO','2400'),('45.200.694','PAN-CAT','3'),('45.200.694','ROL-CAT','6'),('45.200.694','SIZE DIMENSIO','2400'),('45.200.788','PAN-CAT','3'),('45.200.788','ROL-CAT','6'),('45.200.788','SIZE DIMENSIO','2400'),('45.200.826','PAN-CAT','3'),('45.200.826','ROL-CAT','6'),('45.200.826','SIZE DIMENSIO','2400'),('45.200.931','PAN-CAT','3'),('45.200.931','ROL-CAT','6'),('45.200.931','SIZE DIMENSIO','2400'),('45.200.964','MOT-CAT','2'),('45.200.964','PAN-CAT','3'),('45.200.964','ROL-CAT','5'),('45.200.964','SIZE DIMENSIO','2400'),('45.210.597','ROL-CAT','9'),('45.210.597','SIZE DIMENSIO','2000'),('45.210.674','ROL-CAT','9'),('45.210.674','SIZE DIMENSIO','2000'),('45.210.980','ROL-CAT','9'),('45.210.980','SIZE DIMENSIO','2400'),('45.220.069','ROL-CAT','8'),('45.220.069','SIZE DIMENSIO','2500'),('45.220.220','PAN-CAT','4'),('45.220.220','ROL-CAT','8'),('45.220.220','SIZE DIMENSIO','2500'),('45.220.411','ROL-CAT','8'),('45.220.411','SIZE DIMENSIO','2500'),('45.220.538','ROL-CAT','8'),('45.220.538','SIZE DIMENSIO','2500'),('45.225.025','MOT-CAT','4'),('45.225.025','PAN-CAT','5'),('45.225.025','ROL-CAT','5'),('45.225.025','ROM-CAT','6'),('45.225.025','SIZE DIMENSIO','2500'),('45.225.026','MOT-CAT','4'),('45.225.026','PAN-CAT','5'),('45.225.026','ROL-CAT','5'),('45.225.026','ROM-CAT','5'),('45.225.026','ROM-HEM','60'),('45.225.026','SIZE DIMENSIO','2500'),('45.225.075','MOT-CAT','4'),('45.225.075','PAN-CAT','5'),('45.225.075','ROL-CAT','5'),('45.225.075','ROM-CAT','5'),('45.225.075','SIZE DIMENSIO','2500'),('45.225.076','MOT-CAT','4'),('45.225.076','PAN-CAT','5'),('45.225.076','ROL-CAT','5'),('45.225.076','ROM-CAT','5'),('45.225.076','SIZE DIMENSIO','2500'),('45.225.152','MOT-CAT','4'),('45.225.152','PAN-CAT','5'),('45.225.152','ROL-CAT','5'),('45.225.152','ROM-CAT','5'),('45.225.152','SIZE DIMENSIO','2500'),('45.225.535','MOT-CAT','1'),('45.225.535','PAN-CAT','5'),('45.225.535','ROL-CAT','5'),('45.225.535','ROM-CAT','5'),('45.225.535','ROM-FAB','1'),('45.225.535','ROM-HEM','60'),('45.225.535','SIZE DIMENSIO','2500'),('45.225.536','MOT-CAT','1'),('45.225.536','PAN-CAT','5'),('45.225.536','ROL-CAT','5'),('45.225.536','ROM-CAT','5'),('45.225.536','ROM-HEM','60'),('45.225.536','SIZE DIMENSIO','2500'),('45.225.540','MOT-CAT','1'),('45.225.540','PAN-CAT','5'),('45.225.540','ROL-CAT','5'),('45.225.540','ROM-CAT','5'),('45.225.540','ROM-FAB','1'),('45.225.540','ROM-HEM','60'),('45.225.540','SIZE DIMENSIO','2500'),('45.225.541','MOT-CAT','1'),('45.225.541','PAN-CAT','5'),('45.225.541','ROL-CAT','5'),('45.225.541','ROM-CAT','5'),('45.225.541','ROM-FAB','1'),('45.225.541','ROM-HEM','60'),('45.225.541','SIZE DIMENSIO','2500'),('45.225.559','MOT-CAT','1'),('45.225.559','PAN-CAT','5'),('45.225.559','ROL-CAT','5'),('45.225.559','ROM-CAT','5'),('45.225.559','ROM-FAB','1'),('45.225.559','ROM-HEM','60'),('45.225.559','SIZE DIMENSIO','2500'),('45.225.561','MOT-CAT','1'),('45.225.561','PAN-CAT','5'),('45.225.561','ROL-CAT','5'),('45.225.561','ROM-CAT','5'),('45.225.561','ROM-FAB','1'),('45.225.561','ROM-HEM','60'),('45.225.561','SIZE DIMENSIO','2500'),('45.225.568','MOT-CAT','1'),('45.225.568','PAN-CAT','5'),('45.225.568','ROL-CAT','5'),('45.225.568','ROM-CAT','5'),('45.225.568','ROM-FAB','1'),('45.225.568','ROM-HEM','60'),('45.225.568','SIZE DIMENSIO','2500'),('45.225.569','MOT-CAT','1'),('45.225.569','PAN-CAT','5'),('45.225.569','ROL-CAT','5'),('45.225.569','ROM-CAT','5'),('45.225.569','ROM-FAB','1'),('45.225.569','ROM-HEM','60'),('45.225.569','SIZE DIMENSIO','2500'),('45.225.571','MOT-CAT','1'),('45.225.571','PAN-CAT','5'),('45.225.571','ROL-CAT','5'),('45.225.571','ROM-CAT','5'),('45.225.571','ROM-FAB','1'),('45.225.571','ROM-HEM','60'),('45.225.571','SIZE DIMENSIO','2500'),('45.225.572','MOT-CAT','1'),('45.225.572','PAN-CAT','5'),('45.225.572','ROL-CAT','5'),('45.225.572','ROM-CAT','5'),('45.225.572','ROM-HEM','60'),('45.225.572','SIZE DIMENSIO','2500'),('45.225.573','MOT-CAT','1'),('45.225.573','PAN-CAT','5'),('45.225.573','ROL-CAT','5'),('45.225.573','ROM-CAT','5'),('45.225.573','ROM-FAB','1'),('45.225.573','ROM-HEM','60'),('45.225.573','SIZE DIMENSIO','2500'),('45.225.576','MOT-CAT','1'),('45.225.576','PAN-CAT','5'),('45.225.576','ROL-CAT','5'),('45.225.576','ROM-CAT','5'),('45.225.576','ROM-FAB','1'),('45.225.576','ROM-HEM','60'),('45.225.576','SIZE DIMENSIO','2500'),('45.225.581','MOT-CAT','1'),('45.225.581','PAN-CAT','5'),('45.225.581','ROL-CAT','5'),('45.225.581','ROM-CAT','5'),('45.225.581','ROM-FAB','1'),('45.225.581','ROM-HEM','60'),('45.225.581','SIZE DIMENSIO','2500'),('45.225.584','MOT-CAT','1'),('45.225.584','PAN-CAT','5'),('45.225.584','ROL-CAT','5'),('45.225.584','ROM-CAT','5'),('45.225.584','ROM-FAB','1'),('45.225.584','ROM-HEM','60'),('45.225.584','SIZE DIMENSIO','2500'),('45.225.585','MOT-CAT','1'),('45.225.585','PAN-CAT','5'),('45.225.585','ROL-CAT','5'),('45.225.585','ROM-CAT','5'),('45.225.585','ROM-FAB','1'),('45.225.585','ROM-HEM','60'),('45.225.585','SIZE DIMENSIO','2500'),('45.225.597','MOT-CAT','1'),('45.225.597','PAN-CAT','5'),('45.225.597','ROL-CAT','5'),('45.225.597','ROM-CAT','5'),('45.225.597','ROM-HEM','60'),('45.225.597','SIZE DIMENSIO','2500'),('45.225.598','MOT-CAT','1'),('45.225.598','PAN-CAT','5'),('45.225.598','ROL-CAT','5'),('45.225.598','ROM-CAT','5'),('45.225.598','ROM-FAB','1'),('45.225.598','ROM-HEM','60'),('45.225.598','SIZE DIMENSIO','2500'),('45.225.651','MOT-CAT','1'),('45.225.651','PAN-CAT','5'),('45.225.651','ROL-CAT','5'),('45.225.651','ROM-CAT','5'),('45.225.651','ROM-FAB','1'),('45.225.651','ROM-HEM','60'),('45.225.651','SIZE DIMENSIO','2500'),('45.225.664','MOT-CAT','1'),('45.225.664','PAN-CAT','5'),('45.225.664','ROL-CAT','5'),('45.225.664','ROM-CAT','5'),('45.225.664','ROM-FAB','1'),('45.225.664','ROM-HEM','60'),('45.225.664','SIZE DIMENSIO','2500'),('45.225.875','MOT-CAT','1'),('45.225.875','PAN-CAT','5'),('45.225.875','ROL-CAT','5'),('45.225.875','ROM-CAT','5'),('45.225.875','ROM-HEM','60'),('45.225.875','SIZE DIMENSIO','2500'),('45.225.877','MOT-CAT','1'),('45.225.877','PAN-CAT','5'),('45.225.877','ROL-CAT','5'),('45.225.877','ROM-CAT','5'),('45.225.877','ROM-HEM','60'),('45.225.877','SIZE DIMENSIO','2500'),('45.225.884','MOT-CAT','1'),('45.225.884','PAN-CAT','5'),('45.225.884','ROL-CAT','5'),('45.225.884','ROM-CAT','5'),('45.225.884','ROM-FAB','1'),('45.225.884','ROM-HEM','60'),('45.225.884','SIZE DIMENSIO','2500'),('45.225.980','MOT-CAT','1'),('45.225.980','PAN-CAT','5'),('45.225.980','ROL-CAT','5'),('45.225.980','ROM-CAT','5'),('45.225.980','ROM-FAB','1'),('45.225.980','ROM-HEM','60'),('45.225.980','SIZE DIMENSIO','2500'),('45.225.981','MOT-CAT','1'),('45.225.981','PAN-CAT','5'),('45.225.981','ROL-CAT','5'),('45.225.981','ROM-CAT','5'),('45.225.981','ROM-FAB','1'),('45.225.981','ROM-HEM','60'),('45.225.981','SIZE DIMENSIO','2500'),('45.225.989','MOT-CAT','1'),('45.225.989','PAN-CAT','5'),('45.225.989','ROL-CAT','5'),('45.225.989','ROM-CAT','5'),('45.225.989','ROM-FAB','1'),('45.225.989','ROM-HEM','60'),('45.225.989','SIZE DIMENSIO','2500'),('45.226.540','MOT-CAT','1'),('45.226.540','PAN-CAT','5'),('45.226.540','ROL-CAT','5'),('45.226.540','ROM-CAT','5'),('45.226.540','ROM-FAB','1'),('45.226.540','ROM-HEM','60'),('45.226.540','SIZE DIMENSIO','3000'),('45.226.576','MOT-CAT','1'),('45.226.576','PAN-CAT','5'),('45.226.576','ROL-CAT','5'),('45.226.576','ROM-CAT','5'),('45.226.576','ROM-FAB','1'),('45.226.576','ROM-HEM','60'),('45.226.576','SIZE DIMENSIO','3000'),('45.226.581','MOT-CAT','1'),('45.226.581','PAN-CAT','5'),('45.226.581','ROL-CAT','5'),('45.226.581','ROM-CAT','5'),('45.226.581','ROM-FAB','1'),('45.226.581','ROM-HEM','60'),('45.226.581','SIZE DIMENSIO','3000'),('45.226.584','MOT-CAT','1'),('45.226.584','PAN-CAT','5'),('45.226.584','ROL-CAT','5'),('45.226.584','ROM-CAT','5'),('45.226.584','ROM-FAB','1'),('45.226.584','ROM-HEM','60'),('45.226.584','SIZE DIMENSIO','3000'),('45.226.980','MOT-CAT','1'),('45.226.980','PAN-CAT','5'),('45.226.980','ROL-CAT','5'),('45.226.980','ROM-CAT','5'),('45.226.980','ROM-FAB','1'),('45.226.980','ROM-HEM','60'),('45.226.980','SIZE DIMENSIO','3000'),('45.226.989','MOT-CAT','1'),('45.226.989','PAN-CAT','5'),('45.226.989','ROL-CAT','5'),('45.226.989','ROM-CAT','5'),('45.226.989','ROM-FAB','1'),('45.226.989','ROM-HEM','60'),('45.226.989','SIZE DIMENSIO','3000'),('45.228.051','MOT-CAT','2'),('45.228.051','PAN-CAT','6'),('45.228.051','ROL-CAT','6'),('45.228.051','ROM-CAT','6'),('45.228.051','ROM-HEM','60'),('45.228.051','SIZE DIMENSIO','2450'),('45.228.058','MOT-CAT','2'),('45.228.058','PAN-CAT','6'),('45.228.058','ROL-CAT','6'),('45.228.058','ROM-CAT','6'),('45.228.058','ROM-HEM','60'),('45.228.058','SIZE DIMENSIO','2450'),('45.228.083','MOT-CAT','2'),('45.228.083','PAN-CAT','6'),('45.228.083','ROL-CAT','6'),('45.228.083','ROM-CAT','6'),('45.228.083','ROM-HEM','60'),('45.228.083','SIZE DIMENSIO','2450'),('45.228.325','MOT-CAT','2'),('45.228.325','PAN-CAT','6'),('45.228.325','ROL-CAT','6'),('45.228.325','ROM-CAT','6'),('45.228.325','ROM-HEM','60'),('45.228.325','SIZE DIMENSIO','2450'),('45.228.340','MOT-CAT','2'),('45.228.340','PAN-CAT','6'),('45.228.340','ROL-CAT','6'),('45.228.340','ROM-CAT','6'),('45.228.340','ROM-HEM','60'),('45.228.340','SIZE DIMENSIO','2450'),('45.228.347','MOT-CAT','2'),('45.228.347','PAN-CAT','6'),('45.228.347','ROL-CAT','6'),('45.228.347','ROM-CAT','6'),('45.228.347','ROM-HEM','60'),('45.228.347','SIZE DIMENSIO','2450'),('45.228.388','MOT-CAT','2'),('45.228.388','PAN-CAT','6'),('45.228.388','ROL-CAT','6'),('45.228.388','ROM-CAT','6'),('45.228.388','ROM-HEM','60'),('45.228.388','SIZE DIMENSIO','2450'),('45.228.631','MOT-CAT','2'),('45.228.631','PAN-CAT','6'),('45.228.631','ROL-CAT','6'),('45.228.631','ROM-CAT','6'),('45.228.631','ROM-HEM','60'),('45.228.631','SIZE DIMENSIO','2450'),('45.228.826','MOT-CAT','2'),('45.228.826','PAN-CAT','6'),('45.228.826','ROL-CAT','6'),('45.228.826','ROM-CAT','6'),('45.228.826','ROM-HEM','60'),('45.228.826','SIZE DIMENSIO','2450'),('45.228.868','MOT-CAT','2'),('45.228.868','PAN-CAT','6'),('45.228.868','ROL-CAT','6'),('45.228.868','ROM-CAT','6'),('45.228.868','ROM-HEM','60'),('45.228.868','SIZE DIMENSIO','2450'),('45.231.036','PAN-CAT','8'),('45.231.036','ROL-CAT','8'),('45.231.036','ROM-CAT','8'),('45.231.036','SIZE DIMENSIO','2800'),('45.231.159','PAN-CAT','8'),('45.231.159','ROL-CAT','8'),('45.231.159','ROM-CAT','8'),('45.231.159','ROM-HEM','60'),('45.231.159','SIZE DIMENSIO','2800'),('45.231.244','PAN-CAT','8'),('45.231.244','ROL-CAT','8'),('45.231.244','ROM-CAT','8'),('45.231.244','SIZE DIMENSIO','2800'),('45.231.268','PAN-CAT','8'),('45.231.268','ROL-CAT','8'),('45.231.268','ROM-CAT','8'),('45.231.268','ROM-HEM','60'),('45.231.268','SIZE DIMENSIO','2800'),('45.231.340','PAN-CAT','8'),('45.231.340','ROL-CAT','8'),('45.231.340','ROM-CAT','8'),('45.231.340','ROM-HEM','60'),('45.231.340','SIZE DIMENSIO','2800'),('45.231.392','PAN-CAT','8'),('45.231.392','ROL-CAT','8'),('45.231.392','ROM-CAT','8'),('45.231.392','SIZE DIMENSIO','2800'),('45.231.464','PAN-CAT','8'),('45.231.464','ROL-CAT','8'),('45.231.464','ROM-CAT','8'),('45.231.464','SIZE DIMENSIO','2800'),('45.231.651','PAN-CAT','8'),('45.231.651','ROL-CAT','8'),('45.231.651','ROM-CAT','8'),('45.231.651','SIZE DIMENSIO','2800'),('45.231.807','PAN-CAT','8'),('45.231.807','ROL-CAT','8'),('45.231.807','ROM-CAT','8'),('45.231.807','ROM-HEM','60'),('45.231.807','SIZE DIMENSIO','2800'),('45.231.818','PAN-CAT','8'),('45.231.818','ROL-CAT','8'),('45.231.818','ROM-CAT','8'),('45.231.818','ROM-HEM','60'),('45.231.818','SIZE DIMENSIO','2800'),('45.231.826','PAN-CAT','8'),('45.231.826','ROL-CAT','8'),('45.231.826','ROM-CAT','8'),('45.231.826','ROM-HEM','60'),('45.231.826','SIZE DIMENSIO','2800'),('45.231.907','PAN-CAT','8'),('45.231.907','ROL-CAT','8'),('45.231.907','ROM-CAT','8'),('45.231.907','ROM-HEM','60'),('45.231.907','SIZE DIMENSIO','2800'),('45.340.118','MOT-CAT','1'),('45.340.118','PAN-CAT','C'),('45.340.118','ROL-CAT','C'),('45.340.118','ROM-CAT','C'),('45.340.118','ROM-HEM','60'),('45.340.118','SIZE DIMENSIO','1830'),('45.340.164','MOT-CAT','3'),('45.340.164','PAN-CAT','5'),('45.340.164','ROL-CAT','C'),('45.340.164','ROM-CAT','5'),('45.340.164','SIZE DIMENSIO','1830'),('45.340.384','MOT-CAT','3'),('45.340.384','PAN-CAT','5'),('45.340.384','ROL-CAT','C'),('45.340.384','ROM-CAT','5'),('45.340.384','ROM-HEM','60'),('45.340.384','SIZE DIMENSIO','1830'),('45.340.574','MOT-CAT','3'),('45.340.574','PAN-CAT','5'),('45.340.574','ROL-CAT','C'),('45.340.574','ROM-CAT','5'),('45.340.574','SIZE DIMENSIO','1830'),('45.340.746','MOT-CAT','1'),('45.340.746','PAN-CAT','C'),('45.340.746','ROL-CAT','C'),('45.340.746','ROM-CAT','C'),('45.340.746','ROM-HEM','60'),('45.340.746','SIZE DIMENSIO','1830'),('45.340.807','MOT-CAT','1'),('45.340.807','PAN-CAT','C'),('45.340.807','ROL-CAT','C'),('45.340.807','ROM-CAT','C'),('45.340.807','ROM-HEM','60'),('45.340.807','SIZE DIMENSIO','1830'),('45.350.573','MOT-CAT','4'),('45.350.573','PAN-CAT','5'),('45.350.573','ROL-CAT','7'),('45.350.573','ROM-CAT','5'),('45.350.573','ROM-HEM','60'),('45.350.573','SIZE DIMENSIO','2480'),('45.370.807','MOT-CAT','3'),('45.370.807','PAN-CAT','4'),('45.370.807','ROL-CAT','7'),('45.370.807','ROM-CAT','4'),('45.370.807','ROM-HEM','60'),('45.370.807','SIZE DIMENSIO','2100'),('45.371.041','ROL-CAT','12'),('45.371.041','SIZE DIMENSIO','2400'),('45.371.393','ROL-CAT','12'),('45.371.393','SIZE DIMENSIO','2400'),('45.372.980','PAN-CAT','11'),('45.372.980','ROL-CAT','11'),('45.372.980','ROM-CAT','11'),('45.372.980','ROM-HEM','60'),('45.372.980','SIZE DIMENSIO','2400'),('45.373.980','PAN-CAT','11'),('45.373.980','ROL-CAT','11'),('45.373.980','SIZE DIMENSIO','3000'),('45.374.980','PAN-CAT','11'),('45.374.980','ROL-CAT','11'),('45.374.980','ROM-CAT','11'),('45.374.980','SIZE DIMENSIO','2400'),('45.376.215','MOT-CAT','5'),('45.376.215','PAN-CAT','9'),('45.376.215','ROL-CAT','9'),('45.376.215','ROM-CAT','9'),('45.376.215','ROM-HEM','60'),('45.376.215','SIZE DIMENSIO','2800'),('45.376.296','MOT-CAT','5'),('45.376.296','PAN-CAT','9'),('45.376.296','ROL-CAT','9'),('45.376.296','ROM-CAT','9'),('45.376.296','ROM-HEM','60'),('45.376.296','SIZE DIMENSIO','2800'),('45.376.382','MOT-CAT','5'),('45.376.382','PAN-CAT','9'),('45.376.382','ROL-CAT','9'),('45.376.382','ROM-CAT','9'),('45.376.382','ROM-HEM','60'),('45.376.382','SIZE DIMENSIO','2800'),('45.376.642','MOT-CAT','5'),('45.376.642','PAN-CAT','9'),('45.376.642','ROL-CAT','9'),('45.376.642','ROM-CAT','9'),('45.376.642','ROM-HEM','60'),('45.376.642','SIZE DIMENSIO','2800'),('45.376.699','MOT-CAT','5'),('45.376.699','PAN-CAT','9'),('45.376.699','ROL-CAT','9'),('45.376.699','ROM-CAT','9'),('45.376.699','ROM-HEM','60'),('45.376.699','SIZE DIMENSIO','2800'),('45.376.713','MOT-CAT','5'),('45.376.713','PAN-CAT','9'),('45.376.713','ROL-CAT','9'),('45.376.713','ROM-CAT','9'),('45.376.713','ROM-HEM','60'),('45.376.713','SIZE DIMENSIO','2800'),('45.377.215','MOT-CAT','3'),('45.377.215','PAN-CAT','7'),('45.377.215','ROL-CAT','7'),('45.377.215','ROM-CAT','7'),('45.377.215','ROM-HEM','60'),('45.377.215','SIZE DIMENSIO','2800'),('45.377.296','MOT-CAT','3'),('45.377.296','PAN-CAT','7'),('45.377.296','ROL-CAT','7'),('45.377.296','ROM-CAT','7'),('45.377.296','ROM-HEM','60'),('45.377.296','SIZE DIMENSIO','2800'),('45.377.382','MOT-CAT','3'),('45.377.382','PAN-CAT','7'),('45.377.382','ROL-CAT','7'),('45.377.382','ROM-CAT','7'),('45.377.382','ROM-HEM','60'),('45.377.382','SIZE DIMENSIO','2800'),('45.377.642','MOT-CAT','3'),('45.377.642','PAN-CAT','7'),('45.377.642','ROL-CAT','7'),('45.377.642','ROM-CAT','7'),('45.377.642','ROM-HEM','60'),('45.377.642','SIZE DIMENSIO','2800'),('45.377.699','MOT-CAT','3'),('45.377.699','PAN-CAT','7'),('45.377.699','ROL-CAT','7'),('45.377.699','ROM-CAT','7'),('45.377.699','ROM-HEM','60'),('45.377.699','SIZE DIMENSIO','2800'),('45.377.713','MOT-CAT','3'),('45.377.713','PAN-CAT','7'),('45.377.713','ROL-CAT','7'),('45.377.713','ROM-CAT','7'),('45.377.713','ROM-HEM','60'),('45.377.713','SIZE DIMENSIO','2800'),('45.380.464','MOT-CAT','2'),('45.380.464','PAN-CAT','4'),('45.380.464','ROL-CAT','4'),('45.380.464','ROM-CAT','4'),('45.380.464','ROM-HEM','60'),('45.380.464','SIZE DIMENSIO','2500'),('45.380.980','MOT-CAT','2'),('45.380.980','PAN-CAT','4'),('45.380.980','ROL-CAT','4'),('45.380.980','ROM-CAT','4'),('45.380.980','ROM-HEM','60'),('45.380.980','SIZE DIMENSIO','2500'),('45.381.464','MOT-CAT','2'),('45.381.464','PAN-CAT','4'),('45.381.464','ROL-CAT','4'),('45.381.464','ROM-CAT','4'),('45.381.464','ROM-HEM','60'),('45.381.464','SIZE DIMENSIO','2500'),('45.381.980','MOT-CAT','2'),('45.381.980','PAN-CAT','4'),('45.381.980','ROL-CAT','4'),('45.381.980','ROM-CAT','4'),('45.381.980','ROM-HEM','60'),('45.381.980','SIZE DIMENSIO','2500'),('45.382.159','MOT-CAT','2'),('45.382.159','PAN-CAT','6'),('45.382.159','ROL-CAT','6'),('45.382.159','ROM-CAT','6'),('45.382.159','ROM-HEM','60'),('45.382.159','SIZE DIMENSIO','2750'),('45.382.217','MOT-CAT','2'),('45.382.217','PAN-CAT','6'),('45.382.217','ROL-CAT','6'),('45.382.217','ROM-CAT','6'),('45.382.217','ROM-HEM','60'),('45.382.217','SIZE DIMENSIO','2750'),('45.382.233','MOT-CAT','2'),('45.382.233','PAN-CAT','6'),('45.382.233','ROL-CAT','6'),('45.382.233','ROM-CAT','6'),('45.382.233','ROM-HEM','60'),('45.382.233','SIZE DIMENSIO','2750'),('45.382.340','MOT-CAT','2'),('45.382.340','PAN-CAT','7'),('45.382.340','ROL-CAT','7'),('45.382.340','ROM-CAT','7'),('45.382.340','ROM-HEM','60'),('45.382.340','SIZE DIMENSIO','2750'),('45.382.563','MOT-CAT','2'),('45.382.563','PAN-CAT','6'),('45.382.563','ROL-CAT','6'),('45.382.563','ROM-CAT','6'),('45.382.563','ROM-HEM','60'),('45.382.563','SIZE DIMENSIO','2750'),('45.382.720','MOT-CAT','2'),('45.382.720','PAN-CAT','7'),('45.382.720','ROL-CAT','7'),('45.382.720','ROM-CAT','7'),('45.382.720','ROM-HEM','60'),('45.382.720','SIZE DIMENSIO','2750'),('45.382.793','MOT-CAT','2'),('45.382.793','PAN-CAT','7'),('45.382.793','ROL-CAT','7'),('45.382.793','ROM-CAT','7'),('45.382.793','ROM-HEM','60'),('45.382.793','SIZE DIMENSIO','2750'),('45.382.807','MOT-CAT','2'),('45.382.807','PAN-CAT','7'),('45.382.807','ROL-CAT','7'),('45.382.807','ROM-CAT','7'),('45.382.807','ROM-HEM','60'),('45.382.807','SIZE DIMENSIO','2750'),('45.382.868','MOT-CAT','2'),('45.382.868','PAN-CAT','6'),('45.382.868','ROL-CAT','6'),('45.382.868','ROM-CAT','6'),('45.382.868','ROM-HEM','60'),('45.382.868','SIZE DIMENSIO','2750'),('45.383.159','MOT-CAT','1'),('45.383.159','PAN-CAT','4'),('45.383.159','ROL-CAT','4'),('45.383.159','ROM-CAT','4'),('45.383.159','ROM-HEM','60'),('45.383.159','SIZE DIMENSIO','2750'),('45.383.217','MOT-CAT','1'),('45.383.217','PAN-CAT','4'),('45.383.217','ROL-CAT','4'),('45.383.217','ROM-CAT','4'),('45.383.217','ROM-HEM','60'),('45.383.217','SIZE DIMENSIO','2750'),('45.383.233','MOT-CAT','1'),('45.383.233','PAN-CAT','4'),('45.383.233','ROL-CAT','4'),('45.383.233','ROM-CAT','4'),('45.383.233','ROM-HEM','60'),('45.383.233','SIZE DIMENSIO','2750'),('45.383.340','MOT-CAT','1'),('45.383.340','PAN-CAT','5'),('45.383.340','ROL-CAT','5'),('45.383.340','ROM-CAT','5'),('45.383.340','ROM-HEM','60'),('45.383.340','SIZE DIMENSIO','2750'),('45.383.563','MOT-CAT','1'),('45.383.563','PAN-CAT','4'),('45.383.563','ROL-CAT','4'),('45.383.563','ROM-CAT','4'),('45.383.563','ROM-HEM','60'),('45.383.563','SIZE DIMENSIO','2750'),('45.383.720','MOT-CAT','1'),('45.383.720','PAN-CAT','5'),('45.383.720','ROL-CAT','5'),('45.383.720','ROM-CAT','5'),('45.383.720','ROM-HEM','60'),('45.383.720','SIZE DIMENSIO','2750'),('45.383.793','MOT-CAT','1'),('45.383.793','PAN-CAT','5'),('45.383.793','ROL-CAT','5'),('45.383.793','ROM-CAT','5'),('45.383.793','ROM-HEM','60'),('45.383.793','SIZE DIMENSIO','2750'),('45.383.807','MOT-CAT','1'),('45.383.807','PAN-CAT','5'),('45.383.807','ROL-CAT','5'),('45.383.807','ROM-CAT','5'),('45.383.807','ROM-HEM','60'),('45.383.807','SIZE DIMENSIO','2750'),('45.383.868','MOT-CAT','1'),('45.383.868','PAN-CAT','4'),('45.383.868','ROL-CAT','4'),('45.383.868','ROM-CAT','4'),('45.383.868','ROM-HEM','60'),('45.383.868','SIZE DIMENSIO','2750'),('45.384.217','PAN-CAT','3'),('45.384.217','ROL-CAT','3'),('45.384.217','ROM-CAT','3'),('45.384.217','ROM-HEM','60'),('45.384.217','SIZE DIMENSIO','2900'),('45.384.499','ROL-CAT','3'),('45.384.499','ROM-CAT','3'),('45.384.499','ROM-HEM','60'),('45.384.499','SIZE DIMENSIO','2900'),('45.384.597','ROL-CAT','3'),('45.384.597','ROM-CAT','3'),('45.384.597','ROM-HEM','60'),('45.384.597','SIZE DIMENSIO','2900'),('45.384.674','ROL-CAT','3'),('45.384.674','ROM-CAT','3'),('45.384.674','ROM-HEM','60'),('45.384.674','SIZE DIMENSIO','2900'),('45.384.715','ROL-CAT','3'),('45.384.715','ROM-CAT','3'),('45.384.715','ROM-HEM','60'),('45.384.715','SIZE DIMENSIO','2900'),('45.384.868','ROL-CAT','3'),('45.384.868','ROM-CAT','3'),('45.384.868','ROM-HEM','60'),('45.384.868','SIZE DIMENSIO','2900'),('45.384.963','ROL-CAT','3'),('45.384.963','ROM-CAT','3'),('45.384.963','ROM-HEM','60'),('45.384.963','SIZE DIMENSIO','2900'),('45.384.980','ROL-CAT','3'),('45.384.980','ROM-CAT','3'),('45.384.980','ROM-HEM','60'),('45.384.980','SIZE DIMENSIO','2900'),('45.385.089','MOT-CAT','2'),('45.385.089','PAN-CAT','7'),('45.385.089','ROL-CAT','7'),('45.385.089','ROM-CAT','7'),('45.385.089','ROM-FAB','2'),('45.385.089','ROM-HEM','60'),('45.385.089','SIZE DIMENSIO','2450'),('45.385.184','MOT-CAT','2'),('45.385.184','PAN-CAT','7'),('45.385.184','ROL-CAT','7'),('45.385.184','ROM-CAT','7'),('45.385.184','ROM-FAB','2'),('45.385.184','ROM-HEM','60'),('45.385.184','SIZE DIMENSIO','2450'),('45.385.347','MOT-CAT','2'),('45.385.347','PAN-CAT','7'),('45.385.347','ROL-CAT','7'),('45.385.347','ROM-CAT','7'),('45.385.347','ROM-FAB','2'),('45.385.347','ROM-HEM','60'),('45.385.347','SIZE DIMENSIO','2450'),('45.385.357','MOT-CAT','2'),('45.385.357','PAN-CAT','7'),('45.385.357','ROL-CAT','7'),('45.385.357','ROM-CAT','7'),('45.385.357','ROM-FAB','2'),('45.385.357','ROM-HEM','60'),('45.385.357','SIZE DIMENSIO','2450'),('45.385.368','MOT-CAT','2'),('45.385.368','PAN-CAT','7'),('45.385.368','ROL-CAT','7'),('45.385.368','ROM-CAT','7'),('45.385.368','ROM-FAB','2'),('45.385.368','ROM-HEM','60'),('45.385.368','SIZE DIMENSIO','2450'),('45.385.739','MOT-CAT','2'),('45.385.739','PAN-CAT','7'),('45.385.739','ROL-CAT','7'),('45.385.739','ROM-CAT','7'),('45.385.739','ROM-FAB','2'),('45.385.739','ROM-HEM','60'),('45.385.739','SIZE DIMENSIO','2450'),('45.385.826','MOT-CAT','2'),('45.385.826','PAN-CAT','7'),('45.385.826','ROL-CAT','7'),('45.385.826','ROM-CAT','7'),('45.385.826','ROM-FAB','2'),('45.385.826','ROM-HEM','60'),('45.385.826','SIZE DIMENSIO','2450'),('45.385.920','MOT-CAT','2'),('45.385.920','PAN-CAT','7'),('45.385.920','ROL-CAT','7'),('45.385.920','ROM-CAT','7'),('45.385.920','ROM-FAB','2'),('45.385.920','ROM-HEM','60'),('45.385.920','SIZE DIMENSIO','2450'),('45.385.929','MOT-CAT','2'),('45.385.929','PAN-CAT','7'),('45.385.929','ROL-CAT','7'),('45.385.929','ROM-CAT','7'),('45.385.929','ROM-FAB','2'),('45.385.929','ROM-HEM','60'),('45.385.929','SIZE DIMENSIO','2450'),('45.385.980','MOT-CAT','2'),('45.385.980','PAN-CAT','7'),('45.385.980','ROL-CAT','7'),('45.385.980','ROM-CAT','7'),('45.385.980','ROM-FAB','2'),('45.385.980','ROM-HEM','60'),('45.385.980','SIZE DIMENSIO','2450'),('45.386.089','MOT-CAT','1'),('45.386.089','PAN-CAT','5'),('45.386.089','ROL-CAT','5'),('45.386.089','ROM-CAT','5'),('45.386.089','ROM-FAB','1'),('45.386.089','ROM-HEM','60'),('45.386.089','SIZE DIMENSIO','2450'),('45.386.184','MOT-CAT','1'),('45.386.184','PAN-CAT','5'),('45.386.184','ROL-CAT','5'),('45.386.184','ROM-CAT','5'),('45.386.184','ROM-FAB','1'),('45.386.184','ROM-HEM','60'),('45.386.184','SIZE DIMENSIO','2450'),('45.386.347','MOT-CAT','1'),('45.386.347','PAN-CAT','5'),('45.386.347','ROL-CAT','5'),('45.386.347','ROM-CAT','5'),('45.386.347','ROM-FAB','1'),('45.386.347','ROM-HEM','60'),('45.386.347','SIZE DIMENSIO','2450'),('45.386.357','MOT-CAT','1'),('45.386.357','PAN-CAT','5'),('45.386.357','ROL-CAT','5'),('45.386.357','ROM-CAT','5'),('45.386.357','ROM-FAB','1'),('45.386.357','ROM-HEM','60'),('45.386.357','SIZE DIMENSIO','2450'),('45.386.368','MOT-CAT','1'),('45.386.368','PAN-CAT','5'),('45.386.368','ROL-CAT','5'),('45.386.368','ROM-CAT','5'),('45.386.368','ROM-FAB','1'),('45.386.368','ROM-HEM','60'),('45.386.368','SIZE DIMENSIO','2450'),('45.386.739','MOT-CAT','1'),('45.386.739','PAN-CAT','5'),('45.386.739','ROL-CAT','5'),('45.386.739','ROM-CAT','5'),('45.386.739','ROM-FAB','1'),('45.386.739','ROM-HEM','60'),('45.386.739','SIZE DIMENSIO','2450'),('45.386.826','MOT-CAT','1'),('45.386.826','PAN-CAT','5'),('45.386.826','ROL-CAT','5'),('45.386.826','ROM-CAT','5'),('45.386.826','ROM-FAB','1'),('45.386.826','ROM-HEM','60'),('45.386.826','SIZE DIMENSIO','2450'),('45.386.920','MOT-CAT','1'),('45.386.920','PAN-CAT','5'),('45.386.920','ROL-CAT','5'),('45.386.920','ROM-CAT','5'),('45.386.920','ROM-FAB','1'),('45.386.920','ROM-HEM','60'),('45.386.920','SIZE DIMENSIO','2450'),('45.386.929','MOT-CAT','1'),('45.386.929','PAN-CAT','5'),('45.386.929','ROL-CAT','5'),('45.386.929','ROM-CAT','5'),('45.386.929','ROM-FAB','1'),('45.386.929','ROM-HEM','60'),('45.386.929','SIZE DIMENSIO','2450'),('45.386.980','MOT-CAT','1'),('45.386.980','PAN-CAT','5'),('45.386.980','ROL-CAT','5'),('45.386.980','ROM-CAT','5'),('45.386.980','ROM-FAB','1'),('45.386.980','ROM-HEM','60'),('45.386.980','SIZE DIMENSIO','2450'),('45.387.171','MOT-CAT','1'),('45.387.171','PAN-CAT','1'),('45.387.171','ROL-CAT','1'),('45.387.171','ROM-CAT','1'),('45.387.171','ROM-FAB','2'),('45.387.171','ROM-HEM','60'),('45.387.171','SIZE DIMENSIO','2500'),('45.387.192','MOT-CAT','1'),('45.387.192','PAN-CAT','1'),('45.387.192','ROL-CAT','1'),('45.387.192','ROM-CAT','1'),('45.387.192','ROM-FAB','2'),('45.387.192','ROM-HEM','60'),('45.387.192','SIZE DIMENSIO','2500'),('45.387.715','MOT-CAT','1'),('45.387.715','PAN-CAT','1'),('45.387.715','ROL-CAT','1'),('45.387.715','ROM-CAT','1'),('45.387.715','ROM-FAB','2'),('45.387.715','ROM-HEM','60'),('45.387.715','SIZE DIMENSIO','2500'),('45.387.980','MOT-CAT','1'),('45.387.980','PAN-CAT','1'),('45.387.980','ROL-CAT','1'),('45.387.980','ROM-CAT','1'),('45.387.980','ROM-FAB','2'),('45.387.980','ROM-HEM','60'),('45.387.980','SIZE DIMENSIO','2500'),('45.388.171','MOT-CAT','1'),('45.388.171','PAN-CAT','1'),('45.388.171','ROL-CAT','1'),('45.388.171','ROM-CAT','1'),('45.388.171','ROM-FAB','1'),('45.388.171','ROM-HEM','60'),('45.388.171','SIZE DIMENSIO','2500'),('45.388.192','MOT-CAT','1'),('45.388.192','PAN-CAT','1'),('45.388.192','ROL-CAT','1'),('45.388.192','ROM-CAT','1'),('45.388.192','ROM-FAB','1'),('45.388.192','ROM-HEM','60'),('45.388.192','SIZE DIMENSIO','2500'),('45.388.715','MOT-CAT','1'),('45.388.715','PAN-CAT','1'),('45.388.715','ROL-CAT','1'),('45.388.715','ROM-CAT','1'),('45.388.715','ROM-FAB','1'),('45.388.715','ROM-HEM','60'),('45.388.715','SIZE DIMENSIO','2500'),('45.388.980','MOT-CAT','1'),('45.388.980','PAN-CAT','1'),('45.388.980','ROL-CAT','1'),('45.388.980','ROM-CAT','1'),('45.388.980','ROM-FAB','1'),('45.388.980','ROM-HEM','60'),('45.388.980','SIZE DIMENSIO','2500'),('45.390.597','MOT-CAT','2'),('45.390.597','PAN-CAT','4'),('45.390.597','ROL-CAT','4'),('45.390.597','ROM-CAT','4'),('45.390.597','ROM-HEM','60'),('45.390.597','SIZE DIMENSIO','2450'),('45.395.051','MOT-CAT','2'),('45.395.051','PAN-CAT','7'),('45.395.051','ROL-CAT','7'),('45.395.051','ROM-CAT','7'),('45.395.051','ROM-FAB','2'),('45.395.051','ROM-HEM','60'),('45.395.051','SIZE DIMENSIO','2750'),('45.395.086','MOT-CAT','2'),('45.395.086','PAN-CAT','7'),('45.395.086','ROL-CAT','7'),('45.395.086','ROM-CAT','7'),('45.395.086','ROM-FAB','2'),('45.395.086','ROM-HEM','60'),('45.395.086','SIZE DIMENSIO','2750'),('45.395.089','MOT-CAT','2'),('45.395.089','PAN-CAT','7'),('45.395.089','ROL-CAT','7'),('45.395.089','ROM-CAT','7'),('45.395.089','ROM-FAB','2'),('45.395.089','ROM-HEM','60'),('45.395.089','SIZE DIMENSIO','2750'),('45.395.217','MOT-CAT','2'),('45.395.217','PAN-CAT','7'),('45.395.217','ROL-CAT','7'),('45.395.217','ROM-CAT','7'),('45.395.217','ROM-FAB','2'),('45.395.217','ROM-HEM','60'),('45.395.217','SIZE DIMENSIO','2750'),('45.395.339','MOT-CAT','2'),('45.395.339','PAN-CAT','7'),('45.395.339','ROL-CAT','7'),('45.395.339','ROM-CAT','7'),('45.395.339','ROM-FAB','2'),('45.395.339','ROM-HEM','60'),('45.395.339','SIZE DIMENSIO','2750'),('45.395.347','MOT-CAT','2'),('45.395.347','PAN-CAT','7'),('45.395.347','ROL-CAT','7'),('45.395.347','ROM-CAT','7'),('45.395.347','ROM-FAB','2'),('45.395.347','ROM-HEM','60'),('45.395.347','SIZE DIMENSIO','2750'),('45.395.619','MOT-CAT','2'),('45.395.619','PAN-CAT','7'),('45.395.619','ROL-CAT','7'),('45.395.619','ROM-CAT','7'),('45.395.619','ROM-FAB','2'),('45.395.619','ROM-HEM','60'),('45.395.619','SIZE DIMENSIO','2750'),('45.395.646','MOT-CAT','2'),('45.395.646','PAN-CAT','6'),('45.395.646','ROL-CAT','6'),('45.395.646','ROM-CAT','6'),('45.395.646','ROM-FAB','2'),('45.395.646','ROM-HEM','60'),('45.395.646','SIZE DIMENSIO','2750'),('45.395.821','MOT-CAT','2'),('45.395.821','PAN-CAT','6'),('45.395.821','ROL-CAT','6'),('45.395.821','ROM-CAT','6'),('45.395.821','ROM-FAB','2'),('45.395.821','ROM-HEM','60'),('45.395.821','SIZE DIMENSIO','2800'),('45.395.868','MOT-CAT','2'),('45.395.868','PAN-CAT','7'),('45.395.868','ROL-CAT','7'),('45.395.868','ROM-CAT','7'),('45.395.868','ROM-FAB','2'),('45.395.868','ROM-HEM','60'),('45.395.868','SIZE DIMENSIO','2750'),('45.396.051','MOT-CAT','1'),('45.396.051','PAN-CAT','5'),('45.396.051','ROL-CAT','5'),('45.396.051','ROM-CAT','5'),('45.396.051','ROM-FAB','1'),('45.396.051','ROM-HEM','60'),('45.396.051','SIZE DIMENSIO','2750'),('45.396.086','MOT-CAT','1'),('45.396.086','PAN-CAT','5'),('45.396.086','ROL-CAT','5'),('45.396.086','ROM-CAT','5'),('45.396.086','ROM-FAB','1'),('45.396.086','ROM-HEM','60'),('45.396.086','SIZE DIMENSIO','2750'),('45.396.089','MOT-CAT','1'),('45.396.089','PAN-CAT','5'),('45.396.089','ROL-CAT','5'),('45.396.089','ROM-CAT','5'),('45.396.089','ROM-FAB','1'),('45.396.089','ROM-HEM','60'),('45.396.089','SIZE DIMENSIO','2750'),('45.396.217','MOT-CAT','1'),('45.396.217','PAN-CAT','5'),('45.396.217','ROL-CAT','5'),('45.396.217','ROM-CAT','5'),('45.396.217','ROM-FAB','1'),('45.396.217','ROM-HEM','60'),('45.396.217','SIZE DIMENSIO','2750'),('45.396.339','MOT-CAT','1'),('45.396.339','PAN-CAT','5'),('45.396.339','ROL-CAT','5'),('45.396.339','ROM-CAT','5'),('45.396.339','ROM-FAB','1'),('45.396.339','ROM-HEM','60'),('45.396.339','SIZE DIMENSIO','2750'),('45.396.347','MOT-CAT','1'),('45.396.347','PAN-CAT','5'),('45.396.347','ROL-CAT','5'),('45.396.347','ROM-CAT','5'),('45.396.347','ROM-FAB','1'),('45.396.347','ROM-HEM','60'),('45.396.347','SIZE DIMENSIO','2750'),('45.396.619','MOT-CAT','1'),('45.396.619','PAN-CAT','5'),('45.396.619','ROL-CAT','5'),('45.396.619','ROM-CAT','5'),('45.396.619','ROM-FAB','1'),('45.396.619','ROM-HEM','60'),('45.396.619','SIZE DIMENSIO','2750'),('45.396.646','MOT-CAT','1'),('45.396.646','PAN-CAT','4'),('45.396.646','ROL-CAT','4'),('45.396.646','ROM-CAT','4'),('45.396.646','ROM-FAB','1'),('45.396.646','ROM-HEM','60'),('45.396.646','SIZE DIMENSIO','2750'),('45.396.821','MOT-CAT','1'),('45.396.821','PAN-CAT','4'),('45.396.821','ROL-CAT','4'),('45.396.821','ROM-CAT','4'),('45.396.821','ROM-FAB','1'),('45.396.821','ROM-HEM','60'),('45.396.821','SIZE DIMENSIO','2750'),('45.396.868','MOT-CAT','1'),('45.396.868','PAN-CAT','5'),('45.396.868','ROL-CAT','5'),('45.396.868','ROM-CAT','5'),('45.396.868','ROM-FAB','1'),('45.396.868','ROM-HEM','60'),('45.396.868','SIZE DIMENSIO','2750'),('45.400.009','PAN-CAT','6'),('45.400.009','ROL-CAT','6'),('45.400.009','ROM-CAT','6'),('45.400.009','ROM-FAB','2'),('45.400.009','ROM-HEM','60'),('45.400.009','SIZE DIMENSIO','2450'),('45.400.083','MOT-CAT','2'),('45.400.083','PAN-CAT','6'),('45.400.083','ROL-CAT','6'),('45.400.083','ROM-CAT','6'),('45.400.083','ROM-HEM','60'),('45.400.083','SIZE DIMENSIO','2450'),('45.400.093','MOT-CAT','2'),('45.400.093','PAN-CAT','6'),('45.400.093','ROL-CAT','6'),('45.400.093','ROM-CAT','6'),('45.400.093','ROM-FAB','2'),('45.400.093','ROM-HEM','60'),('45.400.093','SIZE DIMENSIO','2450'),('45.400.217','MOT-CAT','2'),('45.400.217','PAN-CAT','6'),('45.400.217','ROL-CAT','6'),('45.400.217','ROM-CAT','6'),('45.400.217','SIZE DIMENSIO','2450'),('45.400.355','MOT-CAT','2'),('45.400.355','PAN-CAT','6'),('45.400.355','ROL-CAT','6'),('45.400.355','ROM-CAT','6'),('45.400.355','ROM-FAB','2'),('45.400.355','ROM-HEM','60'),('45.400.355','SIZE DIMENSIO','2450'),('45.400.674','MOT-CAT','2'),('45.400.674','PAN-CAT','6'),('45.400.674','ROL-CAT','6'),('45.400.674','ROM-CAT','6'),('45.400.674','ROM-FAB','2'),('45.400.674','ROM-HEM','60'),('45.400.674','SIZE DIMENSIO','2450'),('45.400.754','MOT-CAT','2'),('45.400.754','PAN-CAT','6'),('45.400.754','ROL-CAT','6'),('45.400.754','ROM-CAT','6'),('45.400.754','ROM-HEM','60'),('45.400.754','SIZE DIMENSIO','2450'),('45.400.764','MOT-CAT','2'),('45.400.764','PAN-CAT','6'),('45.400.764','ROL-CAT','6'),('45.400.764','ROM-CAT','6'),('45.400.764','SIZE DIMENSIO','2450'),('45.400.980','MOT-CAT','2'),('45.400.980','PAN-CAT','6'),('45.400.980','ROL-CAT','6'),('45.400.980','ROM-CAT','6'),('45.400.980','ROM-FAB','2'),('45.400.980','ROM-HEM','60'),('45.400.980','SIZE DIMENSIO','2450'),('45.401.009','MOT-CAT','1'),('45.401.009','PAN-CAT','4'),('45.401.009','ROL-CAT','4'),('45.401.009','ROM-CAT','4'),('45.401.009','ROM-FAB','1'),('45.401.009','ROM-HEM','60'),('45.401.009','SIZE DIMENSIO','2450'),('45.401.083','MOT-CAT','1'),('45.401.083','PAN-CAT','4'),('45.401.083','ROL-CAT','4'),('45.401.083','ROM-CAT','4'),('45.401.083','SIZE DIMENSIO','2450'),('45.401.093','MOT-CAT','1'),('45.401.093','PAN-CAT','4'),('45.401.093','ROL-CAT','4'),('45.401.093','ROM-CAT','4'),('45.401.093','ROM-FAB','1'),('45.401.093','ROM-HEM','60'),('45.401.093','SIZE DIMENSIO','2450'),('45.401.217','MOT-CAT','1'),('45.401.217','PAN-CAT','4'),('45.401.217','ROL-CAT','4'),('45.401.217','ROM-CAT','4'),('45.401.217','SIZE DIMENSIO','2450'),('45.401.355','MOT-CAT','1'),('45.401.355','PAN-CAT','4'),('45.401.355','ROL-CAT','4'),('45.401.355','ROM-CAT','4'),('45.401.355','ROM-FAB','1'),('45.401.355','ROM-HEM','60'),('45.401.355','SIZE DIMENSIO','2450'),('45.401.674','MOT-CAT','1'),('45.401.674','PAN-CAT','4'),('45.401.674','ROL-CAT','4'),('45.401.674','ROM-CAT','4'),('45.401.674','ROM-FAB','1'),('45.401.674','ROM-HEM','60'),('45.401.674','SIZE DIMENSIO','2450'),('45.401.754','MOT-CAT','1'),('45.401.754','PAN-CAT','4'),('45.401.754','ROL-CAT','4'),('45.401.754','ROM-CAT','4'),('45.401.754','SIZE DIMENSIO','2450'),('45.401.764','MOT-CAT','1'),('45.401.764','PAN-CAT','4'),('45.401.764','ROL-CAT','4'),('45.401.764','ROM-CAT','4'),('45.401.764','SIZE DIMENSIO','2450'),('45.401.980','MOT-CAT','1'),('45.401.980','PAN-CAT','4'),('45.401.980','ROL-CAT','4'),('45.401.980','ROM-CAT','4'),('45.401.980','ROM-FAB','1'),('45.401.980','ROM-HEM','60'),('45.401.980','SIZE DIMENSIO','2450'),('45.414.021','PAN-CAT','8'),('45.414.021','ROL-CAT','8'),('45.414.021','ROM-CAT','8'),('45.414.021','ROM-HEM','60'),('45.414.021','SIZE DIMENSIO','2800'),('45.414.093','PAN-CAT','8'),('45.414.093','ROL-CAT','8'),('45.414.093','ROM-CAT','8'),('45.414.093','ROM-HEM','60'),('45.414.093','SIZE DIMENSIO','2800'),('45.414.207','PAN-CAT','8'),('45.414.207','ROL-CAT','8'),('45.414.207','ROM-CAT','8'),('45.414.207','ROM-HEM','60'),('45.414.207','SIZE DIMENSIO','2800'),('45.414.230','PAN-CAT','8'),('45.414.230','ROL-CAT','8'),('45.414.230','ROM-CAT','8'),('45.414.230','ROM-HEM','60'),('45.414.230','SIZE DIMENSIO','2800'),('45.414.344','PAN-CAT','8'),('45.414.344','ROL-CAT','8'),('45.414.344','ROM-CAT','8'),('45.414.344','ROM-HEM','60'),('45.414.344','SIZE DIMENSIO','2800'),('45.414.595','PAN-CAT','8'),('45.414.595','ROL-CAT','8'),('45.414.595','ROM-CAT','8'),('45.414.595','ROM-HEM','60'),('45.414.595','SIZE DIMENSIO','2800'),('45.414.826','PAN-CAT','8'),('45.414.826','ROL-CAT','8'),('45.414.826','ROM-CAT','8'),('45.414.826','ROM-HEM','60'),('45.414.826','SIZE DIMENSIO','2800'),('45.415.021','PAN-CAT','6'),('45.415.021','ROL-CAT','6'),('45.415.021','ROM-CAT','6'),('45.415.021','ROM-HEM','60'),('45.415.021','SIZE DIMENSIO','2800'),('45.415.093','PAN-CAT','6'),('45.415.093','ROL-CAT','6'),('45.415.093','ROM-CAT','6'),('45.415.093','ROM-HEM','60'),('45.415.093','SIZE DIMENSIO','2800'),('45.415.207','PAN-CAT','6'),('45.415.207','ROL-CAT','6'),('45.415.207','ROM-CAT','6'),('45.415.207','ROM-HEM','60'),('45.415.207','SIZE DIMENSIO','2800'),('45.415.230','PAN-CAT','6'),('45.415.230','ROL-CAT','6'),('45.415.230','ROM-CAT','6'),('45.415.230','ROM-HEM','60'),('45.415.230','SIZE DIMENSIO','2800'),('45.415.344','PAN-CAT','6'),('45.415.344','ROL-CAT','6'),('45.415.344','ROM-CAT','6'),('45.415.344','ROM-HEM','60'),('45.415.344','SIZE DIMENSIO','2800'),('45.415.595','PAN-CAT','6'),('45.415.595','ROL-CAT','6'),('45.415.595','ROM-CAT','6'),('45.415.595','ROM-HEM','60'),('45.415.595','SIZE DIMENSIO','2800'),('45.415.826','PAN-CAT','6'),('45.415.826','ROL-CAT','6'),('45.415.826','ROM-CAT','6'),('45.415.826','ROM-HEM','60'),('45.415.826','SIZE DIMENSIO','2800'),('45.420.537','MOT-CAT','2'),('45.420.537','PAN-CAT','4'),('45.420.537','ROL-CAT','A'),('45.420.537','ROM-CAT','4'),('45.420.537','ROM-HEM','60'),('45.420.537','SIZE DIMENSIO','2500'),('45.420.541','MOT-CAT','2'),('45.420.541','PAN-CAT','4'),('45.420.541','ROL-CAT','A'),('45.420.541','ROM-CAT','4'),('45.420.541','ROM-HEM','60'),('45.420.541','SIZE DIMENSIO','2500'),('45.420.571','MOT-CAT','2'),('45.420.571','PAN-CAT','4'),('45.420.571','ROL-CAT','A'),('45.420.571','ROM-CAT','4'),('45.420.571','ROM-HEM','60'),('45.420.571','SIZE DIMENSIO','2500'),('45.420.572','MOT-CAT','2'),('45.420.572','PAN-CAT','4'),('45.420.572','ROL-CAT','A'),('45.420.572','ROM-CAT','4'),('45.420.572','ROM-HEM','60'),('45.420.572','SIZE DIMENSIO','2500'),('45.420.573','MOT-CAT','2'),('45.420.573','PAN-CAT','4'),('45.420.573','ROL-CAT','A'),('45.420.573','ROM-CAT','4'),('45.420.573','ROM-HEM','60'),('45.420.573','SIZE DIMENSIO','2500'),('45.420.576','MOT-CAT','4'),('45.420.576','PAN-CAT','6'),('45.420.576','ROL-CAT','A'),('45.420.576','ROM-CAT','6'),('45.420.576','ROM-HEM','60'),('45.420.576','SIZE DIMENSIO','2500'),('45.420.878','MOT-CAT','2'),('45.420.878','PAN-CAT','4'),('45.420.878','ROL-CAT','A'),('45.420.878','ROM-CAT','4'),('45.420.878','ROM-HEM','60'),('45.420.878','SIZE DIMENSIO','2500'),('45.420.980','MOT-CAT','2'),('45.420.980','PAN-CAT','4'),('45.420.980','ROL-CAT','A'),('45.420.980','ROM-CAT','4'),('45.420.980','ROM-HEM','60'),('45.420.980','SIZE DIMENSIO','2500'),('45.421.537','MOT-CAT','2'),('45.421.537','PAN-CAT','4'),('45.421.537','ROL-CAT','A'),('45.421.537','ROM-CAT','4'),('45.421.537','ROM-HEM','60'),('45.421.537','SIZE DIMENSIO','2500'),('45.421.541','MOT-CAT','2'),('45.421.541','PAN-CAT','4'),('45.421.541','ROL-CAT','A'),('45.421.541','ROM-CAT','4'),('45.421.541','ROM-HEM','60'),('45.421.541','SIZE DIMENSIO','2500'),('45.421.571','MOT-CAT','5'),('45.421.571','PAN-CAT','7'),('45.421.571','ROL-CAT','A'),('45.421.571','ROM-CAT','7'),('45.421.571','ROM-HEM','60'),('45.421.571','SIZE DIMENSIO','2500'),('45.421.572','MOT-CAT','2'),('45.421.572','PAN-CAT','4'),('45.421.572','ROL-CAT','A'),('45.421.572','ROM-CAT','4'),('45.421.572','ROM-HEM','60'),('45.421.572','SIZE DIMENSIO','2500'),('45.421.573','MOT-CAT','2'),('45.421.573','PAN-CAT','4'),('45.421.573','ROL-CAT','A'),('45.421.573','ROM-CAT','4'),('45.421.573','ROM-HEM','60'),('45.421.573','SIZE DIMENSIO','2500'),('45.421.576','MOT-CAT','2'),('45.421.576','PAN-CAT','4'),('45.421.576','ROL-CAT','A'),('45.421.576','ROM-CAT','4'),('45.421.576','ROM-HEM','60'),('45.421.576','SIZE DIMENSIO','2500'),('45.421.878','MOT-CAT','2'),('45.421.878','PAN-CAT','4'),('45.421.878','ROL-CAT','A'),('45.421.878','ROM-CAT','4'),('45.421.878','ROM-HEM','60'),('45.421.878','SIZE DIMENSIO','2500'),('45.421.980','MOT-CAT','2'),('45.421.980','PAN-CAT','4'),('45.421.980','ROL-CAT','A'),('45.421.980','ROM-CAT','4'),('45.421.980','ROM-HEM','60'),('45.421.980','SIZE DIMENSIO','2500'),('45.430.075','MOT-CAT','1'),('45.430.075','PAN-CAT','B'),('45.430.075','ROL-CAT','B'),('45.430.075','ROM-CAT','B'),('45.430.075','ROM-HEM','60'),('45.430.075','SIZE DIMENSIO','2000'),('45.430.118','MOT-CAT','1'),('45.430.118','PAN-CAT','B'),('45.430.118','ROL-CAT','B'),('45.430.118','ROM-CAT','B'),('45.430.118','ROM-HEM','60'),('45.430.118','SIZE DIMENSIO','2000'),('45.430.137','MOT-CAT','1'),('45.430.137','PAN-CAT','B'),('45.430.137','ROL-CAT','B'),('45.430.137','ROM-CAT','B'),('45.430.137','ROM-HEM','60'),('45.430.137','SIZE DIMENSIO','2000'),('45.430.496','MOT-CAT','1'),('45.430.496','PAN-CAT','B'),('45.430.496','ROL-CAT','B'),('45.430.496','ROM-CAT','B'),('45.430.496','ROM-HEM','60'),('45.430.496','SIZE DIMENSIO','2000'),('45.430.651','MOT-CAT','1'),('45.430.651','PAN-CAT','1'),('45.430.651','ROL-CAT','B'),('45.430.651','ROM-CAT','1'),('45.430.651','ROM-HEM','60'),('45.430.651','SIZE DIMENSIO','2000'),('45.430.868','MOT-CAT','1'),('45.430.868','PAN-CAT','B'),('45.430.868','ROL-CAT','B'),('45.430.868','ROM-CAT','B'),('45.430.868','ROM-HEM','60'),('45.430.868','SIZE DIMENSIO','2000'),('45.430.980','MOT-CAT','1'),('45.430.980','PAN-CAT','B'),('45.430.980','ROL-CAT','B'),('45.430.980','ROM-CAT','B'),('45.430.980','ROM-HEM','60'),('45.430.980','SIZE DIMENSIO','2000'),('45.440.091','MOT-CAT','3'),('45.440.091','PAN-CAT','8'),('45.440.091','ROL-CAT','8'),('45.440.091','ROM-CAT','8'),('45.440.091','ROM-FAB','1'),('45.440.091','ROM-HEM','60'),('45.440.091','SIZE DIMENSIO','2000'),('45.440.535','MOT-CAT','3'),('45.440.535','PAN-CAT','8'),('45.440.535','ROL-CAT','8'),('45.440.535','ROM-CAT','8'),('45.440.535','ROM-FAB','1'),('45.440.535','ROM-HEM','60'),('45.440.535','SIZE DIMENSIO','2000'),('45.440.980','MOT-CAT','3'),('45.440.980','PAN-CAT','8'),('45.440.980','ROL-CAT','8'),('45.440.980','ROM-CAT','8'),('45.440.980','ROM-FAB','1'),('45.440.980','ROM-HEM','60'),('45.440.980','SIZE DIMENSIO','2000'),('45.441.091','ROL-CAT','10'),('45.441.091','SIZE DIMENSIO','2900'),('45.441.821','ROL-CAT','10'),('45.441.821','SIZE DIMENSIO','2900'),('45.445.281','MOT-CAT','2'),('45.445.281','PAN-CAT','4'),('45.445.281','ROL-CAT','2'),('45.445.281','ROM-FAB','1'),('45.445.281','SIZE DIMENSIO','2000'),('45.445.980','MOT-CAT','1'),('45.445.980','PAN-CAT','2'),('45.445.980','ROL-CAT','2'),('45.445.980','ROM-FAB','1'),('45.445.980','SIZE DIMENSIO','2000'),('45.447.868','PAN-CAT','7'),('45.447.868','ROL-CAT','7'),('45.447.868','SIZE DIMENSIO','2800'),('45.448.464','MOT-CAT','1'),('45.448.464','PAN-CAT','4'),('45.448.464','ROL-CAT','4'),('45.448.464','ROM-CAT','4'),('45.448.464','SIZE DIMENSIO','2500'),('45.450.051','MOT-CAT','2'),('45.450.051','PAN-CAT','6'),('45.450.051','ROL-CAT','6'),('45.450.051','ROM-CAT','6'),('45.450.051','ROM-FAB','2'),('45.450.051','ROM-HEM','60'),('45.450.051','SIZE DIMENSIO','2800'),('45.450.091','MOT-CAT','2'),('45.450.091','PAN-CAT','6'),('45.450.091','ROL-CAT','6'),('45.450.091','ROM-CAT','6'),('45.450.091','ROM-HEM','60'),('45.450.091','SIZE DIMENSIO','2800'),('45.450.233','MOT-CAT','2'),('45.450.233','PAN-CAT','7'),('45.450.233','ROL-CAT','7'),('45.450.233','ROM-CAT','7'),('45.450.233','ROM-HEM','60'),('45.450.233','SIZE DIMENSIO','2800'),('45.450.238','MOT-CAT','2'),('45.450.238','PAN-CAT','6'),('45.450.238','ROL-CAT','6'),('45.450.238','ROM-CAT','6'),('45.450.238','ROM-FAB','2'),('45.450.238','ROM-HEM','60'),('45.450.238','SIZE DIMENSIO','2450'),('45.450.244','MOT-CAT','2'),('45.450.244','PAN-CAT','7'),('45.450.244','ROL-CAT','7'),('45.450.244','ROM-CAT','7'),('45.450.244','ROM-HEM','60'),('45.450.244','SIZE DIMENSIO','2800'),('45.450.281','MOT-CAT','2'),('45.450.281','PAN-CAT','7'),('45.450.281','ROL-CAT','7'),('45.450.281','ROM-CAT','7'),('45.450.281','ROM-FAB','2'),('45.450.281','ROM-HEM','60'),('45.450.281','SIZE DIMENSIO','2800'),('45.450.463','MOT-CAT','2'),('45.450.463','PAN-CAT','6'),('45.450.463','ROL-CAT','6'),('45.450.463','ROM-CAT','6'),('45.450.463','ROM-HEM','60'),('45.450.463','SIZE DIMENSIO','2800'),('45.450.595','MOT-CAT','2'),('45.450.595','PAN-CAT','7'),('45.450.595','ROL-CAT','7'),('45.450.595','ROM-CAT','7'),('45.450.595','ROM-FAB','2'),('45.450.595','ROM-HEM','60'),('45.450.595','SIZE DIMENSIO','2450'),('45.450.678','MOT-CAT','2'),('45.450.678','PAN-CAT','7'),('45.450.678','ROL-CAT','7'),('45.450.678','ROM-CAT','7'),('45.450.678','ROM-FAB','2'),('45.450.678','ROM-HEM','60'),('45.450.678','SIZE DIMENSIO','2450'),('45.450.715','MOT-CAT','2'),('45.450.715','PAN-CAT','7'),('45.450.715','ROL-CAT','7'),('45.450.715','ROM-CAT','7'),('45.450.715','ROM-FAB','2'),('45.450.715','ROM-HEM','60'),('45.450.715','SIZE DIMENSIO','2450'),('45.450.807','MOT-CAT','2'),('45.450.807','PAN-CAT','6'),('45.450.807','ROL-CAT','6'),('45.450.807','ROM-CAT','6'),('45.450.807','ROM-HEM','60'),('45.450.807','SIZE DIMENSIO','2800'),('45.450.826','MOT-CAT','2'),('45.450.826','PAN-CAT','6'),('45.450.826','ROL-CAT','6'),('45.450.826','ROM-CAT','6'),('45.450.826','ROM-FAB','2'),('45.450.826','ROM-HEM','60'),('45.450.826','SIZE DIMENSIO','2800'),('45.450.834','MOT-CAT','2'),('45.450.834','PAN-CAT','7'),('45.450.834','ROL-CAT','7'),('45.450.834','ROM-CAT','7'),('45.450.834','ROM-HEM','60'),('45.450.834','SIZE DIMENSIO','2800'),('45.450.868','MOT-CAT','2'),('45.450.868','PAN-CAT','6'),('45.450.868','ROL-CAT','6'),('45.450.868','ROM-CAT','6'),('45.450.868','ROM-HEM','60'),('45.450.868','SIZE DIMENSIO','2800'),('45.450.869','MOT-CAT','2'),('45.450.869','PAN-CAT','6'),('45.450.869','ROL-CAT','6'),('45.450.869','ROM-CAT','6'),('45.450.869','ROM-FAB','2'),('45.450.869','ROM-HEM','60'),('45.450.869','SIZE DIMENSIO','2800'),('45.450.980','MOT-CAT','2'),('45.450.980','PAN-CAT','6'),('45.450.980','ROL-CAT','6'),('45.450.980','ROM-CAT','6'),('45.450.980','ROM-FAB','2'),('45.450.980','ROM-HEM','60'),('45.450.980','SIZE DIMENSIO','2800'),('45.451.051','MOT-CAT','1'),('45.451.051','PAN-CAT','4'),('45.451.051','ROL-CAT','4'),('45.451.051','ROM-CAT','4'),('45.451.051','ROM-FAB','1'),('45.451.051','ROM-HEM','60'),('45.451.051','SIZE DIMENSIO','2750'),('45.451.091','MOT-CAT','1'),('45.451.091','PAN-CAT','4'),('45.451.091','ROL-CAT','4'),('45.451.091','ROM-CAT','4'),('45.451.091','ROM-HEM','60'),('45.451.091','SIZE DIMENSIO','2750'),('45.451.233','MOT-CAT','1'),('45.451.233','PAN-CAT','5'),('45.451.233','ROL-CAT','5'),('45.451.233','ROM-CAT','5'),('45.451.233','ROM-HEM','60'),('45.451.233','SIZE DIMENSIO','2750'),('45.451.238','MOT-CAT','1'),('45.451.238','PAN-CAT','4'),('45.451.238','ROL-CAT','4'),('45.451.238','ROM-CAT','4'),('45.451.238','ROM-FAB','1'),('45.451.238','ROM-HEM','60'),('45.451.238','SIZE DIMENSIO','2450'),('45.451.244','MOT-CAT','1'),('45.451.244','PAN-CAT','5'),('45.451.244','ROL-CAT','5'),('45.451.244','ROM-CAT','5'),('45.451.244','ROM-HEM','60'),('45.451.244','SIZE DIMENSIO','2750'),('45.451.281','MOT-CAT','1'),('45.451.281','PAN-CAT','5'),('45.451.281','ROL-CAT','5'),('45.451.281','ROM-CAT','5'),('45.451.281','ROM-FAB','1'),('45.451.281','ROM-HEM','60'),('45.451.281','SIZE DIMENSIO','2750'),('45.451.463','MOT-CAT','1'),('45.451.463','PAN-CAT','4'),('45.451.463','ROL-CAT','4'),('45.451.463','ROM-CAT','4'),('45.451.463','ROM-HEM','60'),('45.451.463','SIZE DIMENSIO','2750'),('45.451.595','MOT-CAT','1'),('45.451.595','PAN-CAT','5'),('45.451.595','ROL-CAT','5'),('45.451.595','ROM-CAT','5'),('45.451.595','ROM-FAB','1'),('45.451.595','ROM-HEM','60'),('45.451.595','SIZE DIMENSIO','2450'),('45.451.678','MOT-CAT','1'),('45.451.678','PAN-CAT','5'),('45.451.678','ROL-CAT','5'),('45.451.678','ROM-CAT','5'),('45.451.678','ROM-FAB','1'),('45.451.678','ROM-HEM','60'),('45.451.678','SIZE DIMENSIO','2450'),('45.451.715','MOT-CAT','1'),('45.451.715','PAN-CAT','5'),('45.451.715','ROL-CAT','5'),('45.451.715','ROM-CAT','5'),('45.451.715','ROM-FAB','1'),('45.451.715','ROM-HEM','60'),('45.451.715','SIZE DIMENSIO','2450'),('45.451.807','MOT-CAT','1'),('45.451.807','PAN-CAT','4'),('45.451.807','ROL-CAT','4'),('45.451.807','ROM-CAT','4'),('45.451.807','ROM-HEM','60'),('45.451.807','SIZE DIMENSIO','2750'),('45.451.826','MOT-CAT','1'),('45.451.826','PAN-CAT','4'),('45.451.826','ROL-CAT','4'),('45.451.826','ROM-CAT','4'),('45.451.826','ROM-FAB','1'),('45.451.826','ROM-HEM','60'),('45.451.826','SIZE DIMENSIO','2750'),('45.451.834','MOT-CAT','1'),('45.451.834','PAN-CAT','5'),('45.451.834','ROL-CAT','5'),('45.451.834','ROM-CAT','5'),('45.451.834','ROM-HEM','60'),('45.451.834','SIZE DIMENSIO','2750'),('45.451.868','MOT-CAT','1'),('45.451.868','PAN-CAT','4'),('45.451.868','ROL-CAT','4'),('45.451.868','ROM-CAT','4'),('45.451.868','ROM-HEM','60'),('45.451.868','SIZE DIMENSIO','2750'),('45.451.869','MOT-CAT','1'),('45.451.869','PAN-CAT','4'),('45.451.869','ROL-CAT','4'),('45.451.869','ROM-CAT','4'),('45.451.869','ROM-FAB','1'),('45.451.869','ROM-HEM','60'),('45.451.869','SIZE DIMENSIO','2750'),('45.451.980','MOT-CAT','1'),('45.451.980','PAN-CAT','4'),('45.451.980','ROL-CAT','4'),('45.451.980','ROM-CAT','4'),('45.451.980','ROM-FAB','1'),('45.451.980','ROM-HEM','60'),('45.451.980','SIZE DIMENSIO','2750'),('45.452.118','MOT-CAT','3'),('45.452.118','PAN-CAT','4'),('45.452.118','ROL-CAT','9'),('45.452.118','SIZE DIMENSIO','2350'),('45.452.281','MOT-CAT','3'),('45.452.281','PAN-CAT','4'),('45.452.281','ROL-CAT','9'),('45.452.281','SIZE DIMENSIO','2350'),('45.452.363','MOT-CAT','3'),('45.452.363','PAN-CAT','4'),('45.452.363','ROL-CAT','9'),('45.452.363','SIZE DIMENSIO','2350'),('45.452.868','MOT-CAT','3'),('45.452.868','PAN-CAT','4'),('45.452.868','ROL-CAT','9'),('45.452.868','SIZE DIMENSIO','2350'),('45.452.940','MOT-CAT','3'),('45.452.940','PAN-CAT','4'),('45.452.940','ROL-CAT','9'),('45.452.940','SIZE DIMENSIO','2350'),('45.452.980','MOT-CAT','3'),('45.452.980','PAN-CAT','7'),('45.452.980','ROL-CAT','7'),('45.452.980','SIZE DIMENSIO','2350'),('45.455.023','MOT-CAT','1'),('45.455.023','PAN-CAT','B'),('45.455.023','ROL-CAT','B'),('45.455.023','SIZE DIMENSIO','2400'),('45.455.066','MOT-CAT','1'),('45.455.066','PAN-CAT','2'),('45.455.066','ROL-CAT','2'),('45.455.066','SIZE DIMENSIO','2400'),('45.455.166','MOT-CAT','1'),('45.455.166','PAN-CAT','2'),('45.455.166','ROL-CAT','2'),('45.455.166','SIZE DIMENSIO','2400'),('45.455.184','MOT-CAT','1'),('45.455.184','PAN-CAT','2'),('45.455.184','ROL-CAT','2'),('45.455.184','SIZE DIMENSIO','2400'),('45.455.193','MOT-CAT','1'),('45.455.193','PAN-CAT','2'),('45.455.193','ROL-CAT','2'),('45.455.193','SIZE DIMENSIO','2400'),('45.455.195','MOT-CAT','1'),('45.455.195','PAN-CAT','2'),('45.455.195','ROL-CAT','2'),('45.455.195','SIZE DIMENSIO','2400'),('45.455.246','MOT-CAT','1'),('45.455.246','PAN-CAT','2'),('45.455.246','ROL-CAT','2'),('45.455.246','SIZE DIMENSIO','2400'),('45.455.253','MOT-CAT','1'),('45.455.253','PAN-CAT','2'),('45.455.253','ROL-CAT','2'),('45.455.253','SIZE DIMENSIO','2400'),('45.455.342','MOT-CAT','1'),('45.455.342','PAN-CAT','2'),('45.455.342','ROL-CAT','2'),('45.455.342','SIZE DIMENSIO','2400'),('45.455.349','MOT-CAT','1'),('45.455.349','PAN-CAT','2'),('45.455.349','ROL-CAT','2'),('45.455.349','SIZE DIMENSIO','2400'),('45.455.417','MOT-CAT','1'),('45.455.417','PAN-CAT','2'),('45.455.417','ROL-CAT','2'),('45.455.417','SIZE DIMENSIO','2400'),('45.455.479','MOT-CAT','1'),('45.455.479','PAN-CAT','2'),('45.455.479','ROL-CAT','2'),('45.455.479','SIZE DIMENSIO','2400'),('45.455.544','MOT-CAT','1'),('45.455.544','PAN-CAT','2'),('45.455.544','ROL-CAT','2'),('45.455.544','SIZE DIMENSIO','2400'),('45.455.574','MOT-CAT','1'),('45.455.574','PAN-CAT','2'),('45.455.574','ROL-CAT','2'),('45.455.574','SIZE DIMENSIO','2400'),('45.455.580','MOT-CAT','1'),('45.455.580','PAN-CAT','2'),('45.455.580','ROL-CAT','2'),('45.455.580','SIZE DIMENSIO','2400'),('45.455.597','MOT-CAT','1'),('45.455.597','PAN-CAT','2'),('45.455.597','ROL-CAT','2'),('45.455.597','SIZE DIMENSIO','2400'),('45.455.623','MOT-CAT','1'),('45.455.623','PAN-CAT','2'),('45.455.623','ROL-CAT','2'),('45.455.623','SIZE DIMENSIO','2400'),('45.455.640','MOT-CAT','1'),('45.455.640','PAN-CAT','2'),('45.455.640','ROL-CAT','2'),('45.455.640','SIZE DIMENSIO','2400'),('45.455.680','MOT-CAT','1'),('45.455.680','PAN-CAT','2'),('45.455.680','ROL-CAT','2'),('45.455.680','SIZE DIMENSIO','2400'),('45.455.717','MOT-CAT','1'),('45.455.717','PAN-CAT','2'),('45.455.717','ROL-CAT','2'),('45.455.717','SIZE DIMENSIO','2400'),('45.455.758','MOT-CAT','1'),('45.455.758','PAN-CAT','2'),('45.455.758','ROL-CAT','2'),('45.455.758','SIZE DIMENSIO','2400'),('45.455.940','MOT-CAT','1'),('45.455.940','PAN-CAT','2'),('45.455.940','ROL-CAT','2'),('45.455.940','SIZE DIMENSIO','2400'),('45.455.980','MOT-CAT','1'),('45.455.980','PAN-CAT','2'),('45.455.980','ROL-CAT','2'),('45.455.980','SIZE DIMENSIO','2400'),('45.456.011','MOT-CAT','1'),('45.456.011','PAN-CAT','C'),('45.456.011','ROL-CAT','C'),('45.456.011','SIZE DIMENSIO','2400'),('45.456.013','MOT-CAT','1'),('45.456.013','PAN-CAT','C'),('45.456.013','ROL-CAT','C'),('45.456.013','SIZE DIMENSIO','2400'),('45.456.038','MOT-CAT','1'),('45.456.038','PAN-CAT','C'),('45.456.038','ROL-CAT','C'),('45.456.038','SIZE DIMENSIO','2400'),('45.456.088','MOT-CAT','1'),('45.456.088','PAN-CAT','C'),('45.456.088','ROL-CAT','C'),('45.456.088','SIZE DIMENSIO','2400'),('45.456.241','MOT-CAT','1'),('45.456.241','PAN-CAT','C'),('45.456.241','ROL-CAT','C'),('45.456.241','SIZE DIMENSIO','2400'),('45.456.248','MOT-CAT','1'),('45.456.248','PAN-CAT','C'),('45.456.248','ROL-CAT','C'),('45.456.248','SIZE DIMENSIO','2400'),('45.456.277','MOT-CAT','1'),('45.456.277','PAN-CAT','C'),('45.456.277','ROL-CAT','C'),('45.456.277','SIZE DIMENSIO','2400'),('45.456.281','MOT-CAT','1'),('45.456.281','PAN-CAT','C'),('45.456.281','ROL-CAT','C'),('45.456.281','SIZE DIMENSIO','2400'),('45.456.326','MOT-CAT','1'),('45.456.326','PAN-CAT','C'),('45.456.326','ROL-CAT','C'),('45.456.326','SIZE DIMENSIO','2400'),('45.456.332','MOT-CAT','1'),('45.456.332','PAN-CAT','C'),('45.456.332','ROL-CAT','C'),('45.456.332','SIZE DIMENSIO','2400'),('45.456.347','MOT-CAT','1'),('45.456.347','PAN-CAT','C'),('45.456.347','ROL-CAT','C'),('45.456.347','SIZE DIMENSIO','2400'),('45.456.414','MOT-CAT','1'),('45.456.414','PAN-CAT','C'),('45.456.414','ROL-CAT','C'),('45.456.414','SIZE DIMENSIO','2400'),('45.456.535','MOT-CAT','1'),('45.456.535','PAN-CAT','C'),('45.456.535','ROL-CAT','C'),('45.456.535','SIZE DIMENSIO','2400'),('45.456.614','MOT-CAT','1'),('45.456.614','PAN-CAT','C'),('45.456.614','ROL-CAT','C'),('45.456.614','SIZE DIMENSIO','2400'),('45.456.646','MOT-CAT','1'),('45.456.646','PAN-CAT','C'),('45.456.646','ROL-CAT','C'),('45.456.646','SIZE DIMENSIO','2400'),('45.456.725','MOT-CAT','1'),('45.456.725','PAN-CAT','C'),('45.456.725','ROL-CAT','C'),('45.456.725','SIZE DIMENSIO','2400'),('45.456.784','MOT-CAT','1'),('45.456.784','PAN-CAT','C'),('45.456.784','ROL-CAT','C'),('45.456.784','SIZE DIMENSIO','2400'),('45.456.990','MOT-CAT','1'),('45.456.990','PAN-CAT','C'),('45.456.990','ROL-CAT','C'),('45.456.990','SIZE DIMENSIO','2400'),('45.458.222','ROL-CAT','5'),('45.458.222','SIZE DIMENSIO','2500'),('45.458.223','PAN-CAT','5'),('45.458.223','ROL-CAT','5'),('45.458.223','SIZE DIMENSIO','2500'),('45.458.224','MOT-CAT','2'),('45.458.224','PAN-CAT','5'),('45.458.224','ROL-CAT','5'),('45.458.224','ROM-CAT','5'),('45.458.224','ROM-HEM','60'),('45.458.224','SIZE DIMENSIO','2500'),('45.458.225','PAN-CAT','5'),('45.458.225','ROL-CAT','5'),('45.458.225','SIZE DIMENSIO','2500'),('45.458.226','PAN-CAT','5'),('45.458.226','ROL-CAT','5'),('45.458.226','SIZE DIMENSIO','2500'),('45.458.257','ROL-CAT','5'),('45.458.257','SIZE DIMENSIO','2500'),('45.458.532','PAN-CAT','5'),('45.458.532','ROL-CAT','5'),('45.458.532','SIZE DIMENSIO','2500'),('45.458.534','PAN-CAT','5'),('45.458.534','ROL-CAT','5'),('45.458.534','SIZE DIMENSIO','2500'),('45.458.535','PAN-CAT','5'),('45.458.535','ROL-CAT','5'),('45.458.535','SIZE DIMENSIO','2500'),('45.458.651','PAN-CAT','5'),('45.458.651','ROL-CAT','5'),('45.458.651','SIZE DIMENSIO','2500'),('45.458.755','PAN-CAT','5'),('45.458.755','ROL-CAT','5'),('45.458.755','SIZE DIMENSIO','2500'),('45.458.975','PAN-CAT','5'),('45.458.975','ROL-CAT','5'),('45.458.975','SIZE DIMENSIO','2500'),('45.458.980','ROL-CAT','5'),('45.458.980','SIZE DIMENSIO','2500'),('45.458.982','PAN-CAT','5'),('45.458.982','ROL-CAT','5'),('45.458.982','SIZE DIMENSIO','2500'),('45.458.991','PAN-CAT','5'),('45.458.991','ROL-CAT','5'),('45.458.991','SIZE DIMENSIO','2500'),('45.459.217','PAN-CAT','5'),('45.459.217','ROL-CAT','5'),('45.459.217','SIZE DIMENSIO','3000'),('45.459.221','PAN-CAT','5'),('45.459.221','ROL-CAT','5'),('45.459.221','SIZE DIMENSIO','3100'),('45.459.222','PAN-CAT','5'),('45.459.222','ROL-CAT','5'),('45.459.222','SIZE DIMENSIO','3100'),('45.459.224','PAN-CAT','5'),('45.459.224','ROL-CAT','5'),('45.459.224','SIZE DIMENSIO','3000'),('45.459.226','PAN-CAT','5'),('45.459.226','ROL-CAT','5'),('45.459.226','SIZE DIMENSIO','3000'),('45.459.651','PAN-CAT','5'),('45.459.651','ROL-CAT','5'),('45.459.651','SIZE DIMENSIO','3000'),('45.459.652','ROL-CAT','5'),('45.459.652','SIZE DIMENSIO','3000'),('45.459.653','PAN-CAT','5'),('45.459.653','ROL-CAT','5'),('45.459.653','SIZE DIMENSIO','3000'),('45.459.664','PAN-CAT','5'),('45.459.664','ROL-CAT','5'),('45.459.664','SIZE DIMENSIO','3100'),('45.459.755','PAN-CAT','5'),('45.459.755','ROL-CAT','5'),('45.459.755','SIZE DIMENSIO','3000'),('45.459.975','PAN-CAT','5'),('45.459.975','ROL-CAT','5'),('45.459.975','SIZE DIMENSIO','3000'),('45.459.980','MOT-CAT','2'),('45.459.980','PAN-CAT','5'),('45.459.980','ROL-CAT','5'),('45.459.980','SIZE DIMENSIO','3100'),('45.459.982','MOT-CAT','2'),('45.459.982','PAN-CAT','5'),('45.459.982','ROL-CAT','5'),('45.459.982','SIZE DIMENSIO','3000'),('45.459.989','PAN-CAT','5'),('45.459.989','ROL-CAT','5'),('45.459.989','SIZE DIMENSIO','3100'),('45.459.991','PAN-CAT','5'),('45.459.991','ROL-CAT','5'),('45.459.991','SIZE DIMENSIO','3000'),('45.460.009','MOT-CAT','1'),('45.460.009','PAN-CAT','1'),('45.460.009','ROL-CAT','2'),('45.460.009','SIZE DIMENSIO','1800'),('45.460.091','MOT-CAT','1'),('45.460.091','PAN-CAT','1'),('45.460.091','ROL-CAT','2'),('45.460.091','SIZE DIMENSIO','1800'),('45.460.134','MOT-CAT','1'),('45.460.134','PAN-CAT','1'),('45.460.134','ROL-CAT','2'),('45.460.134','SIZE DIMENSIO','1800'),('45.460.214','MOT-CAT','1'),('45.460.214','PAN-CAT','1'),('45.460.214','ROL-CAT','2'),('45.460.214','SIZE DIMENSIO','1800'),('45.460.347','MOT-CAT','1'),('45.460.347','PAN-CAT','1'),('45.460.347','ROL-CAT','2'),('45.460.347','SIZE DIMENSIO','1800'),('45.460.396','MOT-CAT','1'),('45.460.396','PAN-CAT','1'),('45.460.396','ROL-CAT','2'),('45.460.396','SIZE DIMENSIO','1800'),('45.460.408','MOT-CAT','1'),('45.460.408','PAN-CAT','1'),('45.460.408','ROL-CAT','2'),('45.460.408','SIZE DIMENSIO','1800'),('45.460.648','MOT-CAT','1'),('45.460.648','PAN-CAT','1'),('45.460.648','ROL-CAT','2'),('45.460.648','SIZE DIMENSIO','1800'),('45.460.818','MOT-CAT','1'),('45.460.818','PAN-CAT','1'),('45.460.818','ROL-CAT','2'),('45.460.818','SIZE DIMENSIO','1800'),('45.460.980','MOT-CAT','1'),('45.460.980','PAN-CAT','1'),('45.460.980','ROL-CAT','2'),('45.460.980','SIZE DIMENSIO','1800'),('45.461.091','PAN-CAT','8'),('45.461.091','ROL-CAT','8'),('45.461.091','ROM-CAT','8'),('45.461.091','ROM-HEM','60'),('45.461.091','SIZE DIMENSIO','2800'),('45.461.462','PAN-CAT','8'),('45.461.462','ROL-CAT','8'),('45.461.462','ROM-CAT','8'),('45.461.462','ROM-HEM','60'),('45.461.462','SIZE DIMENSIO','2800'),('45.461.800','PAN-CAT','8'),('45.461.800','ROL-CAT','8'),('45.461.800','ROM-CAT','8'),('45.461.800','ROM-HEM','60'),('45.461.800','SIZE DIMENSIO','2800'),('45.461.826','PAN-CAT','8'),('45.461.826','ROL-CAT','8'),('45.461.826','ROM-CAT','8'),('45.461.826','ROM-HEM','60'),('45.461.826','SIZE DIMENSIO','2800'),('45.461.868','PAN-CAT','8'),('45.461.868','ROL-CAT','8'),('45.461.868','ROM-CAT','8'),('45.461.868','ROM-HEM','60'),('45.461.868','SIZE DIMENSIO','2800'),('45.461.980','PAN-CAT','8'),('45.461.980','ROL-CAT','8'),('45.461.980','ROM-CAT','8'),('45.461.980','ROM-HEM','60'),('45.461.980','SIZE DIMENSIO','2800'),('45.462.091','PAN-CAT','6'),('45.462.091','ROL-CAT','6'),('45.462.091','ROM-CAT','6'),('45.462.091','SIZE DIMENSIO','2800'),('45.462.462','PAN-CAT','6'),('45.462.462','ROL-CAT','6'),('45.462.462','ROM-CAT','6'),('45.462.462','SIZE DIMENSIO','2800'),('45.462.800','PAN-CAT','6'),('45.462.800','ROL-CAT','6'),('45.462.800','ROM-CAT','6'),('45.462.800','SIZE DIMENSIO','2800'),('45.462.826','PAN-CAT','6'),('45.462.826','ROL-CAT','6'),('45.462.826','ROM-CAT','6'),('45.462.826','SIZE DIMENSIO','2800'),('45.462.868','PAN-CAT','6'),('45.462.868','ROL-CAT','6'),('45.462.868','ROM-CAT','6'),('45.462.868','SIZE DIMENSIO','2800'),('45.462.980','PAN-CAT','6'),('45.462.980','ROL-CAT','6'),('45.462.980','ROM-CAT','6'),('45.462.980','SIZE DIMENSIO','2800'),('45.463.464','MOT-CAT','3'),('45.463.464','PAN-CAT','3'),('45.463.464','ROL-CAT','5'),('45.463.464','ROM-CAT','2'),('45.463.464','ROM-HEM','60'),('45.463.464','SIZE DIMENSIO','2500'),('45.463.980','MOT-CAT','3'),('45.463.980','PAN-CAT','3'),('45.463.980','ROL-CAT','5'),('45.463.980','ROM-CAT','2'),('45.463.980','ROM-HEM','60'),('45.463.980','SIZE DIMENSIO','2500'),('45.464.464','MOT-CAT','1'),('45.464.464','PAN-CAT','2'),('45.464.464','ROL-CAT','2'),('45.464.464','ROM-CAT','1'),('45.464.464','ROM-HEM','60'),('45.464.464','SIZE DIMENSIO','2500'),('45.464.980','MOT-CAT','1'),('45.464.980','PAN-CAT','2'),('45.464.980','ROL-CAT','2'),('45.464.980','ROM-CAT','1'),('45.464.980','ROM-HEM','60'),('45.464.980','SIZE DIMENSIO','2500'),('45.468.054','MOT-CAT','1'),('45.468.054','PAN-CAT','2'),('45.468.054','ROL-CAT','2'),('45.468.054','ROM-CAT','2'),('45.468.054','ROM-HEM','60'),('45.468.054','SIZE DIMENSIO','2050'),('45.468.458','MOT-CAT','1'),('45.468.458','PAN-CAT','2'),('45.468.458','ROL-CAT','2'),('45.468.458','ROM-CAT','2'),('45.468.458','ROM-HEM','60'),('45.468.458','SIZE DIMENSIO','2050'),('45.468.807','MOT-CAT','1'),('45.468.807','PAN-CAT','2'),('45.468.807','ROL-CAT','2'),('45.468.807','ROM-CAT','2'),('45.468.807','ROM-HEM','60'),('45.468.807','SIZE DIMENSIO','2050'),('45.468.980','MOT-CAT','1'),('45.468.980','PAN-CAT','2'),('45.468.980','ROL-CAT','2'),('45.468.980','ROM-CAT','2'),('45.468.980','ROM-HEM','60'),('45.468.980','SIZE DIMENSIO','2050'),('45.470.091','MOT-CAT','6'),('45.470.091','PAN-CAT','8'),('45.470.091','ROL-CAT','8'),('45.470.091','ROM-CAT','8'),('45.470.091','ROM-FAB','1'),('45.470.091','SIZE DIMENSIO','3000'),('45.470.980','MOT-CAT','6'),('45.470.980','PAN-CAT','8'),('45.470.980','ROL-CAT','8'),('45.470.980','ROM-CAT','8'),('45.470.980','ROM-FAB','1'),('45.470.980','SIZE DIMENSIO','3000'),('45.475.036','MOT-CAT','2'),('45.475.036','PAN-CAT','4'),('45.475.036','ROL-CAT','4'),('45.475.036','ROM-CAT','4'),('45.475.036','ROM-HEM','60'),('45.475.036','SIZE DIMENSIO','3000'),('45.475.229','MOT-CAT','2'),('45.475.229','PAN-CAT','4'),('45.475.229','ROL-CAT','4'),('45.475.229','ROM-CAT','4'),('45.475.229','ROM-HEM','60'),('45.475.229','SIZE DIMENSIO','3000'),('45.475.301','MOT-CAT','2'),('45.475.301','PAN-CAT','4'),('45.475.301','ROL-CAT','4'),('45.475.301','ROM-CAT','4'),('45.475.301','ROM-HEM','60'),('45.475.301','SIZE DIMENSIO','3000'),('45.475.329','MOT-CAT','2'),('45.475.329','PAN-CAT','4'),('45.475.329','ROL-CAT','4'),('45.475.329','ROM-CAT','4'),('45.475.329','ROM-HEM','60'),('45.475.329','SIZE DIMENSIO','3000'),('45.475.331','MOT-CAT','2'),('45.475.331','PAN-CAT','4'),('45.475.331','ROL-CAT','4'),('45.475.331','ROM-CAT','4'),('45.475.331','ROM-HEM','60'),('45.475.331','SIZE DIMENSIO','3000'),('45.475.498','MOT-CAT','2'),('45.475.498','PAN-CAT','4'),('45.475.498','ROL-CAT','4'),('45.475.498','ROM-CAT','4'),('45.475.498','ROM-HEM','60'),('45.475.498','SIZE DIMENSIO','3000'),('45.475.575','MOT-CAT','2'),('45.475.575','PAN-CAT','4'),('45.475.575','ROL-CAT','4'),('45.475.575','ROM-CAT','4'),('45.475.575','ROM-HEM','60'),('45.475.575','SIZE DIMENSIO','3000'),('45.475.680','MOT-CAT','2'),('45.475.680','PAN-CAT','4'),('45.475.680','ROL-CAT','4'),('45.475.680','ROM-CAT','4'),('45.475.680','ROM-HEM','60'),('45.475.680','SIZE DIMENSIO','3000'),('45.475.683','MOT-CAT','2'),('45.475.683','PAN-CAT','4'),('45.475.683','ROL-CAT','4'),('45.475.683','ROM-CAT','4'),('45.475.683','ROM-HEM','60'),('45.475.683','SIZE DIMENSIO','3000'),('45.480.980','MOT-CAT','1'),('45.480.980','PAN-CAT','1'),('45.480.980','ROL-CAT','1'),('45.480.980','ROM-CAT','1'),('45.480.980','ROM-HEM','60'),('45.480.980','SIZE DIMENSIO','2000'),('45.481.980','MOT-CAT','1'),('45.481.980','PAN-CAT','1'),('45.481.980','ROL-CAT','1'),('45.481.980','ROM-CAT','1'),('45.481.980','ROM-FAB','1'),('45.481.980','ROM-HEM','60'),('45.481.980','SIZE DIMENSIO','2070'),('45.482.980','MOT-CAT','1'),('45.482.980','PAN-CAT','1'),('45.482.980','ROL-CAT','1'),('45.482.980','ROM-CAT','1'),('45.482.980','ROM-HEM','60'),('45.482.980','SIZE DIMENSIO','2070'),('45.483.980','MOT-CAT','1'),('45.483.980','PAN-CAT','1'),('45.483.980','ROL-CAT','1'),('45.483.980','ROM-CAT','1'),('45.483.980','ROM-FAB','1'),('45.483.980','ROM-HEM','60'),('45.483.980','SIZE DIMENSIO','2000'),('45.490.268','MOT-CAT','1'),('45.490.268','PAN-CAT','C'),('45.490.268','ROL-CAT','C'),('45.490.268','ROM-CAT','C'),('45.490.268','SIZE DIMENSIO','1830'),('45.490.807','MOT-CAT','1'),('45.490.807','PAN-CAT','C'),('45.490.807','ROL-CAT','C'),('45.490.807','ROM-CAT','C'),('45.490.807','SIZE DIMENSIO','1830'),('45.510.023','MOT-CAT','1'),('45.510.023','PAN-CAT','3'),('45.510.023','ROL-CAT','3'),('45.510.023','SIZE DIMENSIO','2400'),('45.510.066','MOT-CAT','1'),('45.510.066','PAN-CAT','3'),('45.510.066','ROL-CAT','3'),('45.510.066','SIZE DIMENSIO','2400'),('45.510.166','MOT-CAT','1'),('45.510.166','PAN-CAT','3'),('45.510.166','ROL-CAT','3'),('45.510.166','SIZE DIMENSIO','2400'),('45.510.168','MOT-CAT','1'),('45.510.168','PAN-CAT','3'),('45.510.168','ROL-CAT','3'),('45.510.168','SIZE DIMENSIO','2400'),('45.510.184','MOT-CAT','1'),('45.510.184','PAN-CAT','3'),('45.510.184','ROL-CAT','3'),('45.510.184','SIZE DIMENSIO','2400'),('45.510.193','MOT-CAT','1'),('45.510.193','PAN-CAT','3'),('45.510.193','ROL-CAT','3'),('45.510.193','SIZE DIMENSIO','2400'),('45.510.195','MOT-CAT','1'),('45.510.195','PAN-CAT','3'),('45.510.195','ROL-CAT','3'),('45.510.195','SIZE DIMENSIO','2400'),('45.510.246','MOT-CAT','1'),('45.510.246','PAN-CAT','3'),('45.510.246','ROL-CAT','3'),('45.510.246','SIZE DIMENSIO','2400'),('45.510.247','MOT-CAT','1'),('45.510.247','PAN-CAT','3'),('45.510.247','ROL-CAT','3'),('45.510.247','SIZE DIMENSIO','2400'),('45.510.253','MOT-CAT','1'),('45.510.253','PAN-CAT','3'),('45.510.253','ROL-CAT','3'),('45.510.253','SIZE DIMENSIO','2400'),('45.510.340','MOT-CAT','1'),('45.510.340','PAN-CAT','3'),('45.510.340','ROL-CAT','3'),('45.510.340','SIZE DIMENSIO','2400'),('45.510.349','MOT-CAT','1'),('45.510.349','PAN-CAT','3'),('45.510.349','ROL-CAT','3'),('45.510.349','SIZE DIMENSIO','2400'),('45.510.354','MOT-CAT','1'),('45.510.354','PAN-CAT','3'),('45.510.354','ROL-CAT','3'),('45.510.354','SIZE DIMENSIO','2400'),('45.510.380','MOT-CAT','1'),('45.510.380','PAN-CAT','3'),('45.510.380','ROL-CAT','3'),('45.510.380','SIZE DIMENSIO','2400'),('45.510.417','MOT-CAT','1'),('45.510.417','PAN-CAT','3'),('45.510.417','ROL-CAT','3'),('45.510.417','SIZE DIMENSIO','2400'),('45.510.436','MOT-CAT','1'),('45.510.436','PAN-CAT','3'),('45.510.436','ROL-CAT','3'),('45.510.436','SIZE DIMENSIO','2400'),('45.510.479','MOT-CAT','1'),('45.510.479','PAN-CAT','3'),('45.510.479','ROL-CAT','3'),('45.510.479','SIZE DIMENSIO','2400'),('45.510.544','MOT-CAT','1'),('45.510.544','PAN-CAT','3'),('45.510.544','ROL-CAT','3'),('45.510.544','SIZE DIMENSIO','2400'),('45.510.574','MOT-CAT','1'),('45.510.574','PAN-CAT','3'),('45.510.574','ROL-CAT','3'),('45.510.574','SIZE DIMENSIO','2400'),('45.510.580','MOT-CAT','1'),('45.510.580','PAN-CAT','3'),('45.510.580','ROL-CAT','3'),('45.510.580','SIZE DIMENSIO','2400'),('45.510.597','MOT-CAT','1'),('45.510.597','PAN-CAT','3'),('45.510.597','ROL-CAT','3'),('45.510.597','SIZE DIMENSIO','2400'),('45.510.609','MOT-CAT','1'),('45.510.609','PAN-CAT','3'),('45.510.609','ROL-CAT','3'),('45.510.609','SIZE DIMENSIO','2400'),('45.510.623','MOT-CAT','1'),('45.510.623','PAN-CAT','3'),('45.510.623','ROL-CAT','3'),('45.510.623','SIZE DIMENSIO','2400'),('45.510.640','MOT-CAT','1'),('45.510.640','PAN-CAT','3'),('45.510.640','ROL-CAT','3'),('45.510.640','SIZE DIMENSIO','2400'),('45.510.680','MOT-CAT','1'),('45.510.680','PAN-CAT','3'),('45.510.680','ROL-CAT','3'),('45.510.680','SIZE DIMENSIO','2400'),('45.510.717','MOT-CAT','1'),('45.510.717','PAN-CAT','3'),('45.510.717','ROL-CAT','3'),('45.510.717','SIZE DIMENSIO','2400'),('45.510.745','MOT-CAT','1'),('45.510.745','PAN-CAT','3'),('45.510.745','ROL-CAT','3'),('45.510.745','SIZE DIMENSIO','2400'),('45.510.758','MOT-CAT','1'),('45.510.758','PAN-CAT','3'),('45.510.758','ROL-CAT','3'),('45.510.758','SIZE DIMENSIO','2400'),('45.510.940','MOT-CAT','1'),('45.510.940','PAN-CAT','3'),('45.510.940','ROL-CAT','3'),('45.510.940','SIZE DIMENSIO','2400'),('45.510.972','MOT-CAT','1'),('45.510.972','PAN-CAT','3'),('45.510.972','ROL-CAT','3'),('45.510.972','SIZE DIMENSIO','2400'),('45.510.980','MOT-CAT','1'),('45.510.980','PAN-CAT','3'),('45.510.980','ROL-CAT','3'),('45.510.980','SIZE DIMENSIO','2400'),('45.511.195','MOT-CAT','1'),('45.511.195','PAN-CAT','3'),('45.511.195','ROL-CAT','3'),('45.511.195','SIZE DIMENSIO','2800'),('45.511.247','MOT-CAT','1'),('45.511.247','PAN-CAT','3'),('45.511.247','ROL-CAT','3'),('45.511.247','SIZE DIMENSIO','2800'),('45.511.253','MOT-CAT','1'),('45.511.253','PAN-CAT','3'),('45.511.253','ROL-CAT','3'),('45.511.253','SIZE DIMENSIO','2800'),('45.511.340','MOT-CAT','1'),('45.511.340','PAN-CAT','3'),('45.511.340','ROL-CAT','3'),('45.511.340','SIZE DIMENSIO','2800'),('45.511.349','MOT-CAT','1'),('45.511.349','PAN-CAT','3'),('45.511.349','ROL-CAT','3'),('45.511.349','SIZE DIMENSIO','2800'),('45.511.354','MOT-CAT','1'),('45.511.354','PAN-CAT','3'),('45.511.354','ROL-CAT','3'),('45.511.354','SIZE DIMENSIO','2800'),('45.511.380','MOT-CAT','1'),('45.511.380','PAN-CAT','3'),('45.511.380','ROL-CAT','3'),('45.511.380','SIZE DIMENSIO','2800'),('45.511.436','MOT-CAT','1'),('45.511.436','PAN-CAT','3'),('45.511.436','ROL-CAT','3'),('45.511.436','SIZE DIMENSIO','2800'),('45.511.609','MOT-CAT','1'),('45.511.609','PAN-CAT','3'),('45.511.609','ROL-CAT','3'),('45.511.609','SIZE DIMENSIO','2800'),('45.511.623','MOT-CAT','1'),('45.511.623','PAN-CAT','3'),('45.511.623','ROL-CAT','3'),('45.511.623','SIZE DIMENSIO','2800'),('45.511.980','MOT-CAT','1'),('45.511.980','PAN-CAT','3'),('45.511.980','ROL-CAT','3'),('45.511.980','SIZE DIMENSIO','2800'),('45.520.022','MOT-CAT','5'),('45.520.022','PAN-CAT','7'),('45.520.022','ROL-CAT','7'),('45.520.022','ROM-CAT','7'),('45.520.022','ROM-FAB','2'),('45.520.022','ROM-HEM','60'),('45.520.022','SIZE DIMENSIO','2450'),('45.520.281','MOT-CAT','5'),('45.520.281','PAN-CAT','7'),('45.520.281','ROL-CAT','7'),('45.520.281','ROM-CAT','7'),('45.520.281','ROM-FAB','2'),('45.520.281','ROM-HEM','60'),('45.520.281','SIZE DIMENSIO','2450'),('45.520.357','MOT-CAT','5'),('45.520.357','PAN-CAT','7'),('45.520.357','ROL-CAT','7'),('45.520.357','ROM-CAT','7'),('45.520.357','ROM-FAB','2'),('45.520.357','ROM-HEM','60'),('45.520.357','SIZE DIMENSIO','2450'),('45.520.434','MOT-CAT','5'),('45.520.434','PAN-CAT','7'),('45.520.434','ROL-CAT','7'),('45.520.434','ROM-CAT','7'),('45.520.434','ROM-FAB','2'),('45.520.434','ROM-HEM','60'),('45.520.434','SIZE DIMENSIO','2450'),('45.520.627','MOT-CAT','5'),('45.520.627','PAN-CAT','7'),('45.520.627','ROL-CAT','7'),('45.520.627','ROM-CAT','7'),('45.520.627','ROM-FAB','2'),('45.520.627','ROM-HEM','60'),('45.520.627','SIZE DIMENSIO','2450'),('45.520.715','MOT-CAT','2'),('45.520.715','PAN-CAT','4'),('45.520.715','ROL-CAT','7'),('45.520.715','ROM-CAT','4'),('45.520.715','ROM-FAB','2'),('45.520.715','ROM-HEM','60'),('45.520.715','SIZE DIMENSIO','2450'),('45.520.729','MOT-CAT','5'),('45.520.729','PAN-CAT','7'),('45.520.729','ROL-CAT','7'),('45.520.729','ROM-CAT','7'),('45.520.729','ROM-FAB','2'),('45.520.729','ROM-HEM','60'),('45.520.729','SIZE DIMENSIO','2450'),('45.520.826','MOT-CAT','5'),('45.520.826','PAN-CAT','7'),('45.520.826','ROL-CAT','7'),('45.520.826','ROM-CAT','7'),('45.520.826','ROM-FAB','2'),('45.520.826','ROM-HEM','60'),('45.520.826','SIZE DIMENSIO','2450'),('45.520.883','MOT-CAT','5'),('45.520.883','PAN-CAT','7'),('45.520.883','ROL-CAT','7'),('45.520.883','ROM-CAT','7'),('45.520.883','ROM-FAB','2'),('45.520.883','ROM-HEM','60'),('45.520.883','SIZE DIMENSIO','2450'),('45.520.907','MOT-CAT','5'),('45.520.907','PAN-CAT','7'),('45.520.907','ROL-CAT','7'),('45.520.907','ROM-CAT','7'),('45.520.907','ROM-FAB','2'),('45.520.907','ROM-HEM','60'),('45.520.907','SIZE DIMENSIO','2450'),('45.521.022','MOT-CAT','3'),('45.521.022','PAN-CAT','5'),('45.521.022','ROL-CAT','5'),('45.521.022','ROM-CAT','5'),('45.521.022','ROM-FAB','1'),('45.521.022','ROM-HEM','60'),('45.521.022','SIZE DIMENSIO','2450'),('45.521.281','MOT-CAT','3'),('45.521.281','PAN-CAT','5'),('45.521.281','ROL-CAT','5'),('45.521.281','ROM-CAT','5'),('45.521.281','ROM-FAB','1'),('45.521.281','ROM-HEM','60'),('45.521.281','SIZE DIMENSIO','2450'),('45.521.357','MOT-CAT','3'),('45.521.357','PAN-CAT','5'),('45.521.357','ROL-CAT','5'),('45.521.357','ROM-CAT','5'),('45.521.357','ROM-FAB','1'),('45.521.357','ROM-HEM','60'),('45.521.357','SIZE DIMENSIO','2450'),('45.521.434','MOT-CAT','3'),('45.521.434','PAN-CAT','5'),('45.521.434','ROL-CAT','5'),('45.521.434','ROM-CAT','5'),('45.521.434','ROM-FAB','1'),('45.521.434','ROM-HEM','60'),('45.521.434','SIZE DIMENSIO','2450'),('45.521.627','MOT-CAT','3'),('45.521.627','PAN-CAT','5'),('45.521.627','ROL-CAT','5'),('45.521.627','ROM-CAT','5'),('45.521.627','ROM-FAB','1'),('45.521.627','ROM-HEM','60'),('45.521.627','SIZE DIMENSIO','2450'),('45.521.715','MOT-CAT','3'),('45.521.715','PAN-CAT','5'),('45.521.715','ROL-CAT','5'),('45.521.715','ROM-CAT','5'),('45.521.715','ROM-FAB','1'),('45.521.715','ROM-HEM','60'),('45.521.715','SIZE DIMENSIO','2450'),('45.521.729','MOT-CAT','3'),('45.521.729','PAN-CAT','5'),('45.521.729','ROL-CAT','5'),('45.521.729','ROM-CAT','5'),('45.521.729','ROM-FAB','1'),('45.521.729','ROM-HEM','60'),('45.521.729','SIZE DIMENSIO','2450'),('45.521.826','MOT-CAT','3'),('45.521.826','PAN-CAT','5'),('45.521.826','ROL-CAT','5'),('45.521.826','ROM-CAT','5'),('45.521.826','ROM-FAB','1'),('45.521.826','ROM-HEM','60'),('45.521.826','SIZE DIMENSIO','2450'),('45.521.883','MOT-CAT','3'),('45.521.883','PAN-CAT','5'),('45.521.883','ROL-CAT','5'),('45.521.883','ROM-CAT','5'),('45.521.883','ROM-FAB','1'),('45.521.883','ROM-HEM','60'),('45.521.883','SIZE DIMENSIO','2450'),('45.521.907','MOT-CAT','3'),('45.521.907','PAN-CAT','5'),('45.521.907','ROL-CAT','5'),('45.521.907','ROM-CAT','5'),('45.521.907','ROM-FAB','1'),('45.521.907','ROM-HEM','60'),('45.521.907','SIZE DIMENSIO','2450'),('45.530.032','MOT-CAT','1'),('45.530.032','PAN-CAT','3'),('45.530.032','ROL-CAT','3'),('45.530.032','ROM-CAT','3'),('45.530.032','ROM-HEM','60'),('45.530.032','SIZE DIMENSIO','2800'),('45.530.322','MOT-CAT','1'),('45.530.322','PAN-CAT','3'),('45.530.322','ROL-CAT','3'),('45.530.322','ROM-CAT','3'),('45.530.322','ROM-HEM','60'),('45.530.322','SIZE DIMENSIO','2800'),('45.530.442','MOT-CAT','1'),('45.530.442','PAN-CAT','3'),('45.530.442','ROL-CAT','3'),('45.530.442','ROM-CAT','3'),('45.530.442','ROM-HEM','60'),('45.530.442','SIZE DIMENSIO','2800'),('45.530.537','MOT-CAT','1'),('45.530.537','PAN-CAT','3'),('45.530.537','ROL-CAT','3'),('45.530.537','ROM-CAT','3'),('45.530.537','ROM-HEM','60'),('45.530.537','SIZE DIMENSIO','2800'),('45.530.546','MOT-CAT','1'),('45.530.546','PAN-CAT','3'),('45.530.546','ROL-CAT','3'),('45.530.546','ROM-CAT','3'),('45.530.546','ROM-HEM','60'),('45.530.546','SIZE DIMENSIO','2800'),('45.530.548','MOT-CAT','1'),('45.530.548','PAN-CAT','3'),('45.530.548','ROL-CAT','3'),('45.530.548','ROM-CAT','3'),('45.530.548','ROM-HEM','60'),('45.530.548','SIZE DIMENSIO','2800'),('45.530.647','MOT-CAT','1'),('45.530.647','PAN-CAT','3'),('45.530.647','ROL-CAT','3'),('45.530.647','ROM-CAT','3'),('45.530.647','ROM-HEM','60'),('45.530.647','SIZE DIMENSIO','2800'),('45.530.677','MOT-CAT','1'),('45.530.677','PAN-CAT','3'),('45.530.677','ROL-CAT','3'),('45.530.677','ROM-CAT','3'),('45.530.677','ROM-HEM','60'),('45.530.677','SIZE DIMENSIO','2800'),('45.530.871','MOT-CAT','1'),('45.530.871','PAN-CAT','3'),('45.530.871','ROL-CAT','3'),('45.530.871','ROM-CAT','3'),('45.530.871','ROM-HEM','60'),('45.530.871','SIZE DIMENSIO','2800'),('45.530.875','MOT-CAT','1'),('45.530.875','PAN-CAT','3'),('45.530.875','ROL-CAT','3'),('45.530.875','ROM-CAT','3'),('45.530.875','ROM-HEM','60'),('45.530.875','SIZE DIMENSIO','2800'),('45.530.957','MOT-CAT','1'),('45.530.957','PAN-CAT','3'),('45.530.957','ROL-CAT','3'),('45.530.957','ROM-CAT','3'),('45.530.957','ROM-HEM','60'),('45.530.957','SIZE DIMENSIO','2800'),('45.530.979','MOT-CAT','1'),('45.530.979','PAN-CAT','3'),('45.530.979','ROL-CAT','3'),('45.530.979','ROM-CAT','3'),('45.530.979','ROM-HEM','60'),('45.530.979','SIZE DIMENSIO','2800'),('45.540.091','MOT-CAT','1'),('45.540.091','PAN-CAT','1'),('45.540.091','ROL-CAT','1'),('45.540.091','ROM-CAT','1'),('45.540.091','ROM-HEM','60'),('45.540.091','SIZE DIMENSIO','2070'),('45.540.160','MOT-CAT','1'),('45.540.160','PAN-CAT','1'),('45.540.160','ROL-CAT','1'),('45.540.160','ROM-CAT','1'),('45.540.160','SIZE DIMENSIO','2070'),('45.540.449','MOT-CAT','1'),('45.540.449','PAN-CAT','1'),('45.540.449','ROL-CAT','1'),('45.540.449','ROM-CAT','1'),('45.540.449','SIZE DIMENSIO','2070'),('45.540.464','MOT-CAT','1'),('45.540.464','PAN-CAT','1'),('45.540.464','ROL-CAT','1'),('45.540.464','ROM-CAT','1'),('45.540.464','SIZE DIMENSIO','2070'),('45.540.737','MOT-CAT','1'),('45.540.737','PAN-CAT','1'),('45.540.737','ROL-CAT','1'),('45.540.737','ROM-CAT','1'),('45.540.737','SIZE DIMENSIO','2070'),('45.540.917','MOT-CAT','1'),('45.540.917','PAN-CAT','1'),('45.540.917','ROL-CAT','1'),('45.540.917','ROM-CAT','1'),('45.540.917','SIZE DIMENSIO','2070'),('45.540.972','MOT-CAT','1'),('45.540.972','PAN-CAT','1'),('45.540.972','ROL-CAT','1'),('45.540.972','ROM-CAT','1'),('45.540.972','SIZE DIMENSIO','2070'),('45.610.612','ROM-CAT','2'),('45.610.612','SIZE DIMENSIO','2800'),('45.650.075','MOT-CAT','2'),('45.650.075','PAN-CAT','4'),('45.650.075','ROL-CAT','4'),('45.650.075','ROM-CAT','4'),('45.650.075','SIZE DIMENSIO','2000'),('45.650.238','MOT-CAT','2'),('45.650.238','PAN-CAT','4'),('45.650.238','ROL-CAT','4'),('45.650.238','ROM-CAT','4'),('45.650.238','SIZE DIMENSIO','2000'),('45.690.051','MOT-CAT','2'),('45.690.051','PAN-CAT','8'),('45.690.051','ROL-CAT','8'),('45.690.051','SIZE DIMENSIO','2500'),('45.690.096','PAN-CAT','8'),('45.690.096','ROL-CAT','8'),('45.690.096','SIZE DIMENSIO','2500'),('45.690.188','PAN-CAT','8'),('45.690.188','ROL-CAT','8'),('45.690.188','SIZE DIMENSIO','2500'),('45.690.560','PAN-CAT','8'),('45.690.560','ROL-CAT','8'),('45.690.560','SIZE DIMENSIO','2500'),('45.690.694','MOT-CAT','2'),('45.690.694','PAN-CAT','8'),('45.690.694','ROL-CAT','8'),('45.690.694','SIZE DIMENSIO','2500'),('45.690.748','PAN-CAT','8'),('45.690.748','ROL-CAT','8'),('45.690.748','SIZE DIMENSIO','2500'),('45.690.791','PAN-CAT','8'),('45.690.791','ROL-CAT','8'),('45.690.791','SIZE DIMENSIO','2500'),('45.690.928','PAN-CAT','8'),('45.690.928','ROL-CAT','8'),('45.690.928','SIZE DIMENSIO','2500'),('45.700.980','PAN-CAT','2'),('45.700.980','ROL-CAT','3'),('45.700.980','ROM-CAT','2'),('45.700.980','SIZE DIMENSIO','2400'),('45.710.033','MOT-CAT','5'),('45.710.033','PAN-CAT','8'),('45.710.033','ROL-CAT','8'),('45.710.033','ROM-CAT','8'),('45.710.033','ROM-HEM','60'),('45.710.033','SIZE DIMENSIO','2800'),('45.710.208','PAN-CAT','8'),('45.710.208','ROL-CAT','8'),('45.710.208','ROM-CAT','8'),('45.710.208','SIZE DIMENSIO','2800'),('45.710.214','MOT-CAT','5'),('45.710.214','PAN-CAT','8'),('45.710.214','ROL-CAT','8'),('45.710.214','ROM-CAT','8'),('45.710.214','ROM-HEM','60'),('45.710.214','SIZE DIMENSIO','2800'),('45.710.334','MOT-CAT','5'),('45.710.334','PAN-CAT','8'),('45.710.334','ROL-CAT','8'),('45.710.334','ROM-CAT','8'),('45.710.334','ROM-HEM','60'),('45.710.334','SIZE DIMENSIO','2800'),('45.710.346','MOT-CAT','5'),('45.710.346','PAN-CAT','8'),('45.710.346','ROL-CAT','8'),('45.710.346','ROM-CAT','8'),('45.710.346','ROM-HEM','60'),('45.710.346','SIZE DIMENSIO','2800'),('45.710.348','MOT-CAT','5'),('45.710.348','PAN-CAT','8'),('45.710.348','ROL-CAT','8'),('45.710.348','ROM-CAT','8'),('45.710.348','ROM-HEM','60'),('45.710.348','SIZE DIMENSIO','2800'),('45.710.991','MOT-CAT','5'),('45.710.991','PAN-CAT','8'),('45.710.991','ROL-CAT','8'),('45.710.991','ROM-CAT','8'),('45.710.991','ROM-HEM','60'),('45.710.991','SIZE DIMENSIO','2800'),('45.720.464','MOT-CAT','1'),('45.720.464','PAN-CAT','1'),('45.720.464','ROL-CAT','1'),('45.720.464','ROM-CAT','1'),('45.720.464','ROM-FAB','1'),('45.720.464','SIZE DIMENSIO','2000'),('45.720.574','MOT-CAT','1'),('45.720.574','PAN-CAT','1'),('45.720.574','ROL-CAT','1'),('45.720.574','ROM-CAT','1'),('45.720.574','ROM-FAB','1'),('45.720.574','SIZE DIMENSIO','2000'),('45.720.907','MOT-CAT','1'),('45.720.907','PAN-CAT','1'),('45.720.907','ROL-CAT','1'),('45.720.907','ROM-CAT','1'),('45.720.907','ROM-FAB','1'),('45.720.907','SIZE DIMENSIO','2000'),('45.720.980','MOT-CAT','1'),('45.720.980','PAN-CAT','1'),('45.720.980','ROL-CAT','1'),('45.720.980','ROM-CAT','1'),('45.720.980','ROM-FAB','1'),('45.720.980','SIZE DIMENSIO','2000'),('45.720.996','MOT-CAT','1'),('45.720.996','PAN-CAT','1'),('45.720.996','ROL-CAT','1'),('45.720.996','ROM-CAT','1'),('45.720.996','ROM-FAB','1'),('45.720.996','SIZE DIMENSIO','2000'),('45.730.980','MOT-CAT','2'),('45.730.980','PAN-CAT','4'),('45.730.980','ROL-CAT','4'),('45.730.980','ROM-CAT','4'),('45.730.980','ROM-HEM','60'),('45.730.980','SIZE DIMENSIO','2450'),('45.735.137','PAN-CAT','8'),('45.735.137','ROL-CAT','8'),('45.735.137','ROM-CAT','8'),('45.735.137','SIZE DIMENSIO','2800'),('45.735.197','PAN-CAT','8'),('45.735.197','ROL-CAT','8'),('45.735.197','ROM-CAT','8'),('45.735.197','SIZE DIMENSIO','2800'),('45.735.462','PAN-CAT','8'),('45.735.462','ROL-CAT','8'),('45.735.462','ROM-CAT','8'),('45.735.462','ROM-HEM','60'),('45.735.462','SIZE DIMENSIO','2800'),('45.735.583','PAN-CAT','8'),('45.735.583','ROL-CAT','8'),('45.735.583','ROM-CAT','8'),('45.735.583','ROM-HEM','60'),('45.735.583','SIZE DIMENSIO','2800'),('45.735.826','PAN-CAT','8'),('45.735.826','ROL-CAT','8'),('45.735.826','ROM-CAT','8'),('45.735.826','SIZE DIMENSIO','2800'),('45.735.907','PAN-CAT','8'),('45.735.907','ROL-CAT','8'),('45.735.907','ROM-CAT','8'),('45.735.907','SIZE DIMENSIO','2800'),('45.736.137','PAN-CAT','6'),('45.736.137','ROL-CAT','6'),('45.736.137','ROM-CAT','6'),('45.736.137','SIZE DIMENSIO','2800'),('45.736.197','PAN-CAT','6'),('45.736.197','ROL-CAT','6'),('45.736.197','ROM-CAT','6'),('45.736.197','SIZE DIMENSIO','2800'),('45.736.462','PAN-CAT','5'),('45.736.462','ROL-CAT','5'),('45.736.462','ROM-CAT','5'),('45.736.462','SIZE DIMENSIO','2800'),('45.736.583','PAN-CAT','6'),('45.736.583','ROL-CAT','6'),('45.736.583','ROM-CAT','6'),('45.736.583','SIZE DIMENSIO','2800'),('45.736.826','PAN-CAT','6'),('45.736.826','ROL-CAT','6'),('45.736.826','ROM-CAT','6'),('45.736.826','SIZE DIMENSIO','2800'),('45.736.907','PAN-CAT','6'),('45.736.907','ROL-CAT','6'),('45.736.907','ROM-CAT','6'),('45.736.907','SIZE DIMENSIO','2800'),('45.740.033','PAN-CAT','3'),('45.740.033','ROL-CAT','4'),('45.740.033','SIZE DIMENSIO','2400'),('45.740.083','PAN-CAT','3'),('45.740.083','ROL-CAT','4'),('45.740.083','SIZE DIMENSIO','2400'),('45.740.109','PAN-CAT','3'),('45.740.109','ROL-CAT','4'),('45.740.109','SIZE DIMENSIO','2400'),('45.740.252','PAN-CAT','3'),('45.740.252','ROL-CAT','4'),('45.740.252','SIZE DIMENSIO','2400'),('45.740.285','PAN-CAT','3'),('45.740.285','ROL-CAT','4'),('45.740.285','SIZE DIMENSIO','2000'),('45.740.366','PAN-CAT','3'),('45.740.366','ROL-CAT','4'),('45.740.366','SIZE DIMENSIO','2400'),('45.740.372','PAN-CAT','3'),('45.740.372','ROL-CAT','4'),('45.740.372','SIZE DIMENSIO','2400'),('45.740.425','PAN-CAT','3'),('45.740.425','ROL-CAT','4'),('45.740.425','SIZE DIMENSIO','2400'),('45.740.452','PAN-CAT','3'),('45.740.452','ROL-CAT','4'),('45.740.452','SIZE DIMENSIO','2400'),('45.740.461','PAN-CAT','3'),('45.740.461','ROL-CAT','4'),('45.740.461','SIZE DIMENSIO','2400'),('45.740.563','PAN-CAT','3'),('45.740.563','ROL-CAT','4'),('45.740.563','SIZE DIMENSIO','2400'),('45.740.722','PAN-CAT','3'),('45.740.722','ROL-CAT','4'),('45.740.722','SIZE DIMENSIO','2400'),('45.742.075','PAN-CAT','8'),('45.742.075','ROL-CAT','8'),('45.742.075','ROM-CAT','8'),('45.742.075','ROM-HEM','60'),('45.742.075','SIZE DIMENSIO','3000'),('45.742.091','PAN-CAT','8'),('45.742.091','ROL-CAT','8'),('45.742.091','ROM-CAT','8'),('45.742.091','ROM-HEM','60'),('45.742.091','SIZE DIMENSIO','3000'),('45.742.305','PAN-CAT','8'),('45.742.305','ROL-CAT','8'),('45.742.305','ROM-CAT','8'),('45.742.305','ROM-HEM','60'),('45.742.305','SIZE DIMENSIO','3000'),('45.742.309','PAN-CAT','8'),('45.742.309','ROL-CAT','8'),('45.742.309','ROM-CAT','8'),('45.742.309','ROM-HEM','60'),('45.742.309','SIZE DIMENSIO','3000'),('45.742.339','PAN-CAT','8'),('45.742.339','ROL-CAT','8'),('45.742.339','ROM-CAT','8'),('45.742.339','ROM-HEM','60'),('45.742.339','SIZE DIMENSIO','3000'),('45.742.408','PAN-CAT','8'),('45.742.408','ROL-CAT','8'),('45.742.408','ROM-CAT','8'),('45.742.408','ROM-HEM','60'),('45.742.408','SIZE DIMENSIO','3000'),('45.742.618','PAN-CAT','8'),('45.742.618','ROL-CAT','8'),('45.742.618','ROM-CAT','8'),('45.742.618','ROM-HEM','60'),('45.742.618','SIZE DIMENSIO','3000'),('45.742.849','PAN-CAT','8'),('45.742.849','ROL-CAT','8'),('45.742.849','ROM-CAT','8'),('45.742.849','ROM-HEM','60'),('45.742.849','SIZE DIMENSIO','3000'),('45.742.980','PAN-CAT','8'),('45.742.980','ROL-CAT','8'),('45.742.980','ROM-CAT','8'),('45.742.980','ROM-HEM','60'),('45.742.980','SIZE DIMENSIO','3000'),('45.940.091','MOT-CAT','6'),('45.940.091','PAN-CAT','8'),('45.940.091','ROL-CAT','8'),('45.940.091','ROM-CAT','8'),('45.940.091','ROM-HEM','60'),('45.940.091','SIZE DIMENSIO','3000'),('45.940.259','MOT-CAT','6'),('45.940.259','PAN-CAT','8'),('45.940.259','ROL-CAT','8'),('45.940.259','ROM-CAT','8'),('45.940.259','ROM-HEM','60'),('45.940.259','SIZE DIMENSIO','3000'),('45.940.332','MOT-CAT','6'),('45.940.332','PAN-CAT','8'),('45.940.332','ROL-CAT','8'),('45.940.332','ROM-CAT','8'),('45.940.332','ROM-HEM','60'),('45.940.332','SIZE DIMENSIO','3000'),('45.940.631','MOT-CAT','6'),('45.940.631','PAN-CAT','8'),('45.940.631','ROL-CAT','8'),('45.940.631','ROM-CAT','8'),('45.940.631','ROM-HEM','60'),('45.940.631','SIZE DIMENSIO','3000'),('45.940.980','MOT-CAT','6'),('45.940.980','PAN-CAT','8'),('45.940.980','ROL-CAT','8'),('45.940.980','ROM-CAT','8'),('45.940.980','ROM-HEM','60'),('45.940.980','SIZE DIMENSIO','3000'),('45.948.091','MOT-CAT','6'),('45.948.091','PAN-CAT','8'),('45.948.091','ROL-CAT','8'),('45.948.091','ROM-CAT','8'),('45.948.091','ROM-HEM','60'),('45.948.091','SIZE DIMENSIO','3000'),('45.948.259','MOT-CAT','6'),('45.948.259','PAN-CAT','8'),('45.948.259','ROL-CAT','8'),('45.948.259','ROM-CAT','8'),('45.948.259','ROM-HEM','60'),('45.948.259','SIZE DIMENSIO','3000'),('45.948.332','MOT-CAT','6'),('45.948.332','PAN-CAT','8'),('45.948.332','ROL-CAT','8'),('45.948.332','ROM-CAT','8'),('45.948.332','ROM-HEM','60'),('45.948.332','SIZE DIMENSIO','3000'),('45.948.631','MOT-CAT','6'),('45.948.631','PAN-CAT','8'),('45.948.631','ROL-CAT','8'),('45.948.631','ROM-CAT','8'),('45.948.631','ROM-HEM','60'),('45.948.631','SIZE DIMENSIO','3000'),('45.948.980','MOT-CAT','6'),('45.948.980','PAN-CAT','8'),('45.948.980','ROL-CAT','8'),('45.948.980','ROM-CAT','8'),('45.948.980','ROM-HEM','60'),('45.948.980','SIZE DIMENSIO','3000'),('45.950.258','MOT-CAT','1'),('45.950.258','PAN-CAT','2'),('45.950.258','ROL-CAT','2'),('45.950.258','SIZE DIMENSIO','2200'),('45.950.590','MOT-CAT','1'),('45.950.590','PAN-CAT','2'),('45.950.590','ROL-CAT','2'),('45.950.590','SIZE DIMENSIO','2000'),('45.950.655','PAN-CAT','2'),('45.950.655','ROL-CAT','2'),('45.950.655','SIZE DIMENSIO','2200'),('45.950.691','MOT-CAT','1'),('45.950.691','PAN-CAT','2'),('45.950.691','ROL-CAT','2'),('45.950.691','SIZE DIMENSIO','2000'),('45.950.872','MOT-CAT','1'),('45.950.872','PAN-CAT','2'),('45.950.872','ROL-CAT','2'),('45.950.872','SIZE DIMENSIO','2200'),('45.950.935','MOT-CAT','1'),('45.950.935','PAN-CAT','2'),('45.950.935','ROL-CAT','2'),('45.950.935','SIZE DIMENSIO','2200'),('45.950.987','MOT-CAT','1'),('45.950.987','PAN-CAT','2'),('45.950.987','ROL-CAT','2'),('45.950.987','SIZE DIMENSIO','2200'),('45.951.087','PAN-CAT','10'),('45.951.087','ROL-CAT','10'),('45.951.087','ROM-CAT','10'),('45.951.087','SIZE DIMENSIO','2950'),('45.951.217','PAN-CAT','10'),('45.951.217','ROL-CAT','10'),('45.951.217','ROM-CAT','10'),('45.951.217','SIZE DIMENSIO','2950'),('45.951.464','PAN-CAT','8'),('45.951.464','ROL-CAT','8'),('45.951.464','ROM-CAT','8'),('45.951.464','SIZE DIMENSIO','2950'),('45.951.477','PAN-CAT','10'),('45.951.477','ROL-CAT','10'),('45.951.477','ROM-CAT','10'),('45.951.477','SIZE DIMENSIO','2950'),('45.951.533','PAN-CAT','8'),('45.951.533','ROL-CAT','8'),('45.951.533','ROM-CAT','8'),('45.951.533','ROM-HEM','60'),('45.951.533','SIZE DIMENSIO','2950'),('45.951.575','PAN-CAT','10'),('45.951.575','ROL-CAT','10'),('45.951.575','ROM-CAT','10'),('45.951.575','SIZE DIMENSIO','2950'),('45.951.767','PAN-CAT','10'),('45.951.767','ROL-CAT','10'),('45.951.767','ROM-CAT','10'),('45.951.767','SIZE DIMENSIO','2950'),('45.951.819','PAN-CAT','8'),('45.951.819','ROL-CAT','8'),('45.951.819','ROM-CAT','8'),('45.951.819','ROM-HEM','60'),('45.951.819','SIZE DIMENSIO','2950'),('45.951.821','PAN-CAT','10'),('45.951.821','ROL-CAT','10'),('45.951.821','ROM-CAT','10'),('45.951.821','SIZE DIMENSIO','2950'),('45.951.859','PAN-CAT','8'),('45.951.859','ROL-CAT','8'),('45.951.859','ROM-CAT','8'),('45.951.859','ROM-HEM','60'),('45.951.859','SIZE DIMENSIO','2950'),('45.951.875','PAN-CAT','10'),('45.951.875','ROL-CAT','10'),('45.951.875','ROM-CAT','10'),('45.951.875','SIZE DIMENSIO','2950'),('45.951.979','PAN-CAT','8'),('45.951.979','ROL-CAT','8'),('45.951.979','ROM-CAT','8'),('45.951.979','SIZE DIMENSIO','2950'),('45.952.087','PAN-CAT','8'),('45.952.087','ROL-CAT','8'),('45.952.087','ROM-CAT','8'),('45.952.087','SIZE DIMENSIO','2950'),('45.952.217','PAN-CAT','8'),('45.952.217','ROL-CAT','8'),('45.952.217','ROM-CAT','8'),('45.952.217','SIZE DIMENSIO','2950'),('45.952.464','PAN-CAT','6'),('45.952.464','ROL-CAT','6'),('45.952.464','ROM-CAT','6'),('45.952.464','SIZE DIMENSIO','2950'),('45.952.477','PAN-CAT','8'),('45.952.477','ROL-CAT','8'),('45.952.477','ROM-CAT','8'),('45.952.477','SIZE DIMENSIO','2950'),('45.952.533','PAN-CAT','6'),('45.952.533','ROL-CAT','6'),('45.952.533','ROM-CAT','6'),('45.952.533','SIZE DIMENSIO','2950'),('45.952.575','PAN-CAT','8'),('45.952.575','ROL-CAT','8'),('45.952.575','ROM-CAT','8'),('45.952.575','SIZE DIMENSIO','2950'),('45.952.767','MOT-CAT','2'),('45.952.767','PAN-CAT','8'),('45.952.767','ROL-CAT','8'),('45.952.767','ROM-CAT','8'),('45.952.767','SIZE DIMENSIO','3000'),('45.952.819','PAN-CAT','6'),('45.952.819','ROL-CAT','6'),('45.952.819','ROM-CAT','6'),('45.952.819','SIZE DIMENSIO','3000'),('45.952.821','PAN-CAT','8'),('45.952.821','ROL-CAT','8'),('45.952.821','ROM-CAT','8'),('45.952.821','SIZE DIMENSIO','2950'),('45.952.859','PAN-CAT','6'),('45.952.859','ROL-CAT','6'),('45.952.859','ROM-CAT','6'),('45.952.859','ROM-HEM','60'),('45.952.859','SIZE DIMENSIO','2950'),('45.952.875','PAN-CAT','6'),('45.952.875','ROL-CAT','6'),('45.952.875','ROM-CAT','6'),('45.952.875','SIZE DIMENSIO','2950'),('45.952.979','PAN-CAT','6'),('45.952.979','ROL-CAT','6'),('45.952.979','ROM-CAT','6'),('45.952.979','SIZE DIMENSIO','2950'),('45.960.467','MOT-CAT','1'),('45.960.467','PAN-CAT','1'),('45.960.467','ROL-CAT','1'),('45.960.467','ROM-CAT','1'),('45.960.467','SIZE DIMENSIO','2000'),('45.960.718','MOT-CAT','1'),('45.960.718','PAN-CAT','1'),('45.960.718','ROL-CAT','1'),('45.960.718','ROM-CAT','1'),('45.960.718','SIZE DIMENSIO','2000'),('45.960.755','MOT-CAT','1'),('45.960.755','PAN-CAT','1'),('45.960.755','ROL-CAT','1'),('45.960.755','ROM-CAT','1'),('45.960.755','SIZE DIMENSIO','2000'),('45.960.834','MOT-CAT','1'),('45.960.834','PAN-CAT','1'),('45.960.834','ROL-CAT','1'),('45.960.834','ROM-CAT','1'),('45.960.834','SIZE DIMENSIO','2000'),('45.960.893','MOT-CAT','1'),('45.960.893','PAN-CAT','1'),('45.960.893','ROL-CAT','1'),('45.960.893','ROM-CAT','1'),('45.960.893','SIZE DIMENSIO','2000'),('45.990.044','MOT-CAT','1'),('45.990.044','PAN-CAT','2'),('45.990.044','ROL-CAT','2'),('45.990.044','ROM-CAT','2'),('45.990.044','SIZE DIMENSIO','2800'),('45.990.139','MOT-CAT','1'),('45.990.139','PAN-CAT','2'),('45.990.139','ROL-CAT','2'),('45.990.139','ROM-CAT','2'),('45.990.139','SIZE DIMENSIO','2800'),('45.990.194','MOT-CAT','1'),('45.990.194','PAN-CAT','2'),('45.990.194','ROL-CAT','2'),('45.990.194','ROM-CAT','2'),('45.990.194','SIZE DIMENSIO','2800'),('45.990.352','MOT-CAT','1'),('45.990.352','PAN-CAT','2'),('45.990.352','ROL-CAT','2'),('45.990.352','ROM-CAT','2'),('45.990.352','SIZE DIMENSIO','2800'),('45.990.353','MOT-CAT','1'),('45.990.353','PAN-CAT','2'),('45.990.353','ROL-CAT','2'),('45.990.353','ROM-CAT','2'),('45.990.353','SIZE DIMENSIO','2800'),('45.990.383','MOT-CAT','1'),('45.990.383','PAN-CAT','2'),('45.990.383','ROL-CAT','2'),('45.990.383','ROM-CAT','2'),('45.990.383','SIZE DIMENSIO','2800'),('45.990.459','MOT-CAT','1'),('45.990.459','PAN-CAT','2'),('45.990.459','ROL-CAT','2'),('45.990.459','ROM-CAT','2'),('45.990.459','ROM-HEM','60'),('45.990.459','SIZE DIMENSIO','2800'),('45.990.549','MOT-CAT','1'),('45.990.549','PAN-CAT','2'),('45.990.549','ROL-CAT','2'),('45.990.549','ROM-CAT','2'),('45.990.549','SIZE DIMENSIO','2800'),('45.990.556','MOT-CAT','1'),('45.990.556','PAN-CAT','2'),('45.990.556','ROL-CAT','2'),('45.990.556','ROM-CAT','2'),('45.990.556','SIZE DIMENSIO','2800'),('45.990.752','MOT-CAT','1'),('45.990.752','PAN-CAT','2'),('45.990.752','ROL-CAT','2'),('45.990.752','ROM-CAT','2'),('45.990.752','SIZE DIMENSIO','2800'),('45.990.995','MOT-CAT','1'),('45.990.995','PAN-CAT','2'),('45.990.995','ROL-CAT','2'),('45.990.995','ROM-CAT','2'),('45.990.995','SIZE DIMENSIO','2800'),('45.990.997','MOT-CAT','1'),('45.990.997','PAN-CAT','2'),('45.990.997','ROL-CAT','2'),('45.990.997','ROM-CAT','2'),('45.990.997','SIZE DIMENSIO','2800'),('45.990.999','MOT-CAT','2'),('45.990.999','PAN-CAT','2'),('45.990.999','ROL-CAT','2'),('45.990.999','ROM-CAT','2'),('45.990.999','SIZE DIMENSIO','1800'),('46.711.075','MOT-CAT','1'),('46.711.075','PAN-CAT','A'),('46.711.075','ROL-CAT','A'),('46.711.075','ROM-CAT','A'),('46.711.075','ROM-HEM','60'),('46.711.075','SIZE DIMENSIO','2400'),('46.711.092','MOT-CAT','1'),('46.711.092','PAN-CAT','A'),('46.711.092','ROL-CAT','A'),('46.711.092','ROM-CAT','A'),('46.711.092','ROM-HEM','60'),('46.711.092','SIZE DIMENSIO','2400'),('46.711.396','MOT-CAT','1'),('46.711.396','PAN-CAT','A'),('46.711.396','ROL-CAT','A'),('46.711.396','ROM-CAT','A'),('46.711.396','ROM-HEM','60'),('46.711.396','SIZE DIMENSIO','2400'),('46.711.408','MOT-CAT','1'),('46.711.408','PAN-CAT','A'),('46.711.408','ROL-CAT','A'),('46.711.408','ROM-CAT','A'),('46.711.408','ROM-HEM','60'),('46.711.408','SIZE DIMENSIO','2400'),('46.711.702','MOT-CAT','1'),('46.711.702','PAN-CAT','A'),('46.711.702','ROL-CAT','A'),('46.711.702','ROM-CAT','A'),('46.711.702','ROM-HEM','60'),('46.711.702','SIZE DIMENSIO','2400'),('46.711.980','MOT-CAT','1'),('46.711.980','PAN-CAT','A'),('46.711.980','ROL-CAT','A'),('46.711.980','ROM-CAT','A'),('46.711.980','ROM-HEM','60'),('46.711.980','SIZE DIMENSIO','2400'),('46.712.075','MOT-CAT','1'),('46.712.075','PAN-CAT','A'),('46.712.075','ROL-CAT','A'),('46.712.075','ROM-CAT','A'),('46.712.075','ROM-HEM','60'),('46.712.075','SIZE DIMENSIO','2440'),('46.712.092','MOT-CAT','1'),('46.712.092','PAN-CAT','A'),('46.712.092','ROL-CAT','A'),('46.712.092','ROM-CAT','A'),('46.712.092','ROM-HEM','60'),('46.712.092','SIZE DIMENSIO','2440'),('46.712.347','MOT-CAT','1'),('46.712.347','PAN-CAT','A'),('46.712.347','ROL-CAT','A'),('46.712.347','ROM-CAT','A'),('46.712.347','ROM-HEM','60'),('46.712.347','SIZE DIMENSIO','2440'),('46.712.408','MOT-CAT','1'),('46.712.408','PAN-CAT','A'),('46.712.408','ROL-CAT','A'),('46.712.408','ROM-CAT','A'),('46.712.408','ROM-HEM','60'),('46.712.408','SIZE DIMENSIO','2440'),('46.712.790','MOT-CAT','1'),('46.712.790','PAN-CAT','A'),('46.712.790','ROL-CAT','A'),('46.712.790','ROM-CAT','A'),('46.712.790','ROM-HEM','60'),('46.712.790','SIZE DIMENSIO','2440'),('46.712.809','MOT-CAT','1'),('46.712.809','PAN-CAT','A'),('46.712.809','ROL-CAT','A'),('46.712.809','ROM-CAT','A'),('46.712.809','ROM-HEM','60'),('46.712.809','SIZE DIMENSIO','2440'),('46.712.980','MOT-CAT','1'),('46.712.980','PAN-CAT','A'),('46.712.980','ROL-CAT','A'),('46.712.980','ROM-CAT','A'),('46.712.980','ROM-HEM','60'),('46.712.980','SIZE DIMENSIO','2440'),('46.713.092','MOT-CAT','1'),('46.713.092','ROL-CAT','A'),('46.713.092','ROM-CAT','A'),('46.713.092','ROM-HEM','60'),('46.713.092','SIZE DIMENSIO','3200'),('46.713.347','MOT-CAT','1'),('46.713.347','ROL-CAT','A'),('46.713.347','ROM-CAT','A'),('46.713.347','ROM-HEM','60'),('46.713.347','SIZE DIMENSIO','3200'),('46.713.980','MOT-CAT','1'),('46.713.980','ROL-CAT','A'),('46.713.980','ROM-CAT','A'),('46.713.980','ROM-HEM','60'),('46.713.980','SIZE DIMENSIO','3200'),('46.714.434','MOT-CAT','1'),('46.714.434','PAN-CAT','1'),('46.714.434','ROL-CAT','1'),('46.714.434','ROM-CAT','1'),('46.714.434','ROM-HEM','60'),('46.714.434','SIZE DIMENSIO','2440'),('46.714.651','MOT-CAT','1'),('46.714.651','PAN-CAT','1'),('46.714.651','ROL-CAT','1'),('46.714.651','ROM-CAT','1'),('46.714.651','ROM-HEM','60'),('46.714.651','SIZE DIMENSIO','2440'),('46.714.679','MOT-CAT','1'),('46.714.679','PAN-CAT','A'),('46.714.679','ROL-CAT','A'),('46.714.679','ROM-CAT','A'),('46.714.679','ROM-HEM','60'),('46.714.679','SIZE DIMENSIO','2440'),('46.714.920','MOT-CAT','1'),('46.714.920','PAN-CAT','A'),('46.714.920','ROL-CAT','A'),('46.714.920','ROM-CAT','A'),('46.714.920','ROM-HEM','60'),('46.714.920','SIZE DIMENSIO','2440'),('46.714.973','MOT-CAT','1'),('46.714.973','PAN-CAT','1'),('46.714.973','ROL-CAT','1'),('46.714.973','ROM-CAT','1'),('46.714.973','ROM-HEM','60'),('46.714.973','SIZE DIMENSIO','2440'),('46.714.980','MOT-CAT','1'),('46.714.980','PAN-CAT','A'),('46.714.980','ROL-CAT','A'),('46.714.980','ROM-CAT','A'),('46.714.980','ROM-HEM','60'),('46.714.980','SIZE DIMENSIO','2440'),('46.715.091','MOT-CAT','1'),('46.715.091','PAN-CAT','A'),('46.715.091','ROL-CAT','A'),('46.715.091','ROM-CAT','A'),('46.715.091','SIZE DIMENSIO','2440'),('46.715.152','MOT-CAT','1'),('46.715.152','PAN-CAT','1'),('46.715.152','ROL-CAT','1'),('46.715.152','ROM-CAT','1'),('46.715.152','ROM-HEM','60'),('46.715.152','SIZE DIMENSIO','2440'),('46.715.217','MOT-CAT','1'),('46.715.217','PAN-CAT','1'),('46.715.217','ROL-CAT','1'),('46.715.217','ROM-CAT','1'),('46.715.217','SIZE DIMENSIO','2440'),('46.715.271','MOT-CAT','1'),('46.715.271','PAN-CAT','1'),('46.715.271','ROL-CAT','1'),('46.715.271','ROM-CAT','1'),('46.715.271','SIZE DIMENSIO','2440'),('46.715.327','MOT-CAT','1'),('46.715.327','PAN-CAT','1'),('46.715.327','ROL-CAT','1'),('46.715.327','ROM-CAT','1'),('46.715.327','SIZE DIMENSIO','2440'),('46.715.393','MOT-CAT','1'),('46.715.393','PAN-CAT','A'),('46.715.393','ROL-CAT','A'),('46.715.393','ROM-CAT','A'),('46.715.393','ROM-HEM','60'),('46.715.393','SIZE DIMENSIO','2440'),('46.715.608','MOT-CAT','1'),('46.715.608','PAN-CAT','A'),('46.715.608','ROL-CAT','A'),('46.715.608','ROM-CAT','A'),('46.715.608','SIZE DIMENSIO','2440'),('46.715.758','MOT-CAT','1'),('46.715.758','PAN-CAT','A'),('46.715.758','ROL-CAT','A'),('46.715.758','ROM-CAT','A'),('46.715.758','SIZE DIMENSIO','2440'),('46.715.809','MOT-CAT','1'),('46.715.809','PAN-CAT','1'),('46.715.809','ROL-CAT','1'),('46.715.809','ROM-CAT','1'),('46.715.809','SIZE DIMENSIO','2440'),('46.715.818','MOT-CAT','1'),('46.715.818','PAN-CAT','A'),('46.715.818','ROL-CAT','A'),('46.715.818','ROM-CAT','A'),('46.715.818','SIZE DIMENSIO','2440'),('46.717.152','MOT-CAT','1'),('46.717.152','PAN-CAT','1'),('46.717.152','ROL-CAT','1'),('46.717.152','SIZE DIMENSIO','2440'),('46.717.217','MOT-CAT','1'),('46.717.217','PAN-CAT','1'),('46.717.217','ROL-CAT','1'),('46.717.217','SIZE DIMENSIO','2440'),('46.717.271','MOT-CAT','1'),('46.717.271','PAN-CAT','1'),('46.717.271','ROL-CAT','1'),('46.717.271','SIZE DIMENSIO','2440'),('46.717.327','MOT-CAT','1'),('46.717.327','PAN-CAT','1'),('46.717.327','ROL-CAT','1'),('46.717.327','SIZE DIMENSIO','2440'),('46.717.393','MOT-CAT','1'),('46.717.393','PAN-CAT','1'),('46.717.393','ROL-CAT','1'),('46.717.393','SIZE DIMENSIO','2440'),('46.717.608','MOT-CAT','1'),('46.717.608','PAN-CAT','1'),('46.717.608','ROL-CAT','1'),('46.717.608','SIZE DIMENSIO','2440'),('46.717.758','MOT-CAT','1'),('46.717.758','PAN-CAT','1'),('46.717.758','ROL-CAT','1'),('46.717.758','SIZE DIMENSIO','2440'),('46.717.760','MOT-CAT','1'),('46.717.760','PAN-CAT','A'),('46.717.760','ROL-CAT','A'),('46.717.760','ROM-CAT','A'),('46.717.760','ROM-HEM','60'),('46.717.760','SIZE DIMENSIO','2440'),('46.717.809','MOT-CAT','1'),('46.717.809','PAN-CAT','1'),('46.717.809','ROL-CAT','1'),('46.717.809','SIZE DIMENSIO','2440'),('46.717.818','MOT-CAT','1'),('46.717.818','PAN-CAT','1'),('46.717.818','ROL-CAT','1'),('46.717.818','SIZE DIMENSIO','2440'),('46.717.868','MOT-CAT','1'),('46.717.868','PAN-CAT','A'),('46.717.868','ROL-CAT','A'),('46.717.868','ROM-CAT','A'),('46.717.868','ROM-HEM','60'),('46.717.868','SIZE DIMENSIO','2440'),('46.717.980','MOT-CAT','1'),('46.717.980','PAN-CAT','A'),('46.717.980','ROL-CAT','A'),('46.717.980','ROM-CAT','A'),('46.717.980','SIZE DIMENSIO','2440'),('46.717.985','MOT-CAT','1'),('46.717.985','PAN-CAT','1'),('46.717.985','ROL-CAT','1'),('46.717.985','SIZE DIMENSIO','2440'),('46.718.170','MOT-CAT','1'),('46.718.170','PAN-CAT','A'),('46.718.170','ROL-CAT','A'),('46.718.170','ROM-CAT','A'),('46.718.170','ROM-HEM','60'),('46.718.170','SIZE DIMENSIO','2440'),('46.718.389','MOT-CAT','1'),('46.718.389','PAN-CAT','A'),('46.718.389','ROL-CAT','A'),('46.718.389','ROM-CAT','A'),('46.718.389','ROM-HEM','60'),('46.718.389','SIZE DIMENSIO','2440'),('46.718.660','MOT-CAT','1'),('46.718.660','PAN-CAT','A'),('46.718.660','ROL-CAT','A'),('46.718.660','ROM-CAT','A'),('46.718.660','ROM-HEM','60'),('46.718.660','SIZE DIMENSIO','2440'),('46.719.270','MOT-CAT','1'),('46.719.270','PAN-CAT','A'),('46.719.270','ROL-CAT','A'),('46.719.270','ROM-CAT','A'),('46.719.270','ROM-HEM','60'),('46.719.270','SIZE DIMENSIO','1830'),('46.719.361','MOT-CAT','1'),('46.719.361','PAN-CAT','A'),('46.719.361','ROL-CAT','A'),('46.719.361','ROM-CAT','A'),('46.719.361','ROM-HEM','60'),('46.719.361','SIZE DIMENSIO','1830'),('46.719.541','MOT-CAT','1'),('46.719.541','PAN-CAT','1'),('46.719.541','ROL-CAT','1'),('46.719.541','ROM-CAT','1'),('46.719.541','ROM-HEM','60'),('46.719.541','SIZE DIMENSIO','1830'),('46.719.638','MOT-CAT','1'),('46.719.638','PAN-CAT','A'),('46.719.638','ROL-CAT','A'),('46.719.638','ROM-CAT','A'),('46.719.638','ROM-HEM','60'),('46.719.638','SIZE DIMENSIO','1830'),('46.719.722','MOT-CAT','1'),('46.719.722','PAN-CAT','A'),('46.719.722','ROL-CAT','A'),('46.719.722','ROM-CAT','A'),('46.719.722','ROM-HEM','60'),('46.719.722','SIZE DIMENSIO','1830'),('46.719.992','MOT-CAT','1'),('46.719.992','PAN-CAT','A'),('46.719.992','ROL-CAT','A'),('46.719.992','ROM-CAT','A'),('46.719.992','ROM-HEM','60'),('46.719.992','SIZE DIMENSIO','1830'),('47.059.002','ROM-CAT','PINK'),('47.059.002','ROM-HEM','60'),('47.081.000','ROM-CAT','RED'),('47.081.000','ROM-HEM','60'),('47.085.001','ROM-CAT','RED'),('47.085.001','ROM-HEM','60'),('47.085.005','ROM-CAT','RED'),('47.085.005','ROM-HEM','60'),('47.103.019','ROM-CAT','YELLOW'),('47.103.019','ROM-HEM','60'),('47.507.008','ROM-CAT','GREE'),('47.507.008','ROM-HEM','60'),('47.508.002','ROM-CAT','RED'),('47.508.002','ROM-HEM','60'),('47.509.001','ROM-CAT','PINK'),('47.509.001','ROM-HEM','60'),('47.509.001','SIZE DIMENSIO','3000'),('47.509.002','ROM-CAT','PINK'),('47.509.002','ROM-HEM','60'),('47.509.002','SIZE DIMENSIO','3000'),('47.518.005','ROM-CAT','PINK'),('47.518.005','ROM-HEM','60'),('47.519.020','ROM-CAT','GREE'),('47.519.020','ROM-HEM','60'),('47.519.020','SIZE DIMENSIO','1400'),('47.519.024','ROM-CAT','GREE'),('47.519.024','ROM-HEM','60'),('47.519.024','SIZE DIMENSIO','1400'),('47.519.025','ROM-CAT','GREE'),('47.519.025','ROM-HEM','60'),('47.519.025','SIZE DIMENSIO','1400'),('47.522.009','ROM-CAT','RED'),('47.522.009','ROM-HEM','60'),('47.522.021','ROM-HEM','60'),('47.522.026','ROM-HEM','60'),('47.523.034','ROM-CAT','BLUE'),('47.523.034','ROM-HEM','60'),('47.558.060','ROM-CAT','BLUE'),('47.558.060','ROM-HEM','60'),('47.577.001','ROM-CAT','GREE'),('47.577.001','ROM-HEM','60'),('47.615.001','ROM-CAT','RED'),('47.615.001','ROM-HEM','60'),('47.615.003','ROM-CAT','RED'),('47.615.003','ROM-HEM','60'),('47.638.307','ROM-CAT','RED'),('47.638.307','ROM-HEM','60'),('47.684.003','ROM-CAT','RED'),('47.684.003','ROM-HEM','60'),('47.700.001','ROM-CAT','YELLOW'),('47.700.001','ROM-HEM','60'),('47.705.006','ROM-CAT','RED'),('47.705.006','ROM-HEM','60'),('47.749.002','ROM-CAT','YELLOW'),('47.749.002','ROM-HEM','60'),('47.764.003','ROM-CAT','RED'),('47.764.003','ROM-HEM','60'),('47.764.003','SIZE DIMENSIO','3000'),('47.766.001','ROM-CAT','RED'),('47.766.001','ROM-HEM','60'),('47.772.001','ROM-CAT','GREE'),('47.772.001','ROM-HEM','60'),('47.792.016','ROM-CAT','YELLOW'),('47.792.016','ROM-HEM','60'),('47.792.016','SIZE DIMENSIO','1400'),('47.792.039','ROM-CAT','YELLOW'),('47.792.039','ROM-HEM','60'),('47.800.016','ROM-CAT','PINK'),('47.800.016','ROM-HEM','60'),('47.800.017','ROM-CAT','PINK'),('47.800.017','ROM-HEM','60'),('47.800.018','ROM-CAT','PINK'),('47.800.018','ROM-HEM','60'),('47.838.028','ROM-CAT','RED'),('47.838.028','ROM-HEM','60'),('47.846.013','ROM-CAT','YELLOW'),('47.846.013','ROM-HEM','60'),('47.848.009','ROM-CAT','YELLOW'),('47.848.009','ROM-HEM','60'),('47.852.002','ROM-CAT','RED'),('47.852.002','ROM-HEM','60'),('47.852.004','ROM-CAT','RED'),('47.852.004','ROM-HEM','60'),('47.864.007','ROM-CAT','RED'),('47.864.007','ROM-HEM','60'),('47.864.013','ROM-CAT','RED'),('47.864.013','ROM-HEM','60'),('47.887.001','ROM-CAT','YELLOW'),('47.887.001','ROM-HEM','60'),('47.904.001','ROM-CAT','RED'),('47.904.001','ROM-HEM','60'),('47.904.004','ROM-CAT','RED'),('47.904.004','ROM-HEM','60'),('47.904.015','ROM-CAT','RED'),('47.904.015','ROM-HEM','60'),('47.921.025','ROM-CAT','GREE'),('47.921.025','ROM-HEM','60'),('47.940.002','ROM-CAT','GREE'),('47.940.002','ROM-HEM','60'),('47.940.003','ROM-CAT','GREE'),('47.940.003','ROM-HEM','60'),('47.945.001','ROM-CAT','RED'),('47.945.001','ROM-HEM','60'),('47.945.001','SIZE DIMENSIO','3000'),('48.110.940','PAN-CAT','4'),('48.110.940','ROM-CAT','3'),('48.110.940','ROM-HEM','60'),('48.110.940','SIZE DIMENSIO','2600'),('48.110.980','PAN-CAT','4'),('48.110.980','ROM-CAT','3'),('48.110.980','ROM-HEM','60'),('48.110.980','SIZE DIMENSIO','2600'),('48.111.980','PAN-CAT','3'),('48.111.980','ROM-CAT','3'),('48.111.980','ROM-HEM','60'),('48.111.980','SIZE DIMENSIO','2700'),('48.118.980','PAN-CAT','5'),('48.118.980','ROM-CAT','3'),('48.118.980','ROM-HEM','60'),('48.118.980','SIZE DIMENSIO','1500'),('48.128.940','SIZE DIMENSIO','3000'),('48.190.980','PAN-CAT','6'),('48.190.980','ROM-CAT','6'),('48.190.980','ROM-HEM','60'),('48.190.980','SIZE DIMENSIO','1500'),('48.350.597','ROM-CAT','2'),('48.350.597','ROM-HEM','60'),('48.450.980','PAN-CAT','4'),('48.450.980','ROM-CAT','3'),('48.450.980','SIZE DIMENSIO','1500'),('48.465.100','PAN-CAT','2'),('48.465.100','ROM-CAT','3'),('48.465.100','ROM-HEM','60'),('48.465.100','SIZE DIMENSIO','2800'),('48.465.101','PAN-CAT','2'),('48.465.101','ROM-CAT','3'),('48.465.101','ROM-HEM','60'),('48.465.101','SIZE DIMENSIO','2800'),('48.465.102','PAN-CAT','2'),('48.465.102','ROM-CAT','3'),('48.465.102','ROM-HEM','60'),('48.465.102','SIZE DIMENSIO','2800'),('48.465.103','PAN-CAT','2'),('48.465.103','ROM-CAT','3'),('48.465.103','ROM-HEM','60'),('48.465.103','SIZE DIMENSIO','2800'),('48.465.104','ROM-CAT','3'),('48.465.104','ROM-HEM','60'),('48.465.104','SIZE DIMENSIO','2800'),('48.465.105','ROM-CAT','3'),('48.465.105','ROM-HEM','60'),('48.465.105','SIZE DIMENSIO','2800'),('48.465.200','PAN-CAT','4'),('48.465.200','ROM-CAT','3'),('48.465.200','SIZE DIMENSIO','1580'),('48.465.201','ROM-CAT','4'),('48.465.201','SIZE DIMENSIO','1600'),('48.465.202','ROM-CAT','4'),('48.465.202','SIZE DIMENSIO','1600'),('48.465.203','ROM-CAT','4'),('48.465.203','SIZE DIMENSIO','1600'),('48.465.300','PAN-CAT','5'),('48.465.300','ROM-CAT','4'),('48.465.300','SIZE DIMENSIO','1600'),('48.465.301','PAN-CAT','5'),('48.465.301','ROM-CAT','4'),('48.465.301','SIZE DIMENSIO','1600'),('48.465.400','PAN-CAT','2'),('48.465.400','ROM-CAT','4'),('48.465.400','SIZE DIMENSIO',''),('48.465.401','ROM-CAT','4'),('48.465.402','ROM-CAT','4'),('48.690.535','PAN-CAT','8'),('48.690.535','ROM-CAT','5'),('48.690.535','SIZE DIMENSIO','1500'),('48.690.980','PAN-CAT','8'),('48.690.980','ROM-CAT','5'),('48.690.980','ROM-HEM','60'),('48.690.980','SIZE DIMENSIO','1500'),('49.001.335','AWN-CAT','1'),('49.001.337','AWN-CAT','1'),('49.001.338','AWN-CAT','1'),('49.001.386','AWN-CAT','1'),('49.001.393','AWN-CAT','1'),('49.001.451','AWN-CAT','1'),('49.001.556','AWN-CAT','1'),('49.001.591','AWN-CAT','1'),('49.001.595','AWN-CAT','1'),('49.001.610','AWN-CAT','1'),('49.001.616','AWN-CAT','1'),('49.001.637','AWN-CAT','1'),('49.001.682','AWN-CAT','1'),('49.001.694','AWN-CAT','1'),('49.001.697','AWN-CAT','1'),('49.001.721','AWN-CAT','1'),('49.001.731','AWN-CAT','1'),('49.001.754','AWN-CAT','1'),('49.001.773','AWN-CAT','1'),('49.001.791','AWN-CAT','1'),('49.001.869','AWN-CAT','1'),('49.001.918','AWN-CAT','1'),('49.002.335','AWN-CAT','1'),('49.002.337','AWN-CAT','1'),('49.002.338','AWN-CAT','1'),('49.002.386','AWN-CAT','1'),('49.002.393','AWN-CAT','1'),('49.002.451','AWN-CAT','1'),('49.002.556','AWN-CAT','1'),('49.002.595','AWN-CAT','1'),('49.002.610','AWN-CAT','1'),('49.002.616','AWN-CAT','1'),('49.002.637','AWN-CAT','1'),('49.002.682','AWN-CAT','1'),('49.002.694','AWN-CAT','1'),('49.002.697','AWN-CAT','1'),('49.002.721','AWN-CAT','1'),('49.002.731','AWN-CAT','1'),('49.002.754','AWN-CAT','1'),('49.002.773','AWN-CAT','1'),('49.002.791','AWN-CAT','1'),('49.002.869','AWN-CAT','1'),('49.002.918','AWN-CAT','1'),('49.101.041','AWN-CAT','4'),('49.101.980','AWN-CAT','4'),('49.101.999','AWN-CAT','4'),('49.201.999','AWN-CAT','3'),('49.202.091','AWN-CAT','3'),('49.202.726','AWN-CAT','3'),('49.301.999','AWN-CAT','2'),('49.302.999','AWN-CAT','2'),('49.801.999','AWN-CAT','4'),('49.801.999','SIZE DIMENSIO','2000'),('49.802.999','AWN-CAT','4'),('49.803.999','AWN-CAT','3'),('49.809.999','AWN-CAT','2'),('49.811.999','AWN-CAT','3'),('49.812.999','AWN-CAT','5'),('55.316.009','SIZE DIMENSIO','16'),('55.316.013','SIZE DIMENSIO','16'),('55.316.054','SIZE DIMENSIO','16'),('55.316.059','SIZE DIMENSIO','16'),('55.316.500','SIZE DIMENSIO','16'),('55.316.550','SIZE DIMENSIO','16'),('55.316.578','SIZE DIMENSIO','16'),('55.316.799','SIZE DIMENSIO','16'),('55.316.804','SIZE DIMENSIO','16'),('55.316.807','SIZE DIMENSIO','16'),('55.316.814','SIZE DIMENSIO','16'),('55.316.822','SIZE DIMENSIO','16'),('55.316.861','SIZE DIMENSIO','16'),('55.325.005','SIZE DIMENSIO','25'),('55.325.009','SIZE DIMENSIO','25'),('55.325.010','SIZE DIMENSIO','25'),('55.325.013','SIZE DIMENSIO','25'),('55.325.028','SIZE DIMENSIO','25'),('55.325.052','SIZE DIMENSIO','25'),('55.325.054','SIZE DIMENSIO','25'),('55.325.059','SIZE DIMENSIO','25'),('55.325.094','SIZE DIMENSIO','25'),('55.325.126','SIZE DIMENSIO','25'),('55.325.143','SIZE DIMENSIO','25'),('55.325.148','SIZE DIMENSIO','25'),('55.325.156','SIZE DIMENSIO','25'),('55.325.187','SIZE DIMENSIO','25'),('55.325.214','SIZE DIMENSIO','25'),('55.325.233','SIZE DIMENSIO','25'),('55.325.238','SIZE DIMENSIO','25'),('55.325.263','SIZE DIMENSIO','25'),('55.325.277','SIZE DIMENSIO','25'),('55.325.308','SIZE DIMENSIO','25'),('55.325.327','SIZE DIMENSIO','25'),('55.325.347','SIZE DIMENSIO','25'),('55.325.351','SIZE DIMENSIO','25'),('55.325.355','SIZE DIMENSIO','25'),('55.325.356','SIZE DIMENSIO','25'),('55.325.369','SIZE DIMENSIO','25'),('55.325.390','SIZE DIMENSIO','25'),('55.325.393','SIZE DIMENSIO','25'),('55.325.405','SIZE DIMENSIO','25'),('55.325.408','SIZE DIMENSIO','25'),('55.325.414','SIZE DIMENSIO','25'),('55.325.437','SIZE DIMENSIO','25'),('55.325.455','SIZE DIMENSIO','25'),('55.325.458','SIZE DIMENSIO','25'),('55.325.476','SIZE DIMENSIO','25'),('55.325.500','SIZE DIMENSIO','25'),('55.325.507','SIZE DIMENSIO','25'),('55.325.512','SIZE DIMENSIO','25'),('55.325.520','SIZE DIMENSIO','25'),('55.325.550','SIZE DIMENSIO','25'),('55.325.557','SIZE DIMENSIO','25'),('55.325.573','SIZE DIMENSIO','25'),('55.325.578','SIZE DIMENSIO','25'),('55.325.587','SIZE DIMENSIO','25'),('55.325.597','SIZE DIMENSIO','25'),('55.325.611','SIZE DIMENSIO','25'),('55.325.615','SIZE DIMENSIO','25'),('55.325.628','SIZE DIMENSIO','25'),('55.325.631','SIZE DIMENSIO','25'),('55.325.632','SIZE DIMENSIO','25'),('55.325.644','SIZE DIMENSIO','25'),('55.325.648','SIZE DIMENSIO','25'),('55.325.690','SIZE DIMENSIO','25'),('55.325.726','SIZE DIMENSIO','25'),('55.325.740','SIZE DIMENSIO','25'),('55.325.772','SIZE DIMENSIO','25'),('55.325.792','SIZE DIMENSIO','25'),('55.325.799','SIZE DIMENSIO','25'),('55.325.804','SIZE DIMENSIO','25'),('55.325.807','SIZE DIMENSIO','25'),('55.325.814','SIZE DIMENSIO','25'),('55.325.822','SIZE DIMENSIO','25'),('55.325.854','SIZE DIMENSIO','25'),('55.325.858','SIZE DIMENSIO','25'),('55.325.861','SIZE DIMENSIO','25'),('55.325.877','SIZE DIMENSIO','25'),('55.325.897','SIZE DIMENSIO','25'),('55.325.913','SIZE DIMENSIO','25'),('55.325.917','SIZE DIMENSIO','25'),('55.325.924','SIZE DIMENSIO','25'),('55.325.935','SIZE DIMENSIO','25'),('55.325.940','SIZE DIMENSIO','25'),('55.325.948','SIZE DIMENSIO','25'),('55.325.956','SIZE DIMENSIO','25'),('55.325.983','SIZE DIMENSIO','25'),('55.325.988','SIZE DIMENSIO','25'),('55.325.996','SIZE DIMENSIO','25'),('55.326.091','SIZE DIMENSIO','25'),('55.326.547','SIZE DIMENSIO','25'),('55.326.807','SIZE DIMENSIO','25'),('55.326.980','SIZE DIMENSIO','25'),('55.350.059','SIZE DIMENSIO','50'),('55.350.141','SIZE DIMENSIO','50'),('55.350.326','SIZE DIMENSIO','50'),('55.350.342','SIZE DIMENSIO','50'),('55.350.355','SIZE DIMENSIO','50'),('55.350.408','SIZE DIMENSIO','50'),('55.350.453','SIZE DIMENSIO','50'),('55.350.474','SIZE DIMENSIO','50'),('55.350.489','SIZE DIMENSIO','50'),('55.350.550','SIZE DIMENSIO','50'),('55.350.631','SIZE DIMENSIO','50'),('55.350.702','SIZE DIMENSIO','50'),('55.350.807','SIZE DIMENSIO','50'),('55.350.818','SIZE DIMENSIO','50'),('55.350.838','SIZE DIMENSIO','50'),('55.350.867','SIZE DIMENSIO','50'),('55.350.980','SIZE DIMENSIO','50'),('55.356.250','SIZE DIMENSIO','50'),('55.356.980','SIZE DIMENSIO','50'),('60.100.000','SIZE DIMENSIO','2700'),('60.101.000','SIZE DIMENSIO','2700'),('60.200.000','SIZE DIMENSIO','2700'),('60.201.000','SIZE DIMENSIO','2700'),('60.238.210','SIZE DIMENSIO','2700'),('60.238.281','SIZE DIMENSIO','2700'),('60.248.009','SIZE DIMENSIO','2700'),('60.248.230','SIZE DIMENSIO','2700'),('60.248.251','SIZE DIMENSIO','2700'),('60.248.677','SIZE DIMENSIO','2700'),('60.248.838','SIZE DIMENSIO','2700'),('60.348.009','SIZE DIMENSIO','2700'),('60.348.251','SIZE DIMENSIO','2700'),('60.348.668','SIZE DIMENSIO','2700'),('60.348.677','SIZE DIMENSIO','2700'),('60.348.838','SIZE DIMENSIO','2700'),('60.390.009','SIZE DIMENSIO','2700'),('60.390.251','SIZE DIMENSIO','2700'),('60.390.677','SIZE DIMENSIO','2700'),('60.390.838','SIZE DIMENSIO','2700'),('60.394.009','SIZE DIMENSIO','2700'),('60.396.009','SIZE DIMENSIO','2700'),('60.396.251','SIZE DIMENSIO','2700'),('60.396.668','SIZE DIMENSIO','2700'),('60.396.677','SIZE DIMENSIO','2700'),('60.396.838','SIZE DIMENSIO','2700'),('60.408.230','SIZE DIMENSIO','2700'),('60.408.251','SIZE DIMENSIO','2700'),('60.408.551','SIZE DIMENSIO','2700'),('60.408.597','SIZE DIMENSIO','2700'),('60.408.615','SIZE DIMENSIO','2700'),('60.408.677','SIZE DIMENSIO','2700'),('60.480.038','SIZE DIMENSIO','2740'),('60.480.057','SIZE DIMENSIO','2740'),('60.480.200','SIZE DIMENSIO','2740'),('60.480.229','SIZE DIMENSIO','2740'),('60.480.281','SIZE DIMENSIO','2740'),('60.480.452','SIZE DIMENSIO','2740'),('60.480.551','SIZE DIMENSIO','2740'),('60.480.557','SIZE DIMENSIO','2740'),('60.480.677','SIZE DIMENSIO','2740'),('60.480.960','SIZE DIMENSIO','2740'),('60.480.980','SIZE DIMENSIO','2740'),('60.486.038','SIZE DIMENSIO','2740'),('60.486.200','SIZE DIMENSIO','2740'),('60.486.229','SIZE DIMENSIO','2740'),('60.486.281','SIZE DIMENSIO','2740'),('60.486.677','SIZE DIMENSIO','2740'),('60.486.980','SIZE DIMENSIO','2740'),('60.530.038','SIZE DIMENSIO','2700'),('60.530.048','SIZE DIMENSIO','2700'),('60.530.083','SIZE DIMENSIO','2700'),('60.530.274','SIZE DIMENSIO','2700'),('60.530.281','SIZE DIMENSIO','2700'),('60.530.362','SIZE DIMENSIO','2700'),('60.530.385','SIZE DIMENSIO','2700'),('60.530.551','SIZE DIMENSIO','2700'),('60.530.597','SIZE DIMENSIO','2700'),('60.530.674','SIZE DIMENSIO','2700'),('60.530.696','SIZE DIMENSIO','2700'),('60.530.966','SIZE DIMENSIO','2700'),('60.636.091','SIZE DIMENSIO','2400'),('60.636.230','SIZE DIMENSIO','2400'),('60.636.385','SIZE DIMENSIO','2400'),('60.636.597','SIZE DIMENSIO','2400'),('60.636.677','SIZE DIMENSIO','2400'),('60.636.716','SIZE DIMENSIO','2400'),('60.636.741','SIZE DIMENSIO','2400'),('60.636.923','SIZE DIMENSIO','2400'),('60.636.987','SIZE DIMENSIO','2400'),('60.730.048','SIZE DIMENSIO','2700'),('60.730.362','SIZE DIMENSIO','2700'),('60.730.385','SIZE DIMENSIO','2700'),('60.838.343','SIZE DIMENSIO','2700'),('60.838.378','SIZE DIMENSIO','2700'),('60.838.482','SIZE DIMENSIO','2700'),('60.838.684','SIZE DIMENSIO','2700'),('60.838.729','SIZE DIMENSIO','2700'),('60.838.752','SIZE DIMENSIO','2700'),('60.838.976','SIZE DIMENSIO','2700');
/*!40000 ALTER TABLE `nav_getdimensions` ENABLE KEYS */;
UNLOCK TABLES;

--
-- Table structure for table `nav_getoptioncharges`
--

DROP TABLE IF EXISTS `nav_getoptioncharges`;
/*!40101 SET @saved_cs_client     = @@character_set_client */;
/*!40101 SET character_set_client = utf8 */;
CREATE TABLE `nav_getoptioncharges` (
  `No_` varchar(20) NOT NULL,
  `Description` varchar(30) DEFAULT NULL,
  `Product Group Code` varchar(10) DEFAULT NULL,
  `Last Date Modified` timestamp NULL DEFAULT NULL,
  `Unit Price` float DEFAULT NULL,
  PRIMARY KEY (`No_`)
) ENGINE=InnoDB DEFAULT CHARSET=utf8;
/*!40101 SET character_set_client = @saved_cs_client */;

--
-- Dumping data for table `nav_getoptioncharges`
--

LOCK TABLES `nav_getoptioncharges` WRITE;
/*!40000 ALTER TABLE `nav_getoptioncharges` DISABLE KEYS */;
INSERT INTO `nav_getoptioncharges` VALUES ('98.000.007','Freight Fee','CHARGES',NULL,30),('98.000.015','Roller Skins One Only','CHARGES',NULL,15),('98.000.020','Packing fee over 3m width','CHARGES',NULL,30),('98.000.022','Roller Skins Multiple','CHARGES',NULL,15),('99.999.777','Misc Item - Roller','MISC',NULL,0),('Z.001','Labour','CHARGES',NULL,77),('Z.009','AVN Slider','ACC-AV',NULL,8),('Z.010','AVN Common Venetian Head Rail','ACC-AV',NULL,81),('Z.011','AVN Cut-outs','ACC-AV',NULL,20),('Z.012','AVN Magic Wand','ACC-AV',NULL,7),('Z.013','AVN Under 460mm Single Blind','ACC-AV',NULL,40),('Z.014','AVN Under 460mm Multiple Blind','ACC-AV',NULL,20),('Z.015','AVN Cut Down Width','REP-AV',NULL,51),('Z.016','AVN Shorten Drop','REP-AV',NULL,39),('Z.017','AVN Replace Bottom Rail','REP-AV',NULL,8.2),('Z.018','AVN Aluminium Slat 25mm/50mm','REP-AV',NULL,5),('Z.019','AVN Aluminium Slat 25/50mm','REP-AV',NULL,10),('Z.020','AVN Ladder Lock Surcharge','REP-AV',NULL,5),('Z.050','Wand Stainless Steel 1250mm','ACC-PNL',NULL,47),('Z.051','PNL Timber Batten Up To 1000mm','ACC-PNL',NULL,30),('Z.052','PNL Timber Batten Up To 2000mm','ACC-PNL',NULL,34),('Z.053','PNL Timber Batten Up To 3000mm','ACC-PNL',NULL,43),('Z.054','PNL Change Control Side','REP-PNL',NULL,49),('Z.055','PNL Change Control Type (Wand/','REP-PNL',NULL,52),('Z.056','PNL Shorten Drop','REP-PNL',NULL,24),('Z.057','PNL Reduce Panel Width','REP-PNL',NULL,36),('Z.058','PNL Reduce Track Width','REP-PNL',NULL,31),('Z.100','Metal Chain Nickle','ACC-ROL',NULL,6),('Z.101','Metal Chain Stainless Steel','ACC-ROL',NULL,6),('Z.102','Opti/Ease45 Double Bkt','ACC-ROL',NULL,15),('Z.103','Opti Linked Joint Complete','ACC-ROL',NULL,32),('Z.104','Opti/Ease45 Dual Control Joint','ACC-ROL',NULL,32),('Z.105','Opti Double Linked Joint','ACC-ROL',NULL,64),('Z.106','Opti/Ease45 Double Dual Contro','ACC-ROL',NULL,64),('Z.107','Opti Uni-Link 0-45deg','ACC-ROL',NULL,78),('Z.108','Opti Uni-Link 0-90deg','ACC-ROL',NULL,89),('Z.109','#Ultra Linked Joint','ACC-ROL',NULL,19.5),('Z.110','#Ultra-Dual control blinds','ACC-ROL',NULL,12.5),('Z.111','#Ultra Spring Assist','ACC-ROL',NULL,9),('Z.112','Oval 26 B/R','ACC-ROL',NULL,0),('Z.113','Flat F2211 B/R','ACC-ROL',NULL,0),('Z.114','Flat F4115 B/R','ACC-ROL',NULL,10.7),('Z.115','M3 Double Slimline Bracket','ACC-ROL',NULL,15),('Z.116','Wire Guide System','ACC-ROL',NULL,15.5),('Z.117','Braid and/or Trim','ACC-ROL',NULL,26),('Z.118','Ultima/Ease 60 Double Bracket','ACC-ROL',NULL,158),('Z.119','Ultima Intermediate Bracket','ACC-ROL',NULL,79),('Z.120','RB Change Control Side','REP-ROL',NULL,20),('Z.121','RB Change Control Direction','REP-ROL',NULL,39),('Z.122','RB Change/Replace Oval 26 B/R','REP-ROL',NULL,6.15),('Z.123','RB Change/Replace Flat 2211 B/','REP-ROL',NULL,6.15),('Z.124','RB Change/Replace Flat 4115 B/','REP-ROL',NULL,10.7),('Z.125','RB Replacement Skin (Add Fabri','REP-ROL',NULL,20),('Z.126','RB Replacement Skin (Add Fabri','REP-ROL',NULL,39),('Z.127','RB Cut Down Width','REP-ROL',NULL,41),('Z.128','RB Shorten Drop','REP-ROL',NULL,41),('Z.129','RB Top and Turn Skin','REP-ROL',NULL,41),('Z.130','RB Turn Blinds and Trim Edges','REP-ROL',NULL,39),('Z.131','Rail Road Fabric','ACC-ROL',NULL,0),('Z.132','Double Combo SQ Bkt','ACC-ROL',NULL,15),('Z.133','#M2 Double Slim Bkt','ACC-ROL',NULL,15),('Z.134','Double Slim Bkt','ACC-ROL',NULL,15),('Z.135','Mitred Return FRS Valance','ACC-ROL',NULL,20),('Z.200','Timber Batten To 1000mm Drop','ACC-ROM',NULL,24),('Z.201','Timber Batten To 2000mm Drop','ACC-ROM',NULL,48),('Z.202','Timber Batten To 3000mm Drop','ACC-ROM',NULL,72),('Z.203','Timber Batten To 4000mm Drop','ACC-ROM',NULL,96),('Z.204','Timber Venetian Cut-Out','ACC-TV',NULL,20),('Z.205','Timber Venetian Hold Downs','ACC-TV',NULL,0),('Z.206','Timber Venetian Under 460mm','ACC-TV',NULL,40),('Z.207','Timber Venetian Under 460mm','ACC-TV',NULL,20),('Z.208','TV Cut Down Width','REP-TV',NULL,97),('Z.209','TV Hold Downs','REP-TV',NULL,41),('Z.210','TV Replace Bottom Rail','REP-TV',NULL,51),('Z.211','TV Timber Slat 50mm/63mm','REP-TV',NULL,7),('Z.212','TV Shorten Drop','REP-TV',NULL,59),('Z.213','TV Timber Slat 50mm/63mm','REP-TV',NULL,12),('Z.300','Vertical Blind Cut-out','ACC-VERT',NULL,20),('Z.301','Vertical Blind Fabric Insert','ACC-VERT',NULL,5),('Z.302','Vertical Blinds Sewn-in Weight','ACC-VERT',NULL,0),('Z.401','Motor & Fitting cost','MISC',NULL,81.818),('Z.402','Motor & Fitting cost','MISC',NULL,120),('Z.910','RM Top Down','',NULL,6.25),('Z.992','Lining 1-Pass','ACC-ROM',NULL,22.5),('Z.993','Sheer Lining','ACC-ROM',NULL,22.5),('Z.995','Lining 3-Pass','ACC-ROM',NULL,22.5);
/*!40000 ALTER TABLE `nav_getoptioncharges` ENABLE KEYS */;
UNLOCK TABLES;

--
-- Table structure for table `product_field`
--

DROP TABLE IF EXISTS `product_field`;
/*!40101 SET @saved_cs_client     = @@character_set_client */;
/*!40101 SET character_set_client = utf8 */;
CREATE TABLE `product_field` (
  `fieldid` int(19) NOT NULL,
  `tablename` varchar(50) NOT NULL,
  `uitype` varchar(30) NOT NULL,
  `fieldname` varchar(50) NOT NULL,
  `fieldlabel` varchar(50) NOT NULL,
  `displaytype` int(19) DEFAULT NULL,
  `sequence` int(19) DEFAULT NULL,
  `required` int(1) NOT NULL DEFAULT '0',
  `defaultvalue` text,
  PRIMARY KEY (`fieldid`)
) ENGINE=InnoDB DEFAULT CHARSET=utf8;
/*!40101 SET character_set_client = @saved_cs_client */;

--
-- Dumping data for table `product_field`
--

LOCK TABLES `product_field` WRITE;
/*!40000 ALTER TABLE `product_field` DISABLE KEYS */;
INSERT INTO `product_field` VALUES (1,'singleroller','1','location','Location',1,1,0,'Bed1'),(2,'singleroller','1','quantity','Quantity',1,2,0,'1'),(3,'singleroller','1','productwidth','Width (mm)',1,3,0,NULL),(4,'singleroller','1','productdrop','Drop (mm)',1,4,0,NULL),(5,'singleroller','2','controltype','Control Type',1,5,0,'6'),(6,'singleroller','2','fabric','Fabric Range',1,6,0,NULL),(7,'singleroller','2','rolldirection','Roll Direction',1,7,0,'Ordinary'),(8,'singleroller','2','bottomrail','Bottom Rail',1,8,0,'3'),(9,'singleroller','2','wireguide','Wire Guide',0,9,0,NULL),(10,'singleroller','2','chaintensioner','Chain Tensioner',0,10,0,NULL),(11,'singleroller','2','railcolour','Rail Colour',1,11,0,'White'),(12,'singleroller','2','controlside','Control Side',1,12,0,'Left'),(13,'singleroller','2','controlcolour','Control Colour',1,13,0,'White'),(14,'singleroller','2','chaincolour','Chain Colour',1,14,0,'Plastic White'),(15,'singleroller','2','chainlength','Chain Length',1,15,0,'500'),(16,'singleroller','2','numberoflinks','Number Of Links',0,16,0,NULL),(17,'singleroller','56','springassist','Spring Assist',1,17,0,'Yes'),(18,'singleroller','56','bracketcovers','Bracket Covers',1,18,0,NULL),(19,'singleroller','56','railroad','Rail Road',1,19,0,NULL),(20,'singleroller','1','comments','Comments',1,20,0,NULL);
/*!40000 ALTER TABLE `product_field` ENABLE KEYS */;
UNLOCK TABLES;

--
-- Table structure for table `product_field_bottomrail`
--

DROP TABLE IF EXISTS `product_field_bottomrail`;
/*!40101 SET @saved_cs_client     = @@character_set_client */;
/*!40101 SET character_set_client = utf8 */;
CREATE TABLE `product_field_bottomrail` (
  `bottomrailid` int(11) NOT NULL AUTO_INCREMENT,
  `bottomrail` varchar(45) NOT NULL,
  `active` int(1) NOT NULL DEFAULT '1',
  PRIMARY KEY (`bottomrailid`)
) ENGINE=InnoDB AUTO_INCREMENT=6 DEFAULT CHARSET=utf8;
/*!40101 SET character_set_client = @saved_cs_client */;

--
-- Dumping data for table `product_field_bottomrail`
--

LOCK TABLES `product_field_bottomrail` WRITE;
/*!40000 ALTER TABLE `product_field_bottomrail` DISABLE KEYS */;
INSERT INTO `product_field_bottomrail` VALUES (1,'22mm Round',0),(3,'Oval',1),(4,'Flat 2211',0),(5,'Flat 4115',0);
/*!40000 ALTER TABLE `product_field_bottomrail` ENABLE KEYS */;
UNLOCK TABLES;

--
-- Table structure for table `product_field_chaincolour`
--

DROP TABLE IF EXISTS `product_field_chaincolour`;
/*!40101 SET @saved_cs_client     = @@character_set_client */;
/*!40101 SET character_set_client = utf8 */;
CREATE TABLE `product_field_chaincolour` (
  `chaincolourid` varchar(45) NOT NULL,
  `chaincolour` varchar(45) NOT NULL,
  `active` int(1) NOT NULL DEFAULT '1',
  PRIMARY KEY (`chaincolourid`)
) ENGINE=InnoDB DEFAULT CHARSET=utf8;
/*!40101 SET character_set_client = @saved_cs_client */;

--
-- Dumping data for table `product_field_chaincolour`
--

LOCK TABLES `product_field_chaincolour` WRITE;
/*!40000 ALTER TABLE `product_field_chaincolour` DISABLE KEYS */;
INSERT INTO `product_field_chaincolour` VALUES ('Black','Black',0),('Grey','Grey',0),('Metal SS 201','Metal SS 201',1),('Metal SS 304','Metal SS 304',1),('Nickel Plate','Nickel Plate',0),('Plastic Black','Plastic Black',1),('Plastic Grey','Plastic Grey',1),('Plastic White','Plastic White',1),('Stainless Steel','Stainless Steel',0),('White','White',0),('White Birch','White Birch',0);
/*!40000 ALTER TABLE `product_field_chaincolour` ENABLE KEYS */;
UNLOCK TABLES;

--
-- Table structure for table `product_field_chainlength`
--

DROP TABLE IF EXISTS `product_field_chainlength`;
/*!40101 SET @saved_cs_client     = @@character_set_client */;
/*!40101 SET character_set_client = utf8 */;
CREATE TABLE `product_field_chainlength` (
  `id` int(11) NOT NULL,
  `chainlengthid` varchar(45) NOT NULL,
  `chainlength` varchar(45) NOT NULL,
  `active` int(1) NOT NULL DEFAULT '1',
  PRIMARY KEY (`id`)
) ENGINE=InnoDB DEFAULT CHARSET=utf8;
/*!40101 SET character_set_client = @saved_cs_client */;

--
-- Dumping data for table `product_field_chainlength`
--

LOCK TABLES `product_field_chainlength` WRITE;
/*!40000 ALTER TABLE `product_field_chainlength` DISABLE KEYS */;
INSERT INTO `product_field_chainlength` VALUES (1,'500','500',1),(2,'800','800',1),(3,'1200','1200',1),(4,'1600','1600',1),(5,'2400','2400',1),(6,'2800','2800',1),(7,'3200','3200',1),(8,'4000','4000',1),(9,'4400','4400',1),(10,'4800','4800',1);
/*!40000 ALTER TABLE `product_field_chainlength` ENABLE KEYS */;
UNLOCK TABLES;

--
-- Table structure for table `product_field_controlcolour`
--

DROP TABLE IF EXISTS `product_field_controlcolour`;
/*!40101 SET @saved_cs_client     = @@character_set_client */;
/*!40101 SET character_set_client = utf8 */;
CREATE TABLE `product_field_controlcolour` (
  `controlcolourid` varchar(45) NOT NULL,
  `controlcolour` varchar(45) NOT NULL,
  `active` int(1) NOT NULL DEFAULT '1',
  PRIMARY KEY (`controlcolourid`)
) ENGINE=InnoDB DEFAULT CHARSET=utf8;
/*!40101 SET character_set_client = @saved_cs_client */;

--
-- Dumping data for table `product_field_controlcolour`
--

LOCK TABLES `product_field_controlcolour` WRITE;
/*!40000 ALTER TABLE `product_field_controlcolour` DISABLE KEYS */;
INSERT INTO `product_field_controlcolour` VALUES ('Barley','Barley',0),('Black','Black',1),('Grey','Grey',1),('Pure White','Pure White',0),('Sandstone','Sandstone',0),('White','White',1);
/*!40000 ALTER TABLE `product_field_controlcolour` ENABLE KEYS */;
UNLOCK TABLES;

--
-- Table structure for table `product_field_controlside`
--

DROP TABLE IF EXISTS `product_field_controlside`;
/*!40101 SET @saved_cs_client     = @@character_set_client */;
/*!40101 SET character_set_client = utf8 */;
CREATE TABLE `product_field_controlside` (
  `id` int(11) NOT NULL AUTO_INCREMENT,
  `controlsideid` varchar(45) NOT NULL,
  `controlside` varchar(45) NOT NULL,
  `active` int(1) NOT NULL DEFAULT '1',
  PRIMARY KEY (`id`)
) ENGINE=InnoDB AUTO_INCREMENT=3 DEFAULT CHARSET=utf8;
/*!40101 SET character_set_client = @saved_cs_client */;

--
-- Dumping data for table `product_field_controlside`
--

LOCK TABLES `product_field_controlside` WRITE;
/*!40000 ALTER TABLE `product_field_controlside` DISABLE KEYS */;
INSERT INTO `product_field_controlside` VALUES (1,'Left','Left',1),(2,'Right','Right',1);
/*!40000 ALTER TABLE `product_field_controlside` ENABLE KEYS */;
UNLOCK TABLES;

--
-- Table structure for table `product_field_controltype`
--

DROP TABLE IF EXISTS `product_field_controltype`;
/*!40101 SET @saved_cs_client     = @@character_set_client */;
/*!40101 SET character_set_client = utf8 */;
CREATE TABLE `product_field_controltype` (
  `controltypeid` int(11) NOT NULL AUTO_INCREMENT,
  `controltype` varchar(45) NOT NULL,
  `active` int(1) NOT NULL DEFAULT '1',
  PRIMARY KEY (`controltypeid`)
) ENGINE=InnoDB AUTO_INCREMENT=14 DEFAULT CHARSET=utf8;
/*!40101 SET character_set_client = @saved_cs_client */;

--
-- Dumping data for table `product_field_controltype`
--

LOCK TABLES `product_field_controltype` WRITE;
/*!40000 ALTER TABLE `product_field_controltype` DISABLE KEYS */;
INSERT INTO `product_field_controltype` VALUES (1,'Ultra',0),(2,'Opti',0),(3,'Ease45',0),(4,'Ease60',0),(5,'Opti Spring',0),(6,'RB-100',1),(7,'Opti M3',0),(8,'Opti Becker',0),(9,'Opti Somfy',0),(10,'Opti X-Series',0),(11,'Opti M1-S Spring',0),(12,'Opti M3 Spring',0),(13,'Opti 60',0);
/*!40000 ALTER TABLE `product_field_controltype` ENABLE KEYS */;
UNLOCK TABLES;

--
-- Table structure for table `product_field_fabric`
--

DROP TABLE IF EXISTS `product_field_fabric`;
/*!40101 SET @saved_cs_client     = @@character_set_client */;
/*!40101 SET character_set_client = utf8 */;
CREATE TABLE `product_field_fabric` (
  `fabricid` varchar(20) NOT NULL,
  `fabric` varchar(30) DEFAULT NULL,
  `groupcode` varchar(10) DEFAULT NULL,
  `modified` timestamp NOT NULL DEFAULT CURRENT_TIMESTAMP ON UPDATE CURRENT_TIMESTAMP,
  `unitprice` double DEFAULT NULL,
  PRIMARY KEY (`fabricid`)
) ENGINE=InnoDB DEFAULT CHARSET=utf8;
/*!40101 SET character_set_client = @saved_cs_client */;

--
-- Dumping data for table `product_field_fabric`
--

LOCK TABLES `product_field_fabric` WRITE;
/*!40000 ALTER TABLE `product_field_fabric` DISABLE KEYS */;
INSERT INTO `product_field_fabric` VALUES ('00.000.000','Track Only','VER-FAB','2015-04-06 17:04:38',0),('40.050.066','#Alexis Beachsand Vertical','DELETED','2015-04-06 17:04:38',0.55),('40.050.333','#Alexis Dune Beige Vertical','DELETED','2015-04-06 17:04:38',0.55),('40.050.868','#Alexis Stone Vertical','DELETED','2015-04-06 17:04:38',0.55),('40.060.049','Arden Artic Grey','VER-FAB','2015-04-06 17:04:38',0.4),('40.060.490','Arden Kahlua','VER-FAB','2015-04-06 17:04:38',0.4),('40.060.719','Arden Pumice Stone','VER-FAB','2015-04-06 17:04:38',0.4),('40.060.838','Arden Snow White','VER-FAB','2015-04-06 17:04:38',0.4),('40.060.980','Arden White','VER-FAB','2015-04-06 17:04:38',0.4),('40.065.024','#Aria Amazo','DELETED','2015-04-06 17:04:38',0.3),('40.065.033','#Aria Angora','DELETED','2015-04-06 17:04:38',0.3),('40.065.162','#Aria Bushflower','DELETED','2015-04-06 17:04:38',0.87),('40.065.210','#Aria Chalkwash','DELETED','2015-04-06 17:04:38',0.3),('40.065.231','#Aria Cherry Ash','DELETED','2015-04-06 17:04:38',0.3),('40.065.281','#Aria Cream','DELETED','2015-04-06 17:04:38',0.3),('40.065.374','#Aria Galaxy Blue','DELETED','2015-04-06 17:04:38',0.3),('40.065.553','#Aria Manor Stone','DELETED','2015-04-06 17:04:38',0.3),('40.065.577','#Aria Mist Gree','DELETED','2015-04-06 17:04:38',0.3),('40.065.694','#Aria Platinum','DELETED','2015-04-06 17:04:38',0.3),('40.065.714','#Aria Primrose','DELETED','2015-04-06 17:04:38',0.3),('40.065.742','#Aria Rose Haze','DELETED','2015-04-06 17:04:38',0.3),('40.065.749','#Aria Rye Bread','DELETED','2015-04-06 17:04:38',0.3),('40.065.768','#Aria Sandy Point','DELETED','2015-04-06 17:04:38',0.3),('40.065.917','#Aria Terracotta','DELETED','2015-04-06 17:04:38',0.3),('40.065.947','#Aria Victorian Lilac','DELETED','2015-04-06 17:04:38',0.3),('40.068.038','#Ashford Antique White','VER-FAB','2015-04-06 17:04:38',1.15),('40.068.241','#Ashford Cinnamo','DELETED','2015-04-06 17:04:38',1.15),('40.068.868','#Ashford Stone','VER-FAB','2015-04-06 17:04:38',1.15),('40.070.175','#Aspen Camelia','DELETED','2015-04-06 17:04:38',0.6),('40.070.237','#Aspen Chintz','DELETED','2015-04-06 17:04:38',0.6),('40.070.255','#Aspen Coffee Cream','VER-FAB','2015-04-06 17:04:38',0.6),('40.070.266','#Aspen Cool Mint','DELETED','2015-04-06 17:04:38',0.6),('40.070.508','#Aspen Light Straw','VER-FAB','2015-04-06 17:04:38',0.6),('40.070.516','#Aspen Lilac Snow','VER-FAB','2015-04-06 17:04:38',0.6),('40.070.603','Aspen Natural Stone','VER-FAB','2015-04-06 17:04:38',0.6),('40.070.619','#Aspen Oatmeal','VER-FAB','2015-04-06 17:04:38',0.6),('40.070.631','#Aspen Oyster','DELETED','2015-04-06 17:04:38',0.6),('40.070.651','#Aspen Pearl','VER-FAB','2015-04-06 17:04:38',0.6),('40.070.664','#Aspen Pearl Line','VER-FAB','2015-04-06 17:04:38',0.6),('40.070.702','#Aspen Porcelai','VER-FAB','2015-04-06 17:04:38',0.6),('40.070.811','#Aspen Silver Grey','DELETED','2015-04-06 17:04:38',0.6),('40.070.830','#Aspen Snowdrift','DELETED','2015-04-06 17:04:38',0.6),('40.070.980','#Aspen White','VER-FAB','2015-04-06 17:04:38',0.6),('40.075.081','Attica Bien [IND]','VER-FAB','2015-04-06 17:04:38',1.75),('40.075.324','Attica Enigma [IND]','VER-FAB','2015-04-06 17:04:38',1.75),('40.075.416','Attica Grit [IND]','VER-FAB','2015-04-06 17:04:38',1.75),('40.075.450','Attica Ibiza [IND]','VER-FAB','2015-04-06 17:04:38',1.75),('40.075.478','Attica Java [IND]','VER-FAB','2015-04-06 17:04:38',1.75),('40.075.602','Attica Myoko [IND]','VER-FAB','2015-04-06 17:04:38',1.75),('40.075.621','Attica Okra [IND]','VER-FAB','2015-04-06 17:04:38',1.75),('40.075.774','#Attica Scoria [IND]','VER-FAB','2015-04-06 17:04:38',1.75),('40.075.904','Attica Talia [IND]','VER-FAB','2015-04-06 17:04:38',1.75),('40.075.906','#Attica Talc [IND]','VER-FAB','2015-04-06 17:04:38',1.75),('40.085.171','Basics II Calico','VER-FAB','2015-04-06 17:04:38',1.75),('40.085.176','Basics Cameo','VER-FAB','2015-04-06 17:04:38',1.75),('40.085.184','#Basics Caramel','VER-FAB','2015-04-06 17:04:38',0.6),('40.085.194','Basics II Cashmere','VER-FAB','2015-04-06 17:04:38',0.65),('40.085.368','Basics French Lace','VER-FAB','2015-04-06 17:04:38',0.6),('40.085.490','Basics II Kahlua','VER-FAB','2015-04-06 17:04:38',0.65),('40.085.526','Basics Lilylock','VER-FAB','2015-04-06 17:04:38',0.4),('40.085.583','#Basics Mink','VER-FAB','2015-04-06 17:04:38',0.4),('40.085.603','Basics II Natural Stone','VER-FAB','2015-04-06 17:04:38',0.65),('40.085.613','Basics II Nougat','VER-FAB','2015-04-06 17:04:38',0.65),('40.085.695','Basics Plumberry','VER-FAB','2015-04-06 17:04:38',0.4),('40.085.724','#Basics Rave','DELETED','2015-04-06 17:04:38',0.4),('40.085.746','Basics Rouge','VER-FAB','2015-04-06 17:04:38',0.4),('40.085.789','Basics Seed','VER-FAB','2015-04-06 17:04:38',0.4),('40.085.934','Basics Umber','VER-FAB','2015-04-06 17:04:38',0.4),('40.085.980','Basics II White','VER-FAB','2015-04-06 17:04:38',0.65),('40.100.028','#Bexley Amethyst','DELETED','2015-04-06 17:05:17',0.55),('40.100.190','#Bexley Carribea','DELETED','2015-04-06 17:05:17',0.55),('40.100.796','#Bexley Sherwood','DELETED','2015-04-06 17:05:17',0.55),('40.117.464','Broome Ivory Blockout [IND]','VER-FAB','2015-04-06 17:05:17',2.7),('40.117.593','Broome Mushroom Blockout [IND]','VER-FAB','2015-04-06 17:05:17',2.7),('40.117.646','Broome Parchment Blockout [IND','VER-FAB','2015-04-06 17:05:17',2.7),('40.117.826','Broome Snow Blockout [IND]','VER-FAB','2015-04-06 17:05:17',2.7),('40.117.868','Broome Stone Blockout [IND]','VER-FAB','2015-04-06 17:05:17',2.7),('40.119.075','#Brompton Beige','VER-FAB','2015-04-06 17:05:17',1.15),('40.119.980','#Brompton White','VER-FAB','2015-04-06 17:05:17',1.15),('40.119.994','#Brompton Winter White','VER-FAB','2015-04-06 17:05:17',1.15),('40.120.674','Cascade Pebble','VER-CUST','2015-04-06 17:05:17',0),('40.130.190','#C Vue Carribea','DELETED','2015-04-06 17:05:17',0.55),('40.130.196','#C Vue Cayman Isle','DELETED','2015-04-06 17:05:17',0.55),('40.130.643','#C Vue Paris','DELETED','2015-04-06 17:05:17',0.55),('40.130.770','#C Vue Santorini','DELETED','2015-04-06 17:05:17',0.55),('40.132.075','#Capri Beige [IND]','VER-FAB','2015-04-06 17:05:17',0.65),('40.132.281','#Capri Cream [IND]','VER-FAB','2015-04-06 17:05:17',0.65),('40.132.554','#Capri Manilla [IND]','VER-FAB','2015-04-06 17:05:17',0.65),('40.132.980','#Capri White [IND]','VER-FAB','2015-04-06 17:05:17',0.65),('40.170.013','Elegance Almond','VER-FAB','2015-04-06 17:05:17',0.85),('40.170.038','Elegance Antique White','VER-FAB','2015-04-06 17:05:17',0.85),('40.170.075','Elegance Beige','VER-FAB','2015-04-06 17:05:17',0.85),('40.170.088','Elegance Biscuit','VER-FAB','2015-04-06 17:05:17',0.85),('40.170.089','Elegance Bisque','VER-FAB','2015-04-06 17:05:17',0.85),('40.170.137','Elegance Bone','VER-FAB','2015-04-06 17:05:17',0.85),('40.170.217','Elegance Charcoal','VER-FAB','2015-04-06 17:05:17',0.85),('40.170.241','Elegance Cinnamo','VER-FAB','2015-04-06 17:05:17',0.85),('40.170.254','Elegance Coffee','VER-FAB','2015-04-06 17:05:17',0.85),('40.170.281','Elegance Cream','VER-FAB','2015-04-06 17:05:17',0.85),('40.170.330','Elegance Driftwood','VER-FAB','2015-04-06 17:05:33',0.85),('40.170.349','Elegance Expresso','VER-FAB','2015-04-06 17:05:33',0.85),('40.170.365','Elegance Flannel','VER-FAB','2015-04-06 17:05:33',0),('40.170.408','Elegance Mid Grey','VER-FAB','2015-04-06 17:05:33',0.85),('40.170.417','Elegance Gunmetal*','VER-FAB','2015-04-06 17:05:33',0.85),('40.170.464','Elegance Ivory','VER-FAB','2015-04-06 17:05:33',0.85),('40.170.489','Elegance Latte','VER-FAB','2015-04-06 17:05:33',0.85),('40.170.506','Elegance Lt Grey','VER-FAB','2015-04-06 17:05:33',0.85),('40.170.574','Elegance Mint','VER-FAB','2015-04-06 17:05:33',0),('40.170.587','Elegance Mocha','VER-FAB','2015-04-06 17:05:33',0.85),('40.170.597','#Elegance Natural','DELETED','2015-04-06 17:05:33',0.85),('40.170.610','#Elegance Nubuck','DELETED','2015-04-06 17:05:33',0.85),('40.170.614','Elegance Nutmeg','VER-FAB','2015-04-06 17:05:33',0.85),('40.170.619','Elegance Oatmeal','VER-FAB','2015-04-06 17:05:33',0.85),('40.170.646','Elegance Parchment','VER-FAB','2015-04-06 17:05:33',0.85),('40.170.674','Elegance Pebble','VER-FAB','2015-04-06 17:05:33',0.85),('40.170.675','Elegance Pepper','VER-FAB','2015-04-06 17:05:33',0.85),('40.170.680','Elegance Pewter','VER-FAB','2015-04-06 17:05:33',0),('40.170.715','Elegance Putty','VER-FAB','2015-04-06 17:05:33',0.85),('40.170.740','Elegance Rose','VER-FAB','2015-04-06 17:05:33',0.85),('40.170.758','Elegance Sand*','VER-FAB','2015-04-06 17:05:33',0.85),('40.170.818','Elegance Slate','VER-FAB','2015-04-06 17:05:33',0.85),('40.170.861','Elegance Spearmint*','VER-FAB','2015-04-06 17:05:33',0.85),('40.170.868','Elegance Stone','VER-FAB','2015-04-06 17:05:33',0.85),('40.170.869','Elegance Steele','VER-FAB','2015-04-06 17:05:33',0.85),('40.170.907','Elegance Taupe','VER-FAB','2015-04-06 17:05:33',0.85),('40.170.972','Elegance Wedgewood','VER-FAB','2015-04-06 17:05:33',0.85),('40.170.980','Elegance White','VER-FAB','2015-04-06 17:05:33',0.85),('40.170.994','Elegance Winter White','VER-FAB','2015-04-06 17:05:33',0.85),('40.172.038','#Elegance Dulux Ant White','VER-FAB','2015-04-06 17:05:33',0.85),('40.172.077','#Elegance Dulux Beige Royal','VER-FAB','2015-04-06 17:05:33',0.85),('40.172.443','#Elegance Dulux Hog Bristle','VER-FAB','2015-04-06 17:05:33',0.85),('40.172.444','#Elegance Dulux Half Hog Brstl','VER-FAB','2015-04-06 17:05:33',0.85),('40.172.445','#Elegance Dulux Qtr Hog Brstle','VER-FAB','2015-04-06 17:05:33',0.85),('40.172.598','#Elegance Dulux Natural White','VER-FAB','2015-04-06 17:05:33',0.85),('40.172.958','#Elegance Dulux Vivid White','VER-FAB','2015-04-06 17:05:33',0.85),('40.172.978','#Elegance Dulux Whisper White','VER-FAB','2015-04-06 17:05:33',0.85),('40.200.017','#Evolve Alpaca','DELETED','2015-04-06 17:05:33',1.8),('40.200.560','#Evolve Marble','DELETED','2015-04-06 17:05:33',1.8),('40.200.694','#Evolve Platinum','DELETED','2015-04-06 17:05:33',1.8),('40.200.788','#Evolve Seductio','DELETED','2015-04-06 17:05:33',1.8),('40.200.826','#Evolve Snow','DELETED','2015-04-06 17:05:33',1.8),('40.222.573','#Extraview Plus Midnight','DELETED','2015-04-06 17:05:33',2.6),('40.340.118','#Gala Blue','DELETED','2015-04-06 17:05:33',2.3),('40.340.164','#Gala Buttermilk','DELETED','2015-04-06 17:05:33',2.3),('40.340.384','#Gala Gold','DELETED','2015-04-06 17:05:33',2.3),('40.340.574','#Gala Mint','DELETED','2015-04-06 17:05:33',2.3),('40.340.746','#Gala Rouge','DELETED','2015-04-06 17:05:33',2.3),('40.340.807','#Gala Silver','DELETED','2015-04-06 17:05:33',2.3),('40.345.009','Gibson Alabaster [IND]','VER-FAB','2015-04-06 17:05:33',0.92),('40.345.464','Gibson Ivory [IND]','VER-FAB','2015-04-06 17:05:33',0.92),('40.345.560','Gibson Marble [IND]','VER-FAB','2015-04-06 17:05:33',0.92),('40.345.764','Gibson Sandstone [IND]','VER-FAB','2015-04-06 17:05:33',0.92),('40.370.807','#Ikon Silver','DELETED','2015-04-06 17:05:33',0),('40.382.159','Hudson Buffalo Blockout [IND]','VER-FAB','2015-04-06 17:05:33',3),('40.382.217','Hudson Charcoal Blockout [IND]','VER-FAB','2015-04-06 17:05:33',3),('40.382.233','Hudson Chinchilla BO [IND]','VER-FAB','2015-04-06 17:05:33',3),('40.382.563','Hudson Marshmallow BO [IND]','VER-FAB','2015-04-06 17:05:33',3),('40.382.720','Hudson Quartz Blockout [IND]','VER-FAB','2015-04-06 17:05:33',3),('40.382.868','Hudson Stone Blockout [IND]','VER-FAB','2015-04-06 17:05:33',3),('40.395.051','Jasper Ash Blockout [IND]','VER-FAB','2015-04-06 17:05:33',3),('40.395.089','Jasper Bisque Blockout [IND]','VER-FAB','2015-04-06 17:05:33',3),('40.395.217','Jasper Charcoal Blockout [IND]','VER-FAB','2015-04-06 17:05:33',3),('40.395.347','Jasper Eggshell Blockout [IND]','VER-FAB','2015-04-06 17:05:33',3),('40.395.646','Jasper Parchment Blockout [IND','VER-FAB','2015-04-06 17:05:33',3),('40.430.075','#Liberty Beige','DELETED','2015-04-06 17:05:33',0.7),('40.430.137','#Liberty Bone','DELETED','2015-04-06 17:05:33',0.7),('40.430.651','#Liberty Pearl','DELETED','2015-04-06 17:05:33',0.7),('40.430.868','#Liberty Stone','DELETED','2015-04-06 17:05:33',0.7),('40.430.980','#Liberty White','DELETED','2015-04-06 17:05:33',0.7),('40.432.328','Linen Down [IND]','VER-FAB','2015-04-06 17:05:33',1.41),('40.432.382','Linen Glacier [IND]','VER-FAB','2015-04-06 17:05:33',1.41),('40.445.980','#Matrix White','DELETED','2015-04-06 17:05:33',1.38),('40.450.051','Mercury Ash Blockout [IND]','VER-FAB','2015-04-06 17:05:33',3),('40.450.715','Mercury Putty Blockout [IND]','VER-FAB','2015-04-06 17:05:33',3),('40.450.826','Mercury Snow Blockout [IND]','VER-FAB','2015-04-06 17:05:33',3),('40.450.869','Mercury Steel Blockout [IND]','VER-FAB','2015-04-06 17:05:33',3),('40.450.980','Mercury White Blockout [IND]','VER-FAB','2015-04-06 17:05:33',3),('40.455.023','#Meridien Alpine Haze','DELETED','2015-04-06 17:05:33',0.55),('40.455.066','#Meridien Beach Sand','DELETED','2015-04-06 17:05:33',0.55),('40.455.166','#Meridien Butterscotch','DELETED','2015-04-06 17:05:33',0.55),('40.455.184','#Meridien Caramel','DELETED','2015-04-06 17:05:33',0.55),('40.455.193','#Meridien Cashew','DELETED','2015-04-06 17:05:33',0.55),('40.455.195','#Meridien Cargo','DELETED','2015-04-06 17:05:33',0.55),('40.455.246','#Meridien Citrus Cream','DELETED','2015-04-06 17:05:33',0.55),('40.455.253','#Meridien Cockatoo','DELETED','2015-04-06 17:05:33',0.55),('40.455.342','#Meridien Ebony','DELETED','2015-04-06 17:05:33',0.55),('40.455.349','#Meridien Espresso','DELETED','2015-04-06 17:05:33',0.55),('40.455.417','#Meridien Gunmetal','DELETED','2015-04-06 17:05:33',0.55),('40.455.479','#Meridien Jewel','DELETED','2015-04-06 17:05:33',0.55),('40.455.544','#Meridien Malt','DELETED','2015-04-06 17:05:33',0.55),('40.455.574','#Meridien Mint','DELETED','2015-04-06 17:05:33',0.55),('40.455.580','#Meridien Mistletoe','DELETED','2015-04-06 17:05:33',0.55),('40.455.597','#Meridien Natural','DELETED','2015-04-06 17:05:33',0.55),('40.455.623','#Meridien Orchid','DELETED','2015-04-06 17:05:33',0.55),('40.455.640','#Meridien Paperbark','DELETED','2015-04-06 17:05:33',0.55),('40.455.680','#Meridien Pewter','DELETED','2015-04-06 17:05:33',0.55),('40.455.717','#Meridien Pumice','DELETED','2015-04-06 17:05:33',0.55),('40.455.758','#Meridien Sand','DELETED','2015-04-06 17:05:33',0.55),('40.455.940','#Meridien Vanilla','DELETED','2015-04-06 17:05:33',0.55),('40.455.980','#Meridien White','DELETED','2015-04-06 17:05:50',0.55),('40.456.011','#Midnight Alaska','DELETED','2015-04-06 17:05:50',0.55),('40.456.013','#Midnight Almond','DELETED','2015-04-06 17:05:50',0.55),('40.456.038','#Midnight Antique White','DELETED','2015-04-06 17:05:50',0.55),('40.456.088','#Midnight Biscuit','DELETED','2015-04-06 17:05:50',0.55),('40.456.241','#Midnight Cinnamo','DELETED','2015-04-06 17:05:50',0.55),('40.456.248','#Midnight Clay','DELETED','2015-04-06 17:05:50',0.55),('40.456.277','#Midnight Cotto','DELETED','2015-04-06 17:05:50',0.55),('40.456.281','#Midnight Classic Cream','DELETED','2015-04-06 17:05:50',0.55),('40.456.326','#Midnight Dove Grey','DELETED','2015-04-06 17:05:50',0.55),('40.456.332','#Midnight Dune','DELETED','2015-04-06 17:05:50',0.55),('40.456.347','#Midnight Egg Shell','DELETED','2015-04-06 17:05:50',0.55),('40.456.414','#Midnight Grey Shee','DELETED','2015-04-06 17:05:50',0.55),('40.456.535','#Midnight Line','DELETED','2015-04-06 17:05:50',0.55),('40.456.614','#Midnight Nutmeg','DELETED','2015-04-06 17:05:50',0.55),('40.456.646','#Midnight Parchment','DELETED','2015-04-06 17:05:50',0.55),('40.456.725','#Midnight Raw Silk','DELETED','2015-04-06 17:05:50',0.55),('40.456.784','#Midnight Sea Shell','DELETED','2015-04-06 17:05:50',0.55),('40.456.990','#Midnight Wicker','DELETED','2015-04-06 17:05:50',0.55),('40.460.091','#Moire Black','DELETED','2015-04-06 17:05:50',1.35),('40.460.134','#Moire Blush','DELETED','2015-04-06 17:05:50',1.35),('40.460.214','#Moire Champagne','DELETED','2015-04-06 17:05:50',1.35),('40.460.347','#Moire Eggshell','DELETED','2015-04-06 17:05:50',1.35),('40.460.648','#Moire Peach','DELETED','2015-04-06 17:05:50',1.35),('40.460.818','#Moire Slate','DELETED','2015-04-06 17:05:50',1.35),('40.460.980','#Moire White','DELETED','2015-04-06 17:05:50',1.35),('40.490.631','#Pearl Oyster/Change to Silver','DELETED','2015-04-06 17:05:50',0.55),('40.490.807','#Pearl Silver','DELETED','2015-04-06 17:05:50',0.55),('40.510.023','Plaza Plus Alpine Haze','VER-FAB','2015-04-06 17:05:50',1.3),('40.510.066','Plaza Plus Beachsand','VER-FAB','2015-04-06 17:05:50',1.3),('40.510.166','#Plaza Plus Butterscotch','DELETED','2015-04-06 17:05:50',1.3),('40.510.168','#Plaza Plus Cabernet','DELETED','2015-04-06 17:05:50',1.3),('40.510.184','Plaza Plus Caramel','VER-FAB','2015-04-06 17:05:50',1.3),('40.510.193','Plaza Plus Cashew','VER-FAB','2015-04-06 17:05:50',1.3),('40.510.195','Plaza Plus Cargo','VER-FAB','2015-04-06 17:05:50',1.3),('40.510.246','Plaza Plus Citrus Cream','VER-FAB','2015-04-06 17:05:50',1.3),('40.510.247','Plaza Plus Clay','VER-FAB','2015-04-06 17:05:50',1.3),('40.510.253','Plaza Plus Cockatoo','VER-FAB','2015-04-06 17:05:50',1.3),('40.510.340','Plaza Plus Ebony','VER-FAB','2015-04-06 17:05:50',1.3),('40.510.349','Plaza Plus Espresso','VER-FAB','2015-04-06 17:05:50',1.3),('40.510.354','Plaza Plus Footprint','VER-FAB','2015-04-06 17:05:50',1.3),('40.510.380','Plaza Plus Ginger','VER-FAB','2015-04-06 17:05:50',1.3),('40.510.417','Plaza Plus Gunmetal','VER-FAB','2015-04-06 17:05:50',1.3),('40.510.436','Plaza Plus Hickory','VER-FAB','2015-04-06 17:05:50',1.3),('40.510.479','Plaza Plus Jewel','VER-FAB','2015-04-06 17:05:50',1.3),('40.510.544','Plaza Plus Malt','VER-FAB','2015-04-06 17:05:50',1.3),('40.510.574','#Plaza Plus Mint','DELETED','2015-04-06 17:05:50',1.3),('40.510.580','#Plaza Plus Mistletoe','DELETED','2015-04-06 17:05:50',1.3),('40.510.597','Plaza Plus Natural','VER-FAB','2015-04-06 17:05:50',1.3),('40.510.609','Plaza Plus Nighthawk','VER-FAB','2015-04-06 17:05:50',1.3),('40.510.623','Plaza Plus Orchid','VER-FAB','2015-04-06 17:05:50',1.3),('40.510.640','Plaza Plus Paperbark','VER-FAB','2015-04-06 17:05:50',1.3),('40.510.680','#Plaza Plus Pewter','DELETED','2015-04-06 17:05:50',1.3),('40.510.717','Plaza Plus Pumice','VER-FAB','2015-04-06 17:05:50',1.3),('40.510.745','Plaza Plus Royal','VER-FAB','2015-04-06 17:05:50',1.3),('40.510.758','Plaza Plus Sand','VER-FAB','2015-04-06 17:05:50',1.3),('40.510.940','Plaza Plus Vanilla','VER-FAB','2015-04-06 17:05:50',1.3),('40.510.972','#Plaza Plus Wedgewood','DELETED','2015-04-06 17:05:50',1.3),('40.510.980','Plaza Plus White','VER-FAB','2015-04-06 17:05:50',1.3),('40.530.032','Quay Angel','VER-FAB','2015-04-06 17:05:50',1.35),('40.530.322','#Quay Dew','VER-FAB','2015-04-06 17:05:50',1.35),('40.530.442','#Quay Hog','VER-FAB','2015-04-06 17:05:50',1.35),('40.530.537','#Quay Lotus','VER-FAB','2015-04-06 17:05:50',1.35),('40.530.546','#Quay Mercury','VER-FAB','2015-04-06 17:05:50',1.35),('40.530.548','#Quay Milto','VER-FAB','2015-04-06 17:05:50',1.35),('40.530.647','#Quay Passive','VER-FAB','2015-04-06 17:05:50',1.35),('40.530.677','#Quay Peca','VER-FAB','2015-04-06 17:05:50',1.35),('40.530.871','#Quay Squiggle','VER-FAB','2015-04-06 17:05:50',1.35),('40.530.875','Quay Storm','VER-FAB','2015-04-06 17:05:50',1.35),('40.530.957','Quay Vivid','VER-FAB','2015-04-06 17:05:50',1.35),('40.530.979','#Quay Whisper','VER-FAB','2015-04-06 17:05:50',1.35),('40.540.091','#Raffles Black','DELETED','2015-04-06 17:05:50',0.55),('40.540.160','#Raffles Burgundy','DELETED','2015-04-06 17:05:50',0.5),('40.540.449','#Raffles Hunter Gree','DELETED','2015-04-06 17:05:50',0.55),('40.540.464','#Raffles Ivory','DELETED','2015-04-06 17:05:50',0.55),('40.540.605','#Raffles Navy','DELETED','2015-04-06 17:05:50',0.55),('40.540.737','#Raffles Rich Cream','DELETED','2015-04-06 17:05:50',0.55),('40.540.917','#Raffles Terracotta','DELETED','2015-04-06 17:05:50',0.55),('40.540.972','#Raffles Wedgewood','DELETED','2015-04-06 17:05:50',0.55),('40.700.181','#Seascape Capri','DELETED','2015-04-06 17:05:50',1.35),('40.700.243','#Seascape Citro','DELETED','2015-04-06 17:05:50',1.35),('40.700.316','#Seascape Denim','DELETED','2015-04-06 17:05:50',1.35),('40.700.485','#Seascape Khaki','DELETED','2015-04-06 17:05:50',1.35),('40.700.597','#Seascape Natural','DELETED','2015-04-06 17:05:50',1.35),('40.700.818','#Seascape Slate','DELETED','2015-04-06 17:05:50',1.35),('40.700.980','#Seascape White','DELETED','2015-04-06 17:05:50',1.35),('40.740.033','#Sublime Angora','DELETED','2015-04-06 17:05:50',1.36),('40.740.083','#Sublime Birch','DELETED','2015-04-06 17:05:50',1.36),('40.740.109','#Sublime Bliss','DELETED','2015-04-06 17:05:50',1.36),('40.740.285','#Sublime Crepe','DELETED','2015-04-06 17:05:50',1.9),('40.740.366','#Sublime Forest','DELETED','2015-04-06 17:05:50',1.36),('40.740.372','#Sublime Fresh Pine','DELETED','2015-04-06 17:05:50',1.9),('40.740.425','#Sublime Harmony','DELETED','2015-04-06 17:05:50',1.36),('40.740.452','#Sublime Iceberg','DELETED','2015-04-06 17:05:50',1.36),('40.740.461','#Sublime Irish Cream','DELETED','2015-04-06 17:05:50',1.36),('40.740.563','#Sublime Marshmellow','DELETED','2015-04-06 17:05:50',1.36),('40.740.722','#Sublime Raffia','DELETED','2015-04-06 17:05:50',1.36),('40.820.178','#Trophy Candle Glow','DELETED','2015-04-06 17:05:50',0.55),('40.820.319','#Trophy Desert Breeze','DELETED','2015-04-06 17:05:50',0.55),('40.820.399','#Trophy Green Chiffo','DELETED','2015-04-06 17:05:50',0.55),('40.820.473','#Trophy Ivory Spice','DELETED','2015-04-06 17:06:07',0.55),('40.820.582','#Trophy Misty Harbour','DELETED','2015-04-06 17:06:07',0.55),('40.820.865','#Trophy Spun Silk','DELETED','2015-04-06 17:06:07',0.55),('40.820.901','#Trophy Sweet Cream\'e','DELETED','2015-04-06 17:06:07',0.55),('40.950.655','#Waterfall Pearl Glow','DELETED','2015-04-06 17:06:07',0.55),('40.950.872','#Waterfall Stonewash','DELETED','2015-04-06 17:06:07',0.55),('40.950.935','#Waterfall Urban Stone','DELETED','2015-04-06 17:06:07',0.55),('40.950.987','#Waterfall Whitemist','DELETED','2015-04-06 17:06:07',0.55),('40.990.044','#Zen Arabica','VER-FAB','2015-04-06 17:06:07',0.85),('40.990.139','#Zen Bounty','VER-FAB','2015-04-06 17:06:07',0.85),('40.990.194','#Zen Cashmere','VER-FAB','2015-04-06 17:06:07',0.85),('40.990.352','#Zen Element','VER-FAB','2015-04-06 17:06:07',0.85),('40.990.353','#Zen Embrace','VER-FAB','2015-04-06 17:06:07',0.85),('40.990.383','#Zen Gazing','VER-FAB','2015-04-06 17:06:07',0.85),('40.990.459','#Zen Illusio','VER-FAB','2015-04-06 17:06:07',0.85),('40.990.549','#Zen Mario','VER-FAB','2015-04-06 17:06:07',0.85),('40.990.556','#Zen Martini','VER-FAB','2015-04-06 17:06:07',0.85),('40.990.752','#Zen Sahara','VER-FAB','2015-04-06 17:06:07',0.85),('40.990.995','#Zen Ye','VER-FAB','2015-04-06 17:06:07',0.85),('40.990.997','#Zen Zelda','VER-FAB','2015-04-06 17:06:07',0.85),('41.003.999','Aspen [IND]','VER-FAB','2015-04-06 17:06:07',0),('41.005.980','Bolero White [IND]','VER-FAB','2015-04-06 17:06:07',0),('41.007.999','Chatsworth [IND]','VER-FAB','2015-04-06 17:06:07',0),('41.008.999','Colourtex [IND]','VER-FAB','2015-04-06 17:06:07',0),('41.017.999','Dapple SPC [IND]','VER-FAB','2015-04-06 17:06:07',0),('41.018.999','Glacier [IND]','VER-FAB','2015-04-06 17:06:07',0),('41.019.999','Geo [IND]','VER-FAB','2015-04-06 17:06:07',0),('41.020.999','Guardian Grey [IND]','VER-FAB','2015-04-06 17:06:07',0),('41.022.099','Harvest [IND]','VER-FAB','2015-04-06 17:06:07',0),('41.025.999','Kendo [IND]','VER-FAB','2015-04-06 17:06:07',0),('41.026.999','Laurel [IND]','VER-FAB','2015-04-06 17:06:07',0),('41.028.999','#Louvotex [IND]','VER-FAB','2015-04-06 17:06:07',0),('41.034.999','#Lusto [IND]','VER-FAB','2015-04-06 17:06:07',0),('41.035.999','Madrid [IND]','VER-FAB','2015-04-06 17:06:07',0),('41.046.999','Panama White [IND]','VER-FAB','2015-04-06 17:06:07',0),('41.049.999','Pharaoh [IND]','VER-FAB','2015-04-06 17:06:07',0),('41.050.999','PinStripe [IND]','VER-FAB','2015-04-06 17:06:07',0),('41.051.999','Plaintex [IND]','VER-FAB','2015-04-06 17:06:07',0),('41.053.999','Regency [IND]','VER-FAB','2015-04-06 17:06:07',0),('41.054.999','#Retro [IND]','VER-FAB','2015-04-06 17:06:07',0),('41.055.999','#Riviera [IND]','VER-FAB','2015-04-06 17:06:07',0),('41.057.999','#Savanna [IND]','VER-FAB','2015-04-06 17:06:07',0),('41.060.000','Shot Silk Mink [IND]','VER-FAB','2015-04-06 17:06:07',0),('41.064.999','Tribune [IND]','VER-FAB','2015-04-06 17:06:07',0),('41.067.999','Whisper [IND]','VER-FAB','2015-04-06 17:06:07',0),('41.201.999','Eco Dawn [IND]','VER-FAB','2015-04-06 17:06:07',0),('41.202.680','Dawn Pewter [IND]','VER-FAB','2015-04-06 17:06:07',0),('41.202.999','Dawn [IND]','VER-FAB','2015-04-06 17:06:07',0),('41.204.999','Melaluca [IND]','VER-FAB','2015-04-06 17:06:07',0),('41.210.999','Pearlized [IND]','VER-FAB','2015-04-06 17:06:07',0),('41.301.999','Vibe [IND]','VER-FAB','2015-04-06 17:06:07',0),('41.302.999','Premium 24 [IND]','VER-FAB','2015-04-06 17:06:07',0),('42.001.999','#Alaska [IND]','ROL-FAB','2015-04-06 17:06:07',0),('42.002.999','#Blossom Spring [IND]','ROL-FAB','2015-04-06 17:06:07',110),('42.003.999','Aspen [IND]','ROL-FAB','2015-04-06 17:06:07',0),('42.004.999','Chenille [IND]','ROL-FAB','2015-04-06 17:06:07',0),('42.005.980','Bolero [IND]','ROL-FAB','2015-04-06 17:06:07',0),('42.006.000','Baroque [IND]','ROL-FAB','2015-04-06 17:06:07',0),('42.007.091','Chatsworth Black [IND]','ROL-FAB','2015-04-06 17:06:07',34.1500006),('42.007.281','Chatsworth Cream [IND]','ROL-FAB','2015-04-06 17:06:07',34.1500006),('42.007.980','Chatsworth White [IND]','ROL-FAB','2015-04-06 17:06:07',34.1500006),('42.008.999','Carnival Turquo [IND]','ROL-FAB','2015-04-06 17:06:07',0),('42.009.999','Carnival Lime [IND]','ROL-FAB','2015-04-06 17:06:07',0),('42.010.999','Carnival Orange [IND]','ROL-FAB','2015-04-06 17:06:07',0),('42.011.999','Carnival Purple [IND]','ROL-FAB','2015-04-06 17:06:07',0),('42.016.214','Dahlia BO Champagne [IND]','ROL-FAB','2015-04-06 17:06:07',82),('42.016.217','Dahlia BO Claret [IND]','ROL-FAB','2015-04-06 17:06:07',0),('42.016.489','Dahlia BO Teal [IND]','ROL-FAB','2015-04-06 17:06:07',82.15),('42.016.999','Dahlia BO Charcoal [IND]','ROL-FAB','2015-04-06 17:06:07',0),('42.018.999','#Decadence [IND]','ROL-FAB','2015-04-06 17:06:07',0),('42.019.287','Havana Cuban [IND]','ROL-FAB','2015-04-06 17:06:07',0),('42.019.529','Havana Lime [IND]','ROL-FAB','2015-04-06 17:06:07',0),('42.019.748','Havana Rum [IND]','ROL-FAB','2015-04-06 17:06:07',0),('42.020.489','#Jamboree Latte [IND]','ROL-FAB','2015-04-06 17:06:07',0),('42.020.999','Jamboree [IND]','ROL-FAB','2015-04-06 17:06:07',0),('42.021.281','Fresco Cream [IND]','ROL-FAB','2015-04-06 17:06:07',0),('42.021.999','Fresco Truffle [IND]','ROL-FAB','2015-04-06 17:06:07',0),('42.022.999','Geo [IND]','ROL-FAB','2015-04-06 17:06:07',0),('42.023.999','Glacier [IND]','ROL-FAB','2015-04-06 17:06:07',0),('42.024.999','#Kasbah [IND]','ROL-FAB','2015-04-06 17:06:07',0),('42.025.999','Kendo [IND]','ROL-FAB','2015-04-06 17:06:07',0),('42.026.999','Laurel [IND]','ROL-FAB','2015-04-06 17:06:07',0),('42.029.999','Linear [IND]','ROL-FAB','2015-04-06 17:06:07',0),('42.030.999','#Lily Taupe [IND]','ROL-FAB','2015-04-06 17:06:07',0),('42.033.726','#Luna Molten Red [IND]','ROL-FAB','2015-04-06 17:06:07',0),('42.033.999','#Luna Granite BO [IND]','ROL-FAB','2015-04-06 17:06:07',0),('42.040.999','Matrix BO - Louvolite [IND]','ROL-FAB','2015-04-06 17:06:07',0),('42.042.999','Mystique [IND]','ROL-FAB','2015-04-06 17:06:07',0),('42.043.999','Lilly Olive [IND]','ROL-FAB','2015-04-06 17:06:07',0),('42.044.999','Palm [IND]','ROL-FAB','2015-04-06 17:06:07',0),('42.046.999','Panama [IND] - Louvolite','ROL-FAB','2015-04-06 17:06:07',0),('42.047.256','Panecea Cobalt [IND]','ROL-FAB','2015-04-06 17:06:07',0),('42.048.999','#Pearl Silver [IND]','','2015-04-06 17:06:07',0),('42.049.999','Pharaoh [IND]','ROL-FAB','2015-04-06 17:06:07',0),('42.050.999','Pom Pom [IND]','ROL-FAB','2015-04-06 17:06:07',0),('42.051.999','Plaintex [IND]','ROL-FAB','2015-04-06 17:06:07',0),('42.052.999','#Ravel [IND]','ROL-FAB','2015-04-06 17:06:07',96.5),('42.053.999','Polka Dot [IND]','ROL-FAB','2015-04-06 17:06:07',0),('42.054.999','Regency Stripe [IND]','ROL-FAB','2015-04-06 17:06:07',0),('42.055.000','Rio [IND]','ROL-FAB','2015-04-06 17:06:07',0),('42.055.999','Satin [IND]','ROL-FAB','2015-04-06 17:06:23',0),('42.056.999','Samba [IND]','ROL-FAB','2015-04-06 17:06:23',0),('42.057.217','Serenade Charcoal LF [IND]','ROL-FAB','2015-04-06 17:06:23',0),('42.058.217','Serenade Charcoal BO [IND]','ROL-FAB','2015-04-06 17:06:23',0),('42.060.000','Shot Silk Mink [IND]','ROL-FAB','2015-04-06 17:06:23',0),('42.060.999','#Skyline [IND]','ROL-FAB','2015-04-06 17:06:23',0),('42.063.999','Taffetta Chocolate B/O [IND]','ROL-FAB','2015-04-06 17:06:23',0),('42.064.999','Tutti Fruiti [IND]','ROL-FAB','2015-04-06 17:06:23',0),('42.065.999','Tudor [IND]','ROL-FAB','2015-04-06 17:06:23',0),('42.066.999','Voile [IND]','ROL-FAB','2015-04-06 17:06:23',0),('42.068.999','Viva White [IND]','ROL-FAB','2015-04-06 17:06:23',0),('42.075.999','Whisper Ecru [IND]','ROL-FAB','2015-04-06 17:06:23',0),('42.101.001','Sassari Abate B/O [IND]','ROL-FAB','2015-04-06 17:06:23',0),('42.101.180','Sassari Capo B/O [IND]','ROL-FAB','2015-04-06 17:06:23',0),('42.101.276','Sassari Costa B/O [IND]','ROL-FAB','2015-04-06 17:06:23',0),('42.101.552','Sassari Manca B/O [IND]','ROL-FAB','2015-04-06 17:06:23',0),('42.101.589','Sassari Mores B/O [IND]','ROL-FAB','2015-04-06 17:06:23',0),('42.101.692','Sassari Plaza B/O [IND]','ROL-FAB','2015-04-06 17:06:23',0),('42.101.703','Sassari Porto B/O [IND]','ROL-FAB','2015-04-06 17:06:23',0),('42.101.743','Sassari Rosel B/O [IND]','ROL-FAB','2015-04-06 17:06:23',75.5),('42.101.929','Sassari Travo B/O [IND]','ROL-FAB','2015-04-06 17:06:23',0),('42.102.276','Sassari Costa Unc [IND]','ROL-FAB','2015-04-06 17:06:23',0),('42.102.552','Sassari Manca Unc [IND]','ROL-FAB','2015-04-06 17:06:23',0),('42.102.589','Sassari Mores Unc [IND]','ROL-FAB','2015-04-06 17:06:23',0),('42.102.929','Sassari Travo Unc [IND]','ROL-FAB','2015-04-06 17:06:23',0),('42.103.257','Scarborough Cocoa B/O [IND]','ROL-FAB','2015-04-06 17:06:23',0),('42.103.371','Scarborough Fudge B/O [IND]','ROL-FAB','2015-04-06 17:06:23',0),('42.103.539','Scarborough Liq\'ce B/O [IND]','ROL-FAB','2015-04-06 17:06:23',0),('42.103.613','Scarborough Nougat B/O [IND]','ROL-FAB','2015-04-06 17:06:23',0),('42.103.675','Scarborough Pepper B/O [IND]','ROL-FAB','2015-04-06 17:06:23',0),('42.103.852','Scarborough Sorbet B/O [IND]','ROL-FAB','2015-04-06 17:06:23',0),('42.103.932','Scarborough Truffle B/O [IND]','ROL-FAB','2015-04-06 17:06:23',0),('42.103.940','Scarborough Vanilla B/O [IND]','ROL-FAB','2015-04-06 17:06:23',0),('42.104.257','Scarborough Cocoa Unc [IND]','ROL-FAB','2015-04-06 17:06:23',0),('42.104.371','Scarborough Fudge Unc [IND]','ROL-FAB','2015-04-06 17:06:23',0),('42.104.539','Scarborough Liq\'ce Unc [IND]','ROL-FAB','2015-04-06 17:06:23',0),('42.104.613','Scarborough Nougat Unc [IND]','ROL-FAB','2015-04-06 17:06:23',0),('42.104.675','Scarborough Pepper Unc [IND]','ROL-FAB','2015-04-06 17:06:23',0),('42.104.852','Scarborough Sorbet Unc [IND]','ROL-FAB','2015-04-06 17:06:23',0),('42.104.932','Scarborough Truffle Unc [IND]','ROL-FAB','2015-04-06 17:06:23',0),('42.104.940','Scarborough Vanilla Unc [IND]','ROL-FAB','2015-04-06 17:06:23',0),('42.105.999','Hampton [IND]','ROL-FAB','2015-04-06 17:06:23',0),('42.106.999','Emporium [IND]','ROL-FAB','2015-04-06 17:06:23',0),('42.108.000','Kiribati L/F [IND]','ROL-FAB','2015-04-06 17:06:23',0),('42.108.999','Kiribati B/O [IND]','ROL-FAB','2015-04-06 17:06:23',43.1500006),('42.109.000','Sienna Unc [IND]','ROL-FAB','2015-04-06 17:06:23',0),('42.109.999','Sienna Black Blockout [IND]','ROL-FAB','2015-04-06 17:06:23',60),('42.110.999','Caymen [IND]','ROL-FAB','2015-04-06 17:06:23',0),('42.115.999','Centro F/R B/O [IND]','ROL-FAB','2015-04-06 17:06:23',0),('42.116.999','Centro F/R L/F [IND]','ROL-FAB','2015-04-06 17:06:23',0),('42.147.680','Screen Opulence Pewter [IND]','ROL-FAB','2015-04-06 17:06:23',43.1500006),('42.148.220','Net Series Ch Bronze [IND]','ROL-FAB','2015-04-06 17:06:23',0),('42.148.224','Net Series Ch Grey [IND]','ROL-FAB','2015-04-06 17:06:23',0),('42.148.535','Net Series Linen [IND]','ROL-FAB','2015-04-06 17:06:23',0),('42.148.982','Net Series White Linen [IND]','ROL-FAB','2015-04-06 17:06:23',0),('42.148.993','Net Series White Grey [IND]','ROL-FAB','2015-04-06 17:06:23',0),('42.148.999','Net Series White Bl Grey [IND]','ROL-FAB','2015-04-06 17:06:23',0),('42.149.224','Net Series Charcoal Grey [IND]','ROL-FAB','2015-04-06 17:06:23',0),('42.150.218','RR series Charcoal Sand [IND]','ROL-FAB','2015-04-06 17:06:23',0),('42.150.219','RR series Ch/Apricot [IND]','ROL-FAB','2015-04-06 17:06:23',0),('42.150.980','RR series White [IND]','ROL-FAB','2015-04-06 17:06:23',0),('42.150.999','RR series [IND]','ROL-FAB','2015-04-06 17:06:23',0),('42.151.064','Newport B/O Beach Comber[IND]','ROL-FAB','2015-04-06 17:06:23',0),('42.151.597','Newport B/O Natural [IND]','ROL-FAB','2015-04-06 17:06:23',0),('42.151.733','Newport B/O Rialto [IND]','ROL-FAB','2015-04-06 17:06:23',0),('42.152.061','Newport L/F Barley [IND]','ROL-FAB','2015-04-06 17:06:23',0),('42.155.700','Summit BO [IND] Pompeii','ROL-FAB','2015-04-06 17:06:23',0),('42.155.999','Summit BO [IND]','ROL-FAB','2015-04-06 17:06:23',0),('42.156.999','Summit Unc [IND]','ROL-FAB','2015-04-06 17:06:23',0),('42.165.999','Windsor B/O [IND]','ROL-FAB','2015-04-06 17:06:23',0),('42.166.999','Windsor Unc [IND]','ROL-FAB','2015-04-06 17:06:23',0),('42.201.587','#Dawn Mocha [IND]','ROL-FAB','2015-04-06 17:06:23',0),('42.201.999','Dawn [IND]','ROL-FAB','2015-04-06 17:06:23',0),('42.202.091','Melaleuca [IND]','DELETED','2015-04-06 17:06:23',0),('42.202.999','Mini Dawn [IND]','ROL-FAB','2015-04-06 17:06:23',0),('42.210.999','Pearlized [IND]','ROL-FAB','2015-04-06 17:06:23',0),('42.250.999','Baltic B/O [IND]','ROL-FAB','2015-04-06 17:06:23',0),('42.251.999','#Portabello B/O [IND] carnaby','ROL-FAB','2015-04-06 17:06:23',0),('42.252.999','#Portabello TL [IND] carnaby','ROL-FAB','2015-04-06 17:06:23',0),('42.260.999','Berkley B/O [IND]','ROL-FAB','2015-04-06 17:06:23',0),('42.261.999','Berkley TL [IND]','ROL-FAB','2015-04-06 17:06:23',0),('42.264.999','Dublin [IND]','SS-FAB','2015-04-06 17:06:23',0),('42.265.999','Eclipse [IND]','ROL-FAB','2015-04-06 17:06:23',0),('42.266.999','Fed Square [IND]','SS-FAB','2015-04-06 17:06:23',0),('42.268.999','Kato [IND]','SS-FAB','2015-04-06 17:06:23',0),('42.269.999','Katoomba [IND]','SS-FAB','2015-04-06 17:06:23',0),('42.270.999','Quebec [IND]','ROL-FAB','2015-04-06 17:06:23',0),('42.272.999','Tremont B/O [IND]','ROL-FAB','2015-04-06 17:06:23',0),('42.274.999','Zaru [IND]','SS-FAB','2015-04-06 17:06:23',0),('42.300.999','Aston B/O [IND]','ROL-FAB','2015-04-06 17:06:23',0),('42.302.999','Daintree B/O [IND]','ROL-FAB','2015-04-06 17:06:23',0),('42.304.999','#Mscreen 8505 [IND]','ROL-FAB','2015-04-06 17:06:23',0),('42.305.999','Flocke 11201 [IND]','ROL-FAB','2015-04-06 17:06:23',0),('42.306.999','EScreen 7510 Pearl [IND]','ROL-FAB','2015-04-06 17:06:23',0),('42.307.032','Icon Angel B/O [IND]','ROL-FAB','2015-04-06 17:06:23',44),('42.307.042','Icon Arena B/O [IND]','ROL-FAB','2015-04-06 17:06:23',0),('42.307.091','Icon Night B/O [IND]','ROL-FAB','2015-04-06 17:06:23',0),('42.307.171','Icon Calico B/O [IND]','ROL-FAB','2015-04-06 17:06:23',0),('42.307.339','Icon Earth B/O [IND]','ROL-FAB','2015-04-06 17:06:23',0),('42.307.363','Icon Flint B/O [IND]','ROL-FAB','2015-04-06 17:06:23',0),('42.307.554','Icon Manilla B/O [IND]','ROL-FAB','2015-04-06 17:06:39',34),('42.307.860','Icon Spritz B/O [IND]','ROL-FAB','2015-04-06 17:06:39',0),('42.307.868','Icon Stone B/O [IND]','ROL-FAB','2015-04-06 17:06:39',0),('42.308.999','Kiama Ebony [IND]','ROL-FAB','2015-04-06 17:06:39',0),('42.309.980','Icon White B/O [IND]','ROL-FAB','2015-04-06 17:06:39',0),('42.310.066','Palm Beach B/O Beachsand[IND]','ROL-FAB','2015-04-06 17:06:39',0),('42.310.999','Palm Beach B/O Dune[IND]','ROL-FAB','2015-04-06 17:06:39',0),('42.311.999','Screen [IND]','ROL-FAB','2015-04-06 17:06:39',0),('42.312.999','#Premium 24 [IND]','ROL-FAB','2015-04-06 17:06:39',0),('42.313.980','Sheerweave 4510 White [IND]','ROL-FAB','2015-04-06 17:06:39',0),('42.313.982','Sheerweave 4510 W Linen [IND]','ROL-FAB','2015-04-06 17:06:39',0),('42.313.999','Sheerweave 4510 Wh Stone[IND]','ROL-FAB','2015-04-06 17:06:39',0),('42.314.091','Sheerweave 4300 Black [IND]','ROL-FAB','2015-04-06 17:06:39',0),('42.314.535','Sheerweave 4300 Linen [IND]','ROL-FAB','2015-04-06 17:06:39',0),('42.314.982','#Sheerweave 4300 W Linen [IND]','ROL-FAB','2015-04-06 17:06:39',0),('42.314.999','Sheerweave 4300 Sl Stone [IND]','ROL-FAB','2015-04-06 17:06:39',0),('42.315.220','Sheerweave 4500 CBronze [IND]','ROL-FAB','2015-04-06 17:06:39',0),('42.315.221','Sheerweave 4500 Ch/Grey [IND]','ROL-FAB','2015-04-06 17:06:39',0),('42.315.535','Sheerweave 4500 Linen [IND]','ROL-FAB','2015-04-06 17:06:39',0),('42.315.980','Sheerweave 4500 White [IND]','ROL-FAB','2015-04-06 17:06:39',0),('42.315.982','Sheerweave 4500 W/Linen [IND]','ROL-FAB','2015-04-06 17:06:39',0),('42.315.992','Sheerweave 4500 Sandstone[IND]','ROL-FAB','2015-04-06 17:06:39',0),('42.315.999','Sheerweave 4500 Wh/Grey [IND]','ROL-FAB','2015-04-06 17:06:39',0),('42.316.171','Vibe B/O Calico [IND]','ROL-FAB','2015-04-06 17:06:39',0),('42.316.217','Vibe B/O Coconut [IND]','ROL-FAB','2015-04-06 17:06:39',0),('42.316.250','Vibe B/O Slate Stone [IND]','ROL-FAB','2015-04-06 17:06:39',0),('42.316.546','Vibe B/O Mercury Metali [IND]','ROL-FAB','2015-04-06 17:06:39',0),('42.316.575','Vibe B/O Dune [IND]','ROL-FAB','2015-04-06 17:06:39',0),('42.316.873','Vibe B/O Starfish [IND]','ROL-FAB','2015-04-06 17:06:39',0),('42.316.902','Vibe B/O Syllabub [IND]','ROL-FAB','2015-04-06 17:06:39',35),('42.316.999','Vibe B/O [IND]','ROL-FAB','2015-04-06 17:06:39',0),('42.317.217','Vela Metalized Charcoal [IND]','ROL-FAB','2015-04-06 17:06:39',0),('42.318.999','Urban Shade Pewter [IND]','ROL-FAB','2015-04-06 17:06:39',0),('42.319.999','Yoko B/O [IND]','ROL-FAB','2015-04-06 17:06:39',0),('42.320.999','Yoko Unc [IND]','ROL-FAB','2015-04-06 17:06:39',0),('42.331.999','Deco N203 [IND]','ROL-FAB','2015-04-06 17:06:39',0),('42.349.999','Barbados [IND]','ROL-FAB','2015-04-06 17:06:39',0),('42.350.999','Riviera Unc [IND]','ROL-FAB','2015-04-06 17:06:39',0),('42.351.999','Serengetti B/O [IND]','ROL-FAB','2015-04-06 17:06:39',0),('42.381.999','Soltis 96 [IND]','ROL-FAB','2015-04-06 17:06:39',0),('42.401.999','#Wilson Studio Arizona Unc','ROL-CUST','2015-04-06 17:06:39',0),('42.402.999','#Wilson Studio Blizzard B/O','ROL-CUST','2015-04-06 17:06:39',62.95),('42.501.044','Kenross B/O Arabica [IND]','ROL-FAB','2015-04-06 17:06:39',0),('42.501.481','Kenross B/O Jute [IND]','ROL-FAB','2015-04-06 17:06:39',0),('42.501.698','Kenross B/O Poplar [IND]','DELETED','2015-04-06 17:06:39',0),('42.502.044','Kenross Unc Arabica [IND]','ROL-FAB','2015-04-06 17:06:39',0),('42.502.481','Kenross Unc Jute [IND]','ROL-FAB','2015-04-06 17:06:39',0),('42.502.999','#Kenross B/O [IND]','ROL-FAB','2015-04-06 17:06:39',0),('42.505.009','#Kaschgar B/O Alabaster [IND]','ROL-FAB','2015-04-06 17:06:39',0),('42.505.086','#Kaschgar B/O Biscotti [IND]','ROL-FAB','2015-04-06 17:06:39',0),('42.505.248','#Kaschgar B/O Clove [IND]','ROL-FAB','2015-04-06 17:06:39',0),('42.505.907','#Kaschgar B/O Taupe [IND]','ROL-FAB','2015-04-06 17:06:39',0),('42.505.999','#Kaschgar B/O Pitaya [IND]','ROL-FAB','2015-04-06 17:06:39',0),('42.520.980','Peninsula White B/O [IND]','ROL-FAB','2015-04-06 17:06:39',0),('42.600.999','IC Screen X5 [IND]','SS-FAB','2015-04-06 17:06:39',0),('42.601.340','RollerShade Linseed [IND]','ROL-FAB','2015-04-06 17:06:39',0),('42.601.489','RollerShade Chalk [IND]','SS-FAB','2015-04-06 17:06:39',0),('42.601.631','RollerShade Oyster [IND]','ROL-FAB','2015-04-06 17:06:39',0),('42.970.013','York Almond B/O [IND]','ROL-FAB','2015-04-06 17:06:39',83),('42.970.229','York Chestnut B/O [IND]','ROL-FAB','2015-04-06 17:06:39',72.3500009),('42.970.593','York Mushroom B/O [IND]','ROL-FAB','2015-04-06 17:06:39',72.3500009),('42.970.932','York Truffle B/O [IND]','ROL-FAB','2015-04-06 17:06:39',72.3500009),('42.970.960','York Walnut B/O [IND]','ROL-FAB','2015-04-06 17:06:39',72.3500009),('42.971.013','York Almond Translucent [IND]','ROL-FAB','2015-04-06 17:06:39',53.25),('42.971.229','York Chestnut Translucent [IND','ROL-FAB','2015-04-06 17:06:39',53.25),('42.971.593','York Mushroom Translucent [IND','ROL-FAB','2015-04-06 17:06:39',53.25),('42.971.932','York Truffle Translucent [IND]','ROL-FAB','2015-04-06 17:06:39',53.25),('42.971.960','York Walnut Translucent [IND]','ROL-FAB','2015-04-06 17:06:39',53.25),('44.102.464','Blake Ivory','ROM-FAB','2015-04-06 17:06:39',21.9),('44.102.980','Blake White','ROM-FAB','2015-04-06 17:06:39',21.9),('44.117.086','Broome 280 Biscotti (Soft);','ROM-FAB','2015-04-06 17:06:39',27.4),('44.117.593','#Broome 280 Mushroom (Soft);','ROM-FAB','2015-04-06 17:06:39',27.4),('44.117.646','#Broome 280 Parchment (Soft);','ROM-FAB','2015-04-06 17:06:39',27.4),('44.117.826','Broome 280 Snow (Soft);','ROM-FAB','2015-04-06 17:06:39',27.4),('44.117.868','#Broome 280 Stone (Soft);','ROM-FAB','2015-04-06 17:06:39',27.4),('44.118.868','Broome 140 Stone','ROM-FAB','2015-04-06 17:06:39',13.7),('44.375.464','Harmony 280 Ivory','ROM-FAB','2015-04-06 17:06:39',24.9),('44.375.646','Harmony 280 Parchment','ROM-FAB','2015-04-06 17:06:39',24.9),('44.375.809','Harmony 280 Silver Birch','ROM-FAB','2015-04-06 17:06:39',24.9),('44.375.826','Harmony 280 Snow','ROM-FAB','2015-04-06 17:06:39',24.9),('44.375.980','Harmony 280 White','ROM-FAB','2015-04-06 17:06:39',24.9),('44.461.619','Morocco 242 Oatmeal','ROM-FAB','2015-04-06 17:06:39',28.9),('44.461.639','Morocco 242 Paper','ROM-FAB','2015-04-06 17:06:39',28.9),('44.461.674','Morocco 242 Pebble','ROM-FAB','2015-04-06 17:06:39',28.9),('44.461.826','Morocco 242 Snow','ROM-FAB','2015-04-06 17:06:39',28.9),('45.040.193','Alcott Cashew Blockout [IND]','ROL-FAB','2015-04-06 17:06:39',53.65),('45.040.204','Alcott Celedon Blockout [IND]','ROL-FAB','2015-04-06 17:06:39',53.65),('45.040.551','#Alcott Mahogany Blockout [IND','ROL-FAB','2015-04-06 17:06:39',53.65),('45.040.631','#Alcott Oyster Blockout [IND]','ROL-FAB','2015-04-06 17:06:39',53.65),('45.040.674','Alcott Pebble Blockout [IND]','ROL-FAB','2015-04-06 17:06:39',53.65),('45.040.739','#Alcott Rice Blockout [IND]','ROL-FAB','2015-04-06 17:06:39',53.65),('45.040.826','Alcott Snow Blockout [IND]','ROL-FAB','2015-04-06 17:06:39',53.65),('45.040.870','#Alcott Stark White BO [IND]','ROL-FAB','2015-04-06 17:06:39',53.65),('45.040.972','Alcott Wedgewood Blockout [IND','ROL-FAB','2015-04-06 17:06:39',53.65),('45.050.868','#Alexis Stone','DELETED','2015-04-06 17:06:39',16),('45.060.049','#Arden Artic Grey','ROL-FAB','2015-04-06 17:06:39',8.5),('45.060.490','#Arden Kahlua','ROL-FAB','2015-04-06 17:06:39',8.5),('45.060.719','#Arden Pumice Stone','ROL-FAB','2015-04-06 17:06:39',8.5),('45.060.838','Arden Snow White','ROL-FAB','2015-04-06 17:06:39',8.5),('45.060.980','Arden White','ROL-FAB','2015-04-06 17:06:39',8.5),('45.061.051','Arizona Ash BO [IND]','ROL-FAB','2015-04-06 17:07:09',66.1),('45.061.091','Arizona Black BO [IND]','ROL-FAB','2015-04-06 17:07:09',66.1),('45.061.230','Arizona Cherry BO [IND]','ROL-FAB','2015-04-06 17:07:09',66.1),('45.061.391','Arizona Fossil BO [IND]','ROL-FAB','2015-04-06 17:07:09',66.1),('45.061.583','Arizona Mink BO [IND]','ROL-FAB','2015-04-06 17:07:09',66.1),('45.061.826','Arizona Snow BO [IND]','ROL-FAB','2015-04-06 17:07:09',66.1),('45.062.051','Arizona Ash TL [IND]','ROL-FAB','2015-04-06 17:07:09',46.5500004),('45.062.091','Arizona Black TL [IND]','ROL-FAB','2015-04-06 17:07:09',46.5500004),('45.062.230','Arizona Cherry TL [IND]','ROL-FAB','2015-04-06 17:07:09',46.5500004),('45.062.391','Arizona Fossil TL [IND]','ROL-FAB','2015-04-06 17:07:09',46.5500004),('45.062.583','Arizona Mink TL [IND]','ROL-FAB','2015-04-06 17:07:09',46.5500004),('45.062.826','Arizona Snow TL [IND]','ROL-FAB','2015-04-06 17:07:09',46.5500004),('45.063.091','Atlanta Black BO','ROL-FAB','2015-04-06 17:07:09',0),('45.063.281','Atlanta Cream BO','ROL-FAB','2015-04-06 17:07:09',0),('45.063.332','Atlanta Dune BO [IND]','ROL-FAB','2015-04-06 17:07:09',0),('45.063.674','Atlanta Pebble BO [IND]','ROL-FAB','2015-04-06 17:07:09',0),('45.063.701','Atlanta Porpoise BO [IND]','ROL-FAB','2015-04-06 17:07:09',0),('45.063.739','Atlanta Rice BO [IND]','ROL-FAB','2015-04-06 17:07:09',0),('45.063.907','Atlanta Taupe BO','ROL-FAB','2015-04-06 17:07:09',0),('45.063.994','Atlanta Winter White BO','ROL-FAB','2015-04-06 17:07:09',0),('45.064.091','Atlanta Black TL','ROL-FAB','2015-04-06 17:07:09',0),('45.064.281','Atlanta Cream TL','ROL-FAB','2015-04-06 17:07:09',0),('45.064.701','Atlanta Porpoise TL [IND]','ROL-FAB','2015-04-06 17:07:09',0),('45.064.739','Atlanta Rice TL [IND]','ROL-FAB','2015-04-06 17:07:09',0),('45.064.907','Atlanta Taupe TL','ROL-FAB','2015-04-06 17:07:09',0),('45.064.994','Atlanta Winter White TL','ROL-FAB','2015-04-06 17:07:09',0),('45.068.038','#Ashford Antique White','ROL-FAB','2015-04-06 17:07:09',20),('45.068.241','#Ashford Cinnamo','ROL-FAB','2015-04-06 17:07:09',20),('45.068.868','#Ashford Stone','ROL-FAB','2015-04-06 17:07:09',20),('45.070.046','#Aspen Artic White','ROL-FAB','2015-04-06 17:07:09',9),('45.070.175','#Aspen Camelia','ROL-FAB','2015-04-06 17:07:09',9),('45.070.237','#Aspen Chintz','DELETED','2015-04-06 17:07:09',9),('45.070.255','#Aspen Coffee Cream','ROL-FAB','2015-04-06 17:07:09',9),('45.070.266','#Aspen Cool Mint','DELETED','2015-04-06 17:07:09',9),('45.070.289','#Aspen Crystal Blue','DELETED','2015-04-06 17:07:09',9),('45.070.508','#Aspen Light Straw','ROL-FAB','2015-04-06 17:07:09',9),('45.070.516','#Aspen Lilac Snow','ROL-FAB','2015-04-06 17:07:09',9),('45.070.603','#Aspen Natural Stone','ROL-FAB','2015-04-06 17:07:09',9),('45.070.619','#Aspen Oatmeal','ROL-FAB','2015-04-06 17:07:09',9),('45.070.651','#Aspen Pearl*','ROL-FAB','2015-04-06 17:07:09',9),('45.070.664','#Aspen Pearl Line','ROL-FAB','2015-04-06 17:07:09',9),('45.070.702','#Aspen Porcelai','ROL-FAB','2015-04-06 17:07:09',9),('45.070.811','#Aspen Silver Grey*','ROL-FAB','2015-04-06 17:07:09',9),('45.070.830','#Aspen Snowdrift','DELETED','2015-04-06 17:07:09',9),('45.070.980','#Aspen White','ROL-FAB','2015-04-06 17:07:09',9),('45.071.097','Austin Blanc BO [IND]','ROL-FAB','2015-04-06 17:07:09',66.1),('45.071.217','Austin Charcoal Blockout','ROL-FAB','2015-04-06 17:07:09',66.1),('45.071.340','Austin Ebony BO [IND]','ROL-FAB','2015-04-06 17:07:09',66.1),('45.071.641','Austin Papyrus BO [IND]','ROL-FAB','2015-04-06 17:07:09',66.1),('45.071.907','Austin Taupe BO [IND]','ROL-FAB','2015-04-06 17:07:09',66.1),('45.072.363','#Aspect Flint','DELETED','2015-04-06 17:07:09',21),('45.072.369','#Aspect Fresco','DELETED','2015-04-06 17:07:09',21),('45.072.980','#Aspect White','DELETED','2015-04-06 17:07:09',36.78),('45.073.097','Austin Blanc TL [IND]','ROL-FAB','2015-04-06 17:07:09',46.5500004),('45.073.217','Austin Charcoal TL [IND]','ROL-FAB','2015-04-06 17:07:09',46.5500004),('45.073.340','Austin Ebony TL [IND]','ROL-FAB','2015-04-06 17:07:09',46.5500004),('45.073.641','Austin Papyrus TL [IND]','ROL-FAB','2015-04-06 17:07:09',46.5500004),('45.073.907','Austin Taupe TL[IND]','ROL-FAB','2015-04-06 17:07:09',46.5500004),('45.074.045','Avalon Athena [IND]','ROL-FAB','2015-04-06 17:07:09',45.78),('45.074.053','Avalon Aqua [IND]','ROL-FAB','2015-04-06 17:07:09',45.78),('45.074.242','Avalon Ciao [IND]','ROL-FAB','2015-04-06 17:07:09',45.78),('45.074.535','Avalon Linen [IND]','ROL-FAB','2015-04-06 17:07:09',45.78),('45.074.555','Avalon Manhattan [IND]','ROL-FAB','2015-04-06 17:07:09',45.78),('45.074.571','Avalon Midnight Bronze [IND]','ROL-FAB','2015-04-06 17:07:09',45.78),('45.074.573','Avalon Midnight [IND]','ROL-FAB','2015-04-06 17:07:09',45.78),('45.074.576','Avalon Midnight Storm [IND]','ROL-FAB','2015-04-06 17:07:09',45.78),('45.074.584','Avalon Midnight Smudge [IND]','ROL-FAB','2015-04-06 17:07:09',45.78),('45.074.651','Avalon Pearl [IND]','ROL-FAB','2015-04-06 17:07:09',45.78),('45.074.674','Avalon Pebble [IND]','ROL-FAB','2015-04-06 17:07:09',45.78),('45.074.716','Avalon Pure [IND]','ROL-FAB','2015-04-06 17:07:09',45.78),('45.074.764','Avalon Sandstone [IND]','ROL-FAB','2015-04-06 17:07:09',45.78),('45.074.791','Avalon Shale [IND]','ROL-FAB','2015-04-06 17:07:09',45.78),('45.074.862','Avalon Spoon [IND]','ROL-FAB','2015-04-06 17:07:09',45.78),('45.074.884','Avalon Storm Wheat BV [IND]','ROL-FAB','2015-04-06 17:07:09',45.78),('45.074.936','Avalon Uber [IND]','ROL-FAB','2015-04-06 17:07:09',45.78),('45.074.971','Avalon Weathered Stone [IND]','ROL-FAB','2015-04-06 17:07:09',45.78),('45.074.980','Avalon White [IND]','ROL-FAB','2015-04-06 17:07:09',45.78),('45.074.998','Avalon Zurich [IND]','ROL-FAB','2015-04-06 17:07:09',45.78),('45.075.081','#Attica Bien [IND]','ROL-FAB','2015-04-06 17:07:09',43.1500006),('45.075.324','Attica Enigma [IND]','ROL-FAB','2015-04-06 17:07:09',43.1500006),('45.075.416','#Attica Grit [IND]','ROL-FAB','2015-04-06 17:07:09',43.1500006),('45.075.450','Attica Ibiza [IND]','ROL-FAB','2015-04-06 17:07:09',43.1500006),('45.075.478','Attica Java [IND]','ROL-FAB','2015-04-06 17:07:09',43.1500006),('45.075.602','Attica Myoko [IND]','ROL-FAB','2015-04-06 17:07:09',43.1500006),('45.075.621','Attica Okra [IND]','ROL-FAB','2015-04-06 17:07:09',43.1500006),('45.075.774','#Attica Scoria [IND]','ROL-FAB','2015-04-06 17:07:09',43.1500006),('45.075.904','Attica Talia [IND]','ROL-FAB','2015-04-06 17:07:09',43.1500006),('45.075.906','Attica Talc [IND]','ROL-FAB','2015-04-06 17:07:09',43.1500006),('45.085.171','Basics II Calico','ROL-FAB','2015-04-06 17:07:09',11.6),('45.085.176','#Basics Cameo','ROL-FAB','2015-04-06 17:07:09',9),('45.085.184','#Basics Caramel','ROL-FAB','2015-04-06 17:07:09',9),('45.085.194','Basics II Cashmere','ROL-FAB','2015-04-06 17:07:09',14),('45.085.368','#Basics French Lace','ROL-FAB','2015-04-06 17:07:09',9),('45.085.490','Basics II Kahlua','ROL-FAB','2015-04-06 17:07:09',14),('45.085.526','Basics Lilylock','ROL-FAB','2015-04-06 17:07:09',9),('45.085.583','#Basics Mink','ROL-FAB','2015-04-06 17:07:09',9),('45.085.603','Basics II Natural Stone','ROL-FAB','2015-04-06 17:07:09',11.6),('45.085.613','Basics II Nougat','ROL-FAB','2015-04-06 17:07:09',14),('45.085.695','#Basics Plumberry','ROL-FAB','2015-04-06 17:07:09',9),('45.085.724','#Basics Rave','ROL-FAB','2015-04-06 17:07:09',9),('45.085.746','#Basics Rouge','DELETED','2015-04-06 17:12:02',9),('45.085.789','#Basics Seed','DELETED','2015-04-06 17:12:02',9),('45.085.934','#Basics Umber','ROL-FAB','2015-04-06 17:12:02',9),('45.085.980','Basics II White','ROL-FAB','2015-04-06 17:12:02',14),('45.100.028','#Bexley Amethyst','DELETED','2015-04-06 17:12:02',19.09),('45.100.190','#Bexley Carribea','DELETED','2015-04-06 17:12:02',19.09),('45.100.269','#Bexley Copper Blush','DELETED','2015-04-06 17:12:02',19.09),('45.100.744','#Bexley Rose Quartz','DELETED','2015-04-06 17:12:02',19.09),('45.100.796','#Bexley Sherwood','DELETED','2015-04-06 17:12:02',19.09),('45.103.091','Blizzard Black BO [IND]','ROL-FAB','2015-04-06 17:12:02',66.1),('45.103.462','Blizzard Iron BO [IND]','ROL-FAB','2015-04-06 17:12:02',66.1),('45.103.651','Blizzard Pearl BO [IND]','ROL-FAB','2015-04-06 17:12:02',66.1),('45.103.800','Blizzard Shitake BO [IND]','ROL-FAB','2015-04-06 17:12:02',66.1),('45.103.826','Blizzard Snow BO [IND]','ROL-FAB','2015-04-06 17:12:02',66.1),('45.103.980','Blizzard White BO [IND]','ROL-FAB','2015-04-06 17:12:02',66.1),('45.104.091','Blizzard Black TL [IND]','ROL-FAB','2015-04-06 17:12:02',46.5500004),('45.104.462','Blizzard Iron TL [IND]','ROL-FAB','2015-04-06 17:12:02',46.5500004),('45.104.651','Blizzard Pearl TL [IND]','ROL-FAB','2015-04-06 17:12:02',46.5500004),('45.104.800','Blizzard Shitake TL [IND]','ROL-FAB','2015-04-06 17:12:02',46.5500004),('45.104.826','Blizzard Snow TL [IND]','ROL-FAB','2015-04-06 17:12:02',46.5500004),('45.104.980','Blizzard White TL [IND]','ROL-FAB','2015-04-06 17:12:02',46.5500004),('45.115.172','#Boston Camel Blockout','ROL-FAB','2015-04-06 17:12:02',33.5),('45.115.284','#Boston Creme Blockout','ROL-FAB','2015-04-06 17:12:02',33.5),('45.115.408','#Boston Grey Blockout','DELETED','2015-04-06 17:12:02',33.5),('45.115.613','#Boston Nougat Blockout','ROL-FAB','2015-04-06 17:12:02',33.5),('45.115.724','#Boston Raven Blockout','DELETED','2015-04-06 17:12:02',33.5),('45.115.736','#Boston Rhino Blockout','DELETED','2015-04-06 17:12:02',33.5),('45.115.747','#Boston Russ Blockout','DELETED','2015-04-06 17:12:02',33.5),('45.115.753','#Boston Saddle Blockout','ROL-FAB','2015-04-06 17:12:02',33.5),('45.115.886','#Boston Suede Blockout','ROL-FAB','2015-04-06 17:12:02',33.5),('45.115.980','#Boston White Blockout','DELETED','2015-04-06 17:12:02',33.5),('45.116.171','#Boston Calico Translucent','ROL-FAB','2015-04-06 17:12:02',24.9500003),('45.116.172','#Boston Camel Translucent','ROL-FAB','2015-04-06 17:12:02',24.9500003),('45.116.284','#Boston Creme Translucent','ROL-FAB','2015-04-06 17:12:02',24.9500003),('45.116.408','#Boston Grey Translucent','ROL-FAB','2015-04-06 17:12:02',24.9500003),('45.116.613','#Boston Nougat Translucent','ROL-FAB','2015-04-06 17:12:02',24.9500003),('45.116.724','#Boston Raven Translucent','DELETED','2015-04-06 17:12:02',24.9500003),('45.116.736','#Boston Rhino Translucent','ROL-FAB','2015-04-06 17:12:02',24.9500003),('45.116.747','#Boston Russ Translucent','ROL-FAB','2015-04-06 17:12:02',24.9500003),('45.116.753','#Boston Saddle Translucent','DELETED','2015-04-06 17:12:02',24.9500003),('45.116.886','#Boston Suede Translucent','ROL-FAB','2015-04-06 17:12:02',24.9500003),('45.116.980','#Boston White Translucent','ROL-FAB','2015-04-06 17:12:02',24.9500003),('45.117.086','Broome Biscotti BO [IND]','ROL-FAB','2015-04-06 17:12:02',56.35),('45.117.464','Broome Ivory BO [IND]','ROL-FAB','2015-04-06 17:12:02',56.35),('45.117.501','Broome Lichen BO [IND]','ROL-FAB','2015-04-06 17:12:02',56.35),('45.117.593','Broome Mushroom BO [IND]','ROL-FAB','2015-04-06 17:12:02',56.35),('45.117.646','Broome Parchment BO [IND]','ROL-FAB','2015-04-06 17:12:02',56.35),('45.117.680','Broome Pewter BO [IND]','ROL-FAB','2015-04-06 17:12:02',56.35),('45.117.758','Broome Sand BO [IND]','ROL-FAB','2015-04-06 17:12:02',56.35),('45.117.826','Broome Snow BO [IND]','ROL-FAB','2015-04-06 17:12:02',56.35),('45.117.868','Broome Stone BO [IND]','ROL-FAB','2015-04-06 17:12:02',56.35),('45.118.086','Broome Biscotti TL [IND]','ROL-FAB','2015-04-06 17:12:02',38.2),('45.118.464','Broome Ivory TL [IND]','ROL-FAB','2015-04-06 17:12:02',38.2),('45.118.501','Broome Lichen TL [IND]','ROL-FAB','2015-04-06 17:12:02',38.2),('45.118.593','Broome Mushroom TL[IND]','ROL-FAB','2015-04-06 17:12:02',38.2),('45.118.646','Broome Parchment TL [IND]','ROL-FAB','2015-04-06 17:12:02',38.2),('45.118.680','Broome Pewter TL [IND]','ROL-FAB','2015-04-06 17:12:02',38.2),('45.118.758','Broome Sand TL [IND]','ROL-FAB','2015-04-06 17:12:02',38.2),('45.118.826','Broome Snow TL [IND]','ROL-FAB','2015-04-06 17:12:02',38.2),('45.118.868','Broome Stone TL [IND]','ROL-FAB','2015-04-06 17:12:02',38.2),('45.119.075','#Brompton Beige','ROL-FAB','2015-04-06 17:12:02',12.95),('45.119.980','#Brompton White','ROL-FAB','2015-04-06 17:12:02',12.95),('45.119.994','#Brompton Winter White','ROL-FAB','2015-04-06 17:12:02',12.95),('45.125.217','#Byron Charcoal','DELETED','2015-04-06 17:12:02',53),('45.125.236','#Byron Choko','DELETED','2015-04-06 17:12:02',53),('45.125.243','#Byron Citro','DELETED','2015-04-06 17:12:02',53),('45.125.316','#Byron Denim','DELETED','2015-04-06 17:12:02',53),('45.125.485','#Byron Khaki','DELETED','2015-04-06 17:12:02',53),('45.125.588','#Byron Moccasi','DELETED','2015-04-06 17:12:02',53),('45.125.597','#Byron Natural','DELETED','2015-04-06 17:12:02',53),('45.125.614','#Byron Nutmeg','DELETED','2015-04-06 17:12:02',53),('45.125.640','#Byron Paperbark','DELETED','2015-04-06 17:12:02',53),('45.125.747','#Byron Russet','DELETED','2015-04-06 17:12:02',53),('45.125.758','#Byron Sand','DELETED','2015-04-06 17:12:02',53),('45.125.771','#Byron Scorpio','DELETED','2015-04-06 17:12:02',53),('45.125.818','#Bryon Slate','DELETED','2015-04-06 17:12:02',53),('45.125.960','#Byron Walnut','DELETED','2015-04-06 17:12:02',53),('45.125.977','#Byron Wheat','DELETED','2015-04-06 17:12:02',53),('45.125.980','#Byron White','DELETED','2015-04-06 17:12:02',53),('45.127.091','#Camden Black','ROL-FAB','2015-04-06 17:12:02',36.449999999999996),('45.127.355','#Camden Faw','ROL-FAB','2015-04-06 17:12:02',36.449999999999996),('45.127.439','#Camden Honey','ROL-FAB','2015-04-06 17:12:02',36.449999999999996),('45.127.464','Camden Ivory [IND]','ROL-FAB','2015-04-06 17:12:02',36.449999999999996),('45.127.680','#Camden Pewter','DELETED','2015-04-06 17:12:02',36.449999999999996),('45.127.818','#Camden Slate [Discontinued]','ROL-FAB','2015-04-06 17:12:02',36.449999999999996),('45.127.940','Camden Vanilla [IND]','ROL-FAB','2015-04-06 17:12:02',36.449999999999996),('45.127.980','#Camden White','ROL-FAB','2015-04-06 17:12:02',36.449999999999996),('45.128.097','Carnaby Blanc Blockout','ROL-FAB','2015-04-06 17:12:02',81.75),('45.128.257','Carnaby Cocoa Blockout','ROL-FAB','2015-04-06 17:12:02',81.75),('45.128.326','Carnaby Dove Blockout','ROL-FAB','2015-04-06 17:12:02',81.75),('45.128.358','Carnaby Fog Blockout','ROL-FAB','2015-04-06 17:12:02',81.75),('45.128.430','Carnaby Haze Blockout','ROL-FAB','2015-04-06 17:12:02',81.75),('45.128.573','Carnaby Midnight Blockout','ROL-FAB','2015-04-06 17:12:02',81.75),('45.128.583','Carnaby Mink Blockout','ROL-FAB','2015-04-06 17:12:02',81.75),('45.128.651','Carnaby Pearl Blockout','ROL-FAB','2015-04-06 17:12:02',81.75),('45.128.821','Carnaby Smoke Blockout','ROL-FAB','2015-04-06 17:12:02',81.75),('45.128.851','Carnaby Soot Blockout','ROL-FAB','2015-04-06 17:12:02',81.75),('45.129.097','Carnaby Blanc Translucent','ROL-FAB','2015-04-06 17:12:02',64.2),('45.129.257','Carnaby Cocoa Translucent','ROL-FAB','2015-04-06 17:12:02',64.2),('45.129.326','Carnaby Dove Translucent','ROL-FAB','2015-04-06 17:12:02',64.2),('45.129.358','Carnaby Fog Translucent','ROL-FAB','2015-04-06 17:12:16',64.2),('45.129.430','Carnaby Haze Translucent','ROL-FAB','2015-04-06 17:12:16',64.2),('45.129.573','Carnaby Midnight Translucent','ROL-FAB','2015-04-06 17:12:16',64.2),('45.129.583','Carnaby Mink Translucent','ROL-FAB','2015-04-06 17:12:16',64.2),('45.129.651','Carnaby Pearl Translucent','ROL-FAB','2015-04-06 17:12:16',64.2),('45.129.821','Carnaby Smoke Translucent','ROL-FAB','2015-04-06 17:12:16',64.2),('45.129.851','Carnaby Soot Translucent','ROL-FAB','2015-04-06 17:12:16',64.2),('45.130.091','C Vue Black Paris 2.5m','SS-FAB','2015-04-06 17:12:16',25.249999999999996),('45.130.099','#C Vue Black Bronze 2.5m','SS-FAB','2015-04-06 17:12:16',25.249999999999996),('45.130.101','#C Vue Black Pearl 2.5m','SS-FAB','2015-04-06 17:12:16',25.249999999999996),('45.130.190','#C Vue Carribean 2.5m','SS-FAB','2015-04-06 17:12:16',25.249999999999996),('45.130.196','#C Vue Cayman Isle 2.5m','SS-FAB','2015-04-06 17:12:16',25.249999999999996),('45.130.286','#C Vue Crete 2.5m','SS-FAB','2015-04-06 17:12:16',25.249999999999996),('45.130.297','#C Vue Daintree 2.5m','SS-FAB','2015-04-06 17:12:16',25.249999999999996),('45.130.535','C Vue Linen 2.5m','SS-FAB','2015-04-06 17:12:16',25.249999999999996),('45.130.545','C Vue Malta 2.5m','SS-FAB','2015-04-06 17:12:16',25.249999999999996),('45.130.558','#C Vue Marina 2.5m','SS-FAB','2015-04-06 17:12:16',25.249999999999996),('45.130.596','#C Vue Naples 2.5m','DELETED','2015-04-06 17:12:16',25.249999999999996),('45.130.805','#C Vue Silicy 2.5m','SS-FAB','2015-04-06 17:12:16',25.249999999999996),('45.130.903','#C Vue Tahitian Beach 2.5m','DELETED','2015-04-06 17:12:16',24.049999999999997),('45.130.952','#C Vue Vienna','DELETED','2015-04-06 17:12:16',24.049999999999997),('45.130.980','C Vue White Santorini 2m','SS-FAB','2015-04-06 17:12:16',25.249999999999996),('45.130.982','#C Vue White Linen 2.5m','SS-FAB','2015-04-06 17:12:16',25.249999999999996),('45.130.989','#C Vue White Pearl 2.5m','SS-FAB','2015-04-06 17:12:16',25.249999999999996),('45.130.990','C Vue White Sand 2.5m*','SS-FAB','2015-04-06 17:12:16',25.249999999999996),('45.130.993','C Vue White Grey 2.5m*','SS-FAB','2015-04-06 17:12:16',25.249999999999996),('45.131.091','C Vue Black Paris 3m','SS-FAB','2015-04-06 17:12:16',32),('45.131.099','#C Vue Black Bronze 3m','SS-FAB','2015-04-06 17:12:16',32),('45.131.101','C Vue Black Pearl 3m*','SS-FAB','2015-04-06 17:12:16',32),('45.131.190','C Vue Carribean 3.0m','SS-FAB','2015-04-06 17:12:16',32),('45.131.196','#C Vue Cayman Isle 3.0m','SS-FAB','2015-04-06 17:12:16',32),('45.131.535','C Vue Linen 3m','SS-FAB','2015-04-06 17:12:16',32),('45.131.596','C Vue Naples 3.0m*','SS-FAB','2015-04-06 17:12:16',32),('45.131.903','#C Vue Tahitian Beach 3.0m','SS-FAB','2015-04-06 17:12:16',32),('45.131.980','C Vue White Santorini 3m','SS-FAB','2015-04-06 17:12:16',32),('45.131.982','C Vue White Linen 3m','SS-FAB','2015-04-06 17:12:16',32),('45.131.989','#C Vue White Pearl 3m','SS-FAB','2015-04-06 17:12:16',32),('45.131.990','#C Vue White Sand 3m','SS-FAB','2015-04-06 17:12:16',32),('45.131.993','C Vue White Grey 3m','SS-FAB','2015-04-06 17:12:16',32),('45.135.342','C Vue Shantung Ebony*','SS-FAB','2015-04-06 17:12:16',13),('45.135.464','C Vue Shantung Ivory*','SS-FAB','2015-04-06 17:12:16',13),('45.135.517','C Vue Shantung Midnight Bronze','SS-FAB','2015-04-06 17:12:16',13),('45.135.680','#C Vue Shantung Pewter','SS-FAB','2015-04-06 17:12:16',13),('45.135.807','#C Vue Shantung Silver','SS-FAB','2015-04-06 17:12:16',13),('45.135.868','C Vue Shantung Stone*','SS-FAB','2015-04-06 17:12:16',13),('45.135.980','C Vue Shantung White*','SS-FAB','2015-04-06 17:12:16',13),('45.136.051','Concord Ash Blockout','ROL-FAB','2015-04-06 17:12:16',69.25),('45.136.173','Concord Cafe Blockout IND]','ROL-FAB','2015-04-06 17:12:16',69.25),('45.136.345','Concord Egret Blockout','ROL-FAB','2015-04-06 17:12:16',69.25),('45.136.464','Concord Ivory Blockout','ROL-FAB','2015-04-06 17:12:16',69.25),('45.136.674','Concord Pebble Blockout','ROL-FAB','2015-04-06 17:12:16',69.25),('45.136.818','Concord Slate Blockout [IND]','ROL-FAB','2015-04-06 17:12:16',69.25),('45.136.868','Concord Stone Blockout','ROL-FAB','2015-04-06 17:12:16',69.25),('45.137.051','Concord Ash Translucent','ROL-FAB','2015-04-06 17:12:16',48.65),('45.137.173','Concord Cafe Translucent [IND]','ROL-FAB','2015-04-06 17:12:16',48.65),('45.137.345','Concord Egret Translucent','ROL-FAB','2015-04-06 17:12:16',48.65),('45.137.464','Concord Ivory Translucent','ROL-FAB','2015-04-06 17:12:16',48.65),('45.137.674','Concord Pebble Translucent','ROL-FAB','2015-04-06 17:12:16',48.65),('45.137.818','Concord Slate Translucent [IND','ROL-FAB','2015-04-06 17:12:16',48.65),('45.137.868','Concord Stone Translucent','ROL-FAB','2015-04-06 17:12:16',48.65),('45.140.051','Cordoba Ash BO [IND]','ROL-FAB','2015-04-06 17:12:16',0),('45.140.340','Cordoba Ebony BO [IND]','ROL-FAB','2015-04-06 17:12:16',0),('45.140.358','Cordoba Fog BO [IND]','ROL-FAB','2015-04-06 17:12:16',0),('45.140.464','Cordoba Ivory BO [IND]','ROL-FAB','2015-04-06 17:12:16',0),('45.140.793','Cordoba Shark BO [IND]','ROL-FAB','2015-04-06 17:12:16',0),('45.140.826','Cordoba Snow BO [IND]','ROL-FAB','2015-04-06 17:12:16',0),('45.141.051','Cordoba Ash TL [IND]','ROL-FAB','2015-04-06 17:12:16',0),('45.141.340','Cordoba Ebony TL [IND]','ROL-FAB','2015-04-06 17:12:16',0),('45.141.358','Cordoba Fog TL [IND]','ROL-FAB','2015-04-06 17:12:16',0),('45.141.464','Cordoba Ivory TL [IND]','ROL-FAB','2015-04-06 17:12:16',0),('45.141.793','Cordoba Shark TL [IND]','ROL-FAB','2015-04-06 17:12:16',0),('45.141.826','Cordoba Snow TL [IND]','ROL-FAB','2015-04-06 17:12:16',0),('45.142.075','#Cinq 3000 Beige Trv CS','ROL-FAB','2015-04-06 17:12:16',90),('45.142.091','#Cinq 3000 Black Trv CS','ROL-FAB','2015-04-06 17:12:16',90),('45.142.309','#Cinq 3000 Dark Grey Trv CS','ROL-FAB','2015-04-06 17:12:16',90),('45.142.408','#Cinq 3000 Grey Trv CS','ROL-FAB','2015-04-06 17:12:16',90),('45.142.618','#Cinq 3000 Off White Trv CS','ROL-FAB','2015-04-06 17:12:16',90),('45.142.980','#Cinq 3000 White Trv CS','ROL-FAB','2015-04-06 17:12:16',90),('45.144.260','Deco Screen Cobblestone [IND]','SS-FAB','2015-04-06 17:12:16',46.3),('45.144.370','Deco Screen Flagstone [IND]','SS-FAB','2015-04-06 17:12:16',46.3),('45.144.388','Deco Screen Granite [IND]','SS-FAB','2015-04-06 17:12:16',46.3),('45.144.426','Deco Screen Harvest [IND]','SS-FAB','2015-04-06 17:12:16',46.3),('45.144.431','Deco Screen Hazelnut [IND]','SS-FAB','2015-04-06 17:12:16',46.3),('45.144.600','Deco Screen Naturelle [IND]','SS-FAB','2015-04-06 17:12:16',46.3),('45.144.635','Deco Screen Oyster Shell [IND]','SS-FAB','2015-04-06 17:12:16',46.3),('45.144.646','Deco Screen Parchment [IND]','SS-FAB','2015-04-06 17:12:16',46.3),('45.144.735','Deco Screen River Rock [IND]','SS-FAB','2015-04-06 17:12:16',46.3),('45.144.794','Deco Screen Shalestone [IND]','SS-FAB','2015-04-06 17:12:16',46.3),('45.144.810','Deco Screen Silver Frost [IND]','SS-FAB','2015-04-06 17:12:16',46.3),('45.144.824','Deco Screen Smoky Quartz [IND]','SS-FAB','2015-04-06 17:12:16',46.3),('45.144.930','Deco Screen Tumbleweed [IND]','SS-FAB','2015-04-06 17:12:16',46.3),('45.147.345','Detroit Egret Blockout [IND]','ROL-FAB','2015-04-06 17:12:16',70),('45.147.674','Detroit Pebble Blockout [IND]','ROL-FAB','2015-04-06 17:12:16',70),('45.147.680','Detroit Pewter Blockout [IND]','ROL-FAB','2015-04-06 17:12:16',70),('45.147.715','Detroit Putty Blockout [IND]','ROL-FAB','2015-04-06 17:12:16',70),('45.147.807','Detroit Silver Blockout [IND]','ROL-FAB','2015-04-06 17:12:16',70),('45.148.345','Detroit Egret TL [IND]','ROL-FAB','2015-04-06 17:12:16',49),('45.148.674','Detroit Pebble TL [IND]','ROL-FAB','2015-04-06 17:12:16',49),('45.148.680','Detroit Pewter TL [IND]','ROL-FAB','2015-04-06 17:12:16',49),('45.148.715','Detroit Putty TL [IND]','ROL-FAB','2015-04-06 17:12:16',49),('45.148.807','Detroit Silver TL [IND]','ROL-FAB','2015-04-06 17:12:57',49),('45.150.063','#Ecoview Beach Blue','DELETED','2015-04-06 17:12:57',59.8),('45.150.069','#Ecoview Beach White','DELETED','2015-04-06 17:12:57',59.8),('45.155.026','#Ecoview+ Amber White','DELETED','2015-04-06 17:12:57',39.3),('45.155.027','#Ecoview+ Amber Blue','DELETED','2015-04-06 17:12:57',39.3),('45.155.075','#Ecoview+ Beige','DELETED','2015-04-06 17:12:57',39.3),('45.155.076','#Ecoview + Beige White','DELETED','2015-04-06 17:12:57',39.3),('45.155.152','#Ecoview + Bronze','DELETED','2015-04-06 17:12:57',39.3),('45.155.535','Ecoview + Linen [IND]','SS-FAB','2015-04-06 17:12:57',39.3),('45.155.536','#Ecoview + Linen Beige','DELETED','2015-04-06 17:12:57',39.3),('45.155.541','Ecoview + Linen White [IND]','SS-FAB','2015-04-06 17:12:57',39.3),('45.155.569','Ecoview + Midnight Aloe [IND]','SS-FAB','2015-04-06 17:12:57',39.3),('45.155.571','Ecoview + Midnight Bronze [IND','SS-FAB','2015-04-06 17:12:57',39.3),('45.155.572','#Ecoview + Midnight Blue [IND]','SS-FAB','2015-04-06 17:12:57',39.3),('45.155.573','Ecoview + Midnight [IND]','SS-FAB','2015-04-06 17:12:57',39.3),('45.155.576','Ecoview + Midnight Storm [IND]','SS-FAB','2015-04-06 17:12:57',39.3),('45.155.584','Ecoview + Midnight Smudge [IND','SS-FAB','2015-04-06 17:12:57',39.3),('45.155.597','Ecoview + Natural [IND]','SS-FAB','2015-04-06 17:12:57',39.3),('45.155.598','Ecoview + Natural White [IND]','SS-FAB','2015-04-06 17:12:57',39.3),('45.155.651','#Ecoview + Pearl [IND]','DELETED','2015-04-06 17:12:57',39.3),('45.155.664','Ecoview + Pearl Linen [IND]','SS-FAB','2015-04-06 17:12:57',39.3),('45.155.666','Ecoview + Pearl Storm Wheat [I','SS-FAB','2015-04-06 17:12:57',39.3),('45.155.875','#Ecoview + Storm [IND]','DELETED','2015-04-06 17:12:57',39.3),('45.155.876','Ecoview + Storm M/N Aloe [IND]','SS-FAB','2015-04-06 17:12:57',39.3),('45.155.877','#Ecoview + Storm Blue [IND]','DELETED','2015-04-06 17:12:57',39.3),('45.155.878','Ecoview + Storm M/N Linen [IND','SS-FAB','2015-04-06 17:12:57',39.3),('45.155.879','Ecoview + Storm M/N Wheat [IND','SS-FAB','2015-04-06 17:12:57',39.3),('45.155.882','Ecoview + Storm Wheat [IND]','SS-FAB','2015-04-06 17:12:57',39.3),('45.155.980','Ecoview + White [IND]','SS-FAB','2015-04-06 17:12:57',39.3),('45.155.989','Ecoview + Pearl White [IND]','SS-FAB','2015-04-06 17:12:57',39.3),('45.156.541','Ecoview +3000 Linen White [IND','SS-FAB','2015-04-06 17:12:57',47.1),('45.156.571','Ecoview +3000 Mid Bronze [IND]','DELETED','2015-04-06 17:12:57',47.1),('45.156.573','Ecoview +3000 Midnight [IND]','SS-FAB','2015-04-06 17:12:57',47.1),('45.156.576','Ecoview +3000 Mid Storm [IND]','SS-FAB','2015-04-06 17:12:57',47.1),('45.156.598','Ecoview +3000 Nat White [IND]','SS-FAB','2015-04-06 17:12:57',47.1),('45.156.980','Ecoview +3000 White [IND]','SS-FAB','2015-04-06 17:12:57',47.1),('45.156.989','Ecoview +3000 Pl White [IND]','SS-FAB','2015-04-06 17:12:57',47.1),('45.170.013','Elegance Almond','ROL-FAB','2015-04-06 17:12:57',20),('45.170.038','Elegance Antique White','ROL-FAB','2015-04-06 17:12:57',20),('45.170.075','Elegance Beige','ROL-FAB','2015-04-06 17:12:57',20),('45.170.088','Elegance Biscuit','ROL-FAB','2015-04-06 17:12:57',20),('45.170.089','Elegance Bisque','ROL-FAB','2015-04-06 17:12:57',20),('45.170.137','Elegance Bone','ROL-FAB','2015-04-06 17:12:57',20),('45.170.217','Elegance Charcoal','ROL-FAB','2015-04-06 17:12:57',20),('45.170.241','Elegance Cinnamo','ROL-FAB','2015-04-06 17:12:57',20),('45.170.254','Elegance Coffee','ROL-FAB','2015-04-06 17:12:57',20),('45.170.281','Elegance Cream','ROL-FAB','2015-04-06 17:12:57',20),('45.170.330','Elegance Driftwood','ROL-FAB','2015-04-06 17:12:57',20),('45.170.349','Elegance Expresso','ROL-FAB','2015-04-06 17:12:57',20),('45.170.365','Elegance Flannel','ROL-FAB','2015-04-06 17:12:57',0),('45.170.408','Elegance Mid Grey','ROL-FAB','2015-04-06 17:12:57',20),('45.170.417','Elegance Gunmetal*','ROL-FAB','2015-04-06 17:12:57',20),('45.170.464','Elegance Ivory','ROL-FAB','2015-04-06 17:12:57',20),('45.170.489','Elegance Latte','ROL-FAB','2015-04-06 17:12:57',20),('45.170.506','Elegance Lt Grey','ROL-FAB','2015-04-06 17:12:57',20),('45.170.574','Elegance Mint','ROL-FAB','2015-04-06 17:12:57',20),('45.170.587','Elegance Mocha','ROL-FAB','2015-04-06 17:12:57',20),('45.170.597','#Elegance Natural','DELETED','2015-04-06 17:12:57',20),('45.170.610','#Elegance Nubuck','DELETED','2015-04-06 17:12:57',20),('45.170.614','Elegance Nutmeg','ROL-FAB','2015-04-06 17:12:57',20),('45.170.619','Elegance Oatmeal','ROL-FAB','2015-04-06 17:12:57',20),('45.170.646','Elegance Parchment','ROL-FAB','2015-04-06 17:12:57',20),('45.170.674','Elegance Pebble','ROL-FAB','2015-04-06 17:12:57',20),('45.170.675','Elegance Pepper','ROL-FAB','2015-04-06 17:12:57',20),('45.170.680','Elegance Pewter','ROL-FAB','2015-04-06 17:12:57',0),('45.170.715','Elegance Putty','ROL-FAB','2015-04-06 17:12:57',20),('45.170.740','Elegance Rose','ROL-FAB','2015-04-06 17:12:57',20),('45.170.758','Elegance Sand*','ROL-FAB','2015-04-06 17:12:57',20),('45.170.818','Elegance Slate','ROL-FAB','2015-04-06 17:12:57',20),('45.170.861','Elegance Spearmint*','ROL-FAB','2015-04-06 17:12:57',20),('45.170.868','Elegance Stone','ROL-FAB','2015-04-06 17:12:57',20),('45.170.869','Elegance Steele','ROL-FAB','2015-04-06 17:12:57',0),('45.170.907','Elegance Taupe','ROL-FAB','2015-04-06 17:12:57',20),('45.170.972','Elegance Wedgewood','ROL-FAB','2015-04-06 17:12:57',20),('45.170.980','Elegance White','ROL-FAB','2015-04-06 17:12:58',20),('45.170.994','Elegance Winter White','ROL-FAB','2015-04-06 17:12:58',20),('45.171.038','Elegance Antique White 2.75m','ROL-FAB','2015-04-06 17:12:58',24),('45.171.075','Elegance Beige 2.75m','ROL-FAB','2015-04-06 17:12:58',24),('45.171.241','Elegance Cinnamon 2.75m','ROL-FAB','2015-04-06 17:12:58',24),('45.171.281','Elegance Cream 2.75m','ROL-FAB','2015-04-06 17:12:58',24),('45.171.330','Elegance Driftwood 2.75m','ROL-FAB','2015-04-06 17:12:58',24),('45.171.614','Elegance Nutmeg 2.75m','ROL-FAB','2015-04-06 17:12:58',24),('45.171.646','Elegance Parchment 2.75m','ROL-FAB','2015-04-06 17:12:58',24),('45.171.674','Elegance Pebble 2.75m','ROL-FAB','2015-04-06 17:12:58',24),('45.171.868','Elegance Stone 2.75m','ROL-FAB','2015-04-06 17:12:58',24),('45.171.980','Elegance White 2.75m','ROL-FAB','2015-04-06 17:12:58',24),('45.171.994','Elegance Winter White 2.75m','ROL-FAB','2015-04-06 17:12:58',24),('45.172.038','Elegance Dulux Ant White','ROL-FAB','2015-04-06 17:12:58',19.06),('45.172.077','#Elegance Dulux Beige Royal','ROL-FAB','2015-04-06 17:12:58',19.06),('45.172.443','#Elegance Dulux Hog Bristle','ROL-FAB','2015-04-06 17:12:58',19.06),('45.172.444','Elegance Dulux Half Hog Brstle','ROL-FAB','2015-04-06 17:12:58',19.06),('45.172.445','Elegance Dulux Qtr Hog Brstle','ROL-FAB','2015-04-06 17:12:58',19.06),('45.172.598','#Elegance Dulux Natural White','ROL-FAB','2015-04-06 17:12:58',19.06),('45.172.958','#Elegance Dulux Vivid White','ROL-FAB','2015-04-06 17:12:58',19.06),('45.172.978','#Elegance Dulux Whisper White','ROL-FAB','2015-04-06 17:12:58',19.06),('45.175.217','#EvershadePearlessenceCharcoal','DELETED','2015-04-06 17:12:58',0),('45.200.017','#Evolve Alpaca','DELETED','2015-04-06 17:12:58',30.06),('45.200.151','#Evolve Brillant','DELETED','2015-04-06 17:12:58',30.06),('45.200.560','#Evolve Marble','DELETED','2015-04-06 17:12:58',30.06),('45.200.694','#Evolve Platinum','DELETED','2015-04-06 17:12:58',30.06),('45.200.788','#Evolve Seductio','DELETED','2015-04-06 17:13:17',30.06),('45.200.826','#Evolve Snow','DELETED','2015-04-06 17:13:17',30.06),('45.200.931','#Evolve Tusca','DELETED','2015-04-06 17:13:17',30.06),('45.200.964','#Evolve Wasabi','DELETED','2015-04-06 17:13:17',30.06),('45.210.597','#Extraflocke Natural','DELETED','2015-04-06 17:13:17',49),('45.210.674','#Extraflocke Pebble','DELETED','2015-04-06 17:13:17',49),('45.210.980','#Extraflocke White','DELETED','2015-04-06 17:13:17',49),('45.220.069','#Extraview Beach White','DELETED','2015-04-06 17:13:17',58.07),('45.220.220','#Extraview Charcoal Bronze','DELETED','2015-04-06 17:13:17',58.07),('45.220.411','#Extraview Grey Blue','DELETED','2015-04-06 17:13:17',58.07),('45.220.538','#Extraview Linen Sable','DELETED','2015-04-06 17:13:17',58.07),('45.225.025','#Extraview Plus Amber','DELETED','2015-04-06 17:13:17',39.3),('45.225.026','#Extraview Plus Amber White','SS-FAB','2015-04-06 17:13:17',39.3),('45.225.075','#Extraview Plus Beige','DELETED','2015-04-06 17:13:17',39.3),('45.225.076','#Extraview Plus Beige White','DELETED','2015-04-06 17:13:17',39.3),('45.225.152','#Extraview Plus Bronze','DELETED','2015-04-06 17:13:17',39.3),('45.225.535','#Extraview+ Line','DELETED','2015-04-06 17:13:17',39.3),('45.225.536','#Extraview+ Linen Beige','DELETED','2015-04-06 17:13:17',39.3),('45.225.540','Extraview+ Lin W Smdg 2.5m[IND','SS-FAB','2015-04-06 17:13:17',39.3),('45.225.541','#Extraview+ Linen White','SS-FAB','2015-04-06 17:13:17',39.3),('45.225.559','#Extraview+ Midnight Amber Wh','SS-FAB','2015-04-06 17:13:17',39.3),('45.225.561','Extraview+ Midnight Wheat [IND','SS-FAB','2015-04-06 17:13:17',39.3),('45.225.568','Extraview+ Mid B Varnish [IND]','SS-FAB','2015-04-06 17:13:17',39.3),('45.225.569','#Extraview+ Midnight Aloe','DELETED','2015-04-06 17:13:17',39.3),('45.225.571','#Extraview+ Midnight Bronze','DELETED','2015-04-06 17:13:17',39.3),('45.225.572','#Extraview+ Midnight Blue','DELETED','2015-04-06 17:13:17',39.3),('45.225.573','#Extraview+ Midnight','DELETED','2015-04-06 17:13:17',39.3),('45.225.576','#Extraview+ Midnight Storm','SS-FAB','2015-04-06 17:13:17',39.3),('45.225.581','#Extraview+ Mid Storm Beige','SS-FAB','2015-04-06 17:13:17',39.3),('45.225.584','#Extraview+ Midnight Smudge','SS-FAB','2015-04-06 17:13:17',39.3),('45.225.585','#Extraview+ Mnight Blue BV','SS-FAB','2015-04-06 17:13:17',39.3),('45.225.597','#Extraview Plus Natural','DELETED','2015-04-06 17:13:17',39.3),('45.225.598','#Extraview+ Natural White','SS-FAB','2015-04-06 17:13:17',39.3),('45.225.651','#Extraview+ Pearl','SS-FAB','2015-04-06 17:13:17',39.3),('45.225.664','#Extraview+ Pearl Line','DELETED','2015-04-06 17:13:17',39.3),('45.225.875','#Extraview Plus Storm','DELETED','2015-04-06 17:13:17',39.3),('45.225.877','#Extraview Plus Storm Blue','DELETED','2015-04-06 17:13:17',39.3),('45.225.884','#Extraview+ Wheat B Varnish','SS-FAB','2015-04-06 17:13:17',39.3),('45.225.980','#Extraview+ White','SS-FAB','2015-04-06 17:13:17',39.3),('45.225.981','#Extraview+ White Amber','SS-FAB','2015-04-06 17:13:17',39.3),('45.225.989','#Extraview+ White Pearl','DELETED','2015-04-06 17:13:17',39.3),('45.226.540','#Extraview+ Linen W Smudge 3m','SS-FAB','2015-04-06 17:13:17',47.1),('45.226.576','#Extraview+ Midnight Storm','SS-FAB','2015-04-06 17:13:17',47.1),('45.226.581','#Extraview+ Mid Storm Beige','SS-FAB','2015-04-06 17:13:17',47.1),('45.226.584','#Extraview+ Midnight Smudge','SS-FAB','2015-04-06 17:13:17',47.1),('45.226.980','#Extraview+ White','DELETED','2015-04-06 17:13:17',47.1),('45.226.989','#Extraview+ White Pearl','DELETED','2015-04-06 17:13:17',47.1),('45.228.051','Florida Ash [IND]','ROL-FAB','2015-04-06 17:13:17',45),('45.228.058','Florida Bark [IND]','ROL-FAB','2015-04-06 17:13:17',45),('45.228.083','Florida Birch [IND]','ROL-FAB','2015-04-06 17:13:17',45),('45.228.325','Florida Donkey [IND]','ROL-FAB','2015-04-06 17:13:17',45),('45.228.340','Florida Ebony [IND]','ROL-FAB','2015-04-06 17:13:17',45),('45.228.347','Florida Eggshell [IND]','ROL-FAB','2015-04-06 17:13:17',45),('45.228.388','Florida Granite [IND]','ROL-FAB','2015-04-06 17:13:17',45),('45.228.631','Florida Oyster [IND]','ROL-FAB','2015-04-06 17:13:17',45),('45.228.826','Florida Snow [IND]','ROL-FAB','2015-04-06 17:13:17',45),('45.228.868','Florida Stone [IND]','ROL-FAB','2015-04-06 17:13:17',45),('45.229.345','Fontana Egret Blockout [IND]','ROL-FAB','2015-04-06 17:13:17',66.1),('45.229.347','Fontana Eggshell Blockout [IND','ROL-FAB','2015-04-06 17:13:17',66.1),('45.229.417','Fontana Gunmetal Blockout [IND','ROL-FAB','2015-04-06 17:13:17',66.1),('45.229.715','Fontana Putty Blockout [IND]','ROL-FAB','2015-04-06 17:13:17',66.1),('45.229.756','Fontana Safari Blockout [IND]','ROL-FAB','2015-04-06 17:13:17',66.1),('45.230.345','Fontana Egret LF [IND]','ROL-FAB','2015-04-06 17:13:17',46.5500004),('45.230.347','Fontanta Eggshell LF [IND]','ROL-FAB','2015-04-06 17:13:17',46.5500004),('45.230.417','Fontana Gunmetal LF [IND]','ROL-FAB','2015-04-06 17:13:17',46.5500004),('45.230.715','Fontana Putty LF [IND]','ROL-FAB','2015-04-06 17:13:17',46.5500004),('45.230.756','Fontana Safari LF [IND]','ROL-FAB','2015-04-06 17:13:17',46.5500004),('45.231.036','Flinders Antique Blockout [IND','ROL-FAB','2015-04-06 17:13:17',69.25),('45.231.159','Flinders Buffalo Blockout [IND','ROL-FAB','2015-04-06 17:13:17',69.25),('45.231.244','Flinders Cinder Blockout [IND]','ROL-FAB','2015-04-06 17:13:17',69.25),('45.231.268','Flinders Copper Blockout [IND]','ROL-FAB','2015-04-06 17:13:17',69.25),('45.231.340','Flinders Ebony Blockout [IND]','ROL-FAB','2015-04-06 17:13:17',69.25),('45.231.392','Flinders Fungi Blockout [IND]','ROL-FAB','2015-04-06 17:13:17',69.25),('45.231.464','Flinders Ivory Blockout [IND]','ROL-FAB','2015-04-06 17:13:17',69.25),('45.231.651','Flinders Pearl Blockout [IND]','ROL-FAB','2015-04-06 17:13:17',69.25),('45.231.807','Flinders Silver Blockout [IND]','ROL-FAB','2015-04-06 17:13:17',69.25),('45.231.818','Flinders Slate Blockout [IND]','ROL-FAB','2015-04-06 17:13:17',69.25),('45.231.826','Flinders Snow Blockout [IND]','ROL-FAB','2015-04-06 17:13:17',69.25),('45.231.907','Flinders Taupe Blockout [IND]','ROL-FAB','2015-04-06 17:13:17',69.25),('45.340.118','#Gala Blue','DELETED','2015-04-06 17:13:17',32.1),('45.340.164','#Gala Buttermilk','DELETED','2015-04-06 17:13:17',32.1),('45.340.384','#Gala Gold','DELETED','2015-04-06 17:13:17',32.1),('45.340.574','#Gala Mint','DELETED','2015-04-06 17:13:17',32.1),('45.340.746','#Gala Rouge','DELETED','2015-04-06 17:13:17',32.1),('45.340.807','#Gala Silver','DELETED','2015-04-06 17:13:17',32.1),('45.350.573','#GreenScreen Midnight','DELETED','2015-04-06 17:13:17',71.67),('45.370.807','#Ikon Silver','DELETED','2015-04-06 17:13:17',52.11),('45.371.041','Signum Metalic Anthracite [IND','ROL-FAB','2015-04-06 17:13:17',0),('45.371.393','Signum Metalic Graphite [IND]','ROL-FAB','2015-04-06 17:13:17',0),('45.372.980','Signum Non Metalic White [IND]','ROL-FAB','2015-04-06 17:13:17',0),('45.373.980','Signum Non Metalic White [IND]','ROL-FAB','2015-04-06 17:13:17',0),('45.374.980','Signum White Blockout [IND]','ROL-FAB','2015-04-06 17:13:17',0),('45.376.215','Harlow Chaos Blockout','ROL-FAB','2015-04-06 17:13:17',92.4),('45.376.296','Harlow Evoke Blockout','ROL-FAB','2015-04-06 17:13:17',92.4),('45.376.382','Harlow Glacier Blockout','ROL-FAB','2015-04-06 17:13:17',92.4),('45.376.642','Harlow Papaya Blockout','ROL-FAB','2015-04-06 17:13:17',92.4),('45.376.699','Harlow Polish Blockout','ROL-FAB','2015-04-06 17:13:17',92.4),('45.376.713','Harlow Praline Blockout','ROL-FAB','2015-04-06 17:13:17',92.4),('45.377.215','Harlow Chaos Translucent','ROL-FAB','2015-04-06 17:13:17',68.25),('45.377.296','Harlow Evoke Translucent','ROL-FAB','2015-04-06 17:13:17',68.25),('45.377.382','Harlow Glacier Translucent','ROL-FAB','2015-04-06 17:13:34',68.25),('45.377.642','Harlow Papaya Translucent','ROL-FAB','2015-04-06 17:13:34',68.25),('45.377.699','Harlow Polish Translucent','ROL-FAB','2015-04-06 17:13:34',68.25),('45.377.713','Harlow Praline Translucent','ROL-FAB','2015-04-06 17:13:34',68.25),('45.380.464','#Hawaii Ivory Blockout','DELETED','2015-04-06 17:13:34',36.75),('45.380.980','#Hawaii White Blockout [IND]','DELETED','2015-04-06 17:13:34',36.75),('45.381.464','#Hawaii Ivory Translucent','DELETED','2015-04-06 17:13:34',21.8),('45.381.980','#Hawaii White Translucent','DELETED','2015-04-06 17:13:34',21.8),('45.382.159','Hudson Buffalo Blockout','ROL-FAB','2015-04-06 17:13:34',56.35),('45.382.217','Hudson Charcoal Blockout','ROL-FAB','2015-04-06 17:13:34',56.35),('45.382.233','Hudson Chinchilla Blockout','ROL-FAB','2015-04-06 17:13:34',56.35),('45.382.340','Hudson Ebony Blockout [IND]','ROL-FAB','2015-04-06 17:13:34',56.35),('45.382.563','Hudson Marshmellow Blockout','ROL-FAB','2015-04-06 17:13:34',56.35),('45.382.720','Hudson Quartz Blockout [IND]','ROL-FAB','2015-04-06 17:13:34',56.35),('45.382.793','Hudson Shark Blockout [IND]','ROL-FAB','2015-04-06 17:13:34',56.35),('45.382.807','Hudson Silver Blockout [IND]','ROL-FAB','2015-04-06 17:13:34',56.35),('45.382.868','Hudson Stone Blockout','ROL-FAB','2015-04-06 17:13:34',56.35),('45.383.159','Hudson Buffalo Translucent','ROL-FAB','2015-04-06 17:13:34',38.2),('45.383.217','Hudson Charcoal Translucent','ROL-FAB','2015-04-06 17:13:34',38.2),('45.383.233','Hudson Chinchilla Translucent','ROL-FAB','2015-04-06 17:13:34',38.2),('45.383.340','Hudson Ebony Translucent [IND]','ROL-FAB','2015-04-06 17:13:34',38.2),('45.383.563','Hudson Marshmellow Translucent','ROL-FAB','2015-04-06 17:13:34',38.2),('45.383.720','Hudson Quartz Translucent [IND','ROL-FAB','2015-04-06 17:13:34',38.2),('45.383.793','Hudson Shark Translucent [IND]','ROL-FAB','2015-04-06 17:13:34',38.2),('45.383.807','Hudson Silver Translucent [IND','ROL-FAB','2015-04-06 17:13:34',38.2),('45.383.868','Hudson Stone Translucent','ROL-FAB','2015-04-06 17:13:34',38.2),('45.384.217','Husk Charcoal Sheer [IND]','ROL-FAB','2015-04-06 17:13:34',0),('45.384.499','Husk Licorice Sheer [IND]','ROL-FAB','2015-04-06 17:13:34',0),('45.384.597','Husk Natural Sheer [IND]','ROL-FAB','2015-04-06 17:13:34',0),('45.384.674','Husk Pebble Sheer [IND]','ROL-FAB','2015-04-06 17:13:34',0),('45.384.715','Husk Putty Sheer [IND]','ROL-FAB','2015-04-06 17:13:34',0),('45.384.868','Husk Stone Sheer [IND]','ROL-FAB','2015-04-06 17:13:34',0),('45.384.963','Husk Warm Grey Sheer [IND]','ROL-FAB','2015-04-06 17:13:34',0),('45.384.980','Husk White Sheer [IND]','ROL-FAB','2015-04-06 17:13:34',0),('45.385.089','Hutton Bisque BO [IND]','ROL-FAB','2015-04-06 17:13:34',47.95),('45.385.184','#Hutton Caramel BO [IND]','ROL-FAB','2015-04-06 17:13:34',45.65),('45.385.347','Hutton Eggshell BO [IND]','ROL-FAB','2015-04-06 17:13:34',53.65),('45.385.357','Hutton Fern BO [IND]','ROL-FAB','2015-04-06 17:13:34',47.95),('45.385.368','Hutton Flesh BO [IND]','ROL-FAB','2015-04-06 17:13:34',47.95),('45.385.739','Hutton Rock BO [IND]','ROL-FAB','2015-04-06 17:13:34',47.95),('45.385.826','Hutton Snow BO [IND]','ROL-FAB','2015-04-06 17:13:34',53.65),('45.385.920','Hutton Thistle BO [IND]','ROL-FAB','2015-04-06 17:13:34',47.95),('45.385.929','Hutton Truffle BO [IND]','ROL-FAB','2015-04-06 17:13:34',47.95),('45.385.980','Hutton White BO [IND]','ROL-FAB','2015-04-06 17:13:34',53.65),('45.386.089','Hutton Bisque TL [IND]','ROL-FAB','2015-04-06 17:13:34',32.2),('45.386.184','#Hutton Caramel TL','ROL-FAB','2015-04-06 17:13:34',30.65),('45.386.347','Hutton Eggshell TL [IND]','ROL-FAB','2015-04-06 17:13:34',32.2),('45.386.357','Hutton Fern TL* [IND]','ROL-FAB','2015-04-06 17:13:34',32.2),('45.386.368','Hutton Flesh TL [IND]','ROL-FAB','2015-04-06 17:13:34',32.2),('45.386.739','Hutton Rock TL* [IND]','ROL-FAB','2015-04-06 17:13:34',32.2),('45.386.826','Hutton Snow TL [IND]','ROL-FAB','2015-04-06 17:13:34',32.2),('45.386.920','Hutton Thistle TL [IND]','ROL-FAB','2015-04-06 17:13:34',32.2),('45.386.929','Hutton Truffle TL [IND]','ROL-FAB','2015-04-06 17:13:34',32.2),('45.386.980','Hutton White TL [IND]','ROL-FAB','2015-04-06 17:13:34',32.2),('45.387.171','#Huxley Calico BO','ROL-FAB','2015-04-06 17:13:34',11),('45.387.192','#Huxley Casuarina BO','ROL-FAB','2015-04-06 17:13:34',11),('45.387.715','#Huxley Putty BO','ROL-FAB','2015-04-06 17:13:34',11),('45.387.980','#Huxley White BO','ROL-FAB','2015-04-06 17:13:34',11),('45.388.171','#Huxley Calico LF','ROL-FAB','2015-04-06 17:13:34',7),('45.388.192','#Huxley Casuarina LF','ROL-FAB','2015-04-06 17:13:34',7),('45.388.715','#Huxley Putty LF','ROL-FAB','2015-04-06 17:13:34',7),('45.388.980','#Huxley White LF','ROL-FAB','2015-04-06 17:13:34',7),('45.390.597','#Jamaica Natural Blockout','DELETED','2015-04-06 17:13:34',31.2),('45.395.051','Jasper Ash Blockout','ROL-FAB','2015-04-06 17:13:34',56.35),('45.395.086','Jasper Biscotti Blockout [IND]','ROL-FAB','2015-04-06 17:13:34',56.35),('45.395.089','Jasper Bisque Blockout [IND]','ROL-FAB','2015-04-06 17:13:34',56.35),('45.395.217','Jasper Charcoal Blockout [IND]','ROL-FAB','2015-04-06 17:13:34',56.35),('45.395.339','Jasper Earth Blockout [IND]','ROL-FAB','2015-04-06 17:13:34',56.35),('45.395.347','Jasper Eggshell Blockout [IND]','ROL-FAB','2015-04-06 17:13:34',56.35),('45.395.619','Jasper Oatmeal Blockout [IND]','ROL-FAB','2015-04-06 17:13:34',56.35),('45.395.646','Jasper Parchment Blockout','ROL-FAB','2015-04-06 17:13:34',56.35),('45.395.821','Jasper Smoke Blockout','ROL-FAB','2015-04-06 17:13:34',56.35),('45.395.868','Jasper Stone Blockout [IND]','ROL-FAB','2015-04-06 17:13:34',56.35),('45.396.051','Jasper Ash Translucent','ROL-FAB','2015-04-06 17:13:34',38.2),('45.396.086','Jasper Biscotti TL [IND]','ROL-FAB','2015-04-06 17:13:34',38.2),('45.396.089','Jasper Bisque TL [IND]','ROL-FAB','2015-04-06 17:13:34',38.2),('45.396.217','Jasper Charcoal TL [IND]','ROL-FAB','2015-04-06 17:13:34',38.2),('45.396.339','Jasper Earth TL [IND]','ROL-FAB','2015-04-06 17:13:34',38.2),('45.396.347','Jasper Eggshell TL [IND]','ROL-FAB','2015-04-06 17:13:34',38.2),('45.396.619','Jasper Oatmeal TL [IND]','ROL-FAB','2015-04-06 17:13:34',38.2),('45.396.646','Jasper Parchment TL','ROL-FAB','2015-04-06 17:13:34',38.2),('45.396.821','Jasper Smoke TL','ROL-FAB','2015-04-06 17:13:34',38.2),('45.396.868','Jasper Stone TL [IND]','ROL-FAB','2015-04-06 17:13:34',38.2),('45.400.009','Kakadu Alabaster BO [IND]','ROL-FAB','2015-04-06 17:13:34',47.95),('45.400.083','#Kakadu Birch Blockout [IND]','ROL-FAB','2015-04-06 17:13:34',47.95),('45.400.093','Kakadu Jet Black BO [IND]','ROL-FAB','2015-04-06 17:13:34',47.95),('45.400.217','#Kakadu Charcoal Blockout [IND','ROL-FAB','2015-04-06 17:13:34',47.95),('45.400.355','#Kakadu Fawn Blockout [IND]','DELETED','2015-04-06 17:13:34',47.95),('45.400.674','#Kakadu Pebble Blockout [IND]','ROL-FAB','2015-04-06 17:13:34',47.95),('45.400.754','Kakadu Sable BO IND]','ROL-FAB','2015-04-06 17:13:34',47.95),('45.400.764','#Kakadu Sandstone BO [IND]','ROL-FAB','2015-04-06 17:13:34',47.95),('45.400.980','#Kakadu White Blockout','ROL-FAB','2015-04-06 17:13:34',47.95),('45.401.009','Kakadu Alabaster L/F [IND]','ROL-FAB','2015-04-06 17:13:34',32.2),('45.401.083','#Kakadu Birch Translucent','ROL-FAB','2015-04-06 17:13:34',32.2),('45.401.093','Kakadu Jet Black Translucent','ROL-FAB','2015-04-06 17:13:34',32.2),('45.401.217','Kakadu Charcoal Translucent','ROL-FAB','2015-04-06 17:13:34',32.2),('45.401.355','#Kakadu Fawn Translucent','DELETED','2015-04-06 17:13:34',32.2),('45.401.674','#Kakadu Pebble Translucent','ROL-FAB','2015-04-06 17:13:34',32.2),('45.401.754','Kakadu Sable TL [IND]','ROL-FAB','2015-04-06 17:13:34',32.2),('45.401.764','Kakadu Sandstone TL [IND]','ROL-FAB','2015-04-06 17:13:34',32.2),('45.401.980','Kakadu White Translucent','ROL-FAB','2015-04-06 17:13:44',32.2),('45.414.021','Lava Aluminium BO [IND]','ROL-FAB','2015-04-06 17:13:44',66.1),('45.414.093','Lava Black BO [IND]','ROL-FAB','2015-04-06 17:13:44',66.1),('45.414.207','Lava Cement Blockout','ROL-FAB','2015-04-06 17:13:44',66.1),('45.414.230','Lava Cherry BO [IND]','ROL-FAB','2015-04-06 17:13:44',66.1),('45.414.344','Lava Eggplant BO [IND]','ROL-FAB','2015-04-06 17:13:44',66.1),('45.414.595','Lava Moss BO [IND]','ROL-FAB','2015-04-06 17:13:44',66.1),('45.414.826','Lava Snow BO [IND]','ROL-FAB','2015-04-06 17:13:44',66.1),('45.415.021','Lava Aluminium TL [IND]','ROL-FAB','2015-04-06 17:13:44',46.5500004),('45.415.093','Lava Black TL [IND]','ROL-FAB','2015-04-06 17:13:44',46.5500004),('45.415.207','Lava Cement TL [IND]','ROL-FAB','2015-04-06 17:13:44',46.5500004),('45.415.230','Lava Cherry TL [IND]','ROL-FAB','2015-04-06 17:13:44',46.5500004),('45.415.344','Lava Eggplant TL [IND]','ROL-FAB','2015-04-06 17:13:44',46.5500004),('45.415.595','Lava Moss TL [IND]','ROL-FAB','2015-04-06 17:13:44',46.5500004),('45.415.826','Lava Snow TL [IND]','ROL-FAB','2015-04-06 17:13:44',46.5500004),('45.420.537','#Lincscreen 6% Linen Pearl','SS-FAB','2015-04-06 17:13:44',76.92999999999999),('45.420.541','#Lincscreen 6% Linen White','SS-FAB','2015-04-06 17:13:44',76.92999999999999),('45.420.571','#Lincscreen 6% Midnight Bronze','SS-FAB','2015-04-06 17:13:44',76.92999999999999),('45.420.572','#Lincscreen 6% Midnight Blue','SS-FAB','2015-04-06 17:13:44',76.92999999999999),('45.420.573','#Lincscreen 6% Midnight','SS-FAB','2015-04-06 17:13:44',76.92999999999999),('45.420.576','#Lincscreen 6% Midnight Storm','DELETED','2015-04-06 17:13:44',76.92999999999999),('45.420.878','#Lincscreen 6% Storm White','SS-FAB','2015-04-06 17:13:45',76.92999999999999),('45.420.980','#Lincscreen 6% White','SS-FAB','2015-04-06 17:13:45',76.92999999999999),('45.421.537','#Lincscreen 3% Linen Pearl','SS-FAB','2015-04-06 17:13:45',84.55),('45.421.541','#Lincscreen 3% Linen White','SS-FAB','2015-04-06 17:13:45',84.55),('45.421.571','#Lincscreen 3% Midnight Bronze','SS-FAB','2015-04-06 17:13:45',84.55),('45.421.572','#Lincscreen 3% Midnight Blue','SS-FAB','2015-04-06 17:13:45',84.55),('45.421.573','#Lincscreen 3% Midnight','SS-FAB','2015-04-06 17:13:45',84.55),('45.421.576','#Lincscreen 3% Midnight Storm','SS-FAB','2015-04-06 17:13:45',84.55),('45.421.878','#Lincscreen 3% Storm White','SS-FAB','2015-04-06 17:13:45',84.55),('45.421.980','#Lincscreen 3% White','SS-FAB','2015-04-06 17:13:45',84.55),('45.430.075','#Liberty Beige','DELETED','2015-04-06 17:13:45',29.9),('45.430.118','#Liberty Blue','DELETED','2015-04-06 17:13:45',29.9),('45.430.137','#Liberty Bone','DELETED','2015-04-06 17:13:45',29.9),('45.430.496','#Liberty Lemo','DELETED','2015-04-06 17:13:45',29.9),('45.430.651','#Liberty Pearl','DELETED','2015-04-06 17:13:45',29.9),('45.430.868','#Liberty Stone','DELETED','2015-04-06 17:13:45',29.9),('45.430.980','#Liberty White','DELETED','2015-04-06 17:13:45',29.9),('45.440.091','Linear Black [IND]','ROL-FAB','2015-04-06 17:13:45',40.449999999999996),('45.440.535','Linear Linen [IND]','ROL-FAB','2015-04-06 17:13:45',34),('45.440.980','Linear White [IND]','ROL-FAB','2015-04-06 17:13:45',34),('45.441.091','# Lintex Black B/O [IND]','ROL-FAB','2015-04-06 17:13:45',0),('45.441.153','# Lintex Brown Blockout','ROL-FAB','2015-04-06 17:13:45',78.5),('45.441.277','#Lintex Cotton Blockout','ROL-FAB','2015-04-06 17:13:45',78.5),('45.441.281','#Lintex Cream Blockout','ROL-FAB','2015-04-06 17:13:45',78.5),('45.441.307','#Lintex Dark Beige Blockout','ROL-FAB','2015-04-06 17:13:45',78.5),('45.441.509','#Lintex Light Beige Blockout','ROL-FAB','2015-04-06 17:13:45',78.5),('45.441.583','#Lintex Mink Blockout','ROL-FAB','2015-04-06 17:13:45',78.5),('45.441.821','#Lintex Smoke Blockout','ROL-FAB','2015-04-06 17:13:45',0),('45.441.868','#Lintex Stone Blockout','ROL-FAB','2015-04-06 17:13:45',78.5),('45.441.980','#Lintex White Blockout','ROL-FAB','2015-04-06 17:13:45',78.5),('45.442.091','#Lintex Black Translucent','ROL-FAB','2015-04-06 17:13:45',57.699999999999996),('45.442.153','#Lintex Brown Translucent','ROL-FAB','2015-04-06 17:13:45',57.699999999999996),('45.442.277','#Lintex Cotton Translucent','ROL-FAB','2015-04-06 17:13:45',57.699999999999996),('45.442.281','#Lintex Cream Translucent','ROL-FAB','2015-04-06 17:13:45',78.5),('45.442.307','#Lintex Dark Beige Translucent','ROL-FAB','2015-04-06 17:13:45',57.699999999999996),('45.442.509','#Lintex Light Beige Transluce','ROL-FAB','2015-04-06 17:13:45',57.699999999999996),('45.442.583','#Lintex Mink Translucent','ROL-FAB','2015-04-06 17:13:45',57.699999999999996),('45.442.617','#Lintex Orange Translucent','ROL-FAB','2015-04-06 17:13:45',57.699999999999996),('45.442.649','#Lintex Peanut Translucent','ROL-FAB','2015-04-06 17:13:45',57.699999999999996),('45.442.821','#Lintex Smoke Translucent','ROL-FAB','2015-04-06 17:13:45',57.699999999999996),('45.442.868','#Lintex Stone Translucent','ROL-FAB','2015-04-06 17:13:45',57.699999999999996),('45.442.928','#Lintex Tobacco Translucent','ROL-FAB','2015-04-06 17:13:45',57.699999999999996),('45.442.980','#Lintex White Translucent','ROL-FAB','2015-04-06 17:13:45',78.5),('45.445.281','#Matrix Cream','ROL-FAB','2015-04-06 17:13:45',23.15),('45.445.980','#Matrix Ice','ROL-FAB','2015-04-06 17:13:45',23.15),('45.446.254','Matrix Coffee TL [IND]','ROL-FAB','2015-04-06 17:13:45',0),('45.446.340','Matrix Ebony TL [IND]','ROL-FAB','2015-04-06 17:13:45',0),('45.446.464','Matrix Ivory TL [IND]','ROL-FAB','2015-04-06 17:13:45',0),('45.446.583','Matrix Mink TL [IND]','ROL-FAB','2015-04-06 17:13:45',0),('45.446.651','Matrix Pearl TL [IND]','ROL-FAB','2015-04-06 17:13:45',0),('45.446.680','Matrix Pewter TL [IND]','ROL-FAB','2015-04-06 17:13:45',0),('45.446.712','Matrix Pristine TL [IND]','ROL-FAB','2015-04-06 17:13:45',0),('45.446.868','Matrix Stone TL [IND]','ROL-FAB','2015-04-06 17:13:45',0),('45.446.980','Matrix White TL [IND]','ROL-FAB','2015-04-06 17:13:45',0),('45.447.254','Matrix Coffee BO [IND]','ROL-FAB','2015-04-06 17:13:45',0),('45.447.340','Matrix Ebony BO [IND]','ROL-FAB','2015-04-06 17:13:45',0),('45.447.408','Matrix Grey BO [IND]','ROL-FAB','2015-04-06 17:13:45',0),('45.447.464','Matrix Ivory BO [IND]','ROL-FAB','2015-04-06 17:13:45',0),('45.447.583','Matrix Mink BO [IND]','ROL-FAB','2015-04-06 17:13:45',0),('45.447.651','Matrix Pearl BO [IND]','ROL-FAB','2015-04-06 17:13:45',0),('45.447.680','Matrix Pewter BO [IND]','ROL-FAB','2015-04-06 17:13:45',0),('45.447.712','Matrix Pristine BO [IND]','ROL-FAB','2015-04-06 17:13:45',0),('45.447.868','Matrix Stone BO [IND]','ROL-FAB','2015-04-06 17:13:45',0),('45.447.980','Matrix White BO [IND]','ROL-FAB','2015-04-06 17:13:45',0),('45.448.464','#Mentone Ivory Blockout','DELETED','2015-04-06 17:13:45',28.1),('45.450.051','Mercury Ash Blockout','ROL-FAB','2015-04-06 17:13:45',56.35),('45.450.091','Mercury Black Blockout','ROL-FAB','2015-04-06 17:13:45',56.35),('45.450.233','Mercury Chinchilla BO [IND]','ROL-FAB','2015-04-06 17:13:45',56.35),('45.450.238','#Mercury Chocolate BO','ROL-FAB','2015-04-06 17:13:45',56.35),('45.450.244','Mercury Cinder Blockout [IND]','ROL-FAB','2015-04-06 17:13:45',56.35),('45.450.281','Mercury Cream Blockout [IND]','ROL-FAB','2015-04-06 17:13:45',56.35),('45.450.463','Mercury Ironbark Blockout','ROL-FAB','2015-04-06 17:13:45',56.35),('45.450.595','#Mercuy Moss Blockout','ROL-FAB','2015-04-06 17:13:45',45.65),('45.450.678','#Mercury Petrol Blockout','ROL-FAB','2015-04-06 17:13:45',45.65),('45.450.715','#Mercury Putty Blockout','ROL-FAB','2015-04-06 17:13:45',45.65),('45.450.807','Mercury Silver Blockout','ROL-FAB','2015-04-06 17:13:45',56.35),('45.450.826','Mercury Snow Blockout','ROL-FAB','2015-04-06 17:13:45',56.35),('45.450.834','Mercury Snowgum Blockout [IND]','ROL-FAB','2015-04-06 17:13:45',56.35),('45.450.868','Mercury Stone Blockout','ROL-FAB','2015-04-06 17:13:45',56.35),('45.450.869','Mercury Steel Blockout','ROL-FAB','2015-04-06 17:13:58',56.35),('45.450.980','Mercury White Blockout','ROL-FAB','2015-04-06 17:13:58',56.35),('45.451.051','Mercury Ash Translucent','ROL-FAB','2015-04-06 17:13:58',38.2),('45.451.091','Mercury Black Translucent','ROL-FAB','2015-04-06 17:13:58',38.2),('45.451.233','Mercury Chinchilla TL [IND]','ROL-FAB','2015-04-06 17:13:58',38.2),('45.451.238','#Mercury Chocolate Translucent','ROL-FAB','2015-04-06 17:13:58',30.65),('45.451.244','Mercury Cinder TL [IND]','ROL-FAB','2015-04-06 17:13:58',38.2),('45.451.281','Mercury Cream TL [IND]','ROL-FAB','2015-04-06 17:13:58',38.2),('45.451.463','Mercury Ironbark Translucent','ROL-FAB','2015-04-06 17:13:58',38.2),('45.451.595','#Mercury Moss Translucent','ROL-FAB','2015-04-06 17:13:58',30.65),('45.451.678','#Mercury Petrol Translucent','ROL-FAB','2015-04-06 17:13:58',30.65),('45.451.715','#Mercury Putty Translucent','ROL-FAB','2015-04-06 17:13:58',30.65),('45.451.807','Mercury Silver Translucent','ROL-FAB','2015-04-06 17:13:58',38.2),('45.451.826','Mercury Snow Translucent','ROL-FAB','2015-04-06 17:13:58',38.2),('45.451.834','Mercury Snowgum TL [IND]','ROL-FAB','2015-04-06 17:13:58',38.2),('45.451.868','Mercury Stone Translucent','ROL-FAB','2015-04-06 17:13:58',38.2),('45.451.869','Mercury Steel Translucent','ROL-FAB','2015-04-06 17:13:58',38.2),('45.451.980','Mercury White Translucent','ROL-FAB','2015-04-06 17:13:58',38.2),('45.452.118','#Mia Blue','DELETED','2015-04-06 17:13:58',63.5500004),('45.452.281','#Mia Cream','DELETED','2015-04-06 17:13:58',63.5500004),('45.452.363','#Mia Flint','DELETED','2015-04-06 17:13:58',63.5500004),('45.452.868','#Mia Stone','DELETED','2015-04-06 17:13:58',63.5500004),('45.452.940','#Mia Vanilla','DELETED','2015-04-06 17:13:58',63.5500004),('45.452.980','#Mia White','DELETED','2015-04-06 17:13:58',63.5500004),('45.455.023','#Meridien Alpine Haze','DELETED','2015-04-06 17:13:58',23.15),('45.455.066','#Meridien Beach Sand','DELETED','2015-04-06 17:13:58',23.15),('45.455.166','#Meridien Butterscotch','DELETED','2015-04-06 17:13:58',23.15),('45.455.184','#Meridien Caramel','DELETED','2015-04-06 17:13:58',23.15),('45.455.193','#Meridien Cashew','DELETED','2015-04-06 17:13:58',23.15),('45.455.195','#Meridien Cargo','DELETED','2015-04-06 17:13:58',23.15),('45.455.246','#Meridien Citrus Cream','DELETED','2015-04-06 17:13:58',23.15),('45.455.253','#Meridien Cockatoo','DELETED','2015-04-06 17:13:58',23.15),('45.455.342','#Meridien Ebony','DELETED','2015-04-06 17:13:58',23.15),('45.455.349','#Meridien Espresso','DELETED','2015-04-06 17:13:58',23.15),('45.455.417','#Meridien Gunmetal','DELETED','2015-04-06 17:13:58',23.15),('45.455.479','#Meridien Jewel','DELETED','2015-04-06 17:13:58',23.15),('45.455.544','#Meridien Malt','DELETED','2015-04-06 17:13:58',23.15),('45.455.574','#Meridien Mint','DELETED','2015-04-06 17:13:58',23.15),('45.455.580','#Meridien Mistletoe','DELETED','2015-04-06 17:13:58',23.15),('45.455.597','#Meridien Natural','DELETED','2015-04-06 17:13:58',23.15),('45.455.623','#Meridien Orchid','DELETED','2015-04-06 17:13:58',23.15),('45.455.640','#Meridien Paperbark','DELETED','2015-04-06 17:13:58',23.15),('45.455.680','#Meridien Pewter','DELETED','2015-04-06 17:13:58',23.15),('45.455.717','#Meridien Pumice','DELETED','2015-04-06 17:13:58',23.15),('45.455.758','#Meridien Sand','DELETED','2015-04-06 17:13:58',23.15),('45.455.940','#Meridien Vanilla','DELETED','2015-04-06 17:13:58',23.15),('45.455.980','#Meridien White','DELETED','2015-04-06 17:13:58',23.15),('45.456.011','#Midnight Alaska','DELETED','2015-04-06 17:13:58',17),('45.456.013','#Midnight Almond','DELETED','2015-04-06 17:13:58',17),('45.456.038','#Midnight Antique White','DELETED','2015-04-06 17:13:58',17),('45.456.088','#Midnight Biscuit','DELETED','2015-04-06 17:13:58',17),('45.456.241','#Midnight Cinnamo','DELETED','2015-04-06 17:13:58',17),('45.456.248','#Midnight Clay','DELETED','2015-04-06 17:13:59',17),('45.456.277','#Midnight Cotto','DELETED','2015-04-06 17:13:59',17),('45.456.281','#Midnight Classic Cream','DELETED','2015-04-06 17:13:59',17),('45.456.326','#Midnight Dove Grey','DELETED','2015-04-06 17:13:59',17),('45.456.332','#Midnight Dune','DELETED','2015-04-06 17:13:59',17),('45.456.347','#Midnight Egg Shell','DELETED','2015-04-06 17:13:59',17),('45.456.414','#Midnight Grey Shee','DELETED','2015-04-06 17:13:59',17),('45.456.535','#Midnight Line','DELETED','2015-04-06 17:13:59',17),('45.456.614','#Midnight Nutmeg','DELETED','2015-04-06 17:13:59',17),('45.456.646','#Midnight Parchment','DELETED','2015-04-06 17:13:59',17),('45.456.725','#Midnight Raw Silk','DELETED','2015-04-06 17:13:59',17),('45.456.784','#Midnight Sea Shell','DELETED','2015-04-06 17:13:59',17),('45.456.990','#Midnight Wicker','DELETED','2015-04-06 17:13:59',17),('45.458.222','#M Screen Charcoal/Sable [IND]','SS-FAB','2015-04-06 17:13:59',0),('45.458.223','#M Screen Charcoal/Linen [IND]','ROL-FAB','2015-04-06 17:13:59',0),('45.458.224','#M Screen Charcoal/Grey [IND]','SS-FAB','2015-04-06 17:13:59',38.5),('45.458.225','#M Screen Charcoal Lotus [IND]','SS-FAB','2015-04-06 17:13:59',0),('45.458.226','#M Screen Ch Pearl Grey [IND]','SS-FAB','2015-04-06 17:13:59',0),('45.458.257','#M Screen Cocoa [IND]','ROL-FAB','2015-04-06 17:13:59',0),('45.458.532','#M Screen Linen Sbl Coco [IND]','ROL-FAB','2015-04-06 17:13:59',0),('45.458.534','#M Screen Linen Stone [IND]','SS-FAB','2015-04-06 17:13:59',38.5),('45.458.535','#M Screen Linen [IND]','ROL-FAB','2015-04-06 17:13:59',0),('45.458.651','#M Screen Prl Sbl Cocoa [IND]','SS-FAB','2015-04-06 17:13:59',0),('45.458.755','#M Screen Sbl Coco Haze [IND]','ROL-FAB','2015-04-06 17:13:59',45),('45.458.975','#M Screen White Lotus*','SS-FAB','2015-04-06 17:13:59',0),('45.458.980','#M Screen White [IND]','SS-FAB','2015-04-06 17:13:59',0),('45.458.982','#M Screen White Line','SS-FAB','2015-04-06 17:13:59',38.5),('45.458.991','#M Screen White Stone','SS-FAB','2015-04-06 17:13:59',38.5),('45.459.217','M Screen Charcoal','SS-FAB','2015-04-06 17:13:59',52.49999999999999),('45.459.221','M Screen Charcoal Cocoa','SS-FAB','2015-04-06 17:13:59',52.49999999999999),('45.459.222','M Screen Charcoal Sable','SS-FAB','2015-04-06 17:13:59',52.49999999999999),('45.459.224','M Screen Charcoal Grey','SS-FAB','2015-04-06 17:13:59',52.49999999999999),('45.459.226','M Screen Ch Pearl Grey [IND]','ROL-FAB','2015-04-06 17:13:59',52.49999999999999),('45.459.651','M Screen Pearl Sable [IND]','SS-FAB','2015-04-06 17:13:59',52.49999999999999),('45.459.652','M Screen Pearl Charcoal [IND]','SS-FAB','2015-04-06 17:13:59',0),('45.459.653','M Screen Prl Sbl Cocoa [IND]','SS-FAB','2015-04-06 17:13:59',0),('45.459.664','M Screen Pearl Line','SS-FAB','2015-04-06 17:13:59',52.49999999999999),('45.459.755','M Screen Sable Coco Haze [IND]','SS-FAB','2015-04-06 17:13:59',52.49999999999999),('45.459.975','M Screen White Lotus','SS-FAB','2015-04-06 17:13:59',0),('45.459.980','M Screen White','SS-FAB','2015-04-06 17:13:59',52.49999999999999),('45.459.982','M Screen White Line','SS-FAB','2015-04-06 17:13:59',52.49999999999999),('45.459.989','M Screen White Pearl','ROL-FAB','2015-04-06 17:13:59',52.49999999999999),('45.459.991','M Screen White Stone','SS-FAB','2015-04-06 17:13:59',52.49999999999999),('45.460.009','#Moire Alabaster','DELETED','2015-04-06 17:13:59',16.33),('45.460.091','#Moire Black','DELETED','2015-04-06 17:13:59',16.33),('45.460.134','#Moire Blush','DELETED','2015-04-06 17:13:59',16.33),('45.460.214','#Moire Champagne','DELETED','2015-04-06 17:13:59',16.33),('45.460.347','#Moire Eggshell','DELETED','2015-04-06 17:13:59',16.33),('45.460.396','#Moire Gree','DELETED','2015-04-06 17:14:09',16.33),('45.460.408','#Moire Grey','DELETED','2015-04-06 17:14:09',16.33),('45.460.648','#Moire Peach','DELETED','2015-04-06 17:14:09',16.33),('45.460.818','#Moire Slate','DELETED','2015-04-06 17:14:09',16.33),('45.460.980','#Moire White','DELETED','2015-04-06 17:14:09',16.33),('45.461.091','Moma Black Blockout [IND]','ROL-FAB','2015-04-06 17:14:09',66.1),('45.461.462','Moma Iron Blockout [IND]','ROL-FAB','2015-04-06 17:14:09',66.1),('45.461.800','Moma Shitake Blockout [IND]','ROL-FAB','2015-04-06 17:14:09',66.1),('45.461.826','Moma Snow Blockout [IND]','ROL-FAB','2015-04-06 17:14:09',66.1),('45.461.868','Moma Stone Blockout [IND]','ROL-FAB','2015-04-06 17:14:09',66.1),('45.461.980','Moma White Blockout [IND]','ROL-FAB','2015-04-06 17:14:09',66.1),('45.462.091','Moma Black Translucent [IND]','ROL-FAB','2015-04-06 17:14:09',46.5500004),('45.462.462','Moma Iron Translucent [IND]','ROL-FAB','2015-04-06 17:14:09',46.5500004),('45.462.800','Moma Shitake Translucent [IND]','ROL-FAB','2015-04-06 17:14:09',46.5500004),('45.462.826','Moma Snow Translucent [IND]','ROL-FAB','2015-04-06 17:14:09',46.5500004),('45.462.868','Moma Stone Translucent [IND]','ROL-FAB','2015-04-06 17:14:09',46.5500004),('45.462.980','Moma White Translucent [IND]','ROL-FAB','2015-04-06 17:14:09',46.5500004),('45.463.464','#New Bermuda Ivory Blockout','DELETED','2015-04-06 17:14:09',39.4),('45.463.980','#New Bermuda White Blockout','DELETED','2015-04-06 17:14:09',39.4),('45.464.464','#New Bermuda Ivory Translucent','DELETED','2015-04-06 17:14:09',23.7),('45.464.980','#New Bermuda White Transulcent','DELETED','2015-04-06 17:14:09',23.7),('45.468.054','#North Azure','DELETED','2015-04-06 17:14:09',42.1500006),('45.468.458','#North Indigo','DELETED','2015-04-06 17:14:09',42.1500006),('45.468.807','#North Silver','DELETED','2015-04-06 17:14:09',42.1500006),('45.468.980','#North White','DELETED','2015-04-06 17:14:09',42.1500006),('45.470.091','#Ombra 8900 Black','ROL-FAB','2015-04-06 17:14:09',84),('45.470.980','#Ombra 8000 White','ROL-FAB','2015-04-06 17:14:09',84),('45.475.036','#Panama Antique','ROL-FAB','2015-04-06 17:14:09',56),('45.475.229','#Panama Chestnut','ROL-FAB','2015-04-06 17:14:09',56),('45.475.301','#Panama Daisy','ROL-FAB','2015-04-06 17:14:09',56),('45.475.329','#Panama Dream','ROL-FAB','2015-04-06 17:14:09',56),('45.475.331','#Panama Duchess','ROL-FAB','2015-04-06 17:14:09',56),('45.475.498','#Panama Leopard','ROL-FAB','2015-04-06 17:14:09',56),('45.475.575','#Panama Mist','ROL-FAB','2015-04-06 17:14:09',56),('45.475.680','#Panama Pewter','ROL-FAB','2015-04-06 17:14:09',56),('45.475.683','#Panama Phantom','ROL-FAB','2015-04-06 17:14:09',56),('45.480.980','#Parnell Allegra 1421','ROL-FAB','2015-04-06 17:14:09',12.9),('45.481.980','#Parnell Autumn 1301','ROL-FAB','2015-04-06 17:14:09',12.9),('45.482.980','#Parnell Crystal 1311','ROL-FAB','2015-04-06 17:14:09',12.9),('45.483.980','#Parnell Florence 1424','ROL-FAB','2015-04-06 17:14:09',12.9),('45.490.268','#Pearl Copper','DELETED','2015-04-06 17:14:09',39.6),('45.490.807','#Pearl Silver','DELETED','2015-04-06 17:14:09',39.6),('45.510.023','Plaza Plus Alpine Hze','ROL-FAB','2015-04-06 17:14:09',27.249999999999996),('45.510.066','Plaza Plus Beach Sand','ROL-FAB','2015-04-06 17:14:09',27.249999999999996),('45.510.166','#Plaza Plus Butterscotch','ROL-FAB','2015-04-06 17:14:09',27.249999999999996),('45.510.168','#Plaza Plus Cabernet','DELETED','2015-04-06 17:14:09',27.249999999999996),('45.510.184','Plaza Plus Caramel','ROL-FAB','2015-04-06 17:14:09',27.249999999999996),('45.510.193','Plaza Plus Cashew','ROL-FAB','2015-04-06 17:14:09',27.249999999999996),('45.510.195','Plaza Plus Cargo','ROL-FAB','2015-04-06 17:14:09',27.249999999999996),('45.510.246','Plaza Plus Citrus Cream','ROL-FAB','2015-04-06 17:14:09',27.249999999999996),('45.510.247','Plaza Plus Clay','ROL-FAB','2015-04-06 17:14:09',27.249999999999996),('45.510.253','Plaza Plus Cockatoo','ROL-FAB','2015-04-06 17:14:09',27.249999999999996),('45.510.340','Plaza Plus Ebony','ROL-FAB','2015-04-06 17:14:09',27.249999999999996),('45.510.349','Plaza Plus Espresso','ROL-FAB','2015-04-06 17:14:09',27.249999999999996),('45.510.354','Plaza Plus Footprint','ROL-FAB','2015-04-06 17:14:09',27.249999999999996),('45.510.380','Plaza Plus Ginger','ROL-FAB','2015-04-06 17:14:09',27.249999999999996),('45.510.417','Plaza Plus Gunmetal','ROL-FAB','2015-04-06 17:14:09',27.249999999999996),('45.510.436','Plaza Plus Hickory','ROL-FAB','2015-04-06 17:14:09',27.249999999999996),('45.510.479','Plaza Plus Jewel','ROL-FAB','2015-04-06 17:14:09',27.249999999999996),('45.510.544','Plaza Plus Malt','ROL-FAB','2015-04-06 17:14:09',27.249999999999996),('45.510.574','#Plaza Plus Mint','ROL-FAB','2015-04-06 17:14:09',27.249999999999996),('45.510.580','#Plaza Plus Mistletoe','DELETED','2015-04-06 17:14:09',27.249999999999996),('45.510.597','Plaza Plus Natural','ROL-FAB','2015-04-06 17:14:09',27.249999999999996),('45.510.609','Plaza Plus Nighthawk','ROL-FAB','2015-04-06 17:14:09',27.249999999999996),('45.510.623','Plaza Plus Orchid','ROL-FAB','2015-04-06 17:14:09',27.249999999999996),('45.510.640','Plaza Plus Paperbark','ROL-FAB','2015-04-06 17:14:09',27.249999999999996),('45.510.680','#Plaza Plus Pewter','ROL-FAB','2015-04-06 17:14:09',27.249999999999996),('45.510.717','Plaza Plus Pumice','ROL-FAB','2015-04-06 17:14:09',27.249999999999996),('45.510.745','Plaza Plus Royal','ROL-FAB','2015-04-06 17:14:09',27.249999999999996),('45.510.758','Plaza Plus Sand','ROL-FAB','2015-04-06 17:14:09',27.249999999999996),('45.510.940','Plaza Plus Vanilla','ROL-FAB','2015-04-06 17:14:09',27.249999999999996),('45.510.972','#Plaza Plus Wedgewood','ROL-FAB','2015-04-06 17:14:09',27.249999999999996),('45.510.980','Plaza Plus White','ROL-FAB','2015-04-06 17:14:09',27.249999999999996),('45.511.195','Plaza Plus Cargo 2.8m','ROL-FAB','2015-04-06 17:14:09',31.7500004),('45.511.247','Plaza Plus Clay 2.8m','ROL-FAB','2015-04-06 17:14:09',31.7500004),('45.511.253','Plaza Plus Cockatoo 2.8m','ROL-FAB','2015-04-06 17:14:09',31.7500004),('45.511.340','Plaza Plus Ebony 2.8m','ROL-FAB','2015-04-06 17:14:10',31.7500004),('45.511.349','Plaza Plus Espresso 2.8m','ROL-FAB','2015-04-06 17:14:10',31.7500004),('45.511.354','Plaza Plus Footprint 2.8m','ROL-FAB','2015-04-06 17:14:10',31.7500004),('45.511.380','Plaza Plus Ginger 2.8m','ROL-FAB','2015-04-06 17:14:10',31.7500004),('45.511.436','Plaza Plus Hickory 2.8m','ROL-FAB','2015-04-06 17:14:10',31.7500004),('45.511.609','Plaza Plus Nighthawk 2.8m','ROL-FAB','2015-04-06 17:14:10',31.7500004),('45.511.623','Plaza Plus Orchid 2.8m','ROL-FAB','2015-04-06 17:14:10',31.7500004),('45.511.980','Plaza Plus White 2.8m','ROL-FAB','2015-04-06 17:14:10',31.7500004),('45.520.022','#Polar Alpine Blockout','DELETED','2015-04-06 17:14:10',43.5),('45.520.281','#Polar Cream Blockout','DELETED','2015-04-06 17:14:10',43.5),('45.520.357','#Polar Fern Blockout','ROL-FAB','2015-04-06 17:14:10',43.5),('45.520.434','#Polar Heather Blockout','DELETED','2015-04-06 17:14:10',43.5),('45.520.627','#Polar Olive Blockout','DELETED','2015-04-06 17:14:10',43.5),('45.520.715','#Polar Putty Blockout','DELETED','2015-04-06 17:14:10',43.5),('45.520.729','#Polar Redwood Blockout','DELETED','2015-04-06 17:14:10',43.5),('45.520.826','#Polar Snow Blockout','DELETED','2015-04-06 17:14:10',43.5),('45.520.883','#Polar String Blockout','DELETED','2015-04-06 17:14:10',43.5),('45.520.907','#Polar Taupe Blockout','DELETED','2015-04-06 17:14:10',43.5),('45.521.022','#Polar Alpine Translucent','DELETED','2015-04-06 17:14:10',29.2),('45.521.281','#Polar Cream Translucent','DELETED','2015-04-06 17:14:10',29.2),('45.521.357','#Polar Fern Translucent','DELETED','2015-04-06 17:14:10',29.2),('45.521.434','#Polar Heather Translucent','DELETED','2015-04-06 17:14:10',29.2),('45.521.627','#Polar Olive Translucent','DELETED','2015-04-06 17:14:10',29.2),('45.521.715','#Polar Putty Translucent','DELETED','2015-04-06 17:14:10',29.2),('45.521.729','#Polar Redwood Translucent','DELETED','2015-04-06 17:17:43',29.2),('45.521.826','#Polar Snow Translucent','DELETED','2015-04-06 17:17:43',29.2),('45.521.883','#Polar String Translucent','DELETED','2015-04-06 17:17:43',29.2),('45.521.907','#Polar Taupe Translucent','DELETED','2015-04-06 17:17:43',29.2),('45.530.032','Quay Angel','ROL-FAB','2015-04-06 17:17:43',32.9),('45.530.322','#Quay Dew','ROL-FAB','2015-04-06 17:17:43',32.9),('45.530.442','#Quay Hog','ROL-FAB','2015-04-06 17:17:43',32.9),('45.530.537','#Quay Lotus','ROL-FAB','2015-04-06 17:17:43',32.9),('45.530.546','#Quay Mercury','ROL-FAB','2015-04-06 17:17:43',32.9),('45.530.548','#Quay Milto','ROL-FAB','2015-04-06 17:17:43',32.9),('45.530.647','#Quay Passive','ROL-FAB','2015-04-06 17:17:43',32.9),('45.530.677','#Quay Peca','ROL-FAB','2015-04-06 17:17:43',32.9),('45.530.871','#Quay Squiggle','ROL-FAB','2015-04-06 17:17:43',32.9),('45.530.875','Quay Storm','ROL-FAB','2015-04-06 17:17:43',32.9),('45.530.957','Quay Vivid','ROL-FAB','2015-04-06 17:17:43',32.9),('45.530.979','#Quay Whisper','ROL-FAB','2015-04-06 17:17:43',32.9),('45.540.091','#Raffles Black','DELETED','2015-04-06 17:17:43',20.82),('45.540.160','#Raffles Burgundy','DELETED','2015-04-06 17:17:43',20.82),('45.540.449','#Raffles Hunter Gree','DELETED','2015-04-06 17:17:43',20.82),('45.540.464','#Raffles Ivory','DELETED','2015-04-06 17:17:43',20.82),('45.540.737','#Raffles Rich Cream','DELETED','2015-04-06 17:17:43',20.82),('45.540.917','#Raffles Terracotta','DELETED','2015-04-06 17:17:43',20.82),('45.540.972','#Raffles Wedgewood','DELETED','2015-04-06 17:17:43',20.82),('45.610.612','#Resorts Norfolk','DELETED','2015-04-06 17:17:43',21.5),('45.650.075','#Retro-Tex Beige 49719/2','DELETED','2015-04-06 17:17:43',24.9),('45.650.238','#Retro-Tex Chocolate 49719/3','DELETED','2015-04-06 17:17:43',24.9),('45.680.980','#Sicily White Blockout','ROL-FAB','2015-04-06 17:17:43',36.75),('45.690.051','Screen Opulence Ash [IND]','SS-FAB','2015-04-06 17:17:43',43.1500006),('45.690.096','Screen Opulence B Diamond IND','SS-FAB','2015-04-06 17:17:43',43.1500006),('45.690.188','Screen Opulence Carob [IND]','SS-FAB','2015-04-06 17:17:43',43.1500006),('45.690.560','Screen Opulence Marble [IND]','SS-FAB','2015-04-06 17:17:43',43.1500006),('45.690.694','Screen Opulence Platinum [IND]','SS-FAB','2015-04-06 17:17:43',43.1500006),('45.690.748','Screen Opulence Rye [IND]','SS-FAB','2015-04-06 17:17:43',43.1500006),('45.690.791','Screen Opulence Shale [IND]','SS-FAB','2015-04-06 17:17:43',43.1500006),('45.690.928','Screen Opulence Tobacco [IND]','SS-FAB','2015-04-06 17:17:43',43.1500006),('45.700.980','#Seascape White','DELETED','2015-04-06 17:17:43',20.41),('45.710.033','Seychelles Angora','ROL-FAB','2015-04-06 17:17:43',87.25),('45.710.208','#Seychelles Cereamic','ROL-FAB','2015-04-06 17:17:43',87.25),('45.710.214','Seychelles Champagne','ROL-FAB','2015-04-06 17:17:43',87.25),('45.710.334','Seychelles Drizzle','ROL-FAB','2015-04-06 17:17:43',87.25),('45.710.346','Seychelles Empire','ROL-FAB','2015-04-06 17:17:43',87.25),('45.710.348','Seychelles Essence','ROL-FAB','2015-04-06 17:17:43',87.25),('45.710.991','Seychelles Willow','ROL-FAB','2015-04-06 17:17:43',87.25),('45.720.464','#Sheer-Tex Ivory 5157','ROL-FAB','2015-04-06 17:17:43',19.7),('45.720.574','#Sheer-Tex Mint 5159','ROL-FAB','2015-04-06 17:17:43',19.7),('45.720.907','#Sheer-Tex Taupe 5160','DELETED','2015-04-06 17:17:43',19.7),('45.720.980','#Sheer-Tex White 4130','ROL-FAB','2015-04-06 17:17:43',19.7),('45.720.996','#Sheer-Tex Yellow 5158','ROL-FAB','2015-04-06 17:17:43',19.7),('45.721.464','#Sheer-Tex Ivory 5157','ROL-FAB','2015-04-06 17:17:43',23.65),('45.721.980','#Sheer-Tex White 4130','ROL-FAB','2015-04-06 17:17:43',23.65),('45.730.980','#Sicily White Blockout','DELETED','2015-04-06 17:17:43',39.4),('45.735.137','Spencer Bone BO [IND]','ROL-FAB','2015-04-06 17:17:43',66.1),('45.735.197','Spencer Caviar BO [IND]','ROL-FAB','2015-04-06 17:17:43',66.1),('45.735.462','Spencer Iron BO [IND]','ROL-FAB','2015-04-06 17:17:43',66.1),('45.735.583','Spencer Mink BO [IND]','ROL-FAB','2015-04-06 17:17:43',66.1),('45.735.826','Spencer Snow BO [IND]','ROL-FAB','2015-04-06 17:17:43',66.1),('45.735.907','Spencer Taupe BO [IND]','ROL-FAB','2015-04-06 17:17:43',66.1),('45.736.137','Spencer Bone TL [IND]','ROL-FAB','2015-04-06 17:17:43',46.5500004),('45.736.197','Spencer Caviar TL [IND]','ROL-FAB','2015-04-06 17:17:43',46.5500004),('45.736.462','Spencer Iron TL [IND]','ROL-FAB','2015-04-06 17:17:43',46.5500004),('45.736.583','Spencer Mink TL [IND]','ROL-FAB','2015-04-06 17:17:43',46.5500004),('45.736.826','Spencer Snow TL [IND]','ROL-FAB','2015-04-06 17:17:43',46.5500004),('45.736.907','Spencer Taupe TL [IND]','ROL-FAB','2015-04-06 17:17:43',46.5500004),('45.740.033','#Sublime Angora','DELETED','2015-04-06 17:17:43',32.16),('45.740.083','#Sublime Birch','DELETED','2015-04-06 17:17:43',32.16),('45.740.109','#Sublime Bliss','DELETED','2015-04-06 17:17:43',32.16),('45.740.252','#Sublime Cobalt','DELETED','2015-04-06 17:17:43',32.16),('45.740.285','#Sublime Crepe','DELETED','2015-04-06 17:17:43',32.16),('45.740.366','#Sublime Forest','DELETED','2015-04-06 17:17:43',32.16),('45.740.372','#Sublime Fresh Pine','DELETED','2015-04-06 17:17:43',32.16),('45.740.425','#Sublime Harmony','DELETED','2015-04-06 17:17:43',32.16),('45.740.452','#Sublime Iceberg','DELETED','2015-04-06 17:17:43',32.16),('45.740.461','#Sublime Irsh Cream','DELETED','2015-04-06 17:17:43',32.16),('45.740.563','#Sublime M\'mallow','DELETED','2015-04-06 17:17:43',32.16),('45.740.722','#Sublime Raffia','DELETED','2015-04-06 17:17:43',32.16),('45.742.075','#Topic Beige Trv CS','ROL-FAB','2015-04-06 17:17:43',84),('45.742.091','#Topic Black Trv CS','ROL-FAB','2015-04-06 17:17:43',84),('45.742.305','#Topic Dark Brown Trv CS','ROL-FAB','2015-04-06 17:17:43',90),('45.742.309','#Topic Dark Grey Trv CS','ROL-FAB','2015-04-06 17:17:43',84),('45.742.339','#Topic Earth Trv CS','ROL-FAB','2015-04-06 17:17:43',90),('45.742.408','#Topic Grey Trv CS','ROL-FAB','2015-04-06 17:17:43',90),('45.742.618','#Topic Off White Trv CS','ROL-FAB','2015-04-06 17:17:43',90),('45.742.849','#Topic Soft Khaki Trv CS','ROL-FAB','2015-04-06 17:17:43',90),('45.742.980','#Topic White Trv CS','ROL-FAB','2015-04-06 17:17:43',90),('45.744.091','#Terra 2000 Black','ROL-FAB','2015-04-06 17:17:43',96),('45.744.259','#Terra 2000 Coco','ROL-FAB','2015-04-06 17:17:43',0),('45.744.332','#Terra 2000 Dune','ROL-FAB','2015-04-06 17:17:43',0),('45.744.631','#Terra 2000 Oyster','ROL-FAB','2015-04-06 17:17:43',0),('45.744.980','#Terra 2000 White','ROL-FAB','2015-04-06 17:17:43',0),('45.940.091','#View 2000 Black','ROL-FAB','2015-04-06 17:17:43',86),('45.940.259','#View 2000 Coco','ROL-FAB','2015-04-06 17:17:43',86),('45.940.332','#View 2000 Dune','ROL-FAB','2015-04-06 17:17:43',86),('45.940.631','#iew 2000 Oyster','ROL-FAB','2015-04-06 17:17:43',96),('45.940.980','#View 2000 White','ROL-FAB','2015-04-06 17:17:43',86),('45.948.091','#Volt 2150 Black','ROL-FAB','2015-04-06 17:17:43',96),('45.948.259','#Volt 2150 Coco','ROL-FAB','2015-04-06 17:17:43',96),('45.948.332','#Volt 2150 Dune','ROL-FAB','2015-04-06 17:17:43',96),('45.948.631','#Volt 2150 Oyster','ROL-FAB','2015-04-06 17:17:43',96),('45.948.980','#Volt 2150 White','ROL-FAB','2015-04-06 17:17:43',96),('45.950.258','#Waterfall Colonial Cream','DELETED','2015-04-06 17:17:43',23.5),('45.950.590','#Waterfall Moon Blue - Run out','DELETED','2015-04-06 17:18:17',23.5),('45.950.655','#Waterfall Pearl Glow','DELETED','2015-04-06 17:18:17',23.5),('45.950.691','#Waterfall Pink Splash','DELETED','2015-04-06 17:18:17',23.5),('45.950.872','#Waterfall Stone Wash','DELETED','2015-04-06 17:18:17',23.5),('45.950.935','#Waterfall Urban Stone','DELETED','2015-04-06 17:18:17',23.5),('45.950.987','#Waterfall White Mist','DELETED','2015-04-06 17:18:17',23.5),('45.951.087','Willandra Bison BO [IND]','ROL-FAB','2015-04-06 17:18:17',82.45),('45.951.217','Willandra Charcoal BO [IND]','ROL-FAB','2015-04-06 17:18:17',82.45),('45.951.464','Willandra Ivory BO','ROL-FAB','2015-04-06 17:18:17',82.45),('45.951.477','Willandra Jarrah BO [IND]','ROL-FAB','2015-04-06 17:18:17',82.45),('45.951.533','Willandra Linnet BO','ROL-FAB','2015-04-06 17:18:17',82.45),('45.951.575','Willandra Mist BO [IND]','ROL-FAB','2015-04-06 17:18:17',82.45),('45.951.767','Willandra Saudi Sand BO [IND]','ROL-FAB','2015-04-06 17:18:17',82.45),('45.951.819','Willandra Slipcast BO','ROL-FAB','2015-04-06 17:18:17',82.45),('45.951.821','Willandra Smoke BO [IND]','ROL-FAB','2015-04-06 17:18:17',82.45),('45.951.859','Willandra Spirit BO','ROL-FAB','2015-04-06 17:18:17',82.45),('45.951.875','Willandra Storm BO [IND]','ROL-FAB','2015-04-06 17:18:17',82.45),('45.951.979','Willandra Whisper BO','ROL-FAB','2015-04-06 17:18:17',82.45),('45.952.087','Willandra Bison TL [IND]','ROL-FAB','2015-04-06 17:18:17',60.49999999999999),('45.952.217','Willandra Charcoal TL [IND]','ROL-FAB','2015-04-06 17:18:17',60.49999999999999),('45.952.464','Willandra Ivory TL','ROL-FAB','2015-04-06 17:18:17',60.49999999999999),('45.952.477','Willandra Jarrah TL [IND]','ROL-FAB','2015-04-06 17:18:17',60.49999999999999),('45.952.533','Willandra Linnet TL','ROL-FAB','2015-04-06 17:18:17',60.49999999999999),('45.952.575','Willandra Mist TL [IND]','ROL-FAB','2015-04-06 17:18:17',60.49999999999999),('45.952.767','Willandra Saudi Sand TL [IND]','ROL-FAB','2015-04-06 17:18:17',60.49999999999999),('45.952.819','Willandra Slipcast TL','ROL-FAB','2015-04-06 17:18:17',60.49999999999999),('45.952.821','Willandra Smoke TL [IND]','ROL-FAB','2015-04-06 17:18:17',60.49999999999999),('45.952.859','Willandra Spirit TL','ROL-FAB','2015-04-06 17:18:17',60.49999999999999),('45.952.875','Willandra Storm TL','ROL-FAB','2015-04-06 17:18:17',60.49999999999999),('45.952.979','Willandra Whisper TL','ROL-FAB','2015-04-06 17:18:17',60.49999999999999),('45.960.467','#Xerox Ivory Peach','DELETED','2015-04-06 17:18:17',19.6),('45.960.718','#Xerox Quicksilver','DELETED','2015-04-06 17:18:17',19.6),('45.960.755','#Xerox Sahara Gold','DELETED','2015-04-06 17:18:17',19.6),('45.960.834','#Xerox Snowgum','DELETED','2015-04-06 17:18:17',19.6),('45.960.893','#Xerox Sunflower','DELETED','2015-04-06 17:18:17',19.6),('45.990.044','#Zen Arabica','ROL-FAB','2015-04-06 17:18:17',23.849999999999998),('45.990.139','#Zen Bounty','ROL-FAB','2015-04-06 17:18:17',23.849999999999998),('45.990.194','#Zen Cashmere','ROL-FAB','2015-04-06 17:18:17',23.849999999999998),('45.990.352','#Zen Element','ROL-FAB','2015-04-06 17:18:17',23.849999999999998),('45.990.353','#Zen Embrace','ROL-FAB','2015-04-06 17:18:17',23.849999999999998),('45.990.383','#Zen Gazing','ROL-FAB','2015-04-06 17:18:17',23.849999999999998),('45.990.459','#Zen Illusio','ROL-FAB','2015-04-06 17:18:17',23.849999999999998),('45.990.549','#Zen Mario','ROL-FAB','2015-04-06 17:18:17',23.849999999999998),('45.990.556','#Zen Martini','ROL-FAB','2015-04-06 17:18:17',23.849999999999998),('45.990.752','#Zen Sahara','ROL-FAB','2015-04-06 17:18:17',23.849999999999998),('45.990.995','#Zen Ye','ROL-FAB','2015-04-06 17:18:17',23.849999999999998),('45.990.997','#Zen Zelda','ROL-FAB','2015-04-06 17:18:17',23.849999999999998),('45.990.999','#Zodiac White','DELETED','2015-04-06 17:18:17',20.75),('45.992.547','#Lining Ivory 1-Pass 150cm','DELETED','2015-04-06 17:18:17',0),('45.992.980','Lining White 1-Pass 137cm','LINING','2015-04-06 17:18:17',0),('45.993.464','Sheer Lining','LINING','2015-04-06 17:18:17',0),('45.995.547','#Lining Ivory 3-Pass 280cm','LINING','2015-04-06 17:18:17',0),('45.995.980','Lining White 3-Pass 280cm','LINING','2015-04-06 17:18:17',19.95),('45.997.980','#SuedeLina II White','DELETED','2015-04-06 17:18:17',0),('46.711.075','#Thermoveil 0907-096 Beige','DELETED','2015-04-06 17:18:17',5),('46.711.092','#Thermoveil 0904-096 Blk/Brow','DELETED','2015-04-06 17:18:17',5),('46.711.396','#Thermoveil 0908-096 Shw Gree','DELETED','2015-04-06 17:18:17',5),('46.711.408','#Thermoveil 0910-096 Grey','DELETED','2015-04-06 17:18:17',5),('46.711.702','#Thermoveil 0911-096 Porcelai','DELETED','2015-04-06 17:18:17',5),('46.711.980','#Thermoveil 0901-096 White','DELETED','2015-04-06 17:18:17',5),('46.712.075','#Thermoveil 1302-096 Beige*','DELETED','2015-04-06 17:18:17',5),('46.712.092','#Thermoveil 1304-096 Blk/Brow','DELETED','2015-04-06 17:18:17',5),('46.712.347','#Thermoveil 1316-096 Eggshell','DELETED','2015-04-06 17:18:17',5),('46.712.408','#Thermoveil 1313-096 Grey','DELETED','2015-04-06 17:18:17',5),('46.712.790','#Thermoveil 1320-096 Shdw Grey','DELETED','2015-04-06 17:18:17',5),('46.712.809','#Thermoveil 1319-096 S/Birch','DELETED','2015-04-06 17:18:17',5),('46.712.980','#Thermoveil 1301-096 White','DELETED','2015-04-06 17:18:17',5),('46.713.092','#Thermoveil 1304-126 Blk/Brow','DELETED','2015-04-06 17:18:17',5),('46.713.347','#Thermoveil 1316-126 Eggshell','DELETED','2015-04-06 17:18:17',5),('46.713.980','#Thermoveil 1301-126 White','DELETED','2015-04-06 17:18:17',5),('46.714.434','#Soleil 5103-096 Heather','MS-FAB','2015-04-06 17:18:17',5),('46.714.651','#Soleil 5102-096 Pearl','MS-FAB','2015-04-06 17:18:17',15),('46.714.679','#Soleil 5107-096 PeriwinkStraw','DELETED','2015-04-06 17:18:17',5),('46.714.920','#Soleil 5104-096 Thistle','DELETED','2015-04-06 17:18:17',5),('46.714.973','#Soleil 5108-096 Wdgewood Gre','MS-FAB','2015-04-06 17:18:17',5),('46.714.980','#Soleil 5101-096 White','DELETED','2015-04-06 17:18:17',5),('46.715.091','#Euroveil 5320-096 Black','DELETED','2015-04-06 17:18:17',5),('46.715.152','#Euroveil 5313-096 Bronze','MS-FAB','2015-04-06 17:18:17',5),('46.715.217','#Euroveil 5312-096 Charcoal','MS-FAB','2015-04-06 17:18:17',5),('46.715.271','#Euroveil 5302-096 Cornsilk','MS-FAB','2015-04-06 17:18:17',5),('46.715.327','#Euroveil 5309-096 Dove Grey','MS-FAB','2015-04-06 17:18:17',5),('46.715.393','#Euroveil 5311-096 Graphite','MS-FAB','2015-04-06 17:18:17',5),('46.715.608','#Euroveil 5310-096 Nickel','DELETED','2015-04-06 17:18:17',5),('46.715.758','#Euroveil 5304-096 Sand','DELETED','2015-04-06 17:18:17',5),('46.715.809','#Euroveil 5306-096 SilverBirch','MS-FAB','2015-04-06 17:18:17',5),('46.715.818','#Euroveil 5316-096 Slate','MS-FAB','2015-04-06 17:18:17',5),('46.717.152','#Euroveil 6013-096 Bronze','MS-FAB','2015-04-06 17:18:17',5),('46.717.217','#Euroveil 6012-096 Charcoal','MS-FAB','2015-04-06 17:18:17',5),('46.717.271','#Euroveil 6002-096 Cornsilk','MS-FAB','2015-04-06 17:18:17',5),('46.717.327','#Euroveil 6009-096 Dove Grey','MS-FAB','2015-04-06 17:18:17',5),('46.717.393','#Euroveil 6011-096 Graphite','MS-FAB','2015-04-06 17:18:17',5),('46.717.608','#Euroveil 6010-096 Nickel','MS-FAB','2015-04-06 17:18:17',5),('46.717.758','#Euroveil 6004-096 Sand','MS-FAB','2015-04-06 17:18:17',5),('46.717.760','#Euroveil 6017-096 Sandlewood','DELETED','2015-04-06 17:18:17',5),('46.717.809','#Euroveil 6006-096 Silver Birc','MS-FAB','2015-04-06 17:18:17',5),('46.717.818','#Euroveil 6016-096 Slate','MS-FAB','2015-04-06 17:18:17',5),('46.717.868','#Euroveil 6018-096 Stone','DELETED','2015-04-06 17:18:17',5),('46.717.980','#Euroveil 6001-096 White','DELETED','2015-04-06 17:18:17',5),('46.717.985','#Euroveil 6020-096 Black/White','DELETED','2015-04-06 17:18:17',5),('46.718.170','#Soleil 5404-096 Cafe Au Lait','DELETED','2015-04-06 17:18:17',5),('46.718.389','#Soleil 5411-096 Granite Tweed','DELETED','2015-04-06 17:18:30',5),('46.718.660','#Soleil 5409-096 Pearlite','MS-FAB','2015-04-06 17:18:30',5),('46.719.270','#Soleil 8007-072 Copper Beach','DELETED','2015-04-06 17:18:30',5),('46.719.361','#Soleil 8006-072 Flanders','MS-FAB','2015-04-06 17:18:31',5),('46.719.541','#Soleil 8002-072 Linen White','MS-FAB','2015-04-06 17:18:31',5),('46.719.638','#Soleil 8001-072 Panama White','MS-FAB','2015-04-06 17:18:31',5),('46.719.722','#Soleil 8005-072 Raffia','MS-FAB','2015-04-06 17:18:31',5),('46.719.992','#Soleil 8008-072 Winter Grass','DELETED','2015-04-06 17:18:31',5),('47.007.003','#Kobe Arama 3','DELETED','2015-04-06 17:18:31',75),('47.059.002','#Kobe Limoges 2','DELETED','2015-04-06 17:18:31',75),('47.081.000','#Kobe Orleans 1','DELETED','2015-04-06 17:18:31',98),('47.085.001','#Kobe Pepita 1','DELETED','2015-04-06 17:18:31',89),('47.085.005','#Kobe Pepita 5','DELETED','2015-04-06 17:18:31',89),('47.085.006','#Kobe Pepita 6','DELETED','2015-04-06 17:18:31',89),('47.103.019','#Kobe Sparkle 19','DELETED','2015-04-06 17:18:31',65),('47.507.008','#Kobe Alassio 8','DELETED','2015-04-06 17:18:31',50),('47.508.002','#Kobe Alegria 2','DELETED','2015-04-06 17:18:31',143),('47.509.001','#Kobe Alicia Col 1','DELETED','2015-04-06 17:18:31',75),('47.509.002','#Kobe Alicia Col 2','DELETED','2015-04-06 17:18:31',75),('47.518.005','#Kobe Arama 5','DELETED','2015-04-06 17:18:31',75),('47.519.020','#Kobe Ardenza 20','DELETED','2015-04-06 17:18:31',50),('47.519.024','#Kobe Ardenza 24','DELETED','2015-04-06 17:18:31',50),('47.519.025','#Kobe Ardenza 25','DELETED','2015-04-06 17:18:31',50),('47.522.009','#Kobe Arena 9','DELETED','2015-04-06 17:18:31',108),('47.522.021','#Kobe Arena 21','DELETED','2015-04-06 17:18:31',108),('47.522.026','#Kobe Arena 26','DELETED','2015-04-06 17:18:31',108),('47.523.034','#Kobe Arenzano 34','DELETED','2015-04-06 17:18:31',40),('47.523.036','#Kobe Arenzano 36','DELETED','2015-04-06 17:18:31',40),('47.558.060','#Kobe Bolero 60','DELETED','2015-04-06 17:18:31',40),('47.562.014','#Kobe Calida 14','DELETED','2015-04-06 17:18:31',65),('47.577.001','#Kobe Carona 1','DELETED','2015-04-06 17:18:31',50),('47.615.001','#Kobe Constanza 1','DELETED','2015-04-06 17:18:31',86),('47.615.003','#Kobe Constanza 3','DELETED','2015-04-06 17:18:31',86),('47.615.004','#Kobe Constanza 4','DELETED','2015-04-06 17:18:31',86),('47.638.307','#Kobe Dijon 307','DELETED','2015-04-06 17:18:31',98),('47.684.003','#Kobe Focus 3','DELETED','2015-04-06 17:18:31',81),('47.686.042','#Kobe Fontera Col 42','DELETED','2015-04-06 17:18:31',0),('47.700.001','#Kobe Gavotte 1','DELETED','2015-04-06 17:18:31',65),('47.705.006','#Kobe Gilmer 6','DELETED','2015-04-06 17:18:31',84),('47.749.002','#Kobe Livorno 2','DELETED','2015-04-06 17:18:31',65),('47.749.004','#Kobe Livorno 4','DELETED','2015-04-06 17:18:31',65),('47.764.003','#Kobe Lundy 3','DELETED','2015-04-06 17:18:31',81),('47.766.001','#Kobe Madurai 1','DELETED','2015-04-06 17:18:31',172),('47.772.001','#Kobe Melmerby 1','DELETED','2015-04-06 17:18:31',50),('47.792.016','#Kobe Modica 16','DELETED','2015-04-06 17:18:31',65),('47.792.039','#Kobe Modica 39','DELETED','2015-04-06 17:18:31',65),('47.796.004','#Kobe Natal 4','DELETED','2015-04-06 17:18:31',86),('47.800.016','#Kobe Nestor 16','DELETED','2015-04-06 17:18:31',75),('47.800.017','#Kobe Nestor 17','DELETED','2015-04-06 17:18:31',75),('47.800.018','#Kobe Nestor 18','DELETED','2015-04-06 17:18:31',75),('47.820.005','#Kobe Palba 5','DELETED','2015-04-06 17:18:31',77),('47.838.028','#Kobe Perkins 28','DELETED','2015-04-06 17:18:31',77),('47.840.007','#Kobe Pietro 7','DELETED','2015-04-06 17:18:31',91),('47.846.013','#Kobe Ramsey 13','DELETED','2015-04-06 17:18:31',65),('47.848.009','#Kobe Raymond 9','DELETED','2015-04-06 17:18:31',65),('47.850.006','#Kobe Real 6','DELETED','2015-04-06 17:18:31',112),('47.850.007','#Kobe Real 7','DELETED','2015-04-06 17:18:31',112),('47.852.002','#Kobe Rennes 2','DELETED','2015-04-06 17:18:31',77),('47.852.004','#Kobe Rennes 4','DELETED','2015-04-06 17:18:31',77),('47.864.007','#Kobe Rodez 7','DELETED','2015-04-06 17:18:31',115.000001),('47.864.013','#Kobe Rodez 13','DELETED','2015-04-06 17:18:31',115.000001),('47.887.001','#Kobe Scala 1','DELETED','2015-04-06 17:18:31',65),('47.889.096','#Kobe Silver 96','DELETED','2015-04-06 17:18:31',50),('47.897.019','#Kobe Sparkle 19','DELETED','2015-04-06 17:18:31',65),('47.904.001','#Kobe Stopera 1','DELETED','2015-04-06 17:18:31',116.99999999999999),('47.904.004','#Kobe Stopera 4','DELETED','2015-04-06 17:18:31',116.99999999999999),('47.904.015','#Kobe Stopera 15','DELETED','2015-04-06 17:18:31',116.99999999999999),('47.921.025','#Kobe Terni 25','DELETED','2015-04-06 17:18:31',50),('47.940.002','#Kobe Varigotti 2','DELETED','2015-04-06 17:18:31',50),('47.940.003','#Kobe Varigotti 3','DELETED','2015-04-06 17:18:31',50),('47.945.001','#Kobe Visconti 1','DELETED','2015-04-06 17:18:31',96.99999999999999),('48.110.940','Bronte Vanilla/Ivory CS4291','TAC-FAB','2015-04-06 17:18:31',40.21),('48.110.980','Bronte White CS4290','TAC-FAB','2015-04-06 17:18:31',39.64),('48.111.980','Bronte Sheer White','TAC-FAB','2015-04-06 17:18:31',33.73),('48.118.980','Cabriole 8000 White','TAC-FAB','2015-04-06 17:18:31',28.4300003),('48.124.373','Chantilli Frost','TAC-FAB','2015-04-06 17:18:31',75),('48.124.535','Chantilli Line','TAC-FAB','2015-04-06 17:18:31',53.809999999999995),('48.124.614','Chantilli Nutmeg','TAC-FAB','2015-04-06 17:18:31',20.6),('48.124.651','Chantilli Pearl','TAC-FAB','2015-04-06 17:18:31',32.95),('48.124.863','Chantilli Spice','TAC-FAB','2015-04-06 17:18:31',42.9),('48.124.960','Chantilli Walnut','TAC-FAB','2015-04-06 17:18:31',17.49),('48.128.940','Cinq Vanilla','TAC-FAB','2015-04-06 17:18:31',0),('48.140.980','Duke White','TAC-FAB','2015-04-06 17:18:31',13.03),('48.190.980','Eva White','TAC-FAB','2015-04-06 17:18:31',54.64),('48.350.597','Hampton Natural','TAC-FAB','2015-04-06 17:18:31',21.7),('48.360.301','Hyde Daisy','TAC-FAB','2015-04-06 17:18:31',22.52),('48.360.367','Hyde Fleur','TAC-FAB','2015-04-06 17:18:31',20.15),('48.375.597','Jasper Natural','TAC-FAB','2015-04-06 17:18:31',14.22),('48.420.680','Lavande Pewter','TAC-FAB','2015-04-06 17:18:31',23.47),('48.450.980','#Mento 8000 White','DELETED','2015-04-06 17:18:31',50),('48.462.491','Moulin Leaf','TAC-FAB','2015-04-06 17:18:31',29.6300003),('48.465.100','Peslin Liso 11','TAC-FAB','2015-04-06 17:18:31',24.32),('48.465.101','Peslin Liso 20','TAC-FAB','2015-04-06 17:18:31',24.32),('48.465.102','Peslin Listado 216','TAC-FAB','2015-04-06 17:18:31',25.86),('48.465.103','Pes Listado 211','TAC-FAB','2015-04-06 17:18:31',25.86),('48.465.104','Peslin Listado 116','TAC-FAB','2015-04-06 17:18:31',25.86),('48.465.105','Peslin Listado 111','TAC-FAB','2015-04-06 17:18:31',25.86),('48.465.200','Siena 11','TAC-FAB','2015-04-06 17:18:31',21.5),('48.465.201','Turin 16','TAC-FAB','2015-04-06 17:18:31',22.91),('48.465.202','Turin 11','TAC-FAB','2015-04-06 17:18:31',22.91),('48.465.203','Turin 20','TAC-FAB','2015-04-06 17:18:44',22.91),('48.465.300','Persia 3','TAC-FAB','2015-04-06 17:18:44',34.56),('48.465.301','Persia 11','TAC-FAB','2015-04-06 17:18:44',34.56),('48.465.400','Style 16','TAC-FAB','2015-04-06 17:18:44',24.32),('48.465.401','Style 20','TAC-FAB','2015-04-06 17:18:44',24.32),('48.465.402','Style 11','TAC-FAB','2015-04-06 17:18:44',24.32),('48.480.599','Palissy Natural Ivory','TAC-FAB','2015-04-06 17:18:44',19.66),('48.553.651','Ribbon Pearl','TAC-FAB','2015-04-06 17:18:44',26.78),('48.555.535','Rocco Line','TAC-FAB','2015-04-06 17:18:44',46.22),('48.555.597','Rocco Natural','TAC-FAB','2015-04-06 17:18:44',106.1),('48.557.597','Sevilla Natural','TAC-FAB','2015-04-06 17:18:44',129),('48.600.373','Vale frost','TAC-FAB','2015-04-06 17:18:44',15.65),('48.600.751','Vale Sage','TAC-FAB','2015-04-06 17:18:44',20.39),('48.600.980','Vale White','TAC-FAB','2015-04-06 17:18:44',40.03),('48.690.535','WK Sandoy Line','TAC-FAB','2015-04-06 17:18:44',141.22),('48.690.980','WK Sandoy White','TAC-FAB','2015-04-06 17:18:44',230.000003),('49.001.335','Everview','EXT-FAB','2015-04-06 17:18:44',0),('49.001.337','Everview','EXT-FAB','2015-04-06 17:18:44',0),('49.001.338','Everview','EXT-FAB','2015-04-06 17:18:44',0),('49.001.386','Everview','EXT-FAB','2015-04-06 17:18:44',0),('49.001.393','Everview','EXT-FAB','2015-04-06 17:18:44',0),('49.001.451','Everview','EXT-FAB','2015-04-06 17:18:44',0),('49.001.556','Everview','EXT-FAB','2015-04-06 17:18:44',38),('49.001.591','Everview','EXT-FAB','2015-04-06 17:18:44',0),('49.001.595','Everview','EXT-FAB','2015-04-06 17:18:44',0),('49.001.610','Everview','EXT-FAB','2015-04-06 17:18:44',0),('49.001.616','Everview','EXT-FAB','2015-04-06 17:18:44',0),('49.001.637','Everview','EXT-FAB','2015-04-06 17:18:44',0),('49.001.682','Everview','EXT-FAB','2015-04-06 17:18:44',0),('49.001.694','Everview','EXT-FAB','2015-04-06 17:18:44',0),('49.001.697','Everview','EXT-FAB','2015-04-06 17:18:44',0),('49.001.721','#Everview','DELETED','2015-04-06 17:18:44',0),('49.001.731','#Everview','EXT-FAB','2015-04-06 17:18:44',0),('49.001.754','Everview','EXT-FAB','2015-04-06 17:18:44',0),('49.001.773','Everview','EXT-FAB','2015-04-06 17:18:44',0),('49.001.791','Everview','EXT-FAB','2015-04-06 17:18:44',0),('49.001.869','Everview','EXT-FAB','2015-04-06 17:18:44',0),('49.001.918','Everview','EXT-FAB','2015-04-06 17:18:44',0),('49.002.335','Everview','EXT-FAB','2015-04-06 17:18:44',0),('49.002.337','Everview','EXT-FAB','2015-04-06 17:18:44',0),('49.002.338','Everview','EXT-FAB','2015-04-06 17:18:44',0),('49.002.386','Everview','EXT-FAB','2015-04-06 17:18:44',0),('49.002.393','Everview','EXT-FAB','2015-04-06 17:18:44',0),('49.002.451','Everview','EXT-FAB','2015-04-06 17:18:44',0),('49.002.556','Everview','EXT-FAB','2015-04-06 17:18:44',0),('49.002.591','Everview','EXT-FAB','2015-04-06 17:18:44',0),('49.002.595','Everview','EXT-FAB','2015-04-06 17:18:44',0),('49.002.610','Everview','EXT-FAB','2015-04-06 17:18:44',51),('49.002.616','Everview','EXT-FAB','2015-04-06 17:18:44',52.1500006),('49.002.637','Everview','EXT-FAB','2015-04-06 17:18:44',0),('49.002.682','Everview','EXT-FAB','2015-04-06 17:18:44',54.49999999999999),('49.002.694','Everview','EXT-FAB','2015-04-06 17:18:44',50.8),('49.002.697','Everview','EXT-FAB','2015-04-06 17:18:44',0),('49.002.721','Everview','EXT-FAB','2015-04-06 17:18:44',0),('49.002.731','#Everview','EXT-FAB','2015-04-06 17:18:44',0),('49.002.754','Everview','EXT-FAB','2015-04-06 17:18:44',0),('49.002.773','Everview','EXT-FAB','2015-04-06 17:18:44',0),('49.002.791','Everview','EXT-FAB','2015-04-06 17:18:44',0),('49.002.869','Everview','EXT-FAB','2015-04-06 17:18:44',0),('49.002.918','Everview','EXT-FAB','2015-04-06 17:18:44',0),('49.101.041','Soltis 93','EXT-FAB','2015-04-06 17:18:44',35),('49.101.980','Soltis 93','EXT-FAB','2015-04-06 17:18:44',0),('49.101.999','Soltis 93','EXT-FAB','2015-04-06 17:18:44',0),('49.201.999','Soltis 86','EXT-FAB','2015-04-06 17:18:44',0),('49.202.091','Soltis 86','EXT-FAB','2015-04-06 17:18:44',0),('49.202.726','Soltis 86','EXT-FAB','2015-04-06 17:18:44',0),('49.301.999','Soltis 96','EXT-FAB','2015-04-06 17:18:44',0),('49.302.999','Soltis 96','EXT-FAB','2015-04-06 17:18:44',0),('49.801.999','Docril [IND]','EXT-FAB','2015-04-06 17:18:44',0),('49.802.999','Outlook [IND]','EXT-FAB','2015-04-06 17:18:44',0),('49.803.999','Lisos [IND]','EXT-FAB','2015-04-06 17:18:44',0),('49.809.999','Shadeview [IND]','EXT-FAB','2015-04-06 17:18:44',0),('49.811.999','Somerton [IND]','EXT-FAB','2015-04-06 17:18:44',0),('49.812.999','PVC clear 0.75mm','EXT-FAB','2015-04-06 17:18:44',0),('FIT_AV','#Fitting - Aluminium Venetia','','2015-04-06 17:18:44',30);
/*!40000 ALTER TABLE `product_field_fabric` ENABLE KEYS */;
UNLOCK TABLES;

--
-- Table structure for table `product_field_location`
--

DROP TABLE IF EXISTS `product_field_location`;
/*!40101 SET @saved_cs_client     = @@character_set_client */;
/*!40101 SET character_set_client = utf8 */;
CREATE TABLE `product_field_location` (
  `id` int(11) DEFAULT NULL,
  `locationid` varchar(45) NOT NULL,
  `location` varchar(45) NOT NULL,
  `active` int(1) NOT NULL DEFAULT '1',
  PRIMARY KEY (`locationid`)
) ENGINE=InnoDB DEFAULT CHARSET=utf8;
/*!40101 SET character_set_client = @saved_cs_client */;

--
-- Dumping data for table `product_field_location`
--

LOCK TABLES `product_field_location` WRITE;
/*!40000 ALTER TABLE `product_field_location` DISABLE KEYS */;
INSERT INTO `product_field_location` VALUES (1,'Activity','Activity',1),(2,'Bathroom','Bathroom',1),(3,'Bed1','Bed1',1),(4,'Bed2','Bed2',1),(5,'Bed3','Bed3',1),(6,'Bed4','Bed4',1),(7,'Bed5','Bed5',1),(8,'Dining','Dining',1),(9,'Ensuite','Ensuite',1),(10,'Entry','Entry',1),(11,'Family','Family',1),(12,'Front','Front',1),(13,'Games','Games',1),(14,'Garage','Garage',1),(15,'Kitchen','Kitchen',1),(16,'Laundry','Laundry',1),(17,'Living','Living',1),(18,'Lounge','Lounge',1),(19,'Meals','Meals',1),(20,'Office','Office',1),(21,'Other','Other',1),(22,'Retreat','Retreat',1),(23,'Rumpus','Rumpus',1),(24,'Spare','Spare',1),(25,'Study','Study',1),(26,'Sunroom','Sunroom',1),(27,'Toilet','Toilet',1),(28,'TV','TV',1),(29,'WC','WC',1);
/*!40000 ALTER TABLE `product_field_location` ENABLE KEYS */;
UNLOCK TABLES;

--
-- Table structure for table `product_field_railcolour`
--

DROP TABLE IF EXISTS `product_field_railcolour`;
/*!40101 SET @saved_cs_client     = @@character_set_client */;
/*!40101 SET character_set_client = utf8 */;
CREATE TABLE `product_field_railcolour` (
  `id` int(11) NOT NULL AUTO_INCREMENT,
  `railcolourid` varchar(45) NOT NULL,
  `railcolour` varchar(45) NOT NULL,
  `active` int(1) NOT NULL DEFAULT '1',
  PRIMARY KEY (`id`)
) ENGINE=InnoDB AUTO_INCREMENT=11 DEFAULT CHARSET=utf8;
/*!40101 SET character_set_client = @saved_cs_client */;

--
-- Dumping data for table `product_field_railcolour`
--

LOCK TABLES `product_field_railcolour` WRITE;
/*!40000 ALTER TABLE `product_field_railcolour` DISABLE KEYS */;
INSERT INTO `product_field_railcolour` VALUES (1,'Pure White','Pure White',0),(2,'Sandstone','Sandstone',0),(3,'Natural Anodised','Natural Anodised',1),(4,'Black','Black',1),(5,'Chrome','Chrome',0),(6,'Barley','Barley',0),(7,'Dune','Dune',0),(8,'Bronze Pearl','Bronze Pearl',0),(9,'Bone','Bone',0),(10,'White','White',1);
/*!40000 ALTER TABLE `product_field_railcolour` ENABLE KEYS */;
UNLOCK TABLES;

--
-- Table structure for table `product_field_rolldirection`
--

DROP TABLE IF EXISTS `product_field_rolldirection`;
/*!40101 SET @saved_cs_client     = @@character_set_client */;
/*!40101 SET character_set_client = utf8 */;
CREATE TABLE `product_field_rolldirection` (
  `rolldirectionid` varchar(45) NOT NULL,
  `rolldirection` varchar(45) NOT NULL,
  `active` int(1) NOT NULL DEFAULT '1',
  PRIMARY KEY (`rolldirectionid`)
) ENGINE=InnoDB DEFAULT CHARSET=utf8;
/*!40101 SET character_set_client = @saved_cs_client */;

--
-- Dumping data for table `product_field_rolldirection`
--

LOCK TABLES `product_field_rolldirection` WRITE;
/*!40000 ALTER TABLE `product_field_rolldirection` DISABLE KEYS */;
INSERT INTO `product_field_rolldirection` VALUES ('Ordinary','Ordinary',1),('Reverse','Reverse',1);
/*!40000 ALTER TABLE `product_field_rolldirection` ENABLE KEYS */;
UNLOCK TABLES;

--
-- Table structure for table `tblnavisionitems`
--

DROP TABLE IF EXISTS `tblnavisionitems`;
/*!40101 SET @saved_cs_client     = @@character_set_client */;
/*!40101 SET character_set_client = utf8 */;
CREATE TABLE `tblnavisionitems` (
  `optionId` int(11) NOT NULL,
  `navisionId` varchar(10) NOT NULL,
  `description` varchar(50) DEFAULT NULL,
  PRIMARY KEY (`optionId`)
) ENGINE=InnoDB DEFAULT CHARSET=utf8;
/*!40101 SET character_set_client = @saved_cs_client */;

--
-- Dumping data for table `tblnavisionitems`
--

LOCK TABLES `tblnavisionitems` WRITE;
/*!40000 ALTER TABLE `tblnavisionitems` DISABLE KEYS */;
INSERT INTO `tblnavisionitems` VALUES (1,'Z.100','Metal Chain Nickle'),(2,'Z.101','Metal Chain Stainless Steel'),(3,'Z.102','Opti/Ease45 Double SQ'),(4,'Z.103','Opti Linked Joint'),(5,'Z.104','Opti/Ease45 Dual Control Joint'),(6,'Z.105','Opti Double Linked Joint'),(7,'Z.106','Opti/Ease45 Double Dual Control Joint'),(8,'Z.107','Opti Uni-Link 0-45deg'),(9,'Z.108','Opti Uni-Link 0-90deg'),(10,'Z.109','Ultra Linked Joint'),(11,'Z.110','Ultra Dual Control Joint'),(12,'Z.111','Ultra Spring Assist'),(13,'Z.112','Oval 26 B/R'),(14,'Z.113','Flat F2211 B/R'),(15,'Z.114','Flat F4115 B/R'),(16,'Z.115','Ultra Double Slimline Bracket'),(17,'Z.116','Wire Guide System'),(18,'Z.117','Braid and/or Trim'),(19,'Z.118','Ultima/Ease 60 Double Bracket'),(20,'Z.119','Ultima Intermediate Bracket'),(21,'Z.050','Wand Stainless Steel 1250mm'),(22,'98.000.007','Freight Charge'),(23,'98.000.015','Single Roller Skin'),(24,'98.000.020','Packing charge for rollers over 3m'),(25,'98.000.022','Multiple Roller Skins'),(26,'99.999.777','Roller Misc Item'),(27,'Z.131','Rail Road Charge'),(28,'Z.051','PNL Timber Batten Up To 1000mm Drop'),(29,'Z.052','PNL Timber Batten Up To 2000mm Drop'),(30,'Z.053','PNL Timber Batten Up To 3000mm Drop'),(31,'Z.011','Aluminium Venetain Cut-outs'),(32,'Z.012','Aluminium Venetain Magic Wand'),(33,'Z.013','Aluminium Venetain Under 460mm Single Blind'),(34,'Z.014','Aluminium Venetain Under 460mm Multiple Blinds'),(35,'Z.204','Timber Venetian Cut-Out'),(36,'Z.205','Timber Venetian Hold Downs'),(37,'Z.206','Timber Venetian Under 460mm (single)'),(38,'Z.207','Timber Venetian Under 460mm (multiple)'),(39,'Z.300','Vertical Blind Cut-out'),(40,'Z.301','Vertical Blind Fabric Insert'),(41,'Z.302','Vertical Blinds Sewn-in Weight'),(42,'Z.992','Lining 1-Pass'),(43,'Z.995','Lining 3-Pass');
/*!40000 ALTER TABLE `tblnavisionitems` ENABLE KEYS */;
UNLOCK TABLES;

--
-- Table structure for table `tblrollerpricematrix`
--

DROP TABLE IF EXISTS `tblrollerpricematrix`;
/*!40101 SET @saved_cs_client     = @@character_set_client */;
/*!40101 SET character_set_client = utf8 */;
CREATE TABLE `tblrollerpricematrix` (
  `width` int(11) NOT NULL,
  `drop` int(11) NOT NULL,
  `rollerType` int(11) NOT NULL,
  `category` varchar(50) NOT NULL,
  `price` float DEFAULT NULL
) ENGINE=InnoDB DEFAULT CHARSET=utf8;
/*!40101 SET character_set_client = @saved_cs_client */;

--
-- Dumping data for table `tblrollerpricematrix`
--

LOCK TABLES `tblrollerpricematrix` WRITE;
/*!40000 ALTER TABLE `tblrollerpricematrix` DISABLE KEYS */;
INSERT INTO `tblrollerpricematrix` VALUES (1660,1500,6,'9',238),(1810,1500,6,'9',256),(1960,1500,6,'9',277),(2110,1500,6,'9',295),(2260,1500,6,'9',313),(2410,1500,6,'9',331),(2560,1500,6,'9',348),(2710,1500,6,'9',393),(2860,1500,6,'9',412),(3010,1500,6,'9',432),(610,1800,6,'9',125),(760,1800,6,'9',144),(910,1800,6,'9',164),(1060,1800,6,'9',183),(1210,1800,6,'9',203),(1360,1800,6,'9',224),(1510,1800,6,'9',243),(1660,1800,6,'9',263),(1810,1800,6,'9',282),(1960,1800,6,'9',306),(2110,1800,6,'9',325),(2260,1800,6,'9',346),(2410,1800,6,'9',366),(2560,1800,6,'9',386),(2710,1800,6,'9',433),(2860,1800,6,'9',454),(3010,1800,6,'9',476),(610,2100,6,'9',134),(760,2100,6,'9',156),(910,2100,6,'9',177),(1060,2100,6,'9',200),(1210,2100,6,'9',221),(1360,2100,6,'9',243),(1510,2100,6,'9',266),(1660,2100,6,'9',287),(1810,2100,6,'9',309),(1960,2100,6,'9',335),(2110,2100,6,'9',356),(2260,2100,6,'9',379),(2410,2100,6,'9',402),(2560,2100,6,'9',423),(2710,2100,6,'9',472),(2860,2100,6,'9',495),(3010,2100,6,'9',519),(610,2400,6,'9',143),(760,2400,6,'9',167),(910,2400,6,'9',191),(1060,2400,6,'9',215),(1210,2400,6,'9',239),(1360,2400,6,'9',264),(1510,2400,6,'9',287),(1660,2400,6,'9',312),(1810,2400,6,'9',336),(1960,2400,6,'9',364),(2110,2400,6,'9',387),(2260,2400,6,'9',412),(2410,2400,6,'9',437),(2560,2400,6,'9',460),(2710,2400,6,'9',512),(2860,2400,6,'9',538),(3010,2400,6,'9',563),(610,2700,6,'9',153),(760,2700,6,'9',180),(910,2700,6,'9',206),(1060,2700,6,'9',233),(1210,2700,6,'9',260),(1360,2700,6,'9',286),(1510,2700,6,'9',312),(1660,2700,6,'9',339),(1810,2700,6,'9',366),(1960,2700,6,'9',392),(2110,2700,6,'9',418),(2260,2700,6,'9',445),(2410,2700,6,'9',472),(2560,2700,6,'9',499),(2710,2700,6,'9',551),(2860,2700,6,'9',580),(3010,2700,6,'9',608),(610,3000,6,'9',163),(760,3000,6,'9',192),(910,3000,6,'9',219),(1060,3000,6,'9',248),(1210,3000,6,'9',277),(1360,3000,6,'9',306),(1510,3000,6,'9',335),(1660,3000,6,'9',364),(1810,3000,6,'9',392),(1960,3000,6,'9',421),(2110,3000,6,'9',449),(2260,3000,6,'9',478),(2410,3000,6,'9',507),(2560,3000,6,'9',534),(2710,3000,6,'9',591),(2860,3000,6,'9',621),(3010,3000,6,'9',651),(610,3300,6,'9',178),(760,3300,6,'9',210),(910,3300,6,'9',242),(1060,3300,6,'9',275),(1210,3300,6,'9',307),(1360,3300,6,'9',340),(1510,3300,6,'9',372),(1660,3300,6,'9',404),(1810,3300,6,'9',437),(1960,3300,6,'9',469),(2110,3300,6,'9',502),(2260,3300,6,'9',534),(2410,3300,6,'9',565),(2560,3300,6,'9',598),(2710,3300,6,'9',630),(2860,3300,6,'9',663),(3010,3300,6,'9',695),(610,3600,6,'9',190),(760,3600,6,'9',224),(910,3600,6,'9',259),(1060,3600,6,'9',294),(1210,3600,6,'9',328),(1360,3600,6,'9',363),(1510,3600,6,'9',398),(1660,3600,6,'9',431),(1810,3600,6,'9',466),(1960,3600,6,'9',501),(2110,3600,6,'9',535),(2260,3600,6,'9',570),(2410,3600,6,'9',605),(2560,3600,6,'9',638),(2710,3600,6,'9',673),(2860,3600,6,'9',708),(3010,3600,6,'9',742),(610,900,7,'1',57),(760,900,7,'1',61),(910,900,7,'1',65),(1060,900,7,'1',68),(1210,900,7,'1',72),(1360,900,7,'1',75),(1510,900,7,'1',79),(1660,900,7,'1',83),(1810,900,7,'1',87),(1960,900,7,'1',94),(2110,900,7,'1',98),(2260,900,7,'1',102),(2410,900,7,'1',104),(2560,900,7,'1',111),(2710,900,7,'1',140),(2860,900,7,'1',146),(3000,900,7,'1',151),(610,1200,7,'1',59),(760,1200,7,'1',63),(910,1200,7,'1',67),(1060,1200,7,'1',71),(1210,1200,7,'1',75),(1360,1200,7,'1',79),(1510,1200,7,'1',82),(1660,1200,7,'1',87),(1810,1200,7,'1',90),(1960,1200,7,'1',98),(2110,1200,7,'1',102),(2260,1200,7,'1',110),(2410,1200,7,'1',114),(2560,1200,7,'1',118),(2710,1200,7,'1',146),(2860,1200,7,'1',152),(3000,1200,7,'1',160),(610,1500,7,'1',61),(760,1500,7,'1',65),(910,1500,7,'1',69),(1060,1500,7,'1',73),(1210,1500,7,'1',78),(1360,1500,7,'1',82),(1510,1500,7,'1',87),(1660,1500,7,'1',90),(1810,1500,7,'1',95),(1960,1500,7,'1',103),(2110,1500,7,'1',111),(2260,1500,7,'1',116),(2410,1500,7,'1',122),(2560,1500,7,'1',127),(2710,1500,7,'1',152),(2860,1500,7,'1',157),(3000,1500,7,'1',169),(610,1800,7,'1',62),(760,1800,7,'1',67),(910,1800,7,'1',71),(1060,1800,7,'1',76),(1210,1800,7,'1',79),(1360,1800,7,'1',84),(1510,1800,7,'1',90),(1660,1800,7,'1',95),(1810,1800,7,'1',100),(1960,1800,7,'1',112),(2110,1800,7,'1',117),(2260,1800,7,'1',124),(2410,1800,7,'1',129),(2560,1800,7,'1',135),(2710,1800,7,'1',160),(2860,1800,7,'1',166),(3000,1800,7,'1',179),(610,2100,7,'1',64),(760,2100,7,'1',69),(910,2100,7,'1',74),(1060,2100,7,'1',79),(1210,2100,7,'1',82),(1360,2100,7,'1',89),(1510,2100,7,'1',95),(1660,2100,7,'1',100),(1810,2100,7,'1',108),(1960,2100,7,'1',118),(2110,2100,7,'1',125),(2260,2100,7,'1',131),(2410,2100,7,'1',137),(2560,2100,7,'1',143),(2710,2100,7,'1',168),(2860,2100,7,'1',175),(3000,2100,7,'1',188),(610,2400,7,'1',66),(760,2400,7,'1',71),(910,2400,7,'1',77),(1060,2400,7,'1',83),(1210,2400,7,'1',91),(1360,2400,7,'1',96),(1510,2400,7,'1',102),(1660,2400,7,'1',111),(1810,2400,7,'1',117),(1960,2400,7,'1',127),(2110,2400,7,'1',135),(2260,2400,7,'1',141),(2410,2400,7,'1',147),(2560,2400,7,'1',155),(2710,2400,7,'1',179),(2860,2400,7,'1',186),(3000,2400,7,'1',202),(610,2700,7,'1',68),(760,2700,7,'1',74),(910,2700,7,'1',80),(1060,2700,7,'1',88),(1210,2700,7,'1',94),(1360,2700,7,'1',101),(1510,2700,7,'1',110),(1660,2700,7,'1',116),(1810,2700,7,'1',123),(1960,2700,7,'1',135),(2110,2700,7,'1',141),(2260,2700,7,'1',148),(2410,2700,7,'1',156),(2560,2700,7,'1',164),(2710,2700,7,'1',188),(2860,2700,7,'1',197),(3000,2700,7,'1',214),(610,3000,7,'1',75),(760,3000,7,'1',82),(910,3000,7,'1',91),(1060,3000,7,'1',98),(1210,3000,7,'1',107),(1360,3000,7,'1',116),(1510,3000,7,'1',124),(1660,3000,7,'1',132),(1810,3000,7,'1',139),(1960,3000,7,'1',152),(2110,3000,7,'1',161),(2260,3000,7,'1',169),(2410,3000,7,'1',177),(2560,3000,7,'1',185),(2710,3000,7,'1',214),(2860,3000,7,'1',225),(3000,3000,7,'1',233),(610,3300,7,'1',77),(760,3300,7,'1',85),(910,3300,7,'1',94),(1060,3300,7,'1',102),(1210,3300,7,'1',113),(1360,3300,7,'1',121),(1510,3300,7,'1',129),(1660,3300,7,'1',138),(1810,3300,7,'1',145),(1960,3300,7,'1',160),(2110,3300,7,'1',168),(2260,3300,7,'1',177),(2410,3300,7,'1',185),(2560,3300,7,'1',195),(2710,3300,7,'1',225),(2860,3300,7,'1',234),(3000,3300,7,'1',244),(610,3600,7,'1',79),(760,3600,7,'1',90),(910,3600,7,'1',98),(1060,3600,7,'1',108),(1210,3600,7,'1',117),(1360,3600,7,'1',126),(1510,3600,7,'1',135),(1660,3600,7,'1',143),(1810,3600,7,'1',152),(1960,3600,7,'1',167),(2110,3600,7,'1',176),(2260,3600,7,'1',185),(2410,3600,7,'1',195),(2560,3600,7,'1',204),(2710,3600,7,'1',234),(2860,3600,7,'1',244),(3000,3600,7,'1',254),(610,900,7,'10',94),(760,900,7,'10',107),(910,900,7,'10',119),(1060,900,7,'10',132),(1210,900,7,'10',145),(1360,900,7,'10',158),(1510,900,7,'10',171),(1660,900,7,'10',183),(1810,900,7,'10',196),(1960,900,7,'10',212),(2110,900,7,'10',226),(2260,900,7,'10',239),(2410,900,7,'10',251),(2560,900,7,'10',265),(2710,900,7,'10',304),(2860,900,7,'10',318),(3000,900,7,'10',334),(610,1200,7,'10',105),(760,1200,7,'10',121),(910,1200,7,'10',136),(1060,1200,7,'10',150),(1210,1200,7,'10',166),(1360,1200,7,'10',181),(1510,1200,7,'10',197),(1660,1200,7,'10',212),(1810,1200,7,'10',228),(1960,1200,7,'10',246),(2110,1200,7,'10',262),(2260,1200,7,'10',278),(2410,1200,7,'10',294),(2560,1200,7,'10',309),(2710,1200,7,'10',351),(2860,1200,7,'10',369),(3000,1200,7,'10',385),(610,1500,7,'10',115),(760,1500,7,'10',134),(910,1500,7,'10',151),(1060,1500,7,'10',170),(1210,1500,7,'10',187),(1360,1500,7,'10',205),(1510,1500,7,'10',224),(1660,1500,7,'10',241),(1810,1500,7,'10',260),(1960,1500,7,'10',280),(2110,1500,7,'10',299),(2260,1500,7,'10',317),(2410,1500,7,'10',335),(2560,1500,7,'10',353),(2710,1500,7,'10',399),(2860,1500,7,'10',418),(3000,1500,7,'10',438),(610,1800,7,'10',127),(760,1800,7,'10',147),(910,1800,7,'10',168),(1060,1800,7,'10',188),(1210,1800,7,'10',209),(1360,1800,7,'10',230),(1510,1800,7,'10',249),(1660,1800,7,'10',270),(1810,1800,7,'10',290),(1960,1800,7,'10',315),(2110,1800,7,'10',336),(2260,1800,7,'10',356),(2410,1800,7,'10',377),(2560,1800,7,'10',398),(2710,1800,7,'10',445),(2860,1800,7,'10',468),(3000,1800,7,'10',489),(610,2100,7,'10',138),(760,2100,7,'10',161),(910,2100,7,'10',183),(1060,2100,7,'10',207),(1210,2100,7,'10',230),(1360,2100,7,'10',253),(1510,2100,7,'10',276),(1660,2100,7,'10',300),(1810,2100,7,'10',322),(1960,2100,7,'10',349),(2110,2100,7,'10',372),(2260,2100,7,'10',396),(2410,2100,7,'10',419),(2560,2100,7,'10',442),(2710,2100,7,'10',492),(2860,2100,7,'10',517),(3000,2100,7,'10',542),(610,2400,7,'10',148),(760,2400,7,'10',174),(910,2400,7,'10',200),(1060,2400,7,'10',226),(1210,2400,7,'10',251),(1360,2400,7,'10',277),(1510,2400,7,'10',303),(1660,2400,7,'10',329),(1810,2400,7,'10',354),(1960,2400,7,'10',383),(2110,2400,7,'10',409),(2260,2400,7,'10',435),(2410,2400,7,'10',460),(2560,2400,7,'10',487),(2710,2400,7,'10',540),(2860,2400,7,'10',567),(3000,2400,7,'10',594),(610,2700,7,'10',160),(760,2700,7,'10',187),(910,2700,7,'10',216),(1060,2700,7,'10',244),(1210,2700,7,'10',273),(1360,2700,7,'10',301),(1510,2700,7,'10',329),(1660,2700,7,'10',357),(1810,2700,7,'10',385),(1960,2700,7,'10',417),(2110,2700,7,'10',446),(2260,2700,7,'10',474),(2410,2700,7,'10',503),(2560,2700,7,'10',531),(2710,2700,7,'10',586),(2860,2700,7,'10',616),(3000,2700,7,'10',646),(610,3000,7,'10',172),(760,3000,7,'10',203),(910,3000,7,'10',234),(1060,3000,7,'10',265),(1210,3000,7,'10',296),(1360,3000,7,'10',327),(1510,3000,7,'10',358),(1660,3000,7,'10',389),(1810,3000,7,'10',420),(1960,3000,7,'10',451),(2110,3000,7,'10',482),(2260,3000,7,'10',513),(2410,3000,7,'10',545),(2560,3000,7,'10',576),(2710,3000,7,'10',633),(2860,3000,7,'10',665),(3000,3000,7,'10',698),(610,3300,7,'10',182),(760,3300,7,'10',216),(910,3300,7,'10',250),(1060,3300,7,'10',283),(1210,3300,7,'10',317),(1360,3300,7,'10',351),(1510,3300,7,'10',384),(1660,3300,7,'10',418),(1810,3300,7,'10',452),(1960,3300,7,'10',485),(2110,3300,7,'10',519),(2260,3300,7,'10',553),(2410,3300,7,'10',586),(2560,3300,7,'10',618),(2710,3300,7,'10',680),(2860,3300,7,'10',716),(3000,3300,7,'10',751),(610,3600,7,'10',200),(760,3600,7,'10',237),(910,3600,7,'10',275),(1060,3600,7,'10',313),(1210,3600,7,'10',350),(1360,3600,7,'10',388),(1510,3600,7,'10',425),(1660,3600,7,'10',464),(1810,3600,7,'10',501),(1960,3600,7,'10',539),(2110,3600,7,'10',577),(2260,3600,7,'10',614),(2410,3600,7,'10',652),(2560,3600,7,'10',689),(2710,3600,7,'10',727),(2860,3600,7,'10',765),(3000,3600,7,'10',802),(610,900,7,'11',101),(760,900,7,'11',115),(910,900,7,'11',130),(1060,900,7,'11',144),(1210,900,7,'11',159),(1360,900,7,'11',173),(1510,900,7,'11',187),(1660,900,7,'11',202),(1810,900,7,'11',216),(1960,900,7,'11',234),(2110,900,7,'11',248),(2260,900,7,'11',264),(2410,900,7,'11',278),(2560,900,7,'11',293),(2710,900,7,'11',334),(2860,900,7,'11',350),(3000,900,7,'11',367),(610,1200,7,'11',113),(760,1200,7,'11',131),(910,1200,7,'11',148),(1060,1200,7,'11',166),(1210,1200,7,'11',183),(1360,1200,7,'11',200),(1510,1200,7,'11',217),(1660,1200,7,'11',235),(1810,1200,7,'11',252),(1960,1200,7,'11',273),(2110,1200,7,'11',291),(2260,1200,7,'11',309),(2410,1200,7,'11',327),(2560,1200,7,'11',344),(2710,1200,7,'11',388),(2860,1200,7,'11',408),(3000,1200,7,'11',426),(610,1500,7,'11',126),(760,1500,7,'11',146),(910,1500,7,'11',167),(1060,1500,7,'11',187),(1210,1500,7,'11',207),(1360,1500,7,'11',228),(1510,1500,7,'11',248),(1660,1500,7,'11',269),(1810,1500,7,'11',289),(1960,1500,7,'11',313),(2110,1500,7,'11',334),(2260,1500,7,'11',354),(2410,1500,7,'11',375),(2560,1500,7,'11',396),(2710,1500,7,'11',443),(2860,1500,7,'11',465),(3000,1500,7,'11',487),(610,1800,7,'11',138),(760,1800,7,'11',162),(910,1800,7,'11',185),(1060,1800,7,'11',209),(1210,1800,7,'11',232),(1360,1800,7,'11',255),(1510,1800,7,'11',279),(1660,1800,7,'11',302),(1810,1800,7,'11',325),(1960,1800,7,'11',352),(2110,1800,7,'11',376),(2260,1800,7,'11',400),(2410,1800,7,'11',423),(2560,1800,7,'11',447),(2710,1800,7,'11',497),(2860,1800,7,'11',522),(3000,1800,7,'11',548),(610,2100,7,'11',151),(760,2100,7,'11',177),(910,2100,7,'11',204),(1060,2100,7,'11',231),(1210,2100,7,'11',256),(1360,2100,7,'11',283),(1510,2100,7,'11',309),(1660,2100,7,'11',336),(1810,2100,7,'11',363),(1960,2100,7,'11',392),(2110,2100,7,'11',418),(2260,2100,7,'11',445),(2410,2100,7,'11',472),(2560,2100,7,'11',499),(2710,2100,7,'11',552),(2860,2100,7,'11',580),(3000,2100,7,'11',608),(610,2400,7,'11',164),(760,2400,7,'11',193),(910,2400,7,'11',222),(1060,2400,7,'11',251),(1210,2400,7,'11',281),(1360,2400,7,'11',310),(1510,2400,7,'11',340),(1660,2400,7,'11',369),(1810,2400,7,'11',399),(1960,2400,7,'11',432),(2110,2400,7,'11',461),(2260,2400,7,'11',490),(2410,2400,7,'11',520),(2560,2400,7,'11',550),(2710,2400,7,'11',607),(2860,2400,7,'11',638),(3000,2400,7,'11',668),(610,2700,7,'11',176),(760,2700,7,'11',209),(910,2700,7,'11',241),(1060,2700,7,'11',273),(1210,2700,7,'11',306),(1360,2700,7,'11',338),(1510,2700,7,'11',371),(1660,2700,7,'11',403),(1810,2700,7,'11',435),(1960,2700,7,'11',471),(2110,2700,7,'11',504),(2260,2700,7,'11',537),(2410,2700,7,'11',569),(2560,2700,7,'11',602),(2710,2700,7,'11',660),(2860,2700,7,'11',695),(3000,2700,7,'11',729),(610,3000,7,'11',191),(760,3000,7,'11',226),(910,3000,7,'11',262),(1060,3000,7,'11',297),(1210,3000,7,'11',333),(1360,3000,7,'11',368),(1510,3000,7,'11',404),(1660,3000,7,'11',439),(1810,3000,7,'11',475),(1960,3000,7,'11',511),(2110,3000,7,'11',546),(2260,3000,7,'11',582),(2410,3000,7,'11',617),(2560,3000,7,'11',653),(2710,3000,7,'11',715),(2860,3000,7,'11',752),(3000,3000,7,'11',789),(610,3300,7,'11',203),(760,3300,7,'11',241),(910,3300,7,'11',280),(1060,3300,7,'11',318),(1210,3300,7,'11',357),(1360,3300,7,'11',396),(1510,3300,7,'11',435),(1660,3300,7,'11',473),(1810,3300,7,'11',512),(1960,3300,7,'11',550),(2110,3300,7,'11',588),(2260,3300,7,'11',627),(2410,3300,7,'11',665),(2560,3300,7,'11',702),(2710,3300,7,'11',769),(2860,3300,7,'11',810),(3000,3300,7,'11',850),(610,3600,7,'11',221),(760,3600,7,'11',265),(910,3600,7,'11',307),(1060,3600,7,'11',350),(1210,3600,7,'11',393),(1360,3600,7,'11',437),(1510,3600,7,'11',480),(1660,3600,7,'11',522),(1810,3600,7,'11',565),(1960,3600,7,'11',609),(2110,3600,7,'11',652),(2260,3600,7,'11',695),(2410,3600,7,'11',737),(2560,3600,7,'11',781),(2710,3600,7,'11',824),(2860,3600,7,'11',867),(3000,3600,7,'11',911),(610,900,7,'2',61),(760,900,7,'2',66),(910,900,7,'2',70),(1060,900,7,'2',75),(1210,900,7,'2',79),(1360,900,7,'2',84),(1510,900,7,'2',89),(1660,900,7,'2',94),(1810,900,7,'2',99),(1960,900,7,'2',106),(2110,900,7,'2',111),(2260,900,7,'2',116),(2410,900,7,'2',122),(2560,900,7,'2',127),(2710,900,7,'2',158),(2860,900,7,'2',165),(3000,900,7,'2',171),(610,1200,7,'2',64),(760,1200,7,'2',69),(910,1200,7,'2',74),(1060,1200,7,'2',79),(1210,1200,7,'2',84),(1360,1200,7,'2',90),(1510,1200,7,'2',95),(1660,1200,7,'2',100),(1810,1200,7,'2',105),(1960,1200,7,'2',114),(2110,1200,7,'2',119),(2260,1200,7,'2',126),(2410,1200,7,'2',131),(2560,1200,7,'2',136),(2710,1200,7,'2',168),(2860,1200,7,'2',175),(3000,1200,7,'2',182),(610,1500,7,'2',66),(760,1500,7,'2',72),(910,1500,7,'2',78),(1060,1500,7,'2',83),(1210,1500,7,'2',90),(1360,1500,7,'2',96),(1510,1500,7,'2',101),(1660,1500,7,'2',107),(1810,1500,7,'2',112),(1960,1500,7,'2',122),(2110,1500,7,'2',128),(2260,1500,7,'2',134),(2410,1500,7,'2',140),(2560,1500,7,'2',146),(2710,1500,7,'2',179),(2860,1500,7,'2',186),(3000,1500,7,'2',194),(610,1800,7,'2',69),(760,1800,7,'2',75),(910,1800,7,'2',81),(1060,1800,7,'2',89),(1210,1800,7,'2',95),(1360,1800,7,'2',101),(1510,1800,7,'2',107),(1660,1800,7,'2',113),(1810,1800,7,'2',119),(1960,1800,7,'2',130),(2110,1800,7,'2',136),(2260,1800,7,'2',143),(2410,1800,7,'2',149),(2560,1800,7,'2',157),(2710,1800,7,'2',190),(2860,1800,7,'2',198),(3000,1800,7,'2',205),(610,2100,7,'2',72),(760,2100,7,'2',78),(910,2100,7,'2',85),(1060,2100,7,'2',93),(1210,2100,7,'2',99),(1360,2100,7,'2',106),(1510,2100,7,'2',113),(1660,2100,7,'2',121),(1810,2100,7,'2',127),(1960,2100,7,'2',137),(2110,2100,7,'2',144),(2260,2100,7,'2',151),(2410,2100,7,'2',159),(2560,2100,7,'2',166),(2710,2100,7,'2',200),(2860,2100,7,'2',208),(3000,2100,7,'2',217),(610,2400,7,'2',74),(760,2400,7,'2',82),(910,2400,7,'2',90),(1060,2400,7,'2',97),(1210,2400,7,'2',104),(1360,2400,7,'2',108),(1510,2400,7,'2',119),(1660,2400,7,'2',127),(1810,2400,7,'2',134),(1960,2400,7,'2',141),(2110,2400,7,'2',150),(2260,2400,7,'2',159),(2410,2400,7,'2',166),(2560,2400,7,'2',174),(2710,2400,7,'2',210),(2860,2400,7,'2',219),(3000,2400,7,'2',227),(610,2700,7,'2',77),(760,2700,7,'2',85),(910,2700,7,'2',94),(1060,2700,7,'2',101),(1210,2700,7,'2',109),(1360,2700,7,'2',117),(1510,2700,7,'2',126),(1660,2700,7,'2',130),(1810,2700,7,'2',138),(1960,2700,7,'2',150),(2110,2700,7,'2',160),(2260,2700,7,'2',168),(2410,2700,7,'2',176),(2560,2700,7,'2',184),(2710,2700,7,'2',220),(2860,2700,7,'2',231),(3000,2700,7,'2',240),(610,3000,7,'2',80),(760,3000,7,'2',90),(910,3000,7,'2',99),(1060,3000,7,'2',110),(1210,3000,7,'2',118),(1360,3000,7,'2',129),(1510,3000,7,'2',138),(1660,3000,7,'2',147),(1810,3000,7,'2',158),(1960,3000,7,'2',172),(2110,3000,7,'2',181),(2260,3000,7,'2',192),(2410,3000,7,'2',201),(2560,3000,7,'2',211),(2710,3000,7,'2',241),(2860,3000,7,'2',251),(3000,3000,7,'2',264),(610,3300,7,'2',83),(760,3300,7,'2',94),(910,3300,7,'2',103),(1060,3300,7,'2',115),(1210,3300,7,'2',125),(1360,3300,7,'2',135),(1510,3300,7,'2',144),(1660,3300,7,'2',157),(1810,3300,7,'2',166),(1960,3300,7,'2',181),(2110,3300,7,'2',192),(2260,3300,7,'2',202),(2410,3300,7,'2',213),(2560,3300,7,'2',224),(2710,3300,7,'2',252),(2860,3300,7,'2',266),(3000,3300,7,'2',278),(610,3600,7,'2',93),(760,3600,7,'2',104),(910,3600,7,'2',115),(1060,3600,7,'2',127),(1210,3600,7,'2',138),(1360,3600,7,'2',149),(1510,3600,7,'2',161),(1660,3600,7,'2',172),(1810,3600,7,'2',183),(1960,3600,7,'2',190),(2110,3600,7,'2',201),(2260,3600,7,'2',213),(2410,3600,7,'2',225),(2560,3600,7,'2',236),(2710,3600,7,'2',267),(2860,3600,7,'2',279),(3000,3600,7,'2',290),(610,900,7,'3',64),(760,900,7,'3',69),(910,900,7,'3',74),(1060,900,7,'3',80),(1210,900,7,'3',85),(1360,900,7,'3',91),(1510,900,7,'3',96),(1660,900,7,'3',102),(1810,900,7,'3',107),(1960,900,7,'3',115),(2110,900,7,'3',122),(2260,900,7,'3',127),(2410,900,7,'3',133),(2560,900,7,'3',138),(2710,900,7,'3',171),(2860,900,7,'3',178),(3000,900,7,'3',184),(610,1200,7,'3',67),(760,1200,7,'3',73),(910,1200,7,'3',79),(1060,1200,7,'3',85),(1210,1200,7,'3',92),(1360,1200,7,'3',98),(1510,1200,7,'3',104),(1660,1200,7,'3',110),(1810,1200,7,'3',116),(1960,1200,7,'3',126),(2110,1200,7,'3',132),(2260,1200,7,'3',138),(2410,1200,7,'3',145),(2560,1200,7,'3',151),(2710,1200,7,'3',184),(2860,1200,7,'3',192),(3000,1200,7,'3',200),(610,1500,7,'3',71),(760,1500,7,'3',77),(910,1500,7,'3',84),(1060,1500,7,'3',92),(1210,1500,7,'3',98),(1360,1500,7,'3',105),(1510,1500,7,'3',111),(1660,1500,7,'3',118),(1810,1500,7,'3',126),(1960,1500,7,'3',136),(2110,1500,7,'3',143),(2260,1500,7,'3',150),(2410,1500,7,'3',157),(2560,1500,7,'3',164),(2710,1500,7,'3',198),(2860,1500,7,'3',206),(3000,1500,7,'3',215),(610,1800,7,'3',74),(760,1800,7,'3',81),(910,1800,7,'3',90),(1060,1800,7,'3',97),(1210,1800,7,'3',104),(1360,1800,7,'3',112),(1510,1800,7,'3',119),(1660,1800,7,'3',127),(1810,1800,7,'3',135),(1960,1800,7,'3',145),(2110,1800,7,'3',153),(2260,1800,7,'3',162),(2410,1800,7,'3',169),(2560,1800,7,'3',177),(2710,1800,7,'3',211),(2860,1800,7,'3',220),(3000,1800,7,'3',230),(610,2100,7,'3',77),(760,2100,7,'3',85),(910,2100,7,'3',94),(1060,2100,7,'3',102),(1210,2100,7,'3',110),(1360,2100,7,'3',119),(1510,2100,7,'3',128),(1660,2100,7,'3',136),(1810,2100,7,'3',144),(1960,2100,7,'3',156),(2110,2100,7,'3',164),(2260,2100,7,'3',173),(2410,2100,7,'3',181),(2560,2100,7,'3',190),(2710,2100,7,'3',225),(2860,2100,7,'3',235),(3000,2100,7,'3',245),(610,2400,7,'3',81),(760,2400,7,'3',90),(910,2400,7,'3',99),(1060,2400,7,'3',108),(1210,2400,7,'3',117),(1360,2400,7,'3',126),(1510,2400,7,'3',135),(1660,2400,7,'3',144),(1810,2400,7,'3',153),(1960,2400,7,'3',166),(2110,2400,7,'3',175),(2260,2400,7,'3',184),(2410,2400,7,'3',194),(2560,2400,7,'3',203),(2710,2400,7,'3',239),(2860,2400,7,'3',249),(3000,2400,7,'3',263),(610,2700,7,'3',84),(760,2700,7,'3',94),(910,2700,7,'3',104),(1060,2700,7,'3',113),(1210,2700,7,'3',124),(1360,2700,7,'3',133),(1510,2700,7,'3',143),(1660,2700,7,'3',152),(1810,2700,7,'3',163),(1960,2700,7,'3',176),(2110,2700,7,'3',186),(2260,2700,7,'3',196),(2410,2700,7,'3',206),(2560,2700,7,'3',217),(2710,2700,7,'3',252),(2860,2700,7,'3',264),(3000,2700,7,'3',279),(610,3000,7,'3',91),(760,3000,7,'3',102),(910,3000,7,'3',115),(1060,3000,7,'3',126),(1210,3000,7,'3',138),(1360,3000,7,'3',149),(1510,3000,7,'3',162),(1660,3000,7,'3',172),(1810,3000,7,'3',185),(1960,3000,7,'3',201),(2110,3000,7,'3',212),(2260,3000,7,'3',227),(2410,3000,7,'3',237),(2560,3000,7,'3',250),(2710,3000,7,'3',281),(2860,3000,7,'3',296),(3000,3000,7,'3',309),(610,3300,7,'3',95),(760,3300,7,'3',106),(910,3300,7,'3',121),(1060,3300,7,'3',133),(1210,3300,7,'3',145),(1360,3300,7,'3',158),(1510,3300,7,'3',170),(1660,3300,7,'3',183),(1810,3300,7,'3',195),(1960,3300,7,'3',212),(2110,3300,7,'3',227),(2260,3300,7,'3',238),(2410,3300,7,'3',252),(2560,3300,7,'3',265),(2710,3300,7,'3',298),(2860,3300,7,'3',312),(3000,3300,7,'3',327),(610,3600,7,'3',102),(760,3600,7,'3',115),(910,3600,7,'3',129),(1060,3600,7,'3',143),(1210,3600,7,'3',157),(1360,3600,7,'3',170),(1510,3600,7,'3',183),(1660,3600,7,'3',198),(1810,3600,7,'3',211),(1960,3600,7,'3',226),(2110,3600,7,'3',238),(2260,3600,7,'3',252),(2410,3600,7,'3',266),(2560,3600,7,'3',279),(2710,3600,7,'3',313),(2860,3600,7,'3',331),(3000,3600,7,'3',344),(610,900,7,'4',67),(760,900,7,'4',73),(910,900,7,'4',79),(1060,900,7,'4',85),(1210,900,7,'4',92),(1360,900,7,'4',98),(1510,900,7,'4',104),(1660,900,7,'4',110),(1810,900,7,'4',116),(1960,900,7,'4',127),(2110,900,7,'4',133),(2260,900,7,'4',139),(2410,900,7,'4',145),(2560,900,7,'4',152),(2710,900,7,'4',185),(2860,900,7,'4',193),(3000,900,7,'4',201),(610,1200,7,'4',71),(760,1200,7,'4',78),(910,1200,7,'4',85),(1060,1200,7,'4',93),(1210,1200,7,'4',100),(1360,1200,7,'4',107),(1510,1200,7,'4',114),(1660,1200,7,'4',122),(1810,1200,7,'4',128),(1960,1200,7,'4',139),(2110,1200,7,'4',146),(2260,1200,7,'4',153),(2410,1200,7,'4',161),(2560,1200,7,'4',168),(2710,1200,7,'4',202),(2860,1200,7,'4',211),(3000,1200,7,'4',220),(610,1500,7,'4',75),(760,1500,7,'4',83),(910,1500,7,'4',92),(1060,1500,7,'4',100),(1210,1500,7,'4',108),(1360,1500,7,'4',115),(1510,1500,7,'4',124),(1660,1500,7,'4',132),(1810,1500,7,'4',140),(1960,1500,7,'4',151),(2110,1500,7,'4',160),(2260,1500,7,'4',168),(2410,1500,7,'4',176),(2560,1500,7,'4',184),(2710,1500,7,'4',219),(2860,1500,7,'4',230),(3000,1500,7,'4',239),(610,1800,7,'4',79),(760,1800,7,'4',89),(910,1800,7,'4',98),(1060,1800,7,'4',107),(1210,1800,7,'4',115),(1360,1800,7,'4',125),(1510,1800,7,'4',134),(1660,1800,7,'4',142),(1810,1800,7,'4',151),(1960,1800,7,'4',164),(2110,1800,7,'4',173),(2260,1800,7,'4',182),(2410,1800,7,'4',192),(2560,1800,7,'4',201),(2710,1800,7,'4',237),(2860,1800,7,'4',247),(3000,1800,7,'4',259),(610,2100,7,'4',84),(760,2100,7,'4',94),(910,2100,7,'4',104),(1060,2100,7,'4',113),(1210,2100,7,'4',124),(1360,2100,7,'4',134),(1510,2100,7,'4',143),(1660,2100,7,'4',153),(1810,2100,7,'4',163),(1960,2100,7,'4',176),(2110,2100,7,'4',186),(2260,2100,7,'4',197),(2410,2100,7,'4',207),(2560,2100,7,'4',217),(2710,2100,7,'4',254),(2860,2100,7,'4',266),(3000,2100,7,'4',277),(610,2400,7,'4',89),(760,2400,7,'4',99),(910,2400,7,'4',110),(1060,2400,7,'4',121),(1210,2400,7,'4',132),(1360,2400,7,'4',142),(1510,2400,7,'4',153),(1660,2400,7,'4',164),(1810,2400,7,'4',175),(1960,2400,7,'4',190),(2110,2400,7,'4',200),(2260,2400,7,'4',211),(2410,2400,7,'4',222),(2560,2400,7,'4',234),(2710,2400,7,'4',271),(2860,2400,7,'4',284),(3000,2400,7,'4',299),(610,2700,7,'4',93),(760,2700,7,'4',104),(910,2700,7,'4',116),(1060,2700,7,'4',128),(1210,2700,7,'4',140),(1360,2700,7,'4',151),(1510,2700,7,'4',163),(1660,2700,7,'4',175),(1810,2700,7,'4',186),(1960,2700,7,'4',202),(2110,2700,7,'4',214),(2260,2700,7,'4',226),(2410,2700,7,'4',238),(2560,2700,7,'4',250),(2710,2700,7,'4',288),(2860,2700,7,'4',302),(3000,2700,7,'4',318),(610,3000,7,'4',99),(760,3000,7,'4',115),(910,3000,7,'4',128),(1060,3000,7,'4',141),(1210,3000,7,'4',157),(1360,3000,7,'4',170),(1510,3000,7,'4',184),(1660,3000,7,'4',199),(1810,3000,7,'4',211),(1960,3000,7,'4',231),(2110,3000,7,'4',245),(2260,3000,7,'4',260),(2410,3000,7,'4',274),(2560,3000,7,'4',289),(2710,3000,7,'4',323),(2860,3000,7,'4',339),(3000,3000,7,'4',355),(610,3300,7,'4',104),(760,3300,7,'4',121),(910,3300,7,'4',135),(1060,3300,7,'4',149),(1210,3300,7,'4',166),(1360,3300,7,'4',181),(1510,3300,7,'4',195),(1660,3300,7,'4',209),(1810,3300,7,'4',227),(1960,3300,7,'4',245),(2110,3300,7,'4',261),(2260,3300,7,'4',276),(2410,3300,7,'4',293),(2560,3300,7,'4',307),(2710,3300,7,'4',343),(2860,3300,7,'4',359),(3000,3300,7,'4',377),(610,3600,7,'4',112),(760,3600,7,'4',129),(910,3600,7,'4',145),(1060,3600,7,'4',162),(1210,3600,7,'4',177),(1360,3600,7,'4',194),(1510,3600,7,'4',210),(1660,3600,7,'4',227),(1810,3600,7,'4',243),(1960,3600,7,'4',260),(2110,3600,7,'4',276),(2260,3600,7,'4',294),(2410,3600,7,'4',309),(2560,3600,7,'4',327),(2710,3600,7,'4',363),(2860,3600,7,'4',381),(3000,3600,7,'4',399),(610,900,7,'5',70),(760,900,7,'5',77),(910,900,7,'5',83),(1060,900,7,'5',91),(1210,900,7,'5',98),(1360,900,7,'5',105),(1510,900,7,'5',111),(1660,900,7,'5',118),(1810,900,7,'5',126),(1960,900,7,'5',136),(2110,900,7,'5',143),(2260,900,7,'5',150),(2410,900,7,'5',158),(2560,900,7,'5',165),(2710,900,7,'5',199),(2860,900,7,'5',207),(3000,900,7,'5',216),(610,1200,7,'5',75),(760,1200,7,'5',83),(910,1200,7,'5',92),(1060,1200,7,'5',99),(1210,1200,7,'5',107),(1360,1200,7,'5',115),(1510,1200,7,'5',124),(1660,1200,7,'5',132),(1810,1200,7,'5',139),(1960,1200,7,'5',151),(2110,1200,7,'5',160),(2260,1200,7,'5',168),(2410,1200,7,'5',176),(2560,1200,7,'5',184),(2710,1200,7,'5',219),(2860,1200,7,'5',229),(3000,1200,7,'5',239),(610,1500,7,'5',80),(760,1500,7,'5',90),(910,1500,7,'5',99),(1060,1500,7,'5',107),(1210,1500,7,'5',116),(1360,1500,7,'5',126),(1510,1500,7,'5',135),(1660,1500,7,'5',144),(1810,1500,7,'5',153),(1960,1500,7,'5',166),(2110,1500,7,'5',175),(2260,1500,7,'5',184),(2410,1500,7,'5',195),(2560,1500,7,'5',204),(2710,1500,7,'5',240),(2860,1500,7,'5',250),(3000,1500,7,'5',262),(610,1800,7,'5',85),(760,1800,7,'5',96),(910,1800,7,'5',106),(1060,1800,7,'5',116),(1210,1800,7,'5',126),(1360,1800,7,'5',136),(1510,1800,7,'5',146),(1660,1800,7,'5',157),(1810,1800,7,'5',167),(1960,1800,7,'5',181),(2110,1800,7,'5',192),(2260,1800,7,'5',202),(2410,1800,7,'5',212),(2560,1800,7,'5',224),(2710,1800,7,'5',261),(2860,1800,7,'5',272),(3000,1800,7,'5',284),(610,2100,7,'5',90),(760,2100,7,'5',102),(910,2100,7,'5',113),(1060,2100,7,'5',125),(1210,2100,7,'5',136),(1360,2100,7,'5',147),(1510,2100,7,'5',159),(1660,2100,7,'5',170),(1810,2100,7,'5',181),(1960,2100,7,'5',196),(2110,2100,7,'5',208),(2260,2100,7,'5',219),(2410,2100,7,'5',231),(2560,2100,7,'5',243),(2710,2100,7,'5',281),(2860,2100,7,'5',294),(3000,2100,7,'5',307),(610,2400,7,'5',95),(760,2400,7,'5',107),(910,2400,7,'5',121),(1060,2400,7,'5',133),(1210,2400,7,'5',145),(1360,2400,7,'5',158),(1510,2400,7,'5',170),(1660,2400,7,'5',182),(1810,2400,7,'5',195),(1960,2400,7,'5',211),(2110,2400,7,'5',224),(2260,2400,7,'5',237),(2410,2400,7,'5',249),(2560,2400,7,'5',262),(2710,2400,7,'5',302),(2860,2400,7,'5',315),(3000,2400,7,'5',330),(610,2700,7,'5',100),(760,2700,7,'5',113),(910,2700,7,'5',128),(1060,2700,7,'5',141),(1210,2700,7,'5',155),(1360,2700,7,'5',168),(1510,2700,7,'5',181),(1660,2700,7,'5',196),(1810,2700,7,'5',209),(1960,2700,7,'5',226),(2110,2700,7,'5',240),(2260,2700,7,'5',253),(2410,2700,7,'5',268),(2560,2700,7,'5',281),(2710,2700,7,'5',322),(2860,2700,7,'5',338),(3000,2700,7,'5',352),(610,3000,7,'5',106),(760,3000,7,'5',122),(910,3000,7,'5',136),(1060,3000,7,'5',151),(1210,3000,7,'5',166),(1360,3000,7,'5',181),(1510,3000,7,'5',196),(1660,3000,7,'5',211),(1810,3000,7,'5',226),(1960,3000,7,'5',241),(2110,3000,7,'5',256),(2260,3000,7,'5',271),(2410,3000,7,'5',286),(2560,3000,7,'5',301),(2710,3000,7,'5',343),(2860,3000,7,'5',359),(3000,3000,7,'5',376),(610,3300,7,'5',111),(760,3300,7,'5',128),(910,3300,7,'5',143),(1060,3300,7,'5',160),(1210,3300,7,'5',175),(1360,3300,7,'5',192),(1510,3300,7,'5',208),(1660,3300,7,'5',224),(1810,3300,7,'5',240),(1960,3300,7,'5',256),(2110,3300,7,'5',272),(2260,3300,7,'5',288),(2410,3300,7,'5',304),(2560,3300,7,'5',318),(2710,3300,7,'5',364),(2860,3300,7,'5',381),(3000,3300,7,'5',399),(610,3600,7,'5',123),(760,3600,7,'5',141),(910,3600,7,'5',160),(1060,3600,7,'5',178),(1210,3600,7,'5',197),(1360,3600,7,'5',215),(1510,3600,7,'5',234),(1660,3600,7,'5',253),(1810,3600,7,'5',272),(1960,3600,7,'5',290),(2110,3600,7,'5',309),(2260,3600,7,'5',328),(2410,3600,7,'5',346),(2560,3600,7,'5',365),(2710,3600,7,'5',384),(2860,3600,7,'5',403),(3000,3600,7,'5',421),(610,900,7,'6',74),(760,900,7,'6',82),(910,900,7,'6',91),(1060,900,7,'6',99),(1210,900,7,'6',106),(1360,900,7,'6',114),(1510,900,7,'6',123),(1660,900,7,'6',131),(1810,900,7,'6',138),(1960,900,7,'6',150),(2110,900,7,'6',159),(2260,900,7,'6',167),(2410,900,7,'6',175),(2560,900,7,'6',183),(2710,900,7,'6',218),(2860,900,7,'6',228),(3000,900,7,'6',237),(610,1200,7,'6',80),(760,1200,7,'6',90),(910,1200,7,'6',99),(1060,1200,7,'6',109),(1210,1200,7,'6',118),(1360,1200,7,'6',128),(1510,1200,7,'6',137),(1660,1200,7,'6',146),(1810,1200,7,'6',156),(1960,1200,7,'6',169),(2110,1200,7,'6',178),(2260,1200,7,'6',187),(2410,1200,7,'6',198),(2560,1200,7,'6',207),(2710,1200,7,'6',243),(2860,1200,7,'6',254),(3000,1200,7,'6',266),(610,1500,7,'6',87),(760,1500,7,'6',98),(910,1500,7,'6',108),(1060,1500,7,'6',118),(1210,1500,7,'6',130),(1360,1500,7,'6',140),(1510,1500,7,'6',151),(1660,1500,7,'6',162),(1810,1500,7,'6',173),(1960,1500,7,'6',187),(2110,1500,7,'6',198),(2260,1500,7,'6',209),(2410,1500,7,'6',220),(2560,1500,7,'6',231),(2710,1500,7,'6',269),(2860,1500,7,'6',281),(3000,1500,7,'6',294),(610,1800,7,'6',93),(760,1800,7,'6',105),(910,1800,7,'6',117),(1060,1800,7,'6',129),(1210,1800,7,'6',141),(1360,1800,7,'6',153),(1510,1800,7,'6',166),(1660,1800,7,'6',178),(1810,1800,7,'6',190),(1960,1800,7,'6',205),(2110,1800,7,'6',218),(2260,1800,7,'6',231),(2410,1800,7,'6',243),(2560,1800,7,'6',255),(2710,1800,7,'6',295),(2860,1800,7,'6',308),(3000,1800,7,'6',323),(610,2100,7,'6',99),(760,2100,7,'6',112),(910,2100,7,'6',126),(1060,2100,7,'6',139),(1210,2100,7,'6',152),(1360,2100,7,'6',167),(1510,2100,7,'6',180),(1660,2100,7,'6',194),(1810,2100,7,'6',207),(1960,2100,7,'6',224),(2110,2100,7,'6',238),(2260,2100,7,'6',251),(2410,2100,7,'6',266),(2560,2100,7,'6',279),(2710,2100,7,'6',319),(2860,2100,7,'6',335),(3000,2100,7,'6',352),(610,2400,7,'6',105),(760,2400,7,'6',119),(910,2400,7,'6',135),(1060,2400,7,'6',149),(1210,2400,7,'6',165),(1360,2400,7,'6',179),(1510,2400,7,'6',195),(1660,2400,7,'6',209),(1810,2400,7,'6',225),(1960,2400,7,'6',242),(2110,2400,7,'6',258),(2260,2400,7,'6',274),(2410,2400,7,'6',289),(2560,2400,7,'6',304),(2710,2400,7,'6',345),(2860,2400,7,'6',362),(3000,2400,7,'6',386),(610,2700,7,'6',116),(760,2700,7,'6',134),(910,2700,7,'6',151),(1060,2700,7,'6',170),(1210,2700,7,'6',187),(1360,2700,7,'6',205),(1510,2700,7,'6',225),(1660,2700,7,'6',242),(1810,2700,7,'6',260),(1960,2700,7,'6',282),(2110,2700,7,'6',301),(2260,2700,7,'6',318),(2410,2700,7,'6',338),(2560,2700,7,'6',356),(2710,2700,7,'6',396),(2860,2700,7,'6',414),(3000,2700,7,'6',434),(610,3000,7,'6',128),(760,3000,7,'6',148),(910,3000,7,'6',168),(1060,3000,7,'6',188),(1210,3000,7,'6',208),(1360,3000,7,'6',230),(1510,3000,7,'6',250),(1660,3000,7,'6',271),(1810,3000,7,'6',291),(1960,3000,7,'6',315),(2110,3000,7,'6',337),(2260,3000,7,'6',358),(2410,3000,7,'6',379),(2560,3000,7,'6',400),(2710,3000,7,'6',442),(2860,3000,7,'6',464),(3000,3000,7,'6',485),(610,3300,7,'6',144),(760,3300,7,'6',167),(910,3300,7,'6',191),(1060,3300,7,'6',215),(1210,3300,7,'6',237),(1360,3300,7,'6',261),(1510,3300,7,'6',285),(1660,3300,7,'6',308),(1810,3300,7,'6',333),(1960,3300,7,'6',361),(2110,3300,7,'6',384),(2260,3300,7,'6',408),(2410,3300,7,'6',433),(2560,3300,7,'6',455),(2710,3300,7,'6',504),(2860,3300,7,'6',527),(3000,3300,7,'6',553),(610,3600,7,'6',151),(760,3600,7,'6',178),(910,3600,7,'6',202),(1060,3600,7,'6',228),(1210,3600,7,'6',252),(1360,3600,7,'6',277),(1510,3600,7,'6',302),(1660,3600,7,'6',329),(1810,3600,7,'6',353),(1960,3600,7,'6',383),(2110,3600,7,'6',409),(2260,3600,7,'6',435),(2410,3600,7,'6',461),(2560,3600,7,'6',486),(2710,3600,7,'6',536),(2860,3600,7,'6',560),(3000,3600,7,'6',589),(610,900,7,'7',78),(760,900,7,'7',88),(910,900,7,'7',97),(1060,900,7,'7',105),(1210,900,7,'7',114),(1360,900,7,'7',124),(1510,900,7,'7',132),(1660,900,7,'7',141),(1810,900,7,'7',150),(1960,900,7,'7',163),(2110,900,7,'7',172),(2260,900,7,'7',181),(2410,900,7,'7',191),(2560,900,7,'7',200),(2710,900,7,'7',236),(2860,900,7,'7',246),(3000,900,7,'7',256),(610,1200,7,'7',85),(760,1200,7,'7',96),(910,1200,7,'7',107),(1060,1200,7,'7',117),(1210,1200,7,'7',128),(1360,1200,7,'7',138),(1510,1200,7,'7',149),(1660,1200,7,'7',160),(1810,1200,7,'7',170),(1960,1200,7,'7',184),(2110,1200,7,'7',195),(2260,1200,7,'7',206),(2410,1200,7,'7',217),(2560,1200,7,'7',228),(2710,1200,7,'7',265),(2860,1200,7,'7',277),(3000,1200,7,'7',289),(610,1500,7,'7',93),(760,1500,7,'7',105),(910,1500,7,'7',117),(1060,1500,7,'7',129),(1210,1500,7,'7',141),(1360,1500,7,'7',153),(1510,1500,7,'7',166),(1660,1500,7,'7',178),(1810,1500,7,'7',191),(1960,1500,7,'7',206),(2110,1500,7,'7',218),(2260,1500,7,'7',231),(2410,1500,7,'7',243),(2560,1500,7,'7',255),(2710,1500,7,'7',295),(2860,1500,7,'7',309),(3000,1500,7,'7',322),(610,1800,7,'7',100),(760,1800,7,'7',113),(910,1800,7,'7',128),(1060,1800,7,'7',141),(1210,1800,7,'7',155),(1360,1800,7,'7',169),(1510,1800,7,'7',182),(1660,1800,7,'7',197),(1810,1800,7,'7',210),(1960,1800,7,'7',228),(2110,1800,7,'7',242),(2260,1800,7,'7',255),(2410,1800,7,'7',270),(2560,1800,7,'7',284),(2710,1800,7,'7',324),(2860,1800,7,'7',340),(3000,1800,7,'7',356),(610,2100,7,'7',107),(760,2100,7,'7',123),(910,2100,7,'7',138),(1060,2100,7,'7',153),(1210,2100,7,'7',169),(1360,2100,7,'7',184),(1510,2100,7,'7',200),(1660,2100,7,'7',215),(1810,2100,7,'7',231),(1960,2100,7,'7',249),(2110,2100,7,'7',265),(2260,2100,7,'7',281),(2410,2100,7,'7',297),(2560,2100,7,'7',312),(2710,2100,7,'7',354),(2860,2100,7,'7',372),(3000,2100,7,'7',389),(610,2400,7,'7',113),(760,2400,7,'7',131),(910,2400,7,'7',148),(1060,2400,7,'7',165),(1210,2400,7,'7',182),(1360,2400,7,'7',199),(1510,2400,7,'7',216),(1660,2400,7,'7',234),(1810,2400,7,'7',250),(1960,2400,7,'7',271),(2110,2400,7,'7',288),(2260,2400,7,'7',306),(2410,2400,7,'7',323),(2560,2400,7,'7',340),(2710,2400,7,'7',384),(2860,2400,7,'7',403),(3000,2400,7,'7',427),(610,2700,7,'7',121),(760,2700,7,'7',139),(910,2700,7,'7',159),(1060,2700,7,'7',177),(1210,2700,7,'7',196),(1360,2700,7,'7',214),(1510,2700,7,'7',233),(1660,2700,7,'7',251),(1810,2700,7,'7',271),(1960,2700,7,'7',293),(2110,2700,7,'7',312),(2260,2700,7,'7',331),(2410,2700,7,'7',349),(2560,2700,7,'7',369),(2710,2700,7,'7',414),(2860,2700,7,'7',435),(3000,2700,7,'7',462),(610,3000,7,'7',133),(760,3000,7,'7',156),(910,3000,7,'7',178),(1060,3000,7,'7',200),(1210,3000,7,'7',222),(1360,3000,7,'7',243),(1510,3000,7,'7',266),(1660,3000,7,'7',288),(1810,3000,7,'7',310),(1960,3000,7,'7',337),(2110,3000,7,'7',359),(2260,3000,7,'7',382),(2410,3000,7,'7',405),(2560,3000,7,'7',427),(2710,3000,7,'7',470),(2860,3000,7,'7',493),(3000,3000,7,'7',516),(610,3300,7,'7',140),(760,3300,7,'7',165),(910,3300,7,'7',188),(1060,3300,7,'7',211),(1210,3300,7,'7',236),(1360,3300,7,'7',260),(1510,3300,7,'7',285),(1660,3300,7,'7',308),(1810,3300,7,'7',333),(1960,3300,7,'7',361),(2110,3300,7,'7',385),(2260,3300,7,'7',409),(2410,3300,7,'7',434),(2560,3300,7,'7',458),(2710,3300,7,'7',504),(2860,3300,7,'7',527),(3000,3300,7,'7',553),(610,3600,7,'7',158),(760,3600,7,'7',185),(910,3600,7,'7',211),(1060,3600,7,'7',239),(1210,3600,7,'7',266),(1360,3600,7,'7',294),(1510,3600,7,'7',320),(1660,3600,7,'7',347),(1810,3600,7,'7',375),(1960,3600,7,'7',407),(2110,3600,7,'7',435),(2260,3600,7,'7',462),(2410,3600,7,'7',489),(2560,3600,7,'7',517),(2710,3600,7,'7',565),(2860,3600,7,'7',593),(3000,3600,7,'7',624),(610,900,7,'8',83),(760,900,7,'8',94),(910,900,7,'8',104),(1060,900,7,'8',114),(1210,900,7,'8',125),(1360,900,7,'8',135),(1510,900,7,'8',145),(1660,900,7,'8',156),(1810,900,7,'8',166),(1960,900,7,'8',180),(2110,900,7,'8',191),(2260,900,7,'8',201),(2410,900,7,'8',212),(2560,900,7,'8',222),(2710,900,7,'8',260),(2860,900,7,'8',272),(3000,900,7,'8',283),(610,1200,7,'8',93),(760,1200,7,'8',104),(910,1200,7,'8',116),(1060,1200,7,'8',129),(1210,1200,7,'8',141),(1360,1200,7,'8',153),(1510,1200,7,'8',166),(1660,1200,7,'8',178),(1810,1200,7,'8',191),(1960,1200,7,'8',206),(2110,1200,7,'8',218),(2260,1200,7,'8',231),(2410,1200,7,'8',244),(2560,1200,7,'8',256),(2710,1200,7,'8',296),(2860,1200,7,'8',309),(3000,1200,7,'8',323),(610,1500,7,'8',101),(760,1500,7,'8',115),(910,1500,7,'8',129),(1060,1500,7,'8',143),(1210,1500,7,'8',158),(1360,1500,7,'8',172),(1510,1500,7,'8',186),(1660,1500,7,'8',200),(1810,1500,7,'8',214),(1960,1500,7,'8',232),(2110,1500,7,'8',246),(2260,1500,7,'8',262),(2410,1500,7,'8',276),(2560,1500,7,'8',290),(2710,1500,7,'8',332),(2860,1500,7,'8',347),(3000,1500,7,'8',364),(610,1800,7,'8',109),(760,1800,7,'8',126),(910,1800,7,'8',141),(1060,1800,7,'8',158),(1210,1800,7,'8',174),(1360,1800,7,'8',190),(1510,1800,7,'8',206),(1660,1800,7,'8',222),(1810,1800,7,'8',239),(1960,1800,7,'8',259),(2110,1800,7,'8',275),(2260,1800,7,'8',291),(2410,1800,7,'8',308),(2560,1800,7,'8',324),(2710,1800,7,'8',367),(2860,1800,7,'8',385),(3000,1800,7,'8',403),(610,2100,7,'8',117),(760,2100,7,'8',136),(910,2100,7,'8',153),(1060,2100,7,'8',172),(1210,2100,7,'8',191),(1360,2100,7,'8',208),(1510,2100,7,'8',227),(1660,2100,7,'8',244),(1810,2100,7,'8',263),(1960,2100,7,'8',284),(2110,2100,7,'8',303),(2260,2100,7,'8',321),(2410,2100,7,'8',340),(2560,2100,7,'8',357),(2710,2100,7,'8',403),(610,900,6,'1',57),(760,900,6,'1',61),(910,900,6,'1',65),(1060,900,6,'1',68),(1210,900,6,'1',72),(1360,900,6,'1',75),(1510,900,6,'1',79),(1660,900,6,'1',83),(1810,900,6,'1',87),(1960,900,6,'1',94),(2110,900,6,'1',98),(2260,900,6,'1',102),(2410,900,6,'1',104),(2560,900,6,'1',111),(2710,900,6,'1',140),(2860,900,6,'1',146),(3000,900,6,'1',151),(610,1200,6,'1',59),(760,1200,6,'1',63),(910,1200,6,'1',67),(1060,1200,6,'1',71),(1210,1200,6,'1',75),(1360,1200,6,'1',79),(1510,1200,6,'1',82),(1660,1200,6,'1',87),(1810,1200,6,'1',90),(1960,1200,6,'1',98),(2110,1200,6,'1',102),(2260,1200,6,'1',110),(2410,1200,6,'1',114),(2560,1200,6,'1',118),(2710,1200,6,'1',146),(2860,1200,6,'1',152),(3000,1200,6,'1',160),(610,1500,6,'1',61),(760,1500,6,'1',65),(910,1500,6,'1',69),(1060,1500,6,'1',73),(1210,1500,6,'1',78),(1360,1500,6,'1',82),(1510,1500,6,'1',87),(1660,1500,6,'1',90),(1810,1500,6,'1',95),(1960,1500,6,'1',103),(2110,1500,6,'1',111),(2260,1500,6,'1',116),(2410,1500,6,'1',122),(2560,1500,6,'1',127),(2710,1500,6,'1',152),(2860,1500,6,'1',157),(3000,1500,6,'1',169),(610,1800,6,'1',62),(760,1800,6,'1',67),(910,1800,6,'1',71),(1060,1800,6,'1',76),(1210,1800,6,'1',79),(1360,1800,6,'1',84),(1510,1800,6,'1',90),(1660,1800,6,'1',95),(1810,1800,6,'1',100),(1960,1800,6,'1',112),(2110,1800,6,'1',117),(2260,1800,6,'1',124),(2410,1800,6,'1',129),(2560,1800,6,'1',135),(2710,1800,6,'1',160),(2860,1800,6,'1',166),(3000,1800,6,'1',179),(610,2100,6,'1',64),(760,2100,6,'1',69),(910,2100,6,'1',74),(1060,2100,6,'1',79),(1210,2100,6,'1',82),(1360,2100,6,'1',89),(1510,2100,6,'1',95),(1660,2100,6,'1',100),(1810,2100,6,'1',108),(1960,2100,6,'1',118),(2110,2100,6,'1',125),(2260,2100,6,'1',131),(2410,2100,6,'1',137),(2560,2100,6,'1',143),(2710,2100,6,'1',168),(2860,2100,6,'1',175),(3000,2100,6,'1',188),(610,2400,6,'1',66),(760,2400,6,'1',71),(910,2400,6,'1',77),(1060,2400,6,'1',83),(1210,2400,6,'1',91),(1360,2400,6,'1',96),(1510,2400,6,'1',102),(1660,2400,6,'1',111),(1810,2400,6,'1',117),(1960,2400,6,'1',127),(2110,2400,6,'1',135),(2260,2400,6,'1',141),(2410,2400,6,'1',147),(2560,2400,6,'1',155),(2710,2400,6,'1',179),(2860,2400,6,'1',186),(3000,2400,6,'1',202),(610,2700,6,'1',68),(760,2700,6,'1',74),(910,2700,6,'1',80),(1060,2700,6,'1',88),(1210,2700,6,'1',94),(1360,2700,6,'1',101),(1510,2700,6,'1',110),(1660,2700,6,'1',116),(1810,2700,6,'1',123),(1960,2700,6,'1',135),(2110,2700,6,'1',141),(2260,2700,6,'1',148),(2410,2700,6,'1',156),(2560,2700,6,'1',164),(2710,2700,6,'1',188),(2860,2700,6,'1',197),(3000,2700,6,'1',214),(610,3000,6,'1',75),(760,3000,6,'1',82),(910,3000,6,'1',91),(1060,3000,6,'1',98),(1210,3000,6,'1',107),(1360,3000,6,'1',116),(1510,3000,6,'1',124),(1660,3000,6,'1',132),(1810,3000,6,'1',139),(1960,3000,6,'1',152),(2110,3000,6,'1',161),(2260,3000,6,'1',169),(2410,3000,6,'1',177),(2560,3000,6,'1',185),(2710,3000,6,'1',214),(2860,3000,6,'1',225),(3000,3000,6,'1',233),(610,3300,6,'1',77),(760,3300,6,'1',85),(910,3300,6,'1',94),(1060,3300,6,'1',102),(1210,3300,6,'1',113),(1360,3300,6,'1',121),(1510,3300,6,'1',129),(1660,3300,6,'1',138),(1810,3300,6,'1',145),(1960,3300,6,'1',160),(2110,3300,6,'1',168),(2260,3300,6,'1',177),(2410,3300,6,'1',185),(2560,3300,6,'1',195),(2710,3300,6,'1',225),(2860,3300,6,'1',234),(3000,3300,6,'1',244),(610,3600,6,'1',79),(760,3600,6,'1',90),(910,3600,6,'1',98),(1060,3600,6,'1',108),(1210,3600,6,'1',117),(1360,3600,6,'1',126),(1510,3600,6,'1',135),(1660,3600,6,'1',143),(1810,3600,6,'1',152),(1960,3600,6,'1',167),(2110,3600,6,'1',176),(2260,3600,6,'1',185),(2410,3600,6,'1',195),(2560,3600,6,'1',204),(2710,3600,6,'1',234),(2860,3600,6,'1',244),(3000,3600,6,'1',254),(610,900,6,'10',94),(760,900,6,'10',107),(910,900,6,'10',119),(1060,900,6,'10',132),(1210,900,6,'10',145),(1360,900,6,'10',158),(1510,900,6,'10',171),(1660,900,6,'10',183),(1810,900,6,'10',196),(1960,900,6,'10',212),(2110,900,6,'10',226),(2260,900,6,'10',239),(2410,900,6,'10',251),(2560,900,6,'10',265),(2710,900,6,'10',304),(2860,900,6,'10',318),(3000,900,6,'10',334),(610,1200,6,'10',105),(760,1200,6,'10',121),(910,1200,6,'10',136),(1060,1200,6,'10',150),(1210,1200,6,'10',166),(1360,1200,6,'10',181),(1510,1200,6,'10',197),(1660,1200,6,'10',212),(1810,1200,6,'10',228),(1960,1200,6,'10',246),(2110,1200,6,'10',262),(2260,1200,6,'10',278),(2410,1200,6,'10',294),(2560,1200,6,'10',309),(2710,1200,6,'10',351),(2860,1200,6,'10',369),(3000,1200,6,'10',385),(610,1500,6,'10',115),(760,1500,6,'10',134),(910,1500,6,'10',151),(1060,1500,6,'10',170),(1210,1500,6,'10',187),(1360,1500,6,'10',205),(1510,1500,6,'10',224),(1660,1500,6,'10',241),(1810,1500,6,'10',260),(1960,1500,6,'10',280),(2110,1500,6,'10',299),(2260,1500,6,'10',317),(2410,1500,6,'10',335),(2560,1500,6,'10',353),(2710,1500,6,'10',399),(2860,1500,6,'10',418),(3000,1500,6,'10',438),(610,1800,6,'10',127),(760,1800,6,'10',147),(910,1800,6,'10',168),(1060,1800,6,'10',188),(1210,1800,6,'10',209),(1360,1800,6,'10',230),(1510,1800,6,'10',249),(1660,1800,6,'10',270),(1810,1800,6,'10',290),(1960,1800,6,'10',315),(2110,1800,6,'10',336),(2260,1800,6,'10',356),(2410,1800,6,'10',377),(2560,1800,6,'10',398),(2710,1800,6,'10',445),(2860,1800,6,'10',468),(3000,1800,6,'10',489),(610,2100,6,'10',138),(760,2100,6,'10',161),(910,2100,6,'10',183),(1060,2100,6,'10',207),(1210,2100,6,'10',230),(1360,2100,6,'10',253),(1510,2100,6,'10',276),(1660,2100,6,'10',300),(1810,2100,6,'10',322),(1960,2100,6,'10',349),(2110,2100,6,'10',372),(2260,2100,6,'10',396),(2410,2100,6,'10',419),(2560,2100,6,'10',442),(2710,2100,6,'10',492),(2860,2100,6,'10',517),(3000,2100,6,'10',542),(610,2400,6,'10',148),(760,2400,6,'10',174),(910,2400,6,'10',200),(1060,2400,6,'10',226),(1210,2400,6,'10',251),(1360,2400,6,'10',277),(1510,2400,6,'10',303),(1660,2400,6,'10',329),(1810,2400,6,'10',354),(1960,2400,6,'10',383),(2110,2400,6,'10',409),(2260,2400,6,'10',435),(2410,2400,6,'10',460),(2560,2400,6,'10',487),(2710,2400,6,'10',540),(2860,2400,6,'10',567),(3000,2400,6,'10',594),(610,2700,6,'10',160),(760,2700,6,'10',187),(910,2700,6,'10',216),(1060,2700,6,'10',244),(1210,2700,6,'10',273),(1360,2700,6,'10',301),(1510,2700,6,'10',329),(1660,2700,6,'10',357),(1810,2700,6,'10',385),(1960,2700,6,'10',417),(2110,2700,6,'10',446),(2260,2700,6,'10',474),(2410,2700,6,'10',503),(2560,2700,6,'10',531),(2710,2700,6,'10',586),(2860,2700,6,'10',616),(3000,2700,6,'10',646),(610,3000,6,'10',172),(760,3000,6,'10',203),(910,3000,6,'10',234),(1060,3000,6,'10',265),(1210,3000,6,'10',296),(1360,3000,6,'10',327),(1510,3000,6,'10',358),(1660,3000,6,'10',389),(1810,3000,6,'10',420),(1960,3000,6,'10',451),(2110,3000,6,'10',482),(2260,3000,6,'10',513),(2410,3000,6,'10',545),(2560,3000,6,'10',576),(2710,3000,6,'10',633),(2860,3000,6,'10',665),(3000,3000,6,'10',698),(610,3300,6,'10',182),(760,3300,6,'10',216),(910,3300,6,'10',250),(1060,3300,6,'10',283),(1210,3300,6,'10',317),(1360,3300,6,'10',351),(1510,3300,6,'10',384),(1660,3300,6,'10',418),(1810,3300,6,'10',452),(1960,3300,6,'10',485),(2110,3300,6,'10',519),(2260,3300,6,'10',553),(2410,3300,6,'10',586),(2560,3300,6,'10',618),(2710,3300,6,'10',680),(2860,3300,6,'10',716),(3000,3300,6,'10',751),(610,3600,6,'10',200),(760,3600,6,'10',237),(910,3600,6,'10',275),(1060,3600,6,'10',313),(1210,3600,6,'10',350),(1360,3600,6,'10',388),(1510,3600,6,'10',425),(1660,3600,6,'10',464),(1810,3600,6,'10',501),(1960,3600,6,'10',539),(2110,3600,6,'10',577),(2260,3600,6,'10',614),(2410,3600,6,'10',652),(2560,3600,6,'10',689),(2710,3600,6,'10',727),(2860,3600,6,'10',765),(3000,3600,6,'10',802),(610,900,6,'11',101),(760,900,6,'11',115),(910,900,6,'11',130),(1060,900,6,'11',144),(1210,900,6,'11',159),(1360,900,6,'11',173),(1510,900,6,'11',187),(1660,900,6,'11',202),(1810,900,6,'11',216),(1960,900,6,'11',234),(2110,900,6,'11',248),(2260,900,6,'11',264),(2410,900,6,'11',278),(2560,900,6,'11',293),(2710,900,6,'11',334),(2860,900,6,'11',350),(3000,900,6,'11',367),(610,1200,6,'11',113),(760,1200,6,'11',131),(910,1200,6,'11',148),(1060,1200,6,'11',166),(1210,1200,6,'11',183),(1360,1200,6,'11',200),(1510,1200,6,'11',217),(1660,1200,6,'11',235),(1810,1200,6,'11',252),(1960,1200,6,'11',273),(2110,1200,6,'11',291),(2260,1200,6,'11',309),(2410,1200,6,'11',327),(2560,1200,6,'11',344),(2710,1200,6,'11',388),(2860,1200,6,'11',408),(3000,1200,6,'11',426),(610,1500,6,'11',126),(760,1500,6,'11',146),(910,1500,6,'11',167),(1060,1500,6,'11',187),(1210,1500,6,'11',207),(1360,1500,6,'11',228),(1510,1500,6,'11',248),(1660,1500,6,'11',269),(1810,1500,6,'11',289),(1960,1500,6,'11',313),(2110,1500,6,'11',334),(2260,1500,6,'11',354),(2410,1500,6,'11',375),(2560,1500,6,'11',396),(2710,1500,6,'11',443),(2860,1500,6,'11',465),(3000,1500,6,'11',487),(610,1800,6,'11',138),(760,1800,6,'11',162),(910,1800,6,'11',185),(1060,1800,6,'11',209),(1210,1800,6,'11',232),(1360,1800,6,'11',255),(1510,1800,6,'11',279),(1660,1800,6,'11',302),(1810,1800,6,'11',325),(1960,1800,6,'11',352),(2110,1800,6,'11',376),(2260,1800,6,'11',400),(2410,1800,6,'11',423),(2560,1800,6,'11',447),(2710,1800,6,'11',497),(2860,1800,6,'11',522),(3000,1800,6,'11',548),(610,2100,6,'11',151),(760,2100,6,'11',177),(910,2100,6,'11',204),(1060,2100,6,'11',231),(1210,2100,6,'11',256),(1360,2100,6,'11',283),(1510,2100,6,'11',309),(1660,2100,6,'11',336),(1810,2100,6,'11',363),(1960,2100,6,'11',392),(2110,2100,6,'11',418),(2260,2100,6,'11',445),(2410,2100,6,'11',472),(2560,2100,6,'11',499),(2710,2100,6,'11',552),(2860,2100,6,'11',580),(3000,2100,6,'11',608),(610,2400,6,'11',164),(760,2400,6,'11',193),(910,2400,6,'11',222),(1060,2400,6,'11',251),(1210,2400,6,'11',281),(1360,2400,6,'11',310),(1510,2400,6,'11',340),(1660,2400,6,'11',369),(1810,2400,6,'11',399),(1960,2400,6,'11',432),(2110,2400,6,'11',461),(2260,2400,6,'11',490),(2410,2400,6,'11',520),(2560,2400,6,'11',550),(2710,2400,6,'11',607),(2860,2400,6,'11',638),(3000,2400,6,'11',668),(610,2700,6,'11',176),(760,2700,6,'11',209),(910,2700,6,'11',241),(1060,2700,6,'11',273),(1210,2700,6,'11',306),(1360,2700,6,'11',338),(1510,2700,6,'11',371),(1660,2700,6,'11',403),(1810,2700,6,'11',435),(1960,2700,6,'11',471),(2110,2700,6,'11',504),(2260,2700,6,'11',537),(2410,2700,6,'11',569),(2560,2700,6,'11',602),(2710,2700,6,'11',660),(2860,2700,6,'11',695),(3000,2700,6,'11',729),(610,3000,6,'11',191),(760,3000,6,'11',226),(910,3000,6,'11',262),(1060,3000,6,'11',297),(1210,3000,6,'11',333),(1360,3000,6,'11',368),(1510,3000,6,'11',404),(1660,3000,6,'11',439),(1810,3000,6,'11',475),(1960,3000,6,'11',511),(2110,3000,6,'11',546),(2260,3000,6,'11',582),(2410,3000,6,'11',617),(2560,3000,6,'11',653),(2710,3000,6,'11',715),(2860,3000,6,'11',752),(3000,3000,6,'11',789),(610,3300,6,'11',203),(760,3300,6,'11',241),(910,3300,6,'11',280),(1060,3300,6,'11',318),(1210,3300,6,'11',357),(1360,3300,6,'11',396),(1510,3300,6,'11',435),(1660,3300,6,'11',473),(1810,3300,6,'11',512),(1960,3300,6,'11',550),(2110,3300,6,'11',588),(2260,3300,6,'11',627),(2410,3300,6,'11',665),(2560,3300,6,'11',702),(2710,3300,6,'11',769),(2860,3300,6,'11',810),(3000,3300,6,'11',850),(610,3600,6,'11',221),(760,3600,6,'11',265),(910,3600,6,'11',307),(1060,3600,6,'11',350),(1210,3600,6,'11',393),(1360,3600,6,'11',437),(1510,3600,6,'11',480),(1660,3600,6,'11',522),(1810,3600,6,'11',565),(1960,3600,6,'11',609),(2110,3600,6,'11',652),(2260,3600,6,'11',695),(2410,3600,6,'11',737),(2560,3600,6,'11',781),(2710,3600,6,'11',824),(2860,3600,6,'11',867),(3000,3600,6,'11',911),(610,900,6,'2',61),(760,900,6,'2',66),(910,900,6,'2',70),(1060,900,6,'2',75),(1210,900,6,'2',79),(1360,900,6,'2',84),(1510,900,6,'2',89),(1660,900,6,'2',94),(1810,900,6,'2',99),(1960,900,6,'2',106),(2110,900,6,'2',111),(2260,900,6,'2',116),(2410,900,6,'2',122),(2560,900,6,'2',127),(2710,900,6,'2',158),(2860,900,6,'2',165),(3000,900,6,'2',171),(610,1200,6,'2',64),(760,1200,6,'2',69),(910,1200,6,'2',74),(1060,1200,6,'2',79),(1210,1200,6,'2',84),(1360,1200,6,'2',90),(1510,1200,6,'2',95),(1660,1200,6,'2',100),(1810,1200,6,'2',105),(1960,1200,6,'2',114),(2110,1200,6,'2',119),(2260,1200,6,'2',126),(2410,1200,6,'2',131),(2560,1200,6,'2',136),(2710,1200,6,'2',168),(2860,1200,6,'2',175),(3000,1200,6,'2',182),(610,1500,6,'2',66),(760,1500,6,'2',72),(910,1500,6,'2',78),(1060,1500,6,'2',83),(1210,1500,6,'2',90),(1360,1500,6,'2',96),(1510,1500,6,'2',101),(1660,1500,6,'2',107),(1810,1500,6,'2',112),(1960,1500,6,'2',122),(2110,1500,6,'2',128),(2260,1500,6,'2',134),(2410,1500,6,'2',140),(2560,1500,6,'2',146),(2710,1500,6,'2',179),(2860,1500,6,'2',186),(3000,1500,6,'2',194),(610,1800,6,'2',69),(760,1800,6,'2',75),(910,1800,6,'2',81),(1060,1800,6,'2',89),(1210,1800,6,'2',95),(1360,1800,6,'2',101),(1510,1800,6,'2',107),(1660,1800,6,'2',113),(1810,1800,6,'2',119),(1960,1800,6,'2',130),(2110,1800,6,'2',136),(2260,1800,6,'2',143),(2410,1800,6,'2',149),(2560,1800,6,'2',157),(2710,1800,6,'2',190),(2860,1800,6,'2',198),(3000,1800,6,'2',205),(610,2100,6,'2',72),(760,2100,6,'2',78),(910,2100,6,'2',85),(1060,2100,6,'2',93),(1210,2100,6,'2',99),(1360,2100,6,'2',106),(1510,2100,6,'2',113),(1660,2100,6,'2',121),(1810,2100,6,'2',127),(1960,2100,6,'2',137),(2110,2100,6,'2',144),(2260,2100,6,'2',151),(2410,2100,6,'2',159),(2560,2100,6,'2',166),(2710,2100,6,'2',200),(2860,2100,6,'2',208),(3000,2100,6,'2',217),(610,2400,6,'2',74),(760,2400,6,'2',82),(910,2400,6,'2',90),(1060,2400,6,'2',97),(1210,2400,6,'2',104),(1360,2400,6,'2',108),(1510,2400,6,'2',119),(1660,2400,6,'2',127),(1810,2400,6,'2',134),(1960,2400,6,'2',141),(2110,2400,6,'2',150),(2260,2400,6,'2',159),(2410,2400,6,'2',166),(2560,2400,6,'2',174),(2710,2400,6,'2',210),(2860,2400,6,'2',219),(3000,2400,6,'2',227),(610,2700,6,'2',77),(760,2700,6,'2',85),(910,2700,6,'2',94),(1060,2700,6,'2',101),(1210,2700,6,'2',109),(1360,2700,6,'2',117),(1510,2700,6,'2',126),(1660,2700,6,'2',130),(1810,2700,6,'2',138),(1960,2700,6,'2',150),(2110,2700,6,'2',160),(2260,2700,6,'2',168),(2410,2700,6,'2',176),(2560,2700,6,'2',184),(2710,2700,6,'2',220),(2860,2700,6,'2',231),(3000,2700,6,'2',240),(610,3000,6,'2',80),(760,3000,6,'2',90),(910,3000,6,'2',99),(1060,3000,6,'2',110),(1210,3000,6,'2',118),(1360,3000,6,'2',129),(1510,3000,6,'2',138),(1660,3000,6,'2',147),(1810,3000,6,'2',158),(1960,3000,6,'2',172),(2110,3000,6,'2',181),(2260,3000,6,'2',192),(2410,3000,6,'2',201),(2560,3000,6,'2',211),(2710,3000,6,'2',241),(2860,3000,6,'2',251),(3000,3000,6,'2',264),(610,3300,6,'2',83),(760,3300,6,'2',94),(910,3300,6,'2',103),(1060,3300,6,'2',115),(1210,3300,6,'2',125),(1360,3300,6,'2',135),(1510,3300,6,'2',144),(1660,3300,6,'2',157),(1810,3300,6,'2',166),(1960,3300,6,'2',181),(2110,3300,6,'2',192),(2260,3300,6,'2',202),(2410,3300,6,'2',213),(2560,3300,6,'2',224),(2710,3300,6,'2',252),(2860,3300,6,'2',266),(3000,3300,6,'2',278),(610,3600,6,'2',93),(760,3600,6,'2',104),(910,3600,6,'2',115),(1060,3600,6,'2',127),(1210,3600,6,'2',138),(1360,3600,6,'2',149),(1510,3600,6,'2',161),(1660,3600,6,'2',172),(1810,3600,6,'2',183),(1960,3600,6,'2',190),(2110,3600,6,'2',201),(2260,3600,6,'2',213),(2410,3600,6,'2',225),(2560,3600,6,'2',236),(2710,3600,6,'2',267),(2860,3600,6,'2',279),(3000,3600,6,'2',290),(610,900,6,'3',64),(760,900,6,'3',69),(910,900,6,'3',74),(1060,900,6,'3',80),(1210,900,6,'3',85),(1360,900,6,'3',91),(1510,900,6,'3',96),(1660,900,6,'3',102),(1810,900,6,'3',107),(1960,900,6,'3',115),(2110,900,6,'3',122),(2260,900,6,'3',127),(2410,900,6,'3',133),(2560,900,6,'3',138),(2710,900,6,'3',171),(2860,900,6,'3',178),(3000,900,6,'3',184),(610,1200,6,'3',67),(760,1200,6,'3',73),(910,1200,6,'3',79),(1060,1200,6,'3',85),(1210,1200,6,'3',92),(1360,1200,6,'3',98),(1510,1200,6,'3',104),(1660,1200,6,'3',110),(1810,1200,6,'3',116),(1960,1200,6,'3',126),(2110,1200,6,'3',132),(2260,1200,6,'3',138),(2410,1200,6,'3',145),(2560,1200,6,'3',151),(2710,1200,6,'3',184),(2860,1200,6,'3',192),(3000,1200,6,'3',200),(610,1500,6,'3',71),(760,1500,6,'3',77),(910,1500,6,'3',84),(1060,1500,6,'3',92),(1210,1500,6,'3',98),(1360,1500,6,'3',105),(1510,1500,6,'3',111),(1660,1500,6,'3',118),(1810,1500,6,'3',126),(1960,1500,6,'3',136),(2110,1500,6,'3',143),(2260,1500,6,'3',150),(2410,1500,6,'3',157),(2560,1500,6,'3',164),(2710,1500,6,'3',198),(2860,1500,6,'3',206),(3000,1500,6,'3',215),(610,1800,6,'3',74),(760,1800,6,'3',81),(910,1800,6,'3',90),(1060,1800,6,'3',97),(1210,1800,6,'3',104),(1360,1800,6,'3',112),(1510,1800,6,'3',119),(1660,1800,6,'3',127),(1810,1800,6,'3',135),(1960,1800,6,'3',145),(2110,1800,6,'3',153),(2260,1800,6,'3',162),(2410,1800,6,'3',169),(2560,1800,6,'3',177),(2710,1800,6,'3',211),(2860,1800,6,'3',220),(3000,1800,6,'3',230),(610,2100,6,'3',77),(760,2100,6,'3',85),(910,2100,6,'3',94),(1060,2100,6,'3',102),(1210,2100,6,'3',110),(1360,2100,6,'3',119),(1510,2100,6,'3',128),(1660,2100,6,'3',136),(1810,2100,6,'3',144),(1960,2100,6,'3',156),(2110,2100,6,'3',164),(2260,2100,6,'3',173),(2410,2100,6,'3',181),(2560,2100,6,'3',190),(2710,2100,6,'3',225),(2860,2100,6,'3',235),(3000,2100,6,'3',245),(610,2400,6,'3',81),(760,2400,6,'3',90),(910,2400,6,'3',99),(1060,2400,6,'3',108),(1210,2400,6,'3',117),(1360,2400,6,'3',126),(1510,2400,6,'3',135),(1660,2400,6,'3',144),(1810,2400,6,'3',153),(1960,2400,6,'3',166),(2110,2400,6,'3',175),(2260,2400,6,'3',184),(2410,2400,6,'3',194),(2560,2400,6,'3',203),(2710,2400,6,'3',239),(2860,2400,6,'3',249),(3000,2400,6,'3',263),(610,2700,6,'3',84),(760,2700,6,'3',94),(910,2700,6,'3',104),(1060,2700,6,'3',113),(1210,2700,6,'3',124),(1360,2700,6,'3',133),(1510,2700,6,'3',143),(1660,2700,6,'3',152),(1810,2700,6,'3',163),(1960,2700,6,'3',176),(2110,2700,6,'3',186),(2260,2700,6,'3',196),(2410,2700,6,'3',206),(2560,2700,6,'3',217),(2710,2700,6,'3',252),(2860,2700,6,'3',264),(3000,2700,6,'3',279),(610,3000,6,'3',91),(760,3000,6,'3',102),(910,3000,6,'3',115),(1060,3000,6,'3',126),(1210,3000,6,'3',138),(1360,3000,6,'3',149),(1510,3000,6,'3',162),(1660,3000,6,'3',172),(1810,3000,6,'3',185),(1960,3000,6,'3',201),(2110,3000,6,'3',212),(2260,3000,6,'3',227),(2410,3000,6,'3',237),(2560,3000,6,'3',250),(2710,3000,6,'3',281),(2860,3000,6,'3',296),(3000,3000,6,'3',309),(610,3300,6,'3',95),(760,3300,6,'3',106),(910,3300,6,'3',121),(1060,3300,6,'3',133),(1210,3300,6,'3',145),(1360,3300,6,'3',158),(1510,3300,6,'3',170),(1660,3300,6,'3',183),(1810,3300,6,'3',195),(1960,3300,6,'3',212),(2110,3300,6,'3',227),(2260,3300,6,'3',238),(2410,3300,6,'3',252),(2560,3300,6,'3',265),(2710,3300,6,'3',298),(2860,3300,6,'3',312),(3000,3300,6,'3',327),(610,3600,6,'3',102),(760,3600,6,'3',115),(910,3600,6,'3',129),(1060,3600,6,'3',143),(1210,3600,6,'3',157),(1360,3600,6,'3',170),(1510,3600,6,'3',183),(1660,3600,6,'3',198),(1810,3600,6,'3',211),(1960,3600,6,'3',226),(2110,3600,6,'3',238),(2260,3600,6,'3',252),(2410,3600,6,'3',266),(2560,3600,6,'3',279),(2710,3600,6,'3',313),(2860,3600,6,'3',331),(3000,3600,6,'3',344),(610,900,6,'4',67),(760,900,6,'4',73),(910,900,6,'4',79),(1060,900,6,'4',85),(1210,900,6,'4',92),(1360,900,6,'4',98),(1510,900,6,'4',104),(1660,900,6,'4',110),(1810,900,6,'4',116),(1960,900,6,'4',127),(2110,900,6,'4',133),(2260,900,6,'4',139),(2410,900,6,'4',145),(2560,900,6,'4',152),(2710,900,6,'4',185),(2860,900,6,'4',193),(3000,900,6,'4',201),(610,1200,6,'4',71),(760,1200,6,'4',78),(910,1200,6,'4',85),(1060,1200,6,'4',93),(1210,1200,6,'4',100),(1360,1200,6,'4',107),(1510,1200,6,'4',114),(1660,1200,6,'4',122),(1810,1200,6,'4',128),(1960,1200,6,'4',139),(2110,1200,6,'4',146),(2260,1200,6,'4',153),(2410,1200,6,'4',161),(2560,1200,6,'4',168),(2710,1200,6,'4',202),(2860,1200,6,'4',211),(3000,1200,6,'4',220),(610,1500,6,'4',75),(760,1500,6,'4',83),(910,1500,6,'4',92),(1060,1500,6,'4',100),(1210,1500,6,'4',108),(1360,1500,6,'4',115),(1510,1500,6,'4',124),(1660,1500,6,'4',132),(1810,1500,6,'4',140),(1960,1500,6,'4',151),(2110,1500,6,'4',160),(2260,1500,6,'4',168),(2410,1500,6,'4',176),(2560,1500,6,'4',184),(2710,1500,6,'4',219),(2860,1500,6,'4',230),(3000,1500,6,'4',239),(610,1800,6,'4',79),(760,1800,6,'4',89),(910,1800,6,'4',98),(1060,1800,6,'4',107),(1210,1800,6,'4',115),(1360,1800,6,'4',125),(1510,1800,6,'4',134),(1660,1800,6,'4',142),(1810,1800,6,'4',151),(1960,1800,6,'4',164),(2110,1800,6,'4',173),(2260,1800,6,'4',182),(2410,1800,6,'4',192),(2560,1800,6,'4',201),(2710,1800,6,'4',237),(2860,1800,6,'4',247),(3000,1800,6,'4',259),(610,2100,6,'4',84),(760,2100,6,'4',94),(910,2100,6,'4',104),(1060,2100,6,'4',113),(1210,2100,6,'4',124),(1360,2100,6,'4',134),(1510,2100,6,'4',143),(1660,2100,6,'4',153),(1810,2100,6,'4',163),(1960,2100,6,'4',176),(2110,2100,6,'4',186),(2260,2100,6,'4',197),(2410,2100,6,'4',207),(2560,2100,6,'4',217),(2710,2100,6,'4',254),(2860,2100,6,'4',266),(3000,2100,6,'4',277),(610,2400,6,'4',89),(760,2400,6,'4',99),(910,2400,6,'4',110),(1060,2400,6,'4',121),(1210,2400,6,'4',132),(1360,2400,6,'4',142),(1510,2400,6,'4',153),(1660,2400,6,'4',164),(1810,2400,6,'4',175),(1960,2400,6,'4',190),(2110,2400,6,'4',200),(2260,2400,6,'4',211),(2410,2400,6,'4',222),(2560,2400,6,'4',234),(2710,2400,6,'4',271),(2860,2400,6,'4',284),(3000,2400,6,'4',299),(610,2700,6,'4',93),(760,2700,6,'4',104),(910,2700,6,'4',116),(1060,2700,6,'4',128),(1210,2700,6,'4',140),(1360,2700,6,'4',151),(1510,2700,6,'4',163),(1660,2700,6,'4',175),(1810,2700,6,'4',186),(1960,2700,6,'4',202),(2110,2700,6,'4',214),(2260,2700,6,'4',226),(2410,2700,6,'4',238),(2560,2700,6,'4',250),(2710,2700,6,'4',288),(2860,2700,6,'4',302),(3000,2700,6,'4',318),(610,3000,6,'4',99),(760,3000,6,'4',115),(910,3000,6,'4',128),(1060,3000,6,'4',141),(1210,3000,6,'4',157),(1360,3000,6,'4',170),(1510,3000,6,'4',184),(1660,3000,6,'4',199),(1810,3000,6,'4',211),(1960,3000,6,'4',231),(2110,3000,6,'4',245),(2260,3000,6,'4',260),(2410,3000,6,'4',274),(2560,3000,6,'4',289),(2710,3000,6,'4',323),(2860,3000,6,'4',339),(3000,3000,6,'4',355),(610,3300,6,'4',104),(760,3300,6,'4',121),(910,3300,6,'4',135),(1060,3300,6,'4',149),(1210,3300,6,'4',166),(1360,3300,6,'4',181),(1510,3300,6,'4',195),(1660,3300,6,'4',209),(1810,3300,6,'4',227),(1960,3300,6,'4',245),(2110,3300,6,'4',261),(2260,3300,6,'4',276),(2410,3300,6,'4',293),(2560,3300,6,'4',307),(2710,3300,6,'4',343),(2860,3300,6,'4',359),(3000,3300,6,'4',377),(610,3600,6,'4',112),(760,3600,6,'4',129),(910,3600,6,'4',145),(1060,3600,6,'4',162),(1210,3600,6,'4',177),(1360,3600,6,'4',194),(1510,3600,6,'4',210),(1660,3600,6,'4',227),(1810,3600,6,'4',243),(1960,3600,6,'4',260),(2110,3600,6,'4',276),(2260,3600,6,'4',294),(2410,3600,6,'4',309),(2560,3600,6,'4',327),(2710,3600,6,'4',363),(2860,3600,6,'4',381),(3000,3600,6,'4',399),(610,900,6,'5',70),(760,900,6,'5',77),(910,900,6,'5',83),(1060,900,6,'5',91),(1210,900,6,'5',98),(1360,900,6,'5',105),(1510,900,6,'5',111),(1660,900,6,'5',118),(1810,900,6,'5',126),(1960,900,6,'5',136),(2110,900,6,'5',143),(2260,900,6,'5',150),(2410,900,6,'5',158),(2560,900,6,'5',165),(2710,900,6,'5',199),(2860,900,6,'5',207),(3000,900,6,'5',216),(610,1200,6,'5',75),(760,1200,6,'5',83),(910,1200,6,'5',92),(1060,1200,6,'5',99),(1210,1200,6,'5',107),(1360,1200,6,'5',115),(1510,1200,6,'5',124),(1660,1200,6,'5',132),(1810,1200,6,'5',139),(1960,1200,6,'5',151),(2110,1200,6,'5',160),(2260,1200,6,'5',168),(2410,1200,6,'5',176),(2560,1200,6,'5',184),(2710,1200,6,'5',219),(2860,1200,6,'5',229),(3000,1200,6,'5',239),(610,1500,6,'5',80),(760,1500,6,'5',90),(910,1500,6,'5',99),(1060,1500,6,'5',107),(1210,1500,6,'5',116),(1360,1500,6,'5',126),(1510,1500,6,'5',135),(1660,1500,6,'5',144),(1810,1500,6,'5',153),(1960,1500,6,'5',166),(2110,1500,6,'5',175),(2260,1500,6,'5',184),(2410,1500,6,'5',195),(2560,1500,6,'5',204),(2710,1500,6,'5',240),(2860,1500,6,'5',250),(3000,1500,6,'5',262),(610,1800,6,'5',85),(760,1800,6,'5',96),(910,1800,6,'5',106),(1060,1800,6,'5',116),(1210,1800,6,'5',126),(1360,1800,6,'5',136),(1510,1800,6,'5',146),(1660,1800,6,'5',157),(1810,1800,6,'5',167),(1960,1800,6,'5',181),(2110,1800,6,'5',192),(2260,1800,6,'5',202),(2410,1800,6,'5',212),(2560,1800,6,'5',224),(2710,1800,6,'5',261),(2860,1800,6,'5',272),(3000,1800,6,'5',284),(610,2100,6,'5',90),(760,2100,6,'5',102),(910,2100,6,'5',113),(1060,2100,6,'5',125),(1210,2100,6,'5',136),(1360,2100,6,'5',147),(1510,2100,6,'5',159),(1660,2100,6,'5',170),(1810,2100,6,'5',181),(1960,2100,6,'5',196),(2110,2100,6,'5',208),(2260,2100,6,'5',219),(2410,2100,6,'5',231),(2560,2100,6,'5',243),(2710,2100,6,'5',281),(2860,2100,6,'5',294),(3000,2100,6,'5',307),(610,2400,6,'5',95),(760,2400,6,'5',107),(910,2400,6,'5',121),(1060,2400,6,'5',133),(1210,2400,6,'5',145),(1360,2400,6,'5',158),(1510,2400,6,'5',170),(1660,2400,6,'5',182),(1810,2400,6,'5',195),(1960,2400,6,'5',211),(2110,2400,6,'5',224),(2260,2400,6,'5',237),(2410,2400,6,'5',249),(2560,2400,6,'5',262),(2710,2400,6,'5',302),(2860,2400,6,'5',315),(3000,2400,6,'5',330),(610,2700,6,'5',100),(760,2700,6,'5',113),(910,2700,6,'5',128),(1060,2700,6,'5',141),(1210,2700,6,'5',155),(1360,2700,6,'5',168),(1510,2700,6,'5',181),(1660,2700,6,'5',196),(1810,2700,6,'5',209),(1960,2700,6,'5',226),(2110,2700,6,'5',240),(2260,2700,6,'5',253),(2410,2700,6,'5',268),(2560,2700,6,'5',281),(2710,2700,6,'5',322),(2860,2700,6,'5',338),(3000,2700,6,'5',352),(610,3000,6,'5',106),(760,3000,6,'5',122),(910,3000,6,'5',136),(1060,3000,6,'5',151),(1210,3000,6,'5',166),(1360,3000,6,'5',181),(1510,3000,6,'5',196),(1660,3000,6,'5',211),(1810,3000,6,'5',226),(1960,3000,6,'5',241),(2110,3000,6,'5',256),(2260,3000,6,'5',271),(2410,3000,6,'5',286),(2560,3000,6,'5',301),(2710,3000,6,'5',343),(2860,3000,6,'5',359),(3000,3000,6,'5',376),(610,3300,6,'5',111),(760,3300,6,'5',128),(910,3300,6,'5',143),(1060,3300,6,'5',160),(1210,3300,6,'5',175),(1360,3300,6,'5',192),(1510,3300,6,'5',208),(1660,3300,6,'5',224),(1810,3300,6,'5',240),(1960,3300,6,'5',256),(2110,3300,6,'5',272),(2260,3300,6,'5',288),(2410,3300,6,'5',304),(2560,3300,6,'5',318),(2710,3300,6,'5',364),(2860,3300,6,'5',381),(3000,3300,6,'5',399),(610,3600,6,'5',123),(760,3600,6,'5',141),(910,3600,6,'5',160),(1060,3600,6,'5',178),(1210,3600,6,'5',197),(1360,3600,6,'5',215),(1510,3600,6,'5',234),(1660,3600,6,'5',253),(1810,3600,6,'5',272),(1960,3600,6,'5',290),(2110,3600,6,'5',309),(2260,3600,6,'5',328),(2410,3600,6,'5',346),(2560,3600,6,'5',365),(2710,3600,6,'5',384),(2860,3600,6,'5',403),(3000,3600,6,'5',421),(610,900,6,'6',74),(760,900,6,'6',82),(910,900,6,'6',91),(1060,900,6,'6',99),(1210,900,6,'6',106),(1360,900,6,'6',114),(1510,900,6,'6',123),(1660,900,6,'6',131),(1810,900,6,'6',138),(1960,900,6,'6',150),(2110,900,6,'6',159),(2260,900,6,'6',167),(2410,900,6,'6',175),(2560,900,6,'6',183),(2710,900,6,'6',218),(2860,900,6,'6',228),(3000,900,6,'6',237),(610,1200,6,'6',80),(760,1200,6,'6',90),(910,1200,6,'6',99),(1060,1200,6,'6',109),(1210,1200,6,'6',118),(1360,1200,6,'6',128),(1510,1200,6,'6',137),(1660,1200,6,'6',146),(1810,1200,6,'6',156),(1960,1200,6,'6',169),(2110,1200,6,'6',178),(2260,1200,6,'6',187),(2410,1200,6,'6',198),(2560,1200,6,'6',207),(2710,1200,6,'6',243),(2860,1200,6,'6',254),(3000,1200,6,'6',266),(610,1500,6,'6',87),(760,1500,6,'6',98),(910,1500,6,'6',108),(1060,1500,6,'6',118),(1210,1500,6,'6',130),(1360,1500,6,'6',140),(1510,1500,6,'6',151),(1660,1500,6,'6',162),(1810,1500,6,'6',173),(1960,1500,6,'6',187),(2110,1500,6,'6',198),(2260,1500,6,'6',209),(2410,1500,6,'6',220),(2560,1500,6,'6',231),(2710,1500,6,'6',269),(2860,1500,6,'6',281),(3000,1500,6,'6',294),(610,1800,6,'6',93),(760,1800,6,'6',105),(910,1800,6,'6',117),(1060,1800,6,'6',129),(1210,1800,6,'6',141),(1360,1800,6,'6',153),(1510,1800,6,'6',166),(1660,1800,6,'6',178),(1810,1800,6,'6',190),(1960,1800,6,'6',205),(2110,1800,6,'6',218),(2260,1800,6,'6',231),(2410,1800,6,'6',243),(2560,1800,6,'6',255),(2710,1800,6,'6',295),(2860,1800,6,'6',308),(3000,1800,6,'6',323),(610,2100,6,'6',99),(760,2100,6,'6',112),(910,2100,6,'6',126),(1060,2100,6,'6',139),(1210,2100,6,'6',152),(1360,2100,6,'6',167),(1510,2100,6,'6',180),(1660,2100,6,'6',194),(1810,2100,6,'6',207),(1960,2100,6,'6',224),(2110,2100,6,'6',238),(2260,2100,6,'6',251),(2410,2100,6,'6',266),(2560,2100,6,'6',279),(2710,2100,6,'6',319),(2860,2100,6,'6',335),(3000,2100,6,'6',352),(610,2400,6,'6',105),(760,2400,6,'6',119),(910,2400,6,'6',135),(1060,2400,6,'6',149),(1210,2400,6,'6',165),(1360,2400,6,'6',179),(1510,2400,6,'6',195),(1660,2400,6,'6',209),(1810,2400,6,'6',225),(1960,2400,6,'6',242),(2110,2400,6,'6',258),(2260,2400,6,'6',274),(2410,2400,6,'6',289),(2560,2400,6,'6',304),(2710,2400,6,'6',345),(2860,2400,6,'6',362),(3000,2400,6,'6',386),(610,2700,6,'6',116),(760,2700,6,'6',134),(910,2700,6,'6',151),(1060,2700,6,'6',170),(1210,2700,6,'6',187),(1360,2700,6,'6',205),(1510,2700,6,'6',225),(1660,2700,6,'6',242),(1810,2700,6,'6',260),(1960,2700,6,'6',282),(2110,2700,6,'6',301),(2260,2700,6,'6',318),(2410,2700,6,'6',338),(2560,2700,6,'6',356),(2710,2700,6,'6',396),(2860,2700,6,'6',414),(3000,2700,6,'6',434),(610,3000,6,'6',128),(760,3000,6,'6',148),(910,3000,6,'6',168),(1060,3000,6,'6',188),(1210,3000,6,'6',208),(1360,3000,6,'6',230),(1510,3000,6,'6',250),(1660,3000,6,'6',271),(1810,3000,6,'6',291),(1960,3000,6,'6',315),(2110,3000,6,'6',337),(2260,3000,6,'6',358),(2410,3000,6,'6',379),(2560,3000,6,'6',400),(2710,3000,6,'6',442),(2860,3000,6,'6',464),(3000,3000,6,'6',485),(610,3300,6,'6',144),(760,3300,6,'6',167),(910,3300,6,'6',191),(1060,3300,6,'6',215),(1210,3300,6,'6',237),(1360,3300,6,'6',261),(1510,3300,6,'6',285),(1660,3300,6,'6',308),(1810,3300,6,'6',333),(1960,3300,6,'6',361),(2110,3300,6,'6',384),(2260,3300,6,'6',408),(2410,3300,6,'6',433),(2560,3300,6,'6',455),(2710,3300,6,'6',504),(2860,3300,6,'6',527),(3000,3300,6,'6',553),(610,3600,6,'6',151),(760,3600,6,'6',178),(910,3600,6,'6',202),(1060,3600,6,'6',228),(1210,3600,6,'6',252),(1360,3600,6,'6',277),(1510,3600,6,'6',302),(1660,3600,6,'6',329),(1810,3600,6,'6',353),(1960,3600,6,'6',383),(2110,3600,6,'6',409),(2260,3600,6,'6',435),(2410,3600,6,'6',461),(2560,3600,6,'6',486),(2710,3600,6,'6',536),(2860,3600,6,'6',560),(3000,3600,6,'6',589),(610,900,6,'7',78),(760,900,6,'7',88),(910,900,6,'7',97),(1060,900,6,'7',105),(1210,900,6,'7',114),(1360,900,6,'7',124),(1510,900,6,'7',132),(1660,900,6,'7',141),(1810,900,6,'7',150),(1960,900,6,'7',163),(2110,900,6,'7',172),(2260,900,6,'7',181),(2410,900,6,'7',191),(2560,900,6,'7',200),(2710,900,6,'7',236),(2860,900,6,'7',246),(3000,900,6,'7',256),(610,1200,6,'7',85),(760,1200,6,'7',96),(910,1200,6,'7',107),(1060,1200,6,'7',117),(1210,1200,6,'7',128),(1360,1200,6,'7',138),(1510,1200,6,'7',149),(1660,1200,6,'7',160),(1810,1200,6,'7',170),(1960,1200,6,'7',184),(2110,1200,6,'7',195),(2260,1200,6,'7',206),(2410,1200,6,'7',217),(2560,1200,6,'7',228),(2710,1200,6,'7',265),(2860,1200,6,'7',277),(3000,1200,6,'7',289),(610,1500,6,'7',93),(760,1500,6,'7',105),(910,1500,6,'7',117),(1060,1500,6,'7',129),(1210,1500,6,'7',141),(1360,1500,6,'7',153),(1510,1500,6,'7',166),(1660,1500,6,'7',178),(1810,1500,6,'7',191),(1960,1500,6,'7',206),(2110,1500,6,'7',218),(2260,1500,6,'7',231),(2410,1500,6,'7',243),(2560,1500,6,'7',255),(2710,1500,6,'7',295),(2860,1500,6,'7',309),(3000,1500,6,'7',322),(610,1800,6,'7',100),(760,1800,6,'7',113),(910,1800,6,'7',128),(1060,1800,6,'7',141),(1210,1800,6,'7',155),(1360,1800,6,'7',169),(1510,1800,6,'7',182),(1660,1800,6,'7',197),(1810,1800,6,'7',210),(1960,1800,6,'7',228),(2110,1800,6,'7',242),(2260,1800,6,'7',255),(2410,1800,6,'7',270),(2560,1800,6,'7',284),(2710,1800,6,'7',324),(2860,1800,6,'7',340),(3000,1800,6,'7',356),(610,2100,6,'7',107),(760,2100,6,'7',123),(910,2100,6,'7',138),(1060,2100,6,'7',153),(1210,2100,6,'7',169),(1360,2100,6,'7',184),(1510,2100,6,'7',200),(1660,2100,6,'7',215),(1810,2100,6,'7',231),(1960,2100,6,'7',249),(2110,2100,6,'7',265),(2260,2100,6,'7',281),(2410,2100,6,'7',297),(2560,2100,6,'7',312),(2710,2100,6,'7',354),(2860,2100,6,'7',372),(3000,2100,6,'7',389),(610,2400,6,'7',113),(760,2400,6,'7',131),(910,2400,6,'7',148),(1060,2400,6,'7',165),(1210,2400,6,'7',182),(1360,2400,6,'7',199),(1510,2400,6,'7',216),(1660,2400,6,'7',234),(1810,2400,6,'7',250),(1960,2400,6,'7',271),(2110,2400,6,'7',288),(2260,2400,6,'7',306),(2410,2400,6,'7',323),(2560,2400,6,'7',340),(2710,2400,6,'7',384),(2860,2400,6,'7',403),(3000,2400,6,'7',427),(610,2700,6,'7',121),(760,2700,6,'7',139),(910,2700,6,'7',159),(1060,2700,6,'7',177),(1210,2700,6,'7',196),(1360,2700,6,'7',214),(1510,2700,6,'7',233),(1660,2700,6,'7',251),(1810,2700,6,'7',271),(1960,2700,6,'7',293),(2110,2700,6,'7',312),(2260,2700,6,'7',331),(2410,2700,6,'7',349),(2560,2700,6,'7',369),(2710,2700,6,'7',414),(2860,2700,6,'7',435),(3000,2700,6,'7',462),(610,3000,6,'7',133),(760,3000,6,'7',156),(910,3000,6,'7',178),(1060,3000,6,'7',200),(1210,3000,6,'7',222),(1360,3000,6,'7',243),(1510,3000,6,'7',266),(1660,3000,6,'7',288),(1810,3000,6,'7',310),(1960,3000,6,'7',337),(2110,3000,6,'7',359),(2260,3000,6,'7',382),(2410,3000,6,'7',405),(2560,3000,6,'7',427),(2710,3000,6,'7',470),(2860,3000,6,'7',493),(3000,3000,6,'7',516),(610,3300,6,'7',140),(760,3300,6,'7',165),(910,3300,6,'7',188),(1060,3300,6,'7',211),(1210,3300,6,'7',236),(1360,3300,6,'7',260),(1510,3300,6,'7',285),(1660,3300,6,'7',308),(1810,3300,6,'7',333),(1960,3300,6,'7',361),(2110,3300,6,'7',385),(2260,3300,6,'7',409),(2410,3300,6,'7',434),(2560,3300,6,'7',458),(2710,3300,6,'7',504),(2860,3300,6,'7',527),(3000,3300,6,'7',553),(610,3600,6,'7',158),(760,3600,6,'7',185),(910,3600,6,'7',211),(1060,3600,6,'7',239),(1210,3600,6,'7',266),(1360,3600,6,'7',294),(1510,3600,6,'7',320),(1660,3600,6,'7',347),(1810,3600,6,'7',375),(1960,3600,6,'7',407),(2110,3600,6,'7',435),(2260,3600,6,'7',462),(2410,3600,6,'7',489),(2560,3600,6,'7',517),(2710,3600,6,'7',565),(2860,3600,6,'7',593),(3000,3600,6,'7',624),(610,900,6,'8',83),(760,900,6,'8',94),(910,900,6,'8',104),(1060,900,6,'8',114),(1210,900,6,'8',125),(1360,900,6,'8',135),(1510,900,6,'8',145),(1660,900,6,'8',156),(1810,900,6,'8',166),(1960,900,6,'8',180),(2110,900,6,'8',191),(2260,900,6,'8',201),(2410,900,6,'8',212),(2560,900,6,'8',222),(2710,900,6,'8',260),(2860,900,6,'8',272),(3000,900,6,'8',283),(610,1200,6,'8',93),(760,1200,6,'8',104),(910,1200,6,'8',116),(1060,1200,6,'8',129),(1210,1200,6,'8',141),(1360,1200,6,'8',153),(1510,1200,6,'8',166),(1660,1200,6,'8',178),(1810,1200,6,'8',191),(1960,1200,6,'8',206),(2110,1200,6,'8',218),(2260,1200,6,'8',231),(2410,1200,6,'8',244),(2560,1200,6,'8',256),(2710,1200,6,'8',296),(2860,1200,6,'8',309),(3000,1200,6,'8',323),(610,1500,6,'8',101),(760,1500,6,'8',115),(910,1500,6,'8',129),(1060,1500,6,'8',143),(1210,1500,6,'8',158),(1360,1500,6,'8',172),(1510,1500,6,'8',186),(1660,1500,6,'8',200),(1810,1500,6,'8',214),(1960,1500,6,'8',232),(2110,1500,6,'8',246),(2260,1500,6,'8',262),(2410,1500,6,'8',276),(2560,1500,6,'8',290),(2710,1500,6,'8',332),(2860,1500,6,'8',347),(3000,1500,6,'8',364),(610,1800,6,'8',109),(760,1800,6,'8',126),(910,1800,6,'8',141),(1060,1800,6,'8',158),(1210,1800,6,'8',174),(1360,1800,6,'8',190),(1510,1800,6,'8',206),(1660,1800,6,'8',222),(1810,1800,6,'8',239),(1960,1800,6,'8',259),(2110,1800,6,'8',275),(2260,1800,6,'8',291),(2410,1800,6,'8',308),(2560,1800,6,'8',324),(2710,1800,6,'8',367),(2860,1800,6,'8',385),(3000,1800,6,'8',403),(610,2100,6,'8',117),(760,2100,6,'8',136),(910,2100,6,'8',153),(1060,2100,6,'8',172),(1210,2100,6,'8',191),(1360,2100,6,'8',208),(1510,2100,6,'8',227),(1660,2100,6,'8',244),(1810,2100,6,'8',263),(1960,2100,6,'8',284),(2110,2100,6,'8',303),(2260,2100,6,'8',321),(2410,2100,6,'8',340),(2560,2100,6,'8',357),(2710,2100,6,'8',403),(2860,2100,6,'8',422),(3000,2100,6,'8',443),(610,2400,6,'8',126),(760,2400,6,'8',146),(910,2400,6,'8',166),(1060,2400,6,'8',186),(1210,2400,6,'8',206),(1360,2400,6,'8',227),(1510,2400,6,'8',246),(1660,2400,6,'8',267),(1810,2400,6,'8',286),(1960,2400,6,'8',310),(2110,2400,6,'8',331),(2260,2400,6,'8',351),(2410,2400,6,'8',372),(2560,2400,6,'8',391),(2710,2400,6,'8',439),(2860,2400,6,'8',460),(3000,2400,6,'8',482),(610,2700,6,'8',135),(760,2700,6,'8',157),(910,2700,6,'8',178),(1060,2700,6,'8',201),(1210,2700,6,'8',222),(1360,2700,6,'8',245),(1510,2700,6,'8',267),(1660,2700,6,'8',288),(1810,2700,6,'8',311),(1960,2700,6,'8',337),(2110,2700,6,'8',358),(2260,2700,6,'8',381),(2410,2700,6,'8',404),(2560,2700,6,'8',425),(2710,2700,6,'8',475),(2860,2700,6,'8',499),(3000,2700,6,'8',522),(610,3000,6,'8',145),(760,3000,6,'8',169),(910,3000,6,'8',194),(1060,3000,6,'8',220),(1210,3000,6,'8',244),(1360,3000,6,'8',270),(1510,3000,6,'8',295),(1660,3000,6,'8',318),(1810,3000,6,'8',344),(1960,3000,6,'8',375),(2110,3000,6,'8',400),(2260,3000,6,'8',423),(2410,3000,6,'8',450),(2560,3000,6,'8',475),(2710,3000,6,'8',520),(2860,3000,6,'8',548),(3000,3000,6,'8',574),(610,3300,6,'8',152),(760,3300,6,'8',181),(910,3300,6,'8',207),(1060,3300,6,'8',234),(1210,3300,6,'8',261),(1360,3300,6,'8',289),(1510,3300,6,'8',315),(1660,3300,6,'8',342),(1810,3300,6,'8',369),(1960,3300,6,'8',402),(2110,3300,6,'8',430),(2260,3300,6,'8',455),(2410,3300,6,'8',484),(2560,3300,6,'8',511),(2710,3300,6,'8',558),(2860,3300,6,'8',588),(3000,3300,6,'8',616),(610,3600,6,'8',167),(760,3600,6,'8',197),(910,3600,6,'8',227),(1060,3600,6,'8',255),(1210,3600,6,'8',285),(1360,3600,6,'8',315),(1510,3600,6,'8',345),(1660,3600,6,'8',375),(1810,3600,6,'8',404),(1960,3600,6,'8',434),(2110,3600,6,'8',464),(2260,3600,6,'8',493),(2410,3600,6,'8',523),(2560,3600,6,'8',552),(2710,3600,6,'8',596),(2860,3600,6,'8',626),(3000,3600,6,'8',658),(610,900,6,'9',97),(760,900,6,'9',110),(910,900,6,'9',123),(1060,900,6,'9',136),(1210,900,6,'9',149),(1360,900,6,'9',163),(1510,900,6,'9',176),(1660,900,6,'9',190),(1810,900,6,'9',203),(1960,900,6,'9',219),(2110,900,6,'9',233),(2260,900,6,'9',247),(2410,900,6,'9',261),(2560,900,6,'9',274),(2710,900,6,'9',314),(2860,900,6,'9',329),(3010,900,6,'9',344),(610,1200,6,'9',106),(760,1200,6,'9',122),(910,1200,6,'9',137),(1060,1200,6,'9',152),(1210,1200,6,'9',168),(1360,1200,6,'9',183),(1510,1200,6,'9',199),(1660,1200,6,'9',214),(1810,1200,6,'9',230),(1960,1200,6,'9',248),(2110,1200,6,'9',264),(2260,1200,6,'9',280),(2410,1200,6,'9',296),(2560,1200,6,'9',311),(2710,1200,6,'9',353),(2860,1200,6,'9',371),(3010,1200,6,'9',388),(610,1500,6,'9',115),(760,1500,6,'9',133),(910,1500,6,'9',150),(1060,1500,6,'9',168),(1210,1500,6,'9',185),(1360,1500,6,'9',203),(1510,1500,6,'9',220),(2860,2100,7,'8',422),(3000,2100,7,'8',443),(610,2400,7,'8',126),(760,2400,7,'8',146),(910,2400,7,'8',166),(1060,2400,7,'8',186),(1210,2400,7,'8',206),(1360,2400,7,'8',227),(1510,2400,7,'8',246),(1660,2400,7,'8',267),(1810,2400,7,'8',286),(1960,2400,7,'8',310),(2110,2400,7,'8',331),(2260,2400,7,'8',351),(2410,2400,7,'8',372),(2560,2400,7,'8',391),(2710,2400,7,'8',439),(2860,2400,7,'8',460),(3000,2400,7,'8',482),(610,2700,7,'8',135),(760,2700,7,'8',157),(910,2700,7,'8',178),(1060,2700,7,'8',201),(1210,2700,7,'8',222),(1360,2700,7,'8',245),(1510,2700,7,'8',267),(1660,2700,7,'8',288),(1810,2700,7,'8',311),(1960,2700,7,'8',337),(2110,2700,7,'8',358),(2260,2700,7,'8',381),(2410,2700,7,'8',404),(2560,2700,7,'8',425),(2710,2700,7,'8',475),(2860,2700,7,'8',499),(3000,2700,7,'8',522),(610,3000,7,'8',145),(760,3000,7,'8',169),(910,3000,7,'8',194),(1060,3000,7,'8',220),(1210,3000,7,'8',244),(1360,3000,7,'8',270),(1510,3000,7,'8',295),(1660,3000,7,'8',318),(1810,3000,7,'8',344),(1960,3000,7,'8',375),(2110,3000,7,'8',400),(2260,3000,7,'8',423),(2410,3000,7,'8',450),(2560,3000,7,'8',475),(2710,3000,7,'8',520),(2860,3000,7,'8',548),(3000,3000,7,'8',574),(610,3300,7,'8',152),(760,3300,7,'8',181),(910,3300,7,'8',207),(1060,3300,7,'8',234),(1210,3300,7,'8',261),(1360,3300,7,'8',289),(1510,3300,7,'8',315),(1660,3300,7,'8',342),(1810,3300,7,'8',369),(1960,3300,7,'8',402),(2110,3300,7,'8',430),(2260,3300,7,'8',455),(2410,3300,7,'8',484),(2560,3300,7,'8',511),(2710,3300,7,'8',558),(2860,3300,7,'8',588),(3000,3300,7,'8',616),(610,3600,7,'8',167),(760,3600,7,'8',197),(910,3600,7,'8',227),(1060,3600,7,'8',255),(1210,3600,7,'8',285),(1360,3600,7,'8',315),(1510,3600,7,'8',345),(1660,3600,7,'8',375),(1810,3600,7,'8',404),(1960,3600,7,'8',434),(2110,3600,7,'8',464),(2260,3600,7,'8',493),(2410,3600,7,'8',523),(2560,3600,7,'8',552),(2710,3600,7,'8',596),(2860,3600,7,'8',626),(3000,3600,7,'8',658),(610,900,7,'9',97),(760,900,7,'9',110),(910,900,7,'9',123),(1060,900,7,'9',136),(1210,900,7,'9',149),(1360,900,7,'9',163),(1510,900,7,'9',176),(1660,900,7,'9',190),(1810,900,7,'9',203),(1960,900,7,'9',219),(2110,900,7,'9',233),(2260,900,7,'9',247),(2410,900,7,'9',261),(2560,900,7,'9',274),(2710,900,7,'9',314),(2860,900,7,'9',329),(3010,900,7,'9',344),(610,1200,7,'9',106),(760,1200,7,'9',122),(910,1200,7,'9',137),(1060,1200,7,'9',152),(1210,1200,7,'9',168),(1360,1200,7,'9',183),(1510,1200,7,'9',199),(1660,1200,7,'9',214),(1810,1200,7,'9',230),(1960,1200,7,'9',248),(2110,1200,7,'9',264),(2260,1200,7,'9',280),(2410,1200,7,'9',296),(2560,1200,7,'9',311),(2710,1200,7,'9',353),(2860,1200,7,'9',371),(3010,1200,7,'9',388),(610,1500,7,'9',115),(760,1500,7,'9',133),(910,1500,7,'9',150),(1060,1500,7,'9',168),(1210,1500,7,'9',185),(1360,1500,7,'9',203),(1510,1500,7,'9',220),(1660,1500,7,'9',238),(1810,1500,7,'9',256),(1960,1500,7,'9',277),(2110,1500,7,'9',295),(2260,1500,7,'9',313),(2410,1500,7,'9',331),(2560,1500,7,'9',348),(2710,1500,7,'9',393),(2860,1500,7,'9',412),(3010,1500,7,'9',432),(610,1800,7,'9',125),(760,1800,7,'9',144),(910,1800,7,'9',164),(1060,1800,7,'9',183),(1210,1800,7,'9',203),(1360,1800,7,'9',224),(1510,1800,7,'9',243),(1660,1800,7,'9',263),(1810,1800,7,'9',282),(1960,1800,7,'9',306),(2110,1800,7,'9',325),(2260,1800,7,'9',346),(2410,1800,7,'9',366),(2560,1800,7,'9',386),(2710,1800,7,'9',433),(2860,1800,7,'9',454),(3010,1800,7,'9',476),(610,2100,7,'9',134),(760,2100,7,'9',156),(910,2100,7,'9',177),(1060,2100,7,'9',200),(1210,2100,7,'9',221),(1360,2100,7,'9',243),(1510,2100,7,'9',266),(1660,2100,7,'9',287),(1810,2100,7,'9',309),(1960,2100,7,'9',335),(2110,2100,7,'9',356),(2260,2100,7,'9',379),(2410,2100,7,'9',402),(2560,2100,7,'9',423),(2710,2100,7,'9',472),(2860,2100,7,'9',495),(3010,2100,7,'9',519),(610,2400,7,'9',143),(760,2400,7,'9',167),(910,2400,7,'9',191),(1060,2400,7,'9',215),(1210,2400,7,'9',239),(1360,2400,7,'9',264),(1510,2400,7,'9',287),(1660,2400,7,'9',312),(1810,2400,7,'9',336),(1960,2400,7,'9',364),(2110,2400,7,'9',387),(2260,2400,7,'9',412),(2410,2400,7,'9',437),(2560,2400,7,'9',460),(2710,2400,7,'9',512),(2860,2400,7,'9',538),(3010,2400,7,'9',563),(610,2700,7,'9',153),(760,2700,7,'9',180),(910,2700,7,'9',206),(1060,2700,7,'9',233),(1210,2700,7,'9',260),(1360,2700,7,'9',286),(1510,2700,7,'9',312),(1660,2700,7,'9',339),(1810,2700,7,'9',366),(1960,2700,7,'9',392),(2110,2700,7,'9',418),(2260,2700,7,'9',445),(2410,2700,7,'9',472),(2560,2700,7,'9',499),(2710,2700,7,'9',551),(2860,2700,7,'9',580),(3010,2700,7,'9',608),(610,3000,7,'9',163),(760,3000,7,'9',192),(910,3000,7,'9',219),(1060,3000,7,'9',248),(1210,3000,7,'9',277),(1360,3000,7,'9',306),(1510,3000,7,'9',335),(1660,3000,7,'9',364),(1810,3000,7,'9',392),(1960,3000,7,'9',421),(2110,3000,7,'9',449),(2260,3000,7,'9',478),(2410,3000,7,'9',507),(2560,3000,7,'9',534),(2710,3000,7,'9',591),(2860,3000,7,'9',621),(3010,3000,7,'9',651),(610,3300,7,'9',178),(760,3300,7,'9',210),(910,3300,7,'9',242),(1060,3300,7,'9',275),(1210,3300,7,'9',307),(1360,3300,7,'9',340),(1510,3300,7,'9',372),(1660,3300,7,'9',404),(1810,3300,7,'9',437),(1960,3300,7,'9',469),(2110,3300,7,'9',502),(2260,3300,7,'9',534),(2410,3300,7,'9',565),(2560,3300,7,'9',598),(2710,3300,7,'9',630),(2860,3300,7,'9',663),(3010,3300,7,'9',695),(610,3600,7,'9',190),(760,3600,7,'9',224),(910,3600,7,'9',259),(1060,3600,7,'9',294),(1210,3600,7,'9',328),(1360,3600,7,'9',363),(1510,3600,7,'9',398),(1660,3600,7,'9',431),(1810,3600,7,'9',466),(1960,3600,7,'9',501),(2110,3600,7,'9',535),(2260,3600,7,'9',570),(2410,3600,7,'9',605),(2560,3600,7,'9',638),(2710,3600,7,'9',673),(2860,3600,7,'9',708),(3010,3600,7,'9',742),(610,900,11,'1',76),(760,900,11,'1',80),(910,900,11,'1',85),(1060,900,11,'1',89),(1210,900,11,'1',94),(1360,900,11,'1',98),(1510,900,11,'1',101),(1660,900,11,'1',105),(1810,900,11,'1',111),(1960,900,11,'1',119),(2110,900,11,'1',126),(2260,900,11,'1',130),(2410,900,11,'1',136),(2560,900,11,'1',142),(2710,900,11,'1',167),(2860,900,11,'1',170),(3000,900,11,'1',181),(610,1200,11,'1',78),(760,1200,11,'1',82),(910,1200,11,'1',87),(1060,1200,11,'1',92),(1210,1200,11,'1',96),(1360,1200,11,'1',102),(1510,1200,11,'1',106),(1660,1200,11,'1',113),(1810,1200,11,'1',117),(1960,1200,11,'1',126),(2110,1200,11,'1',132),(2260,1200,11,'1',139),(2410,1200,11,'1',143),(2560,1200,11,'1',150),(2710,1200,11,'1',175),(2860,1200,11,'1',182),(3000,1200,11,'1',193),(610,1500,11,'1',84),(760,1500,11,'1',89),(910,1500,11,'1',95),(1060,1500,11,'1',99),(1210,1500,11,'1',104),(1360,1500,11,'1',110),(1510,1500,11,'1',116),(1660,1500,11,'1',121),(1810,1500,11,'1',126),(1960,1500,11,'1',136),(2110,1500,11,'1',143),(2260,1500,11,'1',148),(2410,1500,11,'1',153),(2560,1500,11,'1',165),(2710,1500,11,'1',190),(2860,1500,11,'1',196),(3000,1500,11,'1',206),(610,1800,11,'1',88),(760,1800,11,'1',94),(910,1800,11,'1',99),(1060,1800,11,'1',104),(1210,1800,11,'1',111),(1360,1800,11,'1',117),(1510,1800,11,'1',123),(1660,1800,11,'1',128),(1810,1800,11,'1',134),(1960,1800,11,'1',143),(2110,1800,11,'1',151),(2260,1800,11,'1',158),(2410,1800,11,'1',166),(2560,1800,11,'1',174),(2710,1800,11,'1',200),(2860,1800,11,'1',207),(3000,1800,11,'1',218),(610,2100,11,'1',93),(760,2100,11,'1',98),(910,2100,11,'1',104),(1060,2100,11,'1',111),(1210,2100,11,'1',117),(1360,2100,11,'1',124),(1510,2100,11,'1',129),(1660,2100,11,'1',137),(1810,2100,11,'1',142),(1960,2100,11,'1',151),(2110,2100,11,'1',161),(2260,2100,11,'1',169),(2410,2100,11,'1',175),(2560,2100,11,'1',185),(2710,2100,11,'1',210),(2860,2100,11,'1',219),(3000,2100,11,'1',232),(610,2400,11,'1',100),(760,2400,11,'1',106),(910,2400,11,'1',115),(1060,2400,11,'1',122),(1210,2400,11,'1',127),(1360,2400,11,'1',134),(1510,2400,11,'1',141),(1660,2400,11,'1',147),(1810,2400,11,'1',153),(1960,2400,11,'1',166),(2110,2400,11,'1',175),(2260,2400,11,'1',182),(2410,2400,11,'1',191),(2560,2400,11,'1',201),(2710,2400,11,'1',228),(2860,2400,11,'1',236),(3000,2400,11,'1',249),(610,2700,11,'1',104),(760,2700,11,'1',113),(910,2700,11,'1',121),(1060,2700,11,'1',127),(1210,2700,11,'1',134),(1360,2700,11,'1',141),(1510,2700,11,'1',147),(1660,2700,11,'1',156),(1810,2700,11,'1',164),(1960,2700,11,'1',174),(2110,2700,11,'1',184),(2260,2700,11,'1',193),(2410,2700,11,'1',201),(2560,2700,11,'1',211),(2710,2700,11,'1',238),(2860,2700,11,'1',248),(3000,2700,11,'1',261),(610,3000,11,'1',116),(760,3000,11,'1',124),(910,3000,11,'1',131),(1060,3000,11,'1',140),(1210,3000,11,'1',147),(1360,3000,11,'1',157),(1510,3000,11,'1',166),(1660,3000,11,'1',173),(1810,3000,11,'1',181),(1960,3000,11,'1',194),(2110,3000,11,'1',202),(2260,3000,11,'1',210),(2410,3000,11,'1',219),(2560,3000,11,'1',228),(2710,3000,11,'1',255),(2860,3000,11,'1',265),(3000,3000,11,'1',275),(610,3300,11,'1',126),(760,3300,11,'1',134),(910,3300,11,'1',143),(1060,3300,11,'1',151),(1210,3300,11,'1',161),(1360,3300,11,'1',170),(1510,3300,11,'1',179),(1660,3300,11,'1',187),(1810,3300,11,'1',197),(1960,3300,11,'1',210),(2110,3300,11,'1',220),(2260,3300,11,'1',230),(2410,3300,11,'1',238),(2560,3300,11,'1',248),(2710,3300,11,'1',278),(2860,3300,11,'1',289),(3000,3300,11,'1',300),(610,3600,11,'1',130),(760,3600,11,'1',140),(910,3600,11,'1',148),(1060,3600,11,'1',159),(1210,3600,11,'1',169),(1360,3600,11,'1',178),(1510,3600,11,'1',186),(1660,3600,11,'1',196),(1810,3600,11,'1',206),(1960,3600,11,'1',220),(2110,3600,11,'1',231),(2260,3600,11,'1',240),(2410,3600,11,'1',250),(2560,3600,11,'1',260),(2710,3600,11,'1',290),(2860,3600,11,'1',302),(3000,3600,11,'1',312),(610,900,11,'10',114),(760,900,11,'10',128),(910,900,11,'10',142),(1060,900,11,'10',156),(1210,900,11,'10',169),(1360,900,11,'10',183),(1510,900,11,'10',197),(1660,900,11,'10',210),(1810,900,11,'10',224),(1960,900,11,'10',241),(2110,900,11,'10',255),(2260,900,11,'10',270),(2410,900,11,'10',283),(2560,900,11,'10',298),(2710,900,11,'10',340),(2860,900,11,'10',355),(3000,900,11,'10',371),(610,1200,11,'10',128),(760,1200,11,'10',144),(910,1200,11,'10',161),(1060,1200,11,'10',177),(1210,1200,11,'10',194),(1360,1200,11,'10',210),(1510,1200,11,'10',227),(1660,1200,11,'10',243),(1810,1200,11,'10',260),(1960,1200,11,'10',280),(2110,1200,11,'10',297),(2260,1200,11,'10',313),(2410,1200,11,'10',330),(2560,1200,11,'10',347),(2710,1200,11,'10',391),(2860,1200,11,'10',410),(3000,1200,11,'10',428),(610,1500,11,'10',141),(760,1500,11,'10',161),(910,1500,11,'10',179),(1060,1500,11,'10',199),(1210,1500,11,'10',218),(1360,1500,11,'10',237),(1510,1500,11,'10',256),(1660,1500,11,'10',276),(1810,1500,11,'10',295),(1960,1500,11,'10',318),(2110,1500,11,'10',338),(2260,1500,11,'10',357),(2410,1500,11,'10',377),(2560,1500,11,'10',397),(2710,1500,11,'10',444),(2860,1500,11,'10',465),(3000,1500,11,'10',486),(610,1800,11,'10',155),(760,1800,11,'10',176),(910,1800,11,'10',199),(1060,1800,11,'10',220),(1210,1800,11,'10',242),(1360,1800,11,'10',265),(1510,1800,11,'10',286),(1660,1800,11,'10',309),(1810,1800,11,'10',331),(1960,1800,11,'10',356),(2110,1800,11,'10',379),(2260,1800,11,'10',401),(2410,1800,11,'10',423),(2560,1800,11,'10',446),(2710,1800,11,'10',496),(2860,1800,11,'10',520),(3000,1800,11,'10',544),(610,2100,11,'10',168),(760,2100,11,'10',193),(910,2100,11,'10',217),(1060,2100,11,'10',242),(1210,2100,11,'10',267),(1360,2100,11,'10',291),(1510,2100,11,'10',316),(1660,2100,11,'10',341),(1810,2100,11,'10',366),(1960,2100,11,'10',394),(2110,2100,11,'10',419),(2260,2100,11,'10',445),(2410,2100,11,'10',470),(2560,2100,11,'10',494),(2710,2100,11,'10',548),(2860,2100,11,'10',575),(3000,2100,11,'10',602),(610,2400,11,'10',182),(760,2400,11,'10',210),(910,2400,11,'10',238),(1060,2400,11,'10',266),(1210,2400,11,'10',294),(1360,2400,11,'10',321),(1510,2400,11,'10',349),(1660,2400,11,'10',377),(1810,2400,11,'10',405),(1960,2400,11,'10',433),(2110,2400,11,'10',460),(2260,2400,11,'10',488),(2410,2400,11,'10',516),(2560,2400,11,'10',544),(2710,2400,11,'10',600),(2860,2400,11,'10',629),(3000,2400,11,'10',659),(610,2700,11,'10',196),(760,2700,11,'10',227),(910,2700,11,'10',256),(1060,2700,11,'10',287),(1210,2700,11,'10',318),(1360,2700,11,'10',349),(1510,2700,11,'10',379),(1660,2700,11,'10',410),(1810,2700,11,'10',441),(1960,2700,11,'10',471),(2110,2700,11,'10',502),(2260,2700,11,'10',533),(2410,2700,11,'10',563),(2560,2700,11,'10',593),(2710,2700,11,'10',652),(2860,2700,11,'10',685),(3000,2700,11,'10',717),(610,3000,11,'10',209),(760,3000,11,'10',242),(910,3000,11,'10',276),(1060,3000,11,'10',309),(1210,3000,11,'10',343),(1360,3000,11,'10',376),(1510,3000,11,'10',409),(1660,3000,11,'10',443),(1810,3000,11,'10',476),(1960,3000,11,'10',510),(2110,3000,11,'10',543),(2260,3000,11,'10',576),(2410,3000,11,'10',610),(2560,3000,11,'10',643),(2710,3000,11,'10',705),(2860,3000,11,'10',740),(3000,3000,11,'10',775),(610,3300,11,'10',229),(760,3300,11,'10',267),(910,3300,11,'10',304),(1060,3300,11,'10',342),(1210,3300,11,'10',379),(1360,3300,11,'10',417),(1510,3300,11,'10',455),(1660,3300,11,'10',492),(1810,3300,11,'10',530),(1960,3300,11,'10',569),(2110,3300,11,'10',606),(2260,3300,11,'10',644),(2410,3300,11,'10',682),(2560,3300,11,'10',719),(2710,3300,11,'10',757),(2860,3300,11,'10',794),(3000,3300,11,'10',832),(610,3600,11,'10',242),(760,3600,11,'10',282),(910,3600,11,'10',323),(1060,3600,11,'10',364),(1210,3600,11,'10',404),(1360,3600,11,'10',445),(1510,3600,11,'10',485),(1660,3600,11,'10',525),(1810,3600,11,'10',565),(1960,3600,11,'10',607),(2110,3600,11,'10',647),(2260,3600,11,'10',687),(2410,3600,11,'10',728),(2560,3600,11,'10',768),(2710,3600,11,'10',809),(2860,3600,11,'10',850),(3000,3600,11,'10',890),(610,900,11,'11',122),(760,900,11,'11',137),(910,900,11,'11',152),(1060,900,11,'11',168),(1210,900,11,'11',183),(1360,900,11,'11',199),(1510,900,11,'11',214),(1660,900,11,'11',230),(1810,900,11,'11',245),(1960,900,11,'11',265),(2110,900,11,'11',280),(2260,900,11,'11',296),(2410,900,11,'11',312),(2560,900,11,'11',328),(2710,900,11,'11',372),(2860,900,11,'11',389),(3010,900,11,'11',406),(610,1200,11,'11',137),(760,1200,11,'11',156),(910,1200,11,'11',174),(1060,1200,11,'11',193),(1210,1200,11,'11',211),(1360,1200,11,'11',230),(1510,1200,11,'11',249),(1660,1200,11,'11',268),(1810,1200,11,'11',286),(1960,1200,11,'11',309),(2110,1200,11,'11',328),(2260,1200,11,'11',347),(2410,1200,11,'11',366),(2560,1200,11,'11',384),(2710,1200,11,'11',432),(2860,1200,11,'11',452),(3010,1200,11,'11',473),(610,1500,11,'11',151),(760,1500,11,'11',174),(910,1500,11,'11',196),(1060,1500,11,'11',217),(1210,1500,11,'11',240),(1360,1500,11,'11',262),(1510,1500,11,'11',283),(1660,1500,11,'11',305),(1810,1500,11,'11',328),(1960,1500,11,'11',352),(2110,1500,11,'11',375),(2260,1500,11,'11',398),(2410,1500,11,'11',419),(2560,1500,11,'11',442),(2710,1500,11,'11',492),(2860,1500,11,'11',516),(3010,1500,11,'11',540),(610,1800,11,'11',167),(760,1800,11,'11',193),(910,1800,11,'11',217),(1060,1800,11,'11',242),(1210,1800,11,'11',268),(1360,1800,11,'11',293),(1510,1800,11,'11',318),(1660,1800,11,'11',343),(1810,1800,11,'11',368),(1960,1800,11,'11',397),(2110,1800,11,'11',422),(2260,1800,11,'11',448),(2410,1800,11,'11',473),(2560,1800,11,'11',499),(2710,1800,11,'11',552),(2860,1800,11,'11',579),(3010,1800,11,'11',606),(610,2100,11,'11',182),(760,2100,11,'11',210),(910,2100,11,'11',239),(1060,2100,11,'11',267),(1210,2100,11,'11',296),(1360,2100,11,'11',323),(1510,2100,11,'11',352),(1660,2100,11,'11',380),(1810,2100,11,'11',409),(1960,2100,11,'11',441),(2110,2100,11,'11',470),(2260,2100,11,'11',499),(2410,2100,11,'11',526),(2560,2100,11,'11',555),(2710,2100,11,'11',612),(2860,2100,11,'11',643),(3010,2100,11,'11',673),(610,2400,11,'11',199),(760,2400,11,'11',231),(910,2400,11,'11',262),(1060,2400,11,'11',294),(1210,2400,11,'11',325),(1360,2400,11,'11',357),(1510,2400,11,'11',389),(1660,2400,11,'11',421),(1810,2400,11,'11',453),(1960,2400,11,'11',485),(2110,2400,11,'11',517),(2260,2400,11,'11',549),(2410,2400,11,'11',581),(2560,2400,11,'11',613),(2710,2400,11,'11',673),(2860,2400,11,'11',706),(3010,2400,11,'11',740),(610,2700,11,'11',213),(760,2700,11,'11',248),(910,2700,11,'11',283),(1060,2700,11,'11',318),(1210,2700,11,'11',354),(1360,2700,11,'11',389),(1510,2700,11,'11',424),(1660,2700,11,'11',459),(1810,2700,11,'11',494),(1960,2700,11,'11',529),(2110,2700,11,'11',564),(2260,2700,11,'11',599),(2410,2700,11,'11',634),(2560,2700,11,'11',670),(2710,2700,11,'11',732),(2860,2700,11,'11',769),(3010,2700,11,'11',805),(610,3000,11,'11',229),(760,3000,11,'11',267),(910,3000,11,'11',305),(1060,3000,11,'11',344),(1210,3000,11,'11',382),(1360,3000,11,'11',420),(1510,3000,11,'11',458),(1660,3000,11,'11',496),(1810,3000,11,'11',535),(1960,3000,11,'11',574),(2110,3000,11,'11',612),(2260,3000,11,'11',650),(2410,3000,11,'11',688),(2560,3000,11,'11',726),(2710,3000,11,'11',793),(2860,3000,11,'11',832),(3010,3000,11,'11',872),(610,3300,11,'11',250),(760,3300,11,'11',294),(910,3300,11,'11',337),(1060,3300,11,'11',379),(1210,3300,11,'11',422),(1360,3300,11,'11',466),(1510,3300,11,'11',509),(1660,3300,11,'11',552),(1810,3300,11,'11',594),(1960,3300,11,'11',638),(2110,3300,11,'11',681),(2260,3300,11,'11',724),(2410,3300,11,'11',767),(2560,3300,11,'11',810),(2710,3300,11,'11',853),(2860,3300,11,'11',896),(3010,3300,11,'11',939),(610,3600,11,'11',266),(760,3600,11,'11',312),(910,3600,11,'11',357),(1060,3600,11,'11',404),(1210,3600,11,'11',450),(1360,3600,11,'11',496),(1510,3600,11,'11',543),(1660,3600,11,'11',589),(1810,3600,11,'11',636),(1960,3600,11,'11',682),(2110,3600,11,'11',728),(2260,3600,11,'11',775),(2410,3600,11,'11',821),(2560,3600,11,'11',867),(2710,3600,11,'11',914),(2860,3600,11,'11',959),(3010,3600,11,'11',1005),(610,900,11,'2',79),(760,900,11,'2',83),(910,900,11,'2',89),(1060,900,11,'2',94),(1210,900,11,'2',99),(1360,900,11,'2',104),(1510,900,11,'2',109),(1660,900,11,'2',114),(1810,900,11,'2',118),(1960,900,11,'2',128),(2110,900,11,'2',136),(2260,900,11,'2',141),(2410,900,11,'2',145),(2560,900,11,'2',153),(2710,900,11,'2',182),(2860,900,11,'2',188),(3010,900,11,'2',196),(610,1200,11,'2',83),(760,1200,11,'2',89),(910,1200,11,'2',95),(1060,1200,11,'2',100),(1210,1200,11,'2',106),(1360,1200,11,'2',111),(1510,1200,11,'2',116),(1660,1200,11,'2',123),(1810,1200,11,'2',128),(1960,1200,11,'2',137),(2110,1200,11,'2',143),(2260,1200,11,'2',149),(2410,1200,11,'2',157),(2560,1200,11,'2',167),(2710,1200,11,'2',195),(2860,1200,11,'2',202),(3010,1200,11,'2',210),(610,1500,11,'2',88),(760,1500,11,'2',94),(910,1500,11,'2',100),(1060,1500,11,'2',106),(1210,1500,11,'2',114),(1360,1500,11,'2',118),(1510,1500,11,'2',125),(1660,1500,11,'2',131),(1810,1500,11,'2',137),(1960,1500,11,'2',147),(2110,1500,11,'2',158),(2260,1500,11,'2',165),(2410,1500,11,'2',171),(2560,1500,11,'2',181),(2710,1500,11,'2',208),(2860,1500,11,'2',215),(3010,1500,11,'2',228),(610,1800,11,'2',93),(760,1800,11,'2',99),(910,1800,11,'2',106),(1060,1800,11,'2',114),(1210,1800,11,'2',119),(1360,1800,11,'2',127),(1510,1800,11,'2',133),(1660,1800,11,'2',140),(1810,1800,11,'2',146),(1960,1800,11,'2',159),(2110,1800,11,'2',169),(2260,1800,11,'2',176),(2410,1800,11,'2',183),(2560,1800,11,'2',195),(2710,1800,11,'2',220),(2860,1800,11,'2',229),(3010,1800,11,'2',244),(610,2100,11,'2',97),(760,2100,11,'2',104),(910,2100,11,'2',114),(1060,2100,11,'2',121),(1210,2100,11,'2',127),(1360,2100,11,'2',134),(1510,2100,11,'2',141),(1660,2100,11,'2',148),(1810,2100,11,'2',158),(1960,2100,11,'2',170),(2110,2100,11,'2',181),(2260,2100,11,'2',190),(2410,2100,11,'2',197),(2560,2100,11,'2',208),(2710,2100,11,'2',236),(2860,2100,11,'2',246),(3010,2100,11,'2',259),(610,2400,11,'2',106),(760,2400,11,'2',116),(910,2400,11,'2',124),(1060,2400,11,'2',131),(1210,2400,11,'2',140),(1360,2400,11,'2',147),(1510,2400,11,'2',156),(1660,2400,11,'2',165),(1810,2400,11,'2',172),(1960,2400,11,'2',184),(2110,2400,11,'2',197),(2260,2400,11,'2',205),(2410,2400,11,'2',213),(2560,2400,11,'2',228),(2710,2400,11,'2',254),(2860,2400,11,'2',265),(3010,2400,11,'2',280),(610,2700,11,'2',113),(760,2700,11,'2',122),(910,2700,11,'2',129),(1060,2700,11,'2',139),(1210,2700,11,'2',147),(1360,2700,11,'2',156),(1510,2700,11,'2',166),(1660,2700,11,'2',173),(1810,2700,11,'2',182),(1960,2700,11,'2',196),(2110,2700,11,'2',208),(2260,2700,11,'2',218),(2410,2700,11,'2',228),(2560,2700,11,'2',240),(2710,2700,11,'2',271),(2860,2700,11,'2',280),(3010,2700,11,'2',297),(610,3000,11,'2',124),(760,3000,11,'2',134),(910,3000,11,'2',144),(1060,3000,11,'2',152),(1210,3000,11,'2',165),(1360,3000,11,'2',174),(1510,3000,11,'2',183),(1660,3000,11,'2',194),(1810,3000,11,'2',204),(1960,3000,11,'2',219),(2110,3000,11,'2',230),(2260,3000,11,'2',239),(2410,3000,11,'2',250),(2560,3000,11,'2',260),(2710,3000,11,'2',290),(2860,3000,11,'2',302),(3010,3000,11,'2',313),(610,3300,11,'2',134),(760,3300,11,'2',145),(910,3300,11,'2',157),(1060,3300,11,'2',168),(1210,3300,11,'2',179),(1360,3300,11,'2',191),(1510,3300,11,'2',201),(1660,3300,11,'2',211),(1810,3300,11,'2',225),(1960,3300,11,'2',239),(2110,3300,11,'2',251),(2260,3300,11,'2',262),(2410,3300,11,'2',275),(2560,3300,11,'2',285),(2710,3300,11,'2',317),(2860,3300,11,'2',332),(3010,3300,11,'2',343),(610,3600,11,'2',140),(760,3600,11,'2',150),(910,3600,11,'2',165),(1060,3600,11,'2',175),(1210,3600,11,'2',186),(1360,3600,11,'2',200),(1510,3600,11,'2',210),(1660,3600,11,'2',224),(1810,3600,11,'2',234),(1960,3600,11,'2',251),(2110,3600,11,'2',263),(2260,3600,11,'2',276),(2410,3600,11,'2',288),(2560,3600,11,'2',301),(2710,3600,11,'2',334),(2860,3600,11,'2',346),(3010,3600,11,'2',359),(610,900,11,'3',82),(760,900,11,'3',88),(910,900,11,'3',94),(1060,900,11,'3',99),(1210,900,11,'3',105),(1360,900,11,'3',110),(1510,900,11,'3',116),(1660,900,11,'3',123),(1810,900,11,'3',128),(1960,900,11,'3',137),(2110,900,11,'3',143),(2260,900,11,'3',149),(2410,900,11,'3',156),(2560,900,11,'3',166),(2710,900,11,'3',196),(2860,900,11,'3',203),(3000,900,11,'3',211),(610,1200,11,'3',88),(760,1200,11,'3',94),(910,1200,11,'3',100),(1060,1200,11,'3',107),(1210,1200,11,'3',113),(1360,1200,11,'3',119),(1510,1200,11,'3',127),(1660,1200,11,'3',133),(1810,1200,11,'3',139),(1960,1200,11,'3',149),(2110,1200,11,'3',157),(2260,1200,11,'3',164),(2410,1200,11,'3',170),(2560,1200,11,'3',180),(2710,1200,11,'3',212),(2860,1200,11,'3',220),(3000,1200,11,'3',229),(610,1500,11,'3',93),(760,1500,11,'3',100),(910,1500,11,'3',107),(1060,1500,11,'3',114),(1210,1500,11,'3',122),(1360,1500,11,'3',129),(1510,1500,11,'3',136),(1660,1500,11,'3',143),(1810,1500,11,'3',151),(1960,1500,11,'3',162),(2110,1500,11,'3',170),(2260,1500,11,'3',179),(2410,1500,11,'3',186),(2560,1500,11,'3',197),(2710,1500,11,'3',228),(2860,1500,11,'3',237),(3000,1500,11,'3',246),(610,1800,11,'3',98),(760,1800,11,'3',106),(910,1800,11,'3',114),(1060,1800,11,'3',122),(1210,1800,11,'3',130),(1360,1800,11,'3',138),(1510,1800,11,'3',146),(1660,1800,11,'3',155),(1810,1800,11,'3',163),(1960,1800,11,'3',174),(2110,1800,11,'3',184),(2260,1800,11,'3',191),(2410,1800,11,'3',200),(2560,1800,11,'3',212),(2710,1800,11,'3',244),(2860,1800,11,'3',254),(3000,1800,11,'3',265),(610,2100,11,'3',103),(760,2100,11,'3',112),(910,2100,11,'3',121),(1060,2100,11,'3',130),(1210,2100,11,'3',138),(1360,2100,11,'3',147),(1510,2100,11,'3',157),(1660,2100,11,'3',165),(1810,2100,11,'3',174),(1960,2100,11,'3',186),(2110,2100,11,'3',196),(2260,2100,11,'3',205),(2410,2100,11,'3',217),(2560,2100,11,'3',231),(2710,2100,11,'3',261),(2860,2100,11,'3',271),(3000,2100,11,'3',282),(610,2400,11,'3',114),(760,2400,11,'3',123),(910,2400,11,'3',131),(1060,2400,11,'3',139),(1210,2400,11,'3',149),(1360,2400,11,'3',159),(1510,2400,11,'3',169),(1660,2400,11,'3',179),(1810,2400,11,'3',188),(1960,2400,11,'3',203),(2110,2400,11,'3',217),(2260,2400,11,'3',228),(2410,2400,11,'3',237),(2560,2400,11,'3',251),(2710,2400,11,'3',281),(2860,2400,11,'3',293),(3000,2400,11,'3',310),(610,2700,11,'3',119),(760,2700,11,'3',129),(910,2700,11,'3',140),(1060,2700,11,'3',149),(1210,2700,11,'3',160),(1360,2700,11,'3',171),(1510,2700,11,'3',181),(1660,2700,11,'3',190),(1810,2700,11,'3',201),(1960,2700,11,'3',217),(2110,2700,11,'3',231),(2260,2700,11,'3',241),(2410,2700,11,'3',252),(2560,2700,11,'3',268),(2710,2700,11,'3',300),(2860,2700,11,'3',311),(3000,2700,11,'3',330),(610,3000,11,'3',131),(760,3000,11,'3',143),(910,3000,11,'3',153),(1060,3000,11,'3',167),(1210,3000,11,'3',179),(1360,3000,11,'3',191),(1510,3000,11,'3',202),(1660,3000,11,'3',212),(1810,3000,11,'3',227),(1960,3000,11,'3',241),(2110,3000,11,'3',254),(2260,3000,11,'3',266),(2410,3000,11,'3',279),(2560,3000,11,'3',291),(2710,3000,11,'3',321),(2860,3000,11,'3',337),(3000,3000,11,'3',350),(610,3300,11,'3',143),(760,3300,11,'3',156),(910,3300,11,'3',169),(1060,3300,11,'3',182),(1210,3300,11,'3',195),(1360,3300,11,'3',208),(1510,3300,11,'3',222),(1660,3300,11,'3',235),(1810,3300,11,'3',248),(1960,3300,11,'3',266),(2110,3300,11,'3',280),(2260,3300,11,'3',294),(2410,3300,11,'3',306),(2560,3300,11,'3',319),(2710,3300,11,'3',355),(2860,3300,11,'3',369),(3000,3300,11,'3',385),(610,3600,11,'3',148),(760,3600,11,'3',164),(910,3600,11,'3',176),(1060,3600,11,'3',192),(1210,3600,11,'3',205),(1360,3600,11,'3',219),(1510,3600,11,'3',233),(1660,3600,11,'3',248),(1810,3600,11,'3',261),(1960,3600,11,'3',280),(2110,3600,11,'3',295),(2260,3600,11,'3',310),(2410,3600,11,'3',324),(2560,3600,11,'3',339),(2710,3600,11,'3',372),(2860,3600,11,'3',389),(3000,3600,11,'3',405),(610,900,11,'4',85),(760,900,11,'4',92),(910,900,11,'4',99),(1060,900,11,'4',105),(1210,900,11,'4',112),(1360,900,11,'4',118),(1510,900,11,'4',125),(1660,900,11,'4',132),(1810,900,11,'4',138),(1960,900,11,'4',148),(2110,900,11,'4',156),(2260,900,11,'4',163),(2410,900,11,'4',169),(2560,900,11,'4',179),(2710,900,11,'4',211),(2860,900,11,'4',219),(3000,900,11,'4',229),(610,1200,11,'4',92),(760,1200,11,'4',99),(910,1200,11,'4',107),(1060,1200,11,'4',114),(1210,1200,11,'4',122),(1360,1200,11,'4',130),(1510,1200,11,'4',137),(1660,1200,11,'4',145),(1810,1200,11,'4',152),(1960,1200,11,'4',164),(2110,1200,11,'4',172),(2260,1200,11,'4',179),(2410,1200,11,'4',187),(2560,1200,11,'4',196),(2710,1200,11,'4',232),(2860,1200,11,'4',241),(3000,1200,11,'4',250),(610,1500,11,'4',98),(760,1500,11,'4',106),(910,1500,11,'4',115),(1060,1500,11,'4',124),(1210,1500,11,'4',132),(1360,1500,11,'4',141),(1510,1500,11,'4',149),(1660,1500,11,'4',158),(1810,1500,11,'4',167),(1960,1500,11,'4',179),(2110,1500,11,'4',187),(2260,1500,11,'4',197),(2410,1500,11,'4',206),(2560,1500,11,'4',219),(2710,1500,11,'4',251),(2860,1500,11,'4',262),(3000,1500,11,'4',273),(610,1800,11,'4',104),(760,1800,11,'4',113),(910,1800,11,'4',123),(1060,1800,11,'4',133),(1210,1800,11,'4',142),(1360,1800,11,'4',151),(1510,1800,11,'4',162),(1660,1800,11,'4',171),(1810,1800,11,'4',180),(1960,1800,11,'4',194),(2110,1800,11,'4',204),(2260,1800,11,'4',214),(2410,1800,11,'4',224),(2560,1800,11,'4',238),(2710,1800,11,'4',272),(2860,1800,11,'4',283),(3000,1800,11,'4',295),(610,2100,11,'4',110),(760,2100,11,'4',121),(910,2100,11,'4',131),(1060,2100,11,'4',142),(1210,2100,11,'4',152),(1360,2100,11,'4',163),(1510,2100,11,'4',174),(1660,2100,11,'4',184),(1810,2100,11,'4',195),(1960,2100,11,'4',209),(2110,2100,11,'4',220),(2260,2100,11,'4',231),(2410,2100,11,'4',242),(2560,2100,11,'4',258),(2710,2100,11,'4',291),(2860,2100,11,'4',304),(3000,2100,11,'4',316),(610,2400,11,'4',121),(760,2400,11,'4',131),(910,2400,11,'4',141),(1060,2400,11,'4',152),(1210,2400,11,'4',165),(1360,2400,11,'4',177),(1510,2400,11,'4',188),(1660,2400,11,'4',201),(1810,2400,11,'4',212),(1960,2400,11,'4',225),(2110,2400,11,'4',241),(2260,2400,11,'4',254),(2410,2400,11,'4',266),(2560,2400,11,'4',283),(2710,2400,11,'4',312),(2860,2400,11,'4',325),(3000,2400,11,'4',347),(610,2700,11,'4',127),(760,2700,11,'4',139),(910,2700,11,'4',149),(1060,2700,11,'4',165),(1210,2700,11,'4',175),(1360,2700,11,'4',187),(1510,2700,11,'4',201),(1660,2700,11,'4',213),(1810,2700,11,'4',227),(1960,2700,11,'4',239),(2110,2700,11,'4',259),(2260,2700,11,'4',273),(2410,2700,11,'4',284),(2560,2700,11,'4',304),(2710,2700,11,'4',337),(2860,2700,11,'4',346),(3000,2700,11,'4',371),(610,3000,11,'4',141),(760,3000,11,'4',153),(910,3000,11,'4',169),(1060,3000,11,'4',182),(1210,3000,11,'4',197),(1360,3000,11,'4',210),(1510,3000,11,'4',226),(1660,3000,11,'4',239),(1810,3000,11,'4',253),(1960,3000,11,'4',273),(2110,3000,11,'4',287),(2260,3000,11,'4',301),(2410,3000,11,'4',315),(2560,3000,11,'4',332),(2710,3000,11,'4',364),(2860,3000,11,'4',381),(3000,3000,11,'4',397),(610,3300,11,'4',152),(760,3300,11,'4',169),(910,3300,11,'4',184),(1060,3300,11,'4',201),(1210,3300,11,'4',217),(1360,3300,11,'4',232),(1510,3300,11,'4',248),(1660,3300,11,'4',263),(1810,3300,11,'4',279),(1960,3300,11,'4',301),(2110,3300,11,'4',316),(2260,3300,11,'4',334),(2410,3300,11,'4',348),(2560,3300,11,'4',365),(2710,3300,11,'4',402),(2860,3300,11,'4',419),(3000,3300,11,'4',437),(610,3600,11,'4',160),(760,3600,11,'4',178),(910,3600,11,'4',194),(1060,3600,11,'4',210),(1210,3600,11,'4',229),(1360,3600,11,'4',245),(1510,3600,11,'4',261),(1660,3600,11,'4',279),(1810,3600,11,'4',295),(1960,3600,11,'4',317),(2110,3600,11,'4',336),(2260,3600,11,'4',353),(2410,3600,11,'4',369),(2560,3600,11,'4',387),(2710,3600,11,'4',424),(2860,3600,11,'4',444),(3000,3600,11,'4',462),(610,900,11,'5',89),(760,900,11,'5',96),(910,900,11,'5',103),(1060,900,11,'5',111),(1210,900,11,'5',118),(1360,900,11,'5',126),(1510,900,11,'5',133),(1660,900,11,'5',140),(1810,900,11,'5',148),(1960,900,11,'5',159),(2110,900,11,'5',167),(2260,900,11,'5',174),(2410,900,11,'5',182),(2560,900,11,'5',190),(2710,900,11,'5',226),(2860,900,11,'5',235),(3000,900,11,'5',244),(610,1200,11,'5',96),(760,1200,11,'5',104),(910,1200,11,'5',113),(1060,1200,11,'5',122),(1210,1200,11,'5',130),(1360,1200,11,'5',139),(1510,1200,11,'5',147),(1660,1200,11,'5',156),(1810,1200,11,'5',165),(1960,1200,11,'5',177),(2110,1200,11,'5',185),(2260,1200,11,'5',195),(2410,1200,11,'5',204),(2560,1200,11,'5',212),(2710,1200,11,'5',249),(2860,1200,11,'5',260),(3000,1200,11,'5',271),(610,1500,11,'5',103),(760,1500,11,'5',112),(910,1500,11,'5',123),(1060,1500,11,'5',132),(1210,1500,11,'5',142),(1360,1500,11,'5',151),(1510,1500,11,'5',162),(1660,1500,11,'5',171),(1810,1500,11,'5',181),(1960,1500,11,'5',195),(2110,1500,11,'5',205),(2260,1500,11,'5',214),(2410,1500,11,'5',225),(2560,1500,11,'5',235),(2710,1500,11,'5',273),(2860,1500,11,'5',285),(3000,1500,11,'5',297),(610,1800,11,'5',109),(760,1800,11,'5',121),(910,1800,11,'5',132),(1060,1800,11,'5',142),(1210,1800,11,'5',153),(1360,1800,11,'5',165),(1510,1800,11,'5',175),(1660,1800,11,'5',186),(1810,1800,11,'5',198),(1960,1800,11,'5',212),(2110,1800,11,'5',224),(2260,1800,11,'5',235),(2410,1800,11,'5',246),(2560,1800,11,'5',258),(2710,1800,11,'5',297),(2860,1800,11,'5',310),(3000,1800,11,'5',322),(610,2100,11,'5',116),(760,2100,11,'5',129),(910,2100,11,'5',141),(1060,2100,11,'5',153),(1210,2100,11,'5',165),(1360,2100,11,'5',177),(1510,2100,11,'5',190),(1660,2100,11,'5',202),(1810,2100,11,'5',214),(1960,2100,11,'5',230),(2110,2100,11,'5',242),(2260,2100,11,'5',255),(2410,2100,11,'5',268),(2560,2100,11,'5',280),(2710,2100,11,'5',320),(2860,2100,11,'5',335),(3000,2100,11,'5',349),(610,2400,11,'5',125),(760,2400,11,'5',138),(910,2400,11,'5',152),(1060,2400,11,'5',166),(1210,2400,11,'5',179),(1360,2400,11,'5',193),(1510,2400,11,'5',207),(1660,2400,11,'5',220),(1810,2400,11,'5',234),(1960,2400,11,'5',248),(2110,2400,11,'5',262),(2260,2400,11,'5',275),(2410,2400,11,'5',288),(2560,2400,11,'5',303),(2710,2400,11,'5',344),(2860,2400,11,'5',359),(3000,2400,11,'5',375),(610,2700,11,'5',132),(760,2700,11,'5',146),(910,2700,11,'5',162),(1060,2700,11,'5',176),(1210,2700,11,'5',191),(1360,2700,11,'5',206),(1510,2700,11,'5',220),(1660,2700,11,'5',236),(1810,2700,11,'5',250),(1960,2700,11,'5',266),(2110,2700,11,'5',280),(2260,2700,11,'5',296),(2410,2700,11,'5',310),(2560,2700,11,'5',325),(2710,2700,11,'5',368),(2860,2700,11,'5',384),(3000,2700,11,'5',401),(610,3000,11,'5',138),(760,3000,11,'5',155),(910,3000,11,'5',171),(1060,3000,11,'5',186),(1210,3000,11,'5',203),(1360,3000,11,'5',218),(1510,3000,11,'5',235),(1660,3000,11,'5',251),(1810,3000,11,'5',267),(1960,3000,11,'5',283),(2110,3000,11,'5',300),(2260,3000,11,'5',315),(2410,3000,11,'5',332),(2560,3000,11,'5',347),(2710,3000,11,'5',391),(2860,3000,11,'5',409),(3000,3000,11,'5',427),(610,3300,11,'5',151),(760,3300,11,'5',171),(910,3300,11,'5',190),(1060,3300,11,'5',208),(1210,3300,11,'5',227),(1360,3300,11,'5',246),(1510,3300,11,'5',265),(1660,3300,11,'5',283),(1810,3300,11,'5',303),(1960,3300,11,'5',321),(2110,3300,11,'5',340),(2260,3300,11,'5',359),(2410,3300,11,'5',378),(2560,3300,11,'5',397),(2710,3300,11,'5',415),(2860,3300,11,'5',435),(3000,3300,11,'5',453),(610,3600,11,'5',159),(760,3600,11,'5',179),(910,3600,11,'5',199),(1060,3600,11,'5',218),(1210,3600,11,'5',239),(1360,3600,11,'5',259),(1510,3600,11,'5',279),(1660,3600,11,'5',299),(1810,3600,11,'5',319),(1960,3600,11,'5',339),(2110,3600,11,'5',359),(2260,3600,11,'5',379),(2410,3600,11,'5',399),(2560,3600,11,'5',419),(2710,3600,11,'5',439),(2860,3600,11,'5',459),(3000,3600,11,'5',479),(610,900,11,'6',94),(760,900,11,'6',102),(910,900,11,'6',110),(1060,900,11,'6',119),(1210,900,11,'6',128),(1360,900,11,'6',136),(1510,900,11,'6',145),(1660,900,11,'6',153),(1810,900,11,'6',162),(1960,900,11,'6',174),(2110,900,11,'6',183),(2260,900,11,'6',192),(2410,900,11,'6',201),(2560,900,11,'6',209),(2710,900,11,'6',246),(2860,900,11,'6',258),(3000,900,11,'6',268),(610,1200,11,'6',102),(760,1200,11,'6',111),(910,1200,11,'6',122),(1060,1200,11,'6',132),(1210,1200,11,'6',142),(1360,1200,11,'6',151),(1510,1200,11,'6',162),(1660,1200,11,'6',172),(1810,1200,11,'6',182),(1960,1200,11,'6',196),(2110,1200,11,'6',206),(2260,1200,11,'6',216),(2410,1200,11,'6',227),(2560,1200,11,'6',237),(2710,1200,11,'6',276),(2860,1200,11,'6',287),(3000,1200,11,'6',300),(610,1500,11,'6',109),(760,1500,11,'6',122),(910,1500,11,'6',133),(1060,1500,11,'6',144),(1210,1500,11,'6',156),(1360,1500,11,'6',167),(1510,1500,11,'6',179),(1660,1500,11,'6',191),(1810,1500,11,'6',202),(1960,1500,11,'6',217),(2110,1500,11,'6',229),(2260,1500,11,'6',241),(2410,1500,11,'6',252),(2560,1500,11,'6',265),(2710,1500,11,'6',305),(2860,1500,11,'6',318),(3000,1500,11,'6',332),(610,1800,11,'6',117),(760,1800,11,'6',131),(910,1800,11,'6',144),(1060,1800,11,'6',157),(1210,1800,11,'6',170),(1360,1800,11,'6',183),(1510,1800,11,'6',196),(1660,1800,11,'6',209),(1810,1800,11,'6',221),(1960,1800,11,'6',239),(2110,1800,11,'6',252),(2260,1800,11,'6',266),(2410,1800,11,'6',278),(2560,1800,11,'6',291),(2710,1800,11,'6',334),(2860,1800,11,'6',348),(3000,1800,11,'6',364),(610,2100,11,'6',126),(760,2100,11,'6',140),(910,2100,11,'6',155),(1060,2100,11,'6',169),(1210,2100,11,'6',184),(1360,2100,11,'6',199),(1510,2100,11,'6',213),(1660,2100,11,'6',228),(1810,2100,11,'6',242),(1960,2100,11,'6',261),(2110,2100,11,'6',275),(2260,2100,11,'6',289),(2410,2100,11,'6',305),(2560,2100,11,'6',319),(2710,2100,11,'6',363),(2860,2100,11,'6',379),(3000,2100,11,'6',394),(610,2400,11,'6',135),(760,2400,11,'6',151),(910,2400,11,'6',168),(1060,2400,11,'6',184),(1210,2400,11,'6',200),(1360,2400,11,'6',216),(1510,2400,11,'6',233),(1660,2400,11,'6',249),(1810,2400,11,'6',266),(1960,2400,11,'6',281),(2110,2400,11,'6',298),(2260,2400,11,'6',314),(2410,2400,11,'6',331),(2560,2400,11,'6',347),(2710,2400,11,'6',391),(2860,2400,11,'6',409),(3000,2400,11,'6',426),(610,2700,11,'6',143),(760,2700,11,'6',161),(910,2700,11,'6',179),(1060,2700,11,'6',197),(1210,2700,11,'6',214),(1360,2700,11,'6',232),(1510,2700,11,'6',250),(1660,2700,11,'6',268),(1810,2700,11,'6',285),(1960,2700,11,'6',303),(2110,2700,11,'6',321),(2260,2700,11,'6',339),(2410,2700,11,'6',356),(2560,2700,11,'6',379),(2710,2700,11,'6',420),(2860,2700,11,'6',440),(3000,2700,11,'6',458),(610,3000,11,'6',161),(760,3000,11,'6',179),(910,3000,11,'6',199),(1060,3000,11,'6',217),(1210,3000,11,'6',236),(1360,3000,11,'6',255),(1510,3000,11,'6',274),(1660,3000,11,'6',294),(1810,3000,11,'6',313),(1960,3000,11,'6',337),(2110,3000,11,'6',356),(2260,3000,11,'6',377),(2410,3000,11,'6',394),(2560,3000,11,'6',413),(2710,3000,11,'6',449),(2860,3000,11,'6',470),(3000,3000,11,'6',490),(610,3300,11,'6',175),(760,3300,11,'6',197),(910,3300,11,'6',218),(1060,3300,11,'6',239),(1210,3300,11,'6',261),(1360,3300,11,'6',281),(1510,3300,11,'6',304),(1660,3300,11,'6',322),(1810,3300,11,'6',344),(1960,3300,11,'6',374),(2110,3300,11,'6',396),(2260,3300,11,'6',417),(2410,3300,11,'6',440),(2560,3300,11,'6',461),(2710,3300,11,'6',504),(2860,3300,11,'6',526),(3000,3300,11,'6',549),(610,3600,11,'6',184),(760,3600,11,'6',207),(910,3600,11,'6',231),(1060,3600,11,'6',253),(1210,3600,11,'6',276),(1360,3600,11,'6',300),(1510,3600,11,'6',321),(1660,3600,11,'6',341),(1810,3600,11,'6',365),(1960,3600,11,'6',397),(2110,3600,11,'6',419),(2260,3600,11,'6',444),(2410,3600,11,'6',467),(2560,3600,11,'6',490),(2710,3600,11,'6',534),(2860,3600,11,'6',557),(3000,3600,11,'6',583),(610,900,11,'7',98),(760,900,11,'7',107),(910,900,11,'7',116),(1060,900,11,'7',127),(1210,900,11,'7',136),(1360,900,11,'7',145),(1510,900,11,'7',156),(1660,900,11,'7',165),(1810,900,11,'7',174),(1960,900,11,'7',187),(2110,900,11,'7',198),(2260,900,11,'7',208),(2410,900,11,'7',217),(2560,900,11,'7',228),(2710,900,11,'7',266),(2860,900,11,'7',277),(3000,900,11,'7',288),(610,1200,11,'7',107),(760,1200,11,'7',118),(910,1200,11,'7',130),(1060,1200,11,'7',141),(1210,1200,11,'7',152),(1360,1200,11,'7',164),(1510,1200,11,'7',175),(1660,1200,11,'7',186),(1810,1200,11,'7',198),(1960,1200,11,'7',212),(2110,1200,11,'7',225),(2260,1200,11,'7',236),(2410,1200,11,'7',247),(2560,1200,11,'7',260),(2710,1200,11,'7',299),(2860,1200,11,'7',312),(3000,1200,11,'7',325),(610,1500,11,'7',116),(760,1500,11,'7',129),(910,1500,11,'7',142),(1060,1500,11,'7',156),(1210,1500,11,'7',168),(1360,1500,11,'7',181),(1510,1500,11,'7',195),(1660,1500,11,'7',208),(1810,1500,11,'7',220),(1960,1500,11,'7',238),(2110,1500,11,'7',251),(2260,1500,11,'7',265),(2410,1500,11,'7',278),(2560,1500,11,'7',291),(2710,1500,11,'7',333),(2860,1500,11,'7',348),(3000,1500,11,'7',363),(610,1800,11,'7',126),(760,1800,11,'7',140),(910,1800,11,'7',155),(1060,1800,11,'7',170),(1210,1800,11,'7',184),(1360,1800,11,'7',200),(1510,1800,11,'7',214),(1660,1800,11,'7',229),(1810,1800,11,'7',244),(1960,1800,11,'7',263),(2110,1800,11,'7',278),(2260,1800,11,'7',293),(2410,1800,11,'7',308),(2560,1800,11,'7',323),(2710,1800,11,'7',367),(2860,1800,11,'7',383),(3000,1800,11,'7',400),(610,2100,11,'7',134),(760,2100,11,'7',151),(910,2100,11,'7',168),(1060,2100,11,'7',184),(1210,2100,11,'7',201),(1360,2100,11,'7',217),(1510,2100,11,'7',234),(1660,2100,11,'7',250),(1810,2100,11,'7',267),(1960,2100,11,'7',287),(2110,2100,11,'7',304),(2260,2100,11,'7',321),(2410,2100,11,'7',338),(2560,2100,11,'7',355),(2710,2100,11,'7',400),(2860,2100,11,'7',418),(3000,2100,11,'7',437),(610,2400,11,'7',144),(760,2400,11,'7',164),(910,2400,11,'7',182),(1060,2400,11,'7',201),(1210,2400,11,'7',219),(1360,2400,11,'7',238),(1510,2400,11,'7',256),(1660,2400,11,'7',275),(1810,2400,11,'7',294),(1960,2400,11,'7',312),(2110,2400,11,'7',331),(2260,2400,11,'7',349),(2410,2400,11,'7',368),(2560,2400,11,'7',386),(2710,2400,11,'7',434),(2860,2400,11,'7',454),(3000,2400,11,'7',474),(610,2700,11,'7',153),(760,2700,11,'7',174),(910,2700,11,'7',195),(1060,2700,11,'7',215),(1210,2700,11,'7',235),(1360,2700,11,'7',255),(1510,2700,11,'7',276),(1660,2700,11,'7',297),(1810,2700,11,'7',317),(1960,2700,11,'7',337),(2110,2700,11,'7',357),(2260,2700,11,'7',378),(2410,2700,11,'7',399),(2560,2700,11,'7',418),(2710,2700,11,'7',468),(2860,2700,11,'7',489),(3000,2700,11,'7',511),(610,3000,11,'7',172),(760,3000,11,'7',194),(910,3000,11,'7',214),(1060,3000,11,'7',237),(1210,3000,11,'7',259),(1360,3000,11,'7',281),(1510,3000,11,'7',303),(1660,3000,11,'7',325),(1810,3000,11,'7',346),(1960,3000,11,'7',374),(2110,3000,11,'7',397),(2260,3000,11,'7',418),(2410,3000,11,'7',442),(2560,3000,11,'7',464),(2710,3000,11,'7',506),(2860,3000,11,'7',524),(3000,3000,11,'7',548),(610,3300,11,'7',190),(760,3300,11,'7',212),(910,3300,11,'7',238),(1060,3300,11,'7',262),(1210,3300,11,'7',287),(1360,3300,11,'7',312),(1510,3300,11,'7',337),(1660,3300,11,'7',362),(1810,3300,11,'7',382),(1960,3300,11,'7',415),(2110,3300,11,'7',442),(2260,3300,11,'7',466),(2410,3300,11,'7',491),(2560,3300,11,'7',516),(2710,3300,11,'7',560),(2860,3300,11,'7',586),(3000,3300,11,'7',613),(610,3600,11,'7',200),(760,3600,11,'7',227),(910,3600,11,'7',252),(1060,3600,11,'7',279),(1210,3600,11,'7',305),(1360,3600,11,'7',333),(1510,3600,11,'7',358),(1660,3600,11,'7',385),(1810,3600,11,'7',411),(1960,3600,11,'7',443),(2110,3600,11,'7',469),(2260,3600,11,'7',496),(2410,3600,11,'7',522),(2560,3600,11,'7',550),(2710,3600,11,'7',598),(2860,3600,11,'7',625),(3000,3600,11,'7',653),(610,900,11,'8',106),(760,900,11,'8',119),(910,900,11,'8',130),(1060,900,11,'8',142),(1210,900,11,'8',152),(1360,900,11,'8',166),(1510,900,11,'8',176),(1660,900,11,'8',187),(1810,900,11,'8',200),(1960,900,11,'8',214),(2110,900,11,'8',232),(2260,900,11,'8',245),(2410,900,11,'8',255),(2560,900,11,'8',274),(2710,900,11,'8',305),(2860,900,11,'8',317),(3000,900,11,'8',339),(610,1200,11,'8',117),(760,1200,11,'8',130),(910,1200,11,'8',144),(1060,1200,11,'8',158),(1210,1200,11,'8',172),(1360,1200,11,'8',185),(1510,1200,11,'8',200),(1660,1200,11,'8',212),(1810,1200,11,'8',228),(1960,1200,11,'8',247),(2110,1200,11,'8',265),(2260,1200,11,'8',280),(2410,1200,11,'8',294),(2560,1200,11,'8',314),(2710,1200,11,'8',348),(2860,1200,11,'8',365),(3000,1200,11,'8',388),(610,1500,11,'8',129),(760,1500,11,'8',145),(910,1500,11,'8',161),(1060,1500,11,'8',178),(1210,1500,11,'8',194),(1360,1500,11,'8',210),(1510,1500,11,'8',228),(1660,1500,11,'8',244),(1810,1500,11,'8',259),(1960,1500,11,'8',280),(2110,1500,11,'8',302),(2260,1500,11,'8',318),(2410,1500,11,'8',337),(2560,1500,11,'8',359),(2710,1500,11,'8',397),(2860,1500,11,'8',414),(3000,1500,11,'8',442),(610,1800,11,'8',141),(760,1800,11,'8',159),(910,1800,11,'8',178),(1060,1800,11,'8',196),(1210,1800,11,'8',213),(1360,1800,11,'8',234),(1510,1800,11,'8',252),(1660,1800,11,'8',272),(1810,1800,11,'8',289),(1960,1800,11,'8',312),(2110,1800,11,'8',338),(2260,1800,11,'8',357),(2410,1800,11,'8',375),(2560,1800,11,'8',404),(2710,1800,11,'8',443),(2860,1800,11,'8',464),(3000,1800,11,'8',493),(610,2100,11,'8',151),(760,2100,11,'8',173),(910,2100,11,'8',195),(1060,2100,11,'8',214),(1210,2100,11,'8',236),(1360,2100,11,'8',256),(1510,2100,11,'8',278),(1660,2100,11,'8',299),(1810,2100,11,'8',319),(1960,2100,11,'8',345),(2110,2100,11,'8',372),(2260,2100,11,'8',394),(2410,2100,11,'8',416),(2560,2100,11,'8',447),(2710,2100,11,'8',489),(2860,2100,11,'8',512),(3000,2100,11,'8',545),(610,2400,11,'8',169),(760,2400,11,'8',192),(910,2400,11,'8',213),(1060,2400,11,'8',238),(1210,2400,11,'8',261),(1360,2400,11,'8',284),(1510,2400,11,'8',307),(1660,2400,11,'8',333),(1810,2400,11,'8',355),(1960,2400,11,'8',383),(2110,2400,11,'8',413),(2260,2400,11,'8',438),(2410,2400,11,'8',462),(2560,2400,11,'8',495),(2710,2400,11,'8',540),(2860,2400,11,'8',564),(3000,2400,11,'8',602),(610,2700,11,'8',180),(760,2700,11,'8',206),(910,2700,11,'8',232),(1060,2700,11,'8',256),(1210,2700,11,'8',282),(1360,2700,11,'8',309),(1510,2700,11,'8',335),(1660,2700,11,'8',359),(1810,2700,11,'8',385),(1960,2700,11,'8',415),(2110,2700,11,'8',449),(2260,2700,11,'8',475),(2410,2700,11,'8',502),(2560,2700,11,'8',540),(2710,2700,11,'8',584),(2860,2700,11,'8',612),(3000,2700,11,'8',653),(610,3000,11,'8',203),(760,3000,11,'8',233),(910,3000,11,'8',262),(1060,3000,11,'8',291),(1210,3000,11,'8',320),(1360,3000,11,'8',351),(1510,3000,11,'8',381),(1660,3000,11,'8',410),(1810,3000,11,'8',441),(1960,3000,11,'8',474),(2110,3000,11,'8',504),(2260,3000,11,'8',534),(2410,3000,11,'8',564),(2560,3000,11,'8',595),(2710,3000,11,'8',643),(2860,3000,11,'8',675),(3000,3000,11,'8',707),(610,3300,11,'8',226),(760,3300,11,'8',258),(910,3300,11,'8',290),(1060,3300,11,'8',324),(1210,3300,11,'8',357),(1360,3300,11,'8',390),(1510,3300,11,'8',423),(1660,3300,11,'8',457),(1810,3300,11,'8',491),(1960,3300,11,'8',528),(2110,3300,11,'8',562),(2260,3300,11,'8',597),(2410,3300,11,'8',629),(2560,3300,11,'8',664),(2710,3300,11,'8',718),(2860,3300,11,'8',754),(3000,3300,11,'8',787),(610,3600,11,'8',237),(760,3600,11,'8',274),(910,3600,11,'8',309),(1060,3600,11,'8',345),(1210,3600,11,'8',382),(1360,3600,11,'8',416),(1510,3600,11,'8',452),(1660,3600,11,'8',489),(1810,3600,11,'8',523),(1960,3600,11,'8',565),(2110,3600,11,'8',602),(2260,3600,11,'8',638),(2410,3600,11,'8',674),(2560,3600,11,'8',711),(2710,3600,11,'8',766),(2860,3600,11,'8',803),(3000,3600,11,'8',842),(610,900,11,'9',107),(760,900,11,'9',119),(910,900,11,'9',131),(1060,900,11,'9',143),(1210,900,11,'9',155),(1360,900,11,'9',167),(1510,900,11,'9',178),(1660,900,11,'9',191),(1810,900,11,'9',203),(1960,900,11,'9',218),(2110,900,11,'9',231),(2260,900,11,'9',243),(2410,900,11,'9',254),(2560,900,11,'9',267),(2710,900,11,'9',308),(2860,900,11,'9',321),(3000,900,11,'9',355),(610,1200,11,'9',118),(760,1200,11,'9',133),(910,1200,11,'9',147),(1060,1200,11,'9',162),(1210,1200,11,'9',176),(1360,1200,11,'9',190),(1510,1200,11,'9',204),(1660,1200,11,'9',218),(1810,1200,11,'9',233),(1960,1200,11,'9',250),(2110,1200,11,'9',266),(2260,1200,11,'9',280),(2410,1200,11,'9',295),(2560,1200,11,'9',309),(2710,1200,11,'9',351),(2860,1200,11,'9',368),(3000,1200,11,'9',408),(610,1500,11,'9',130),(760,1500,11,'9',146),(910,1500,11,'9',164),(1060,1500,11,'9',180),(1210,1500,11,'9',197),(1360,1500,11,'9',213),(1510,1500,11,'9',230),(1660,1500,11,'9',246),(1810,1500,11,'9',263),(1960,1500,11,'9',283),(2110,1500,11,'9',300),(2260,1500,11,'9',317),(2410,1500,11,'9',334),(2560,1500,11,'9',351),(2710,1500,11,'9',396),(2860,1500,11,'9',440),(3000,1500,11,'9',464),(610,1800,11,'9',142),(760,1800,11,'9',161),(910,1800,11,'9',179),(1060,1800,11,'9',199),(1210,1800,11,'9',217),(1360,1800,11,'9',236),(1510,1800,11,'9',255),(1660,1800,11,'9',274),(1810,1800,11,'9',294),(1960,1800,11,'9',316),(2110,1800,11,'9',335),(2260,1800,11,'9',354),(2410,1800,11,'9',373),(2560,1800,11,'9',392),(2710,1800,11,'9',440),(2860,1800,11,'9',492),(3000,1800,11,'9',519),(610,2100,11,'9',153),(760,2100,11,'9',174),(910,2100,11,'9',196),(1060,2100,11,'9',217),(1210,2100,11,'9',238),(1360,2100,11,'9',260),(1510,2100,11,'9',281),(1660,2100,11,'9',302),(1810,2100,11,'9',323),(1960,2100,11,'9',348),(2110,2100,11,'9',370),(2260,2100,11,'9',391),(2410,2100,11,'9',413),(2560,2100,11,'9',435),(2710,2100,11,'9',484),(2860,2100,11,'9',544),(3000,2100,11,'9',574),(610,2400,11,'9',166),(760,2400,11,'9',190),(910,2400,11,'9',213),(1060,2400,11,'9',238),(1210,2400,11,'9',262),(1360,2400,11,'9',285),(1510,2400,11,'9',309),(1660,2400,11,'9',333),(1810,2400,11,'9',356),(1960,2400,11,'9',381),(2110,2400,11,'9',405),(2260,2400,11,'9',428),(2410,2400,11,'9',452),(2560,2400,11,'9',476),(2710,2400,11,'9',528),(2860,2400,11,'9',597),(3000,2400,11,'9',631),(610,2700,11,'9',177),(760,2700,11,'9',204),(910,2700,11,'9',230),(1060,2700,11,'9',256),(1210,2700,11,'9',282),(1360,2700,11,'9',308),(1510,2700,11,'9',335),(1660,2700,11,'9',361),(1810,2700,11,'9',387),(1960,2700,11,'9',413),(2110,2700,11,'9',440),(2260,2700,11,'9',466),(2410,2700,11,'9',491),(2560,2700,11,'9',518),(2710,2700,11,'9',573),(2860,2700,11,'9',649),(3000,2700,11,'9',685),(610,3000,11,'9',190),(760,3000,11,'9',217),(910,3000,11,'9',246),(1060,3000,11,'9',275),(1210,3000,11,'9',303),(1360,3000,11,'9',332),(1510,3000,11,'9',361),(1660,3000,11,'9',388),(1810,3000,11,'9',417),(1960,3000,11,'9',446),(2110,3000,11,'9',474),(2260,3000,11,'9',503),(2410,3000,11,'9',531),(2560,3000,11,'9',560),(2710,3000,11,'9',617),(2860,3000,11,'9',707),(3000,3000,11,'9',741),(610,3300,11,'9',207),(760,3300,11,'9',239),(910,3300,11,'9',272),(1060,3300,11,'9',304),(1210,3300,11,'9',337),(1360,3300,11,'9',369),(1510,3300,11,'9',402),(1660,3300,11,'9',434),(1810,3300,11,'9',467),(1960,3300,11,'9',499),(2110,3300,11,'9',531),(2260,3300,11,'9',563),(2410,3300,11,'9',595),(2560,3300,11,'9',628),(2710,3300,11,'9',660),(2860,3300,11,'9',774),(3000,3300,11,'9',810),(610,3600,11,'9',218),(760,3600,11,'9',253),(910,3600,11,'9',288),(1060,3600,11,'9',322),(1210,3600,11,'9',357),(1360,3600,11,'9',392),(1510,3600,11,'9',426),(1660,3600,11,'9',461),(1810,3600,11,'9',496),(1960,3600,11,'9',531),(2110,3600,11,'9',565),(2260,3600,11,'9',600),(2410,3600,11,'9',636),(2560,3600,11,'9',671),(2710,3600,11,'9',705),(2860,3600,11,'9',827),(3000,3600,11,'9',866),(610,900,12,'1',76),(760,900,12,'1',80),(910,900,12,'1',85),(1060,900,12,'1',89),(1210,900,12,'1',94),(1360,900,12,'1',98),(1510,900,12,'1',101),(1660,900,12,'1',105),(1810,900,12,'1',111),(1960,900,12,'1',119),(2110,900,12,'1',126),(2260,900,12,'1',130),(2410,900,12,'1',136),(2560,900,12,'1',142),(2710,900,12,'1',167),(2860,900,12,'1',170),(3000,900,12,'1',181),(610,1200,12,'1',78),(760,1200,12,'1',82),(910,1200,12,'1',87),(1060,1200,12,'1',92),(1210,1200,12,'1',96),(1360,1200,12,'1',102),(1510,1200,12,'1',106),(1660,1200,12,'1',113),(1810,1200,12,'1',117),(1960,1200,12,'1',126),(2110,1200,12,'1',132),(2260,1200,12,'1',139),(2410,1200,12,'1',143),(2560,1200,12,'1',150),(2710,1200,12,'1',175),(2860,1200,12,'1',182),(3000,1200,12,'1',193),(610,1500,12,'1',84),(760,1500,12,'1',89),(910,1500,12,'1',95),(1060,1500,12,'1',99),(1210,1500,12,'1',104),(1360,1500,12,'1',110),(1510,1500,12,'1',116),(1660,1500,12,'1',121),(1810,1500,12,'1',126),(1960,1500,12,'1',136),(2110,1500,12,'1',143),(2260,1500,12,'1',148),(2410,1500,12,'1',153),(2560,1500,12,'1',165),(2710,1500,12,'1',190),(2860,1500,12,'1',196),(3000,1500,12,'1',206),(610,1800,12,'1',88),(760,1800,12,'1',94),(910,1800,12,'1',99),(1060,1800,12,'1',104),(1210,1800,12,'1',111),(1360,1800,12,'1',117),(1510,1800,12,'1',123),(1660,1800,12,'1',128),(1810,1800,12,'1',134),(1960,1800,12,'1',143),(2110,1800,12,'1',151),(2260,1800,12,'1',158),(2410,1800,12,'1',166),(2560,1800,12,'1',174),(2710,1800,12,'1',200),(2860,1800,12,'1',207),(3000,1800,12,'1',218),(610,2100,12,'1',93),(760,2100,12,'1',98),(910,2100,12,'1',104),(1060,2100,12,'1',111),(1210,2100,12,'1',117),(1360,2100,12,'1',124),(1510,2100,12,'1',129),(1660,2100,12,'1',137),(1810,2100,12,'1',142),(1960,2100,12,'1',151),(2110,2100,12,'1',161),(2260,2100,12,'1',169),(2410,2100,12,'1',175),(2560,2100,12,'1',185),(2710,2100,12,'1',210),(2860,2100,12,'1',219),(3000,2100,12,'1',232),(610,2400,12,'1',100),(760,2400,12,'1',106),(910,2400,12,'1',115),(1060,2400,12,'1',122),(1210,2400,12,'1',127),(1360,2400,12,'1',134),(1510,2400,12,'1',141),(1660,2400,12,'1',147),(1810,2400,12,'1',153),(1960,2400,12,'1',166),(2110,2400,12,'1',175),(2260,2400,12,'1',182),(2410,2400,12,'1',191),(2560,2400,12,'1',201),(2710,2400,12,'1',228),(2860,2400,12,'1',236),(3000,2400,12,'1',249),(610,2700,12,'1',104),(760,2700,12,'1',113),(910,2700,12,'1',121),(1060,2700,12,'1',127),(1210,2700,12,'1',134),(1360,2700,12,'1',141),(1510,2700,12,'1',147),(1660,2700,12,'1',156),(1810,2700,12,'1',164),(1960,2700,12,'1',174),(2110,2700,12,'1',184),(2260,2700,12,'1',193),(2410,2700,12,'1',201),(2560,2700,12,'1',211),(2710,2700,12,'1',238),(2860,2700,12,'1',248),(3000,2700,12,'1',261),(610,3000,12,'1',116),(760,3000,12,'1',124),(910,3000,12,'1',131),(1060,3000,12,'1',140),(1210,3000,12,'1',147),(1360,3000,12,'1',157),(1510,3000,12,'1',166),(1660,3000,12,'1',173),(1810,3000,12,'1',181),(1960,3000,12,'1',194),(2110,3000,12,'1',202),(2260,3000,12,'1',210),(2410,3000,12,'1',219),(2560,3000,12,'1',228),(2710,3000,12,'1',255),(2860,3000,12,'1',265),(3000,3000,12,'1',275),(610,3300,12,'1',126),(760,3300,12,'1',134),(910,3300,12,'1',143),(1060,3300,12,'1',151),(1210,3300,12,'1',161),(1360,3300,12,'1',170),(1510,3300,12,'1',179),(1660,3300,12,'1',187),(1810,3300,12,'1',197),(1960,3300,12,'1',210),(2110,3300,12,'1',220),(2260,3300,12,'1',230),(2410,3300,12,'1',238),(2560,3300,12,'1',248),(2710,3300,12,'1',278),(2860,3300,12,'1',289),(3000,3300,12,'1',300),(610,3600,12,'1',130),(760,3600,12,'1',140),(910,3600,12,'1',148),(1060,3600,12,'1',159),(1210,3600,12,'1',169),(1360,3600,12,'1',178),(1510,3600,12,'1',186),(1660,3600,12,'1',196),(1810,3600,12,'1',206),(1960,3600,12,'1',220),(2110,3600,12,'1',231),(2260,3600,12,'1',240),(2410,3600,12,'1',250),(2560,3600,12,'1',260),(2710,3600,12,'1',290),(2860,3600,12,'1',302),(3000,3600,12,'1',312),(610,900,12,'10',114),(760,900,12,'10',128),(910,900,12,'10',142),(1060,900,12,'10',156),(1210,900,12,'10',169),(1360,900,12,'10',183),(1510,900,12,'10',197),(1660,900,12,'10',210),(1810,900,12,'10',224),(1960,900,12,'10',241),(2110,900,12,'10',255),(2260,900,12,'10',270),(2410,900,12,'10',283),(2560,900,12,'10',298),(2710,900,12,'10',340),(2860,900,12,'10',355),(3000,900,12,'10',371),(610,1200,12,'10',128),(760,1200,12,'10',144),(910,1200,12,'10',161),(1060,1200,12,'10',177),(1210,1200,12,'10',194),(1360,1200,12,'10',210),(1510,1200,12,'10',227),(1660,1200,12,'10',243),(1810,1200,12,'10',260),(1960,1200,12,'10',280),(2110,1200,12,'10',297),(2260,1200,12,'10',313),(2410,1200,12,'10',330),(2560,1200,12,'10',347),(2710,1200,12,'10',391),(2860,1200,12,'10',410),(3000,1200,12,'10',428),(610,1500,12,'10',141),(760,1500,12,'10',161),(910,1500,12,'10',179),(1060,1500,12,'10',199),(1210,1500,12,'10',218),(1360,1500,12,'10',237),(1510,1500,12,'10',256),(1660,1500,12,'10',276),(1810,1500,12,'10',295),(1960,1500,12,'10',318),(2110,1500,12,'10',338),(2260,1500,12,'10',357),(2410,1500,12,'10',377),(2560,1500,12,'10',397),(2710,1500,12,'10',444),(2860,1500,12,'10',465),(3000,1500,12,'10',486),(610,1800,12,'10',155),(760,1800,12,'10',176),(910,1800,12,'10',199),(1060,1800,12,'10',220),(1210,1800,12,'10',242),(1360,1800,12,'10',265),(1510,1800,12,'10',286),(1660,1800,12,'10',309),(1810,1800,12,'10',331),(1960,1800,12,'10',356),(2110,1800,12,'10',379),(2260,1800,12,'10',401),(2410,1800,12,'10',423),(2560,1800,12,'10',446),(2710,1800,12,'10',496),(2860,1800,12,'10',520),(3000,1800,12,'10',544),(610,2100,12,'10',168),(760,2100,12,'10',193),(910,2100,12,'10',217),(1060,2100,12,'10',242),(1210,2100,12,'10',267),(1360,2100,12,'10',291),(1510,2100,12,'10',316),(1660,2100,12,'10',341),(1810,2100,12,'10',366),(1960,2100,12,'10',394),(2110,2100,12,'10',419),(2260,2100,12,'10',445),(2410,2100,12,'10',470),(2560,2100,12,'10',494),(2710,2100,12,'10',548),(2860,2100,12,'10',575),(3000,2100,12,'10',602),(610,2400,12,'10',182),(760,2400,12,'10',210),(910,2400,12,'10',238),(1060,2400,12,'10',266),(1210,2400,12,'10',294),(1360,2400,12,'10',321),(1510,2400,12,'10',349),(1660,2400,12,'10',377),(1810,2400,12,'10',405),(1960,2400,12,'10',433),(2110,2400,12,'10',460),(2260,2400,12,'10',488),(2410,2400,12,'10',516),(2560,2400,12,'10',544),(2710,2400,12,'10',600),(2860,2400,12,'10',629),(3000,2400,12,'10',659),(610,2700,12,'10',196),(760,2700,12,'10',227),(910,2700,12,'10',256),(1060,2700,12,'10',287),(1210,2700,12,'10',318),(1360,2700,12,'10',349),(1510,2700,12,'10',379),(1660,2700,12,'10',410),(1810,2700,12,'10',441),(1960,2700,12,'10',471),(2110,2700,12,'10',502),(2260,2700,12,'10',533),(2410,2700,12,'10',563),(2560,2700,12,'10',593),(2710,2700,12,'10',652),(2860,2700,12,'10',685),(3000,2700,12,'10',717),(610,3000,12,'10',209),(760,3000,12,'10',242),(910,3000,12,'10',276),(1060,3000,12,'10',309),(1210,3000,12,'10',343),(1360,3000,12,'10',376),(1510,3000,12,'10',409),(1660,3000,12,'10',443),(1810,3000,12,'10',476),(1960,3000,12,'10',510),(2110,3000,12,'10',543),(2260,3000,12,'10',576),(2410,3000,12,'10',610),(2560,3000,12,'10',643),(2710,3000,12,'10',705),(2860,3000,12,'10',740),(3000,3000,12,'10',775),(610,3300,12,'10',229),(760,3300,12,'10',267),(910,3300,12,'10',304),(1060,3300,12,'10',342),(1210,3300,12,'10',379),(1360,3300,12,'10',417),(1510,3300,12,'10',455),(1660,3300,12,'10',492),(1810,3300,12,'10',530),(1960,3300,12,'10',569),(2110,3300,12,'10',606),(2260,3300,12,'10',644),(2410,3300,12,'10',682),(2560,3300,12,'10',719),(2710,3300,12,'10',757),(2860,3300,12,'10',794),(3000,3300,12,'10',832),(610,3600,12,'10',242),(760,3600,12,'10',282),(910,3600,12,'10',323),(1060,3600,12,'10',364),(1210,3600,12,'10',404),(1360,3600,12,'10',445),(1510,3600,12,'10',485),(1660,3600,12,'10',525),(1810,3600,12,'10',565),(1960,3600,12,'10',607),(2110,3600,12,'10',647),(2260,3600,12,'10',687),(2410,3600,12,'10',728),(2560,3600,12,'10',768),(2710,3600,12,'10',809),(2860,3600,12,'10',850),(3000,3600,12,'10',890),(610,900,12,'11',122),(760,900,12,'11',137),(910,900,12,'11',152),(1060,900,12,'11',168),(1210,900,12,'11',183),(1360,900,12,'11',199),(1510,900,12,'11',214),(1660,900,12,'11',230),(1810,900,12,'11',245),(1960,900,12,'11',265),(2110,900,12,'11',280),(2260,900,12,'11',296),(2410,900,12,'11',312),(2560,900,12,'11',328),(2710,900,12,'11',372),(2860,900,12,'11',389),(3010,900,12,'11',406),(610,1200,12,'11',137),(760,1200,12,'11',156),(910,1200,12,'11',174),(1060,1200,12,'11',193),(1210,1200,12,'11',211),(1360,1200,12,'11',230),(1510,1200,12,'11',249),(1660,1200,12,'11',268),(1810,1200,12,'11',286),(1960,1200,12,'11',309),(2110,1200,12,'11',328),(2260,1200,12,'11',347),(2410,1200,12,'11',366),(2560,1200,12,'11',384),(2710,1200,12,'11',432),(2860,1200,12,'11',452),(3010,1200,12,'11',473),(610,1500,12,'11',151),(760,1500,12,'11',174),(910,1500,12,'11',196),(1060,1500,12,'11',217),(1210,1500,12,'11',240),(1360,1500,12,'11',262),(1510,1500,12,'11',283),(1660,1500,12,'11',305),(1810,1500,12,'11',328),(1960,1500,12,'11',352),(2110,1500,12,'11',375),(2260,1500,12,'11',398),(2410,1500,12,'11',419),(2560,1500,12,'11',442),(2710,1500,12,'11',492),(2860,1500,12,'11',516),(3010,1500,12,'11',540),(610,1800,12,'11',167),(760,1800,12,'11',193),(910,1800,12,'11',217),(1060,1800,12,'11',242),(1210,1800,12,'11',268),(1360,1800,12,'11',293),(1510,1800,12,'11',318),(1660,1800,12,'11',343),(1810,1800,12,'11',368),(1960,1800,12,'11',397),(2110,1800,12,'11',422),(2260,1800,12,'11',448),(2410,1800,12,'11',473),(2560,1800,12,'11',499),(2710,1800,12,'11',552),(2860,1800,12,'11',579),(3010,1800,12,'11',606),(610,2100,12,'11',182),(760,2100,12,'11',210),(910,2100,12,'11',239),(1060,2100,12,'11',267),(1210,2100,12,'11',296),(1360,2100,12,'11',323),(1510,2100,12,'11',352),(1660,2100,12,'11',380),(1810,2100,12,'11',409),(1960,2100,12,'11',441),(2110,2100,12,'11',470),(2260,2100,12,'11',499),(2410,2100,12,'11',526),(2560,2100,12,'11',555),(2710,2100,12,'11',612),(2860,2100,12,'11',643),(3010,2100,12,'11',673),(610,2400,12,'11',199),(760,2400,12,'11',231),(910,2400,12,'11',262),(1060,2400,12,'11',294),(1210,2400,12,'11',325),(1360,2400,12,'11',357),(1510,2400,12,'11',389),(1660,2400,12,'11',421),(1810,2400,12,'11',453),(1960,2400,12,'11',485),(2110,2400,12,'11',517),(2260,2400,12,'11',549),(2410,2400,12,'11',581),(2560,2400,12,'11',613),(2710,2400,12,'11',673),(2860,2400,12,'11',706),(3010,2400,12,'11',740),(610,2700,12,'11',213),(760,2700,12,'11',248),(910,2700,12,'11',283),(1060,2700,12,'11',318),(1210,2700,12,'11',354),(1360,2700,12,'11',389),(1510,2700,12,'11',424),(1660,2700,12,'11',459),(1810,2700,12,'11',494),(1960,2700,12,'11',529),(2110,2700,12,'11',564),(2260,2700,12,'11',599),(2410,2700,12,'11',634),(2560,2700,12,'11',670),(2710,2700,12,'11',732),(2860,2700,12,'11',769),(3010,2700,12,'11',805),(610,3000,12,'11',229),(760,3000,12,'11',267),(910,3000,12,'11',305),(1060,3000,12,'11',344),(1210,3000,12,'11',382),(1360,3000,12,'11',420),(1510,3000,12,'11',458),(1660,3000,12,'11',496),(1810,3000,12,'11',535),(1960,3000,12,'11',574),(2110,3000,12,'11',612),(2260,3000,12,'11',650),(2410,3000,12,'11',688),(2560,3000,12,'11',726),(2710,3000,12,'11',793),(2860,3000,12,'11',832),(3010,3000,12,'11',872),(610,3300,12,'11',250),(760,3300,12,'11',294),(910,3300,12,'11',337),(1060,3300,12,'11',379),(1210,3300,12,'11',422),(1360,3300,12,'11',466),(1510,3300,12,'11',509),(1660,3300,12,'11',552),(1810,3300,12,'11',594),(1960,3300,12,'11',638),(2110,3300,12,'11',681),(2260,3300,12,'11',724),(2410,3300,12,'11',767),(2560,3300,12,'11',810),(2710,3300,12,'11',853),(2860,3300,12,'11',896),(3010,3300,12,'11',939),(610,3600,12,'11',266),(760,3600,12,'11',312),(910,3600,12,'11',357),(1060,3600,12,'11',404),(1210,3600,12,'11',450),(1360,3600,12,'11',496),(1510,3600,12,'11',543),(1660,3600,12,'11',589),(1810,3600,12,'11',636),(1960,3600,12,'11',682),(2110,3600,12,'11',728),(2260,3600,12,'11',775),(2410,3600,12,'11',821),(2560,3600,12,'11',867),(2710,3600,12,'11',914),(2860,3600,12,'11',959),(3010,3600,12,'11',1005),(610,900,12,'2',79),(760,900,12,'2',83),(910,900,12,'2',89),(1060,900,12,'2',94),(1210,900,12,'2',99),(1360,900,12,'2',104),(1510,900,12,'2',109),(1660,900,12,'2',114),(1810,900,12,'2',118),(1960,900,12,'2',128),(2110,900,12,'2',136),(2260,900,12,'2',141),(2410,900,12,'2',145),(2560,900,12,'2',153),(2710,900,12,'2',182),(2860,900,12,'2',188),(3010,900,12,'2',196),(610,1200,12,'2',83),(760,1200,12,'2',89),(910,1200,12,'2',95),(1060,1200,12,'2',100),(1210,1200,12,'2',106),(1360,1200,12,'2',111),(1510,1200,12,'2',116),(1660,1200,12,'2',123),(1810,1200,12,'2',128),(1960,1200,12,'2',137),(2110,1200,12,'2',143),(2260,1200,12,'2',149),(2410,1200,12,'2',157),(2560,1200,12,'2',167),(2710,1200,12,'2',195),(2860,1200,12,'2',202),(3010,1200,12,'2',210),(610,1500,12,'2',88),(760,1500,12,'2',94),(910,1500,12,'2',100),(1060,1500,12,'2',106),(1210,1500,12,'2',114),(1360,1500,12,'2',118),(1510,1500,12,'2',125),(1660,1500,12,'2',131),(1810,1500,12,'2',137),(1960,1500,12,'2',147),(2110,1500,12,'2',158),(2260,1500,12,'2',165),(2410,1500,12,'2',171),(2560,1500,12,'2',181),(2710,1500,12,'2',208),(2860,1500,12,'2',215),(3010,1500,12,'2',228),(610,1800,12,'2',93),(760,1800,12,'2',99),(910,1800,12,'2',106),(1060,1800,12,'2',114),(1210,1800,12,'2',119),(1360,1800,12,'2',127),(1510,1800,12,'2',133),(1660,1800,12,'2',140),(1810,1800,12,'2',146),(1960,1800,12,'2',159),(2110,1800,12,'2',169),(2260,1800,12,'2',176),(2410,1800,12,'2',183),(2560,1800,12,'2',195),(2710,1800,12,'2',220),(2860,1800,12,'2',229),(3010,1800,12,'2',244),(610,2100,12,'2',97),(760,2100,12,'2',104),(910,2100,12,'2',114),(1060,2100,12,'2',121),(1210,2100,12,'2',127),(1360,2100,12,'2',134),(1510,2100,12,'2',141),(1660,2100,12,'2',148),(1810,2100,12,'2',158),(1960,2100,12,'2',170),(2110,2100,12,'2',181),(2260,2100,12,'2',190),(2410,2100,12,'2',197),(2560,2100,12,'2',208),(2710,2100,12,'2',236),(2860,2100,12,'2',246),(3010,2100,12,'2',259),(610,2400,12,'2',106),(760,2400,12,'2',116),(910,2400,12,'2',124),(1060,2400,12,'2',131),(1210,2400,12,'2',140),(1360,2400,12,'2',147),(1510,2400,12,'2',156),(1660,2400,12,'2',165),(1810,2400,12,'2',172),(1960,2400,12,'2',184),(2110,2400,12,'2',197),(2260,2400,12,'2',205),(2410,2400,12,'2',213),(2560,2400,12,'2',228),(2710,2400,12,'2',254),(2860,2400,12,'2',265),(3010,2400,12,'2',280),(610,2700,12,'2',113),(760,2700,12,'2',122),(910,2700,12,'2',129),(1060,2700,12,'2',139),(1210,2700,12,'2',147),(1360,2700,12,'2',156),(1510,2700,12,'2',166),(1660,2700,12,'2',173),(1810,2700,12,'2',182),(1960,2700,12,'2',196),(2110,2700,12,'2',208),(2260,2700,12,'2',218),(2410,2700,12,'2',228),(2560,2700,12,'2',240),(2710,2700,12,'2',271),(2860,2700,12,'2',280),(3010,2700,12,'2',297),(610,3000,12,'2',124),(760,3000,12,'2',134),(910,3000,12,'2',144),(1060,3000,12,'2',152),(1210,3000,12,'2',165),(1360,3000,12,'2',174),(1510,3000,12,'2',183),(1660,3000,12,'2',194),(1810,3000,12,'2',204),(1960,3000,12,'2',219),(2110,3000,12,'2',230),(2260,3000,12,'2',239),(2410,3000,12,'2',250),(2560,3000,12,'2',260),(2710,3000,12,'2',290),(2860,3000,12,'2',302),(3010,3000,12,'2',313),(610,3300,12,'2',134),(760,3300,12,'2',145),(910,3300,12,'2',157),(1060,3300,12,'2',168),(1210,3300,12,'2',179),(1360,3300,12,'2',191),(1510,3300,12,'2',201),(1660,3300,12,'2',211),(1810,3300,12,'2',225),(1960,3300,12,'2',239),(2110,3300,12,'2',251),(2260,3300,12,'2',262),(2410,3300,12,'2',275),(2560,3300,12,'2',285),(2710,3300,12,'2',317),(2860,3300,12,'2',332),(3010,3300,12,'2',343),(610,3600,12,'2',140),(760,3600,12,'2',150),(910,3600,12,'2',165),(1060,3600,12,'2',175),(1210,3600,12,'2',186),(1360,3600,12,'2',200),(1510,3600,12,'2',210),(1660,3600,12,'2',224),(1810,3600,12,'2',234),(1960,3600,12,'2',251),(2110,3600,12,'2',263),(2260,3600,12,'2',276),(2410,3600,12,'2',288),(2560,3600,12,'2',301),(2710,3600,12,'2',334),(2860,3600,12,'2',346),(3010,3600,12,'2',359),(610,900,12,'3',82),(760,900,12,'3',88),(910,900,12,'3',94),(1060,900,12,'3',99),(1210,900,12,'3',105),(1360,900,12,'3',110),(1510,900,12,'3',116),(1660,900,12,'3',123),(1810,900,12,'3',128),(1960,900,12,'3',137),(2110,900,12,'3',143),(2260,900,12,'3',149),(2410,900,12,'3',156),(2560,900,12,'3',166),(2710,900,12,'3',196),(2860,900,12,'3',203),(3000,900,12,'3',211),(610,1200,12,'3',88),(760,1200,12,'3',94),(910,1200,12,'3',100),(1060,1200,12,'3',107),(1210,1200,12,'3',113),(1360,1200,12,'3',119),(1510,1200,12,'3',127),(1660,1200,12,'3',133),(1810,1200,12,'3',139),(1960,1200,12,'3',149),(2110,1200,12,'3',157),(2260,1200,12,'3',164),(2410,1200,12,'3',170),(2560,1200,12,'3',180),(2710,1200,12,'3',212),(2860,1200,12,'3',220),(3000,1200,12,'3',229),(610,1500,12,'3',93),(760,1500,12,'3',100),(910,1500,12,'3',107),(1060,1500,12,'3',114),(1210,1500,12,'3',122),(1360,1500,12,'3',129),(1510,1500,12,'3',136),(1660,1500,12,'3',143),(1810,1500,12,'3',151),(1960,1500,12,'3',162),(2110,1500,12,'3',170),(2260,1500,12,'3',179),(2410,1500,12,'3',186),(2560,1500,12,'3',197),(2710,1500,12,'3',228),(2860,1500,12,'3',237),(3000,1500,12,'3',246),(610,1800,12,'3',98),(760,1800,12,'3',106),(910,1800,12,'3',114),(1060,1800,12,'3',122),(1210,1800,12,'3',130),(1360,1800,12,'3',138),(1510,1800,12,'3',146),(1660,1800,12,'3',155),(1810,1800,12,'3',163),(1960,1800,12,'3',174),(2110,1800,12,'3',184),(2260,1800,12,'3',191),(2410,1800,12,'3',200),(2560,1800,12,'3',212),(2710,1800,12,'3',244),(2860,1800,12,'3',254),(3000,1800,12,'3',265),(610,2100,12,'3',103),(760,2100,12,'3',112),(910,2100,12,'3',121),(1060,2100,12,'3',130),(1210,2100,12,'3',138),(1360,2100,12,'3',147),(1510,2100,12,'3',157),(1660,2100,12,'3',165),(1810,2100,12,'3',174),(1960,2100,12,'3',186),(2110,2100,12,'3',196),(2260,2100,12,'3',205),(2410,2100,12,'3',217),(2560,2100,12,'3',231),(2710,2100,12,'3',261),(2860,2100,12,'3',271),(3000,2100,12,'3',282),(610,2400,12,'3',114),(760,2400,12,'3',123),(910,2400,12,'3',131),(1060,2400,12,'3',139),(1210,2400,12,'3',149),(1360,2400,12,'3',159),(1510,2400,12,'3',169),(1660,2400,12,'3',179),(1810,2400,12,'3',188),(1960,2400,12,'3',203),(2110,2400,12,'3',217),(2260,2400,12,'3',228),(2410,2400,12,'3',237),(2560,2400,12,'3',251),(2710,2400,12,'3',281),(2860,2400,12,'3',293),(3000,2400,12,'3',310),(610,2700,12,'3',119),(760,2700,12,'3',129),(910,2700,12,'3',140),(1060,2700,12,'3',149),(1210,2700,12,'3',160),(1360,2700,12,'3',171),(1510,2700,12,'3',181),(1660,2700,12,'3',190),(1810,2700,12,'3',201),(1960,2700,12,'3',217),(2110,2700,12,'3',231),(2260,2700,12,'3',241),(2410,2700,12,'3',252),(2560,2700,12,'3',268),(2710,2700,12,'3',300),(2860,2700,12,'3',311),(3000,2700,12,'3',330),(610,3000,12,'3',131),(760,3000,12,'3',143),(910,3000,12,'3',153),(1060,3000,12,'3',167),(1210,3000,12,'3',179),(1360,3000,12,'3',191),(1510,3000,12,'3',202),(1660,3000,12,'3',212),(1810,3000,12,'3',227),(1960,3000,12,'3',241),(2110,3000,12,'3',254),(2260,3000,12,'3',266),(2410,3000,12,'3',279),(2560,3000,12,'3',291),(2710,3000,12,'3',321),(2860,3000,12,'3',337),(3000,3000,12,'3',350),(610,3300,12,'3',143),(760,3300,12,'3',156),(910,3300,12,'3',169),(1060,3300,12,'3',182),(1210,3300,12,'3',195),(1360,3300,12,'3',208),(1510,3300,12,'3',222),(1660,3300,12,'3',235),(1810,3300,12,'3',248),(1960,3300,12,'3',266),(2110,3300,12,'3',280),(2260,3300,12,'3',294),(2410,3300,12,'3',306),(2560,3300,12,'3',319),(2710,3300,12,'3',355),(2860,3300,12,'3',369),(3000,3300,12,'3',385),(610,3600,12,'3',148),(760,3600,12,'3',164),(910,3600,12,'3',176),(1060,3600,12,'3',192),(1210,3600,12,'3',205),(1360,3600,12,'3',219),(1510,3600,12,'3',233),(1660,3600,12,'3',248),(1810,3600,12,'3',261),(1960,3600,12,'3',280),(2110,3600,12,'3',295),(2260,3600,12,'3',310),(2410,3600,12,'3',324),(2560,3600,12,'3',339),(2710,3600,12,'3',372),(2860,3600,12,'3',389),(3000,3600,12,'3',405),(610,900,12,'4',85),(760,900,12,'4',92),(910,900,12,'4',99),(1060,900,12,'4',105),(1210,900,12,'4',112),(1360,900,12,'4',118),(1510,900,12,'4',125),(1660,900,12,'4',132),(1810,900,12,'4',138),(1960,900,12,'4',148),(2110,900,12,'4',156),(2260,900,12,'4',163),(2410,900,12,'4',169),(2560,900,12,'4',179),(2710,900,12,'4',211),(2860,900,12,'4',219),(3000,900,12,'4',229),(610,1200,12,'4',92),(760,1200,12,'4',99),(910,1200,12,'4',107),(1060,1200,12,'4',114),(1210,1200,12,'4',122),(1360,1200,12,'4',130),(1510,1200,12,'4',137),(1660,1200,12,'4',145),(1810,1200,12,'4',152),(1960,1200,12,'4',164),(2110,1200,12,'4',172),(2260,1200,12,'4',179),(2410,1200,12,'4',187),(2560,1200,12,'4',196),(2710,1200,12,'4',232),(2860,1200,12,'4',241),(3000,1200,12,'4',250),(610,1500,12,'4',98),(760,1500,12,'4',106),(910,1500,12,'4',115),(1060,1500,12,'4',124),(1210,1500,12,'4',132),(1360,1500,12,'4',141),(1510,1500,12,'4',149),(1660,1500,12,'4',158),(1810,1500,12,'4',167),(1960,1500,12,'4',179),(2110,1500,12,'4',187),(2260,1500,12,'4',197),(2410,1500,12,'4',206),(2560,1500,12,'4',219),(2710,1500,12,'4',251),(2860,1500,12,'4',262),(3000,1500,12,'4',273),(610,1800,12,'4',104),(760,1800,12,'4',113),(910,1800,12,'4',123),(1060,1800,12,'4',133),(1210,1800,12,'4',142),(1360,1800,12,'4',151),(1510,1800,12,'4',162),(1660,1800,12,'4',171),(1810,1800,12,'4',180),(1960,1800,12,'4',194),(2110,1800,12,'4',204),(2260,1800,12,'4',214),(2410,1800,12,'4',224),(2560,1800,12,'4',238),(2710,1800,12,'4',272),(2860,1800,12,'4',283),(3000,1800,12,'4',295),(610,2100,12,'4',110),(760,2100,12,'4',121),(910,2100,12,'4',131),(1060,2100,12,'4',142),(1210,2100,12,'4',152),(1360,2100,12,'4',163),(1510,2100,12,'4',174),(1660,2100,12,'4',184),(1810,2100,12,'4',195),(1960,2100,12,'4',209),(2110,2100,12,'4',220),(2260,2100,12,'4',231),(2410,2100,12,'4',242),(2560,2100,12,'4',258),(2710,2100,12,'4',291),(2860,2100,12,'4',304),(3000,2100,12,'4',316),(610,2400,12,'4',121),(760,2400,12,'4',131),(910,2400,12,'4',141),(1060,2400,12,'4',152),(1210,2400,12,'4',165),(1360,2400,12,'4',177),(1510,2400,12,'4',188),(1660,2400,12,'4',201),(1810,2400,12,'4',212),(1960,2400,12,'4',225),(2110,2400,12,'4',241),(2260,2400,12,'4',254),(2410,2400,12,'4',266),(2560,2400,12,'4',283),(2710,2400,12,'4',312),(2860,2400,12,'4',325),(3000,2400,12,'4',347),(610,2700,12,'4',127),(760,2700,12,'4',139),(910,2700,12,'4',149),(1060,2700,12,'4',165),(1210,2700,12,'4',175),(1360,2700,12,'4',187),(1510,2700,12,'4',201),(1660,2700,12,'4',213),(1810,2700,12,'4',227),(1960,2700,12,'4',239),(2110,2700,12,'4',259),(2260,2700,12,'4',273),(2410,2700,12,'4',284),(2560,2700,12,'4',304),(2710,2700,12,'4',337),(2860,2700,12,'4',346),(3000,2700,12,'4',371),(610,3000,12,'4',141),(760,3000,12,'4',153),(910,3000,12,'4',169),(1060,3000,12,'4',182),(1210,3000,12,'4',197),(1360,3000,12,'4',210),(1510,3000,12,'4',226),(1660,3000,12,'4',239),(1810,3000,12,'4',253),(1960,3000,12,'4',273),(2110,3000,12,'4',287),(2260,3000,12,'4',301),(2410,3000,12,'4',315),(2560,3000,12,'4',332),(2710,3000,12,'4',364),(2860,3000,12,'4',381),(3000,3000,12,'4',397),(610,3300,12,'4',152),(760,3300,12,'4',169),(910,3300,12,'4',184),(1060,3300,12,'4',201),(1210,3300,12,'4',217),(1360,3300,12,'4',232),(1510,3300,12,'4',248),(1660,3300,12,'4',263),(1810,3300,12,'4',279),(1960,3300,12,'4',301),(2110,3300,12,'4',316),(2260,3300,12,'4',334),(2410,3300,12,'4',348),(2560,3300,12,'4',365),(2710,3300,12,'4',402),(2860,3300,12,'4',419),(3000,3300,12,'4',437),(610,3600,12,'4',160),(760,3600,12,'4',178),(910,3600,12,'4',194),(1060,3600,12,'4',210),(1210,3600,12,'4',229),(1360,3600,12,'4',245),(1510,3600,12,'4',261),(1660,3600,12,'4',279),(1810,3600,12,'4',295),(1960,3600,12,'4',317),(2110,3600,12,'4',336),(2260,3600,12,'4',353),(2410,3600,12,'4',369),(2560,3600,12,'4',387),(2710,3600,12,'4',424),(2860,3600,12,'4',444),(3000,3600,12,'4',462),(610,900,12,'5',89),(760,900,12,'5',96),(910,900,12,'5',103),(1060,900,12,'5',111),(1210,900,12,'5',118),(1360,900,12,'5',126),(1510,900,12,'5',133),(1660,900,12,'5',140),(1810,900,12,'5',148),(1960,900,12,'5',159),(2110,900,12,'5',167),(2260,900,12,'5',174),(2410,900,12,'5',182),(2560,900,12,'5',190),(2710,900,12,'5',226),(2860,900,12,'5',235),(3000,900,12,'5',244),(610,1200,12,'5',96),(760,1200,12,'5',104),(910,1200,12,'5',113),(1060,1200,12,'5',122),(1210,1200,12,'5',130),(1360,1200,12,'5',139),(1510,1200,12,'5',147),(1660,1200,12,'5',156),(1810,1200,12,'5',165),(1960,1200,12,'5',177),(2110,1200,12,'5',185),(2260,1200,12,'5',195),(2410,1200,12,'5',204),(2560,1200,12,'5',212),(2710,1200,12,'5',249),(2860,1200,12,'5',260),(3000,1200,12,'5',271),(610,1500,12,'5',103),(760,1500,12,'5',112),(910,1500,12,'5',123),(1060,1500,12,'5',132),(1210,1500,12,'5',142),(1360,1500,12,'5',151),(1510,1500,12,'5',162),(1660,1500,12,'5',171),(1810,1500,12,'5',181),(1960,1500,12,'5',195),(2110,1500,12,'5',205),(2260,1500,12,'5',214),(2410,1500,12,'5',225),(2560,1500,12,'5',235),(2710,1500,12,'5',273),(2860,1500,12,'5',285),(3000,1500,12,'5',297),(610,1800,12,'5',109),(760,1800,12,'5',121),(910,1800,12,'5',132),(1060,1800,12,'5',142),(1210,1800,12,'5',153),(1360,1800,12,'5',165),(1510,1800,12,'5',175),(1660,1800,12,'5',186),(1810,1800,12,'5',198),(1960,1800,12,'5',212),(2110,1800,12,'5',224),(2260,1800,12,'5',235),(2410,1800,12,'5',246),(2560,1800,12,'5',258),(2710,1800,12,'5',297),(2860,1800,12,'5',310),(3000,1800,12,'5',322),(610,2100,12,'5',116),(760,2100,12,'5',129),(910,2100,12,'5',141),(1060,2100,12,'5',153),(1210,2100,12,'5',165),(1360,2100,12,'5',177),(1510,2100,12,'5',190),(1660,2100,12,'5',202),(1810,2100,12,'5',214),(1960,2100,12,'5',230),(2110,2100,12,'5',242),(2260,2100,12,'5',255),(2410,2100,12,'5',268),(2560,2100,12,'5',280),(2710,2100,12,'5',320),(2860,2100,12,'5',335),(3000,2100,12,'5',349),(610,2400,12,'5',125),(760,2400,12,'5',138),(910,2400,12,'5',152),(1060,2400,12,'5',166),(1210,2400,12,'5',179),(1360,2400,12,'5',193),(1510,2400,12,'5',207),(1660,2400,12,'5',220),(1810,2400,12,'5',234),(1960,2400,12,'5',248),(2110,2400,12,'5',262),(2260,2400,12,'5',275),(2410,2400,12,'5',288),(2560,2400,12,'5',303),(2710,2400,12,'5',344),(2860,2400,12,'5',359),(3000,2400,12,'5',375),(610,2700,12,'5',132),(760,2700,12,'5',146),(910,2700,12,'5',162),(1060,2700,12,'5',176),(1210,2700,12,'5',191),(1360,2700,12,'5',206),(1510,2700,12,'5',220),(1660,2700,12,'5',236),(1810,2700,12,'5',250),(1960,2700,12,'5',266),(2110,2700,12,'5',280),(2260,2700,12,'5',296),(2410,2700,12,'5',310),(2560,2700,12,'5',325),(2710,2700,12,'5',368),(2860,2700,12,'5',384),(3000,2700,12,'5',401),(610,3000,12,'5',138),(760,3000,12,'5',155),(910,3000,12,'5',171),(1060,3000,12,'5',186),(1210,3000,12,'5',203),(1360,3000,12,'5',218),(1510,3000,12,'5',235),(1660,3000,12,'5',251),(1810,3000,12,'5',267),(1960,3000,12,'5',283),(2110,3000,12,'5',300),(2260,3000,12,'5',315),(2410,3000,12,'5',332),(2560,3000,12,'5',347),(2710,3000,12,'5',391),(2860,3000,12,'5',409),(3000,3000,12,'5',427),(610,3300,12,'5',151),(760,3300,12,'5',171),(910,3300,12,'5',190),(1060,3300,12,'5',208),(1210,3300,12,'5',227),(1360,3300,12,'5',246),(1510,3300,12,'5',265),(1660,3300,12,'5',283),(1810,3300,12,'5',303),(1960,3300,12,'5',321),(2110,3300,12,'5',340),(2260,3300,12,'5',359),(2410,3300,12,'5',378),(2560,3300,12,'5',397),(2710,3300,12,'5',415),(2860,3300,12,'5',435),(3000,3300,12,'5',453),(610,3600,12,'5',159),(760,3600,12,'5',179),(910,3600,12,'5',199),(1060,3600,12,'5',218),(1210,3600,12,'5',239),(1360,3600,12,'5',259),(1510,3600,12,'5',279),(1660,3600,12,'5',299),(1810,3600,12,'5',319),(1960,3600,12,'5',339),(2110,3600,12,'5',359),(2260,3600,12,'5',379),(2410,3600,12,'5',399),(2560,3600,12,'5',419),(2710,3600,12,'5',439),(2860,3600,12,'5',459),(3000,3600,12,'5',479),(610,900,12,'6',94),(760,900,12,'6',102),(910,900,12,'6',110),(1060,900,12,'6',119),(1210,900,12,'6',128),(1360,900,12,'6',136),(1510,900,12,'6',145),(1660,900,12,'6',153),(1810,900,12,'6',162),(1960,900,12,'6',174),(2110,900,12,'6',183),(2260,900,12,'6',192),(2410,900,12,'6',201),(2560,900,12,'6',209),(2710,900,12,'6',246),(2860,900,12,'6',258),(3000,900,12,'6',268),(610,1200,12,'6',102),(760,1200,12,'6',111),(910,1200,12,'6',122),(1060,1200,12,'6',132),(1210,1200,12,'6',142),(1360,1200,12,'6',151),(1510,1200,12,'6',162),(1660,1200,12,'6',172),(1810,1200,12,'6',182),(1960,1200,12,'6',196),(2110,1200,12,'6',206),(2260,1200,12,'6',216),(2410,1200,12,'6',227),(2560,1200,12,'6',237),(2710,1200,12,'6',276),(2860,1200,12,'6',287),(3000,1200,12,'6',300),(610,1500,12,'6',109),(760,1500,12,'6',122),(910,1500,12,'6',133),(1060,1500,12,'6',144),(1210,1500,12,'6',156),(1360,1500,12,'6',167),(1510,1500,12,'6',179),(1660,1500,12,'6',191),(1810,1500,12,'6',202),(1960,1500,12,'6',217),(2110,1500,12,'6',229),(2260,1500,12,'6',241),(2410,1500,12,'6',252),(2560,1500,12,'6',265),(2710,1500,12,'6',305),(2860,1500,12,'6',318),(3000,1500,12,'6',332),(610,1800,12,'6',117),(760,1800,12,'6',131),(910,1800,12,'6',144),(1060,1800,12,'6',157),(1210,1800,12,'6',170),(1360,1800,12,'6',183),(1510,1800,12,'6',196),(1660,1800,12,'6',209),(1810,1800,12,'6',221),(1960,1800,12,'6',239),(2110,1800,12,'6',252),(2260,1800,12,'6',266),(2410,1800,12,'6',278),(2560,1800,12,'6',291),(2710,1800,12,'6',334),(2860,1800,12,'6',348),(3000,1800,12,'6',364),(610,2100,12,'6',126),(760,2100,12,'6',140),(910,2100,12,'6',155),(1060,2100,12,'6',169),(1210,2100,12,'6',184),(1360,2100,12,'6',199),(1510,2100,12,'6',213),(1660,2100,12,'6',228),(1810,2100,12,'6',242),(1960,2100,12,'6',261),(2110,2100,12,'6',275),(2260,2100,12,'6',289),(2410,2100,12,'6',305),(2560,2100,12,'6',319),(2710,2100,12,'6',363),(2860,2100,12,'6',379),(3000,2100,12,'6',394),(610,2400,12,'6',135),(760,2400,12,'6',151),(910,2400,12,'6',168),(1060,2400,12,'6',184),(1210,2400,12,'6',200),(1360,2400,12,'6',216),(1510,2400,12,'6',233),(1660,2400,12,'6',249),(1810,2400,12,'6',266),(1960,2400,12,'6',281),(2110,2400,12,'6',298),(2260,2400,12,'6',314),(2410,2400,12,'6',331),(2560,2400,12,'6',347),(2710,2400,12,'6',391),(2860,2400,12,'6',409),(3000,2400,12,'6',426),(610,2700,12,'6',143),(760,2700,12,'6',161),(910,2700,12,'6',179),(1060,2700,12,'6',197),(1210,2700,12,'6',214),(1360,2700,12,'6',232),(1510,2700,12,'6',250),(1660,2700,12,'6',268),(1810,2700,12,'6',285),(1960,2700,12,'6',303),(2110,2700,12,'6',321),(2260,2700,12,'6',339),(2410,2700,12,'6',356),(2560,2700,12,'6',379),(2710,2700,12,'6',420),(2860,2700,12,'6',440),(3000,2700,12,'6',458),(610,3000,12,'6',161),(760,3000,12,'6',179),(910,3000,12,'6',199),(1060,3000,12,'6',217),(1210,3000,12,'6',236),(1360,3000,12,'6',255),(1510,3000,12,'6',274),(1660,3000,12,'6',294),(1810,3000,12,'6',313),(1960,3000,12,'6',337),(2110,3000,12,'6',356),(2260,3000,12,'6',377),(2410,3000,12,'6',394),(2560,3000,12,'6',413),(2710,3000,12,'6',449),(2860,3000,12,'6',470),(3000,3000,12,'6',490),(610,3300,12,'6',175),(760,3300,12,'6',197),(910,3300,12,'6',218),(1060,3300,12,'6',239),(1210,3300,12,'6',261),(1360,3300,12,'6',281),(1510,3300,12,'6',304),(1660,3300,12,'6',322),(1810,3300,12,'6',344),(1960,3300,12,'6',374),(2110,3300,12,'6',396),(2260,3300,12,'6',417),(2410,3300,12,'6',440),(2560,3300,12,'6',461),(2710,3300,12,'6',504),(2860,3300,12,'6',526),(3000,3300,12,'6',549),(610,3600,12,'6',184),(760,3600,12,'6',207),(910,3600,12,'6',231),(1060,3600,12,'6',253),(1210,3600,12,'6',276),(1360,3600,12,'6',300),(1510,3600,12,'6',321),(1660,3600,12,'6',341),(1810,3600,12,'6',365),(1960,3600,12,'6',397),(2110,3600,12,'6',419),(2260,3600,12,'6',444),(2410,3600,12,'6',467),(2560,3600,12,'6',490),(2710,3600,12,'6',534),(2860,3600,12,'6',557),(3000,3600,12,'6',583),(610,900,12,'7',98),(760,900,12,'7',107),(910,900,12,'7',116),(1060,900,12,'7',127),(1210,900,12,'7',136),(1360,900,12,'7',145),(1510,900,12,'7',156),(1660,900,12,'7',165),(1810,900,12,'7',174),(1960,900,12,'7',187),(2110,900,12,'7',198),(2260,900,12,'7',208),(2410,900,12,'7',217),(2560,900,12,'7',228),(2710,900,12,'7',266),(2860,900,12,'7',277),(3000,900,12,'7',288),(610,1200,12,'7',107),(760,1200,12,'7',118),(910,1200,12,'7',130),(1060,1200,12,'7',141),(1210,1200,12,'7',152),(1360,1200,12,'7',164),(1510,1200,12,'7',175),(1660,1200,12,'7',186),(1810,1200,12,'7',198),(1960,1200,12,'7',212),(2110,1200,12,'7',225),(2260,1200,12,'7',236),(2410,1200,12,'7',247),(2560,1200,12,'7',260),(2710,1200,12,'7',299),(2860,1200,12,'7',312),(3000,1200,12,'7',325),(610,1500,12,'7',116),(760,1500,12,'7',129),(910,1500,12,'7',142),(1060,1500,12,'7',156),(1210,1500,12,'7',168),(1360,1500,12,'7',181),(1510,1500,12,'7',195),(1660,1500,12,'7',208),(1810,1500,12,'7',220),(1960,1500,12,'7',238),(2110,1500,12,'7',251),(2260,1500,12,'7',265),(2410,1500,12,'7',278),(2560,1500,12,'7',291),(2710,1500,12,'7',333),(2860,1500,12,'7',348),(3000,1500,12,'7',363),(610,1800,12,'7',126),(760,1800,12,'7',140),(910,1800,12,'7',155),(1060,1800,12,'7',170),(1210,1800,12,'7',184),(1360,1800,12,'7',200),(1510,1800,12,'7',214),(1660,1800,12,'7',229),(1810,1800,12,'7',244),(1960,1800,12,'7',263),(2110,1800,12,'7',278),(2260,1800,12,'7',293),(2410,1800,12,'7',308),(2560,1800,12,'7',323),(2710,1800,12,'7',367),(2860,1800,12,'7',383),(3000,1800,12,'7',400),(610,2100,12,'7',134),(760,2100,12,'7',151),(910,2100,12,'7',168),(1060,2100,12,'7',184),(1210,2100,12,'7',201),(1360,2100,12,'7',217),(1510,2100,12,'7',234),(1660,2100,12,'7',250),(1810,2100,12,'7',267),(1960,2100,12,'7',287),(2110,2100,12,'7',304),(2260,2100,12,'7',321),(2410,2100,12,'7',338),(2560,2100,12,'7',355),(2710,2100,12,'7',400),(2860,2100,12,'7',418),(3000,2100,12,'7',437),(610,2400,12,'7',144),(760,2400,12,'7',164),(910,2400,12,'7',182),(1060,2400,12,'7',201),(1210,2400,12,'7',219),(1360,2400,12,'7',238),(1510,2400,12,'7',256),(1660,2400,12,'7',275),(1810,2400,12,'7',294),(1960,2400,12,'7',312),(2110,2400,12,'7',331),(2260,2400,12,'7',349),(2410,2400,12,'7',368),(2560,2400,12,'7',386),(2710,2400,12,'7',434),(2860,2400,12,'7',454),(3000,2400,12,'7',474),(610,2700,12,'7',153),(760,2700,12,'7',174),(910,2700,12,'7',195),(1060,2700,12,'7',215),(1210,2700,12,'7',235),(1360,2700,12,'7',255),(1510,2700,12,'7',276),(1660,2700,12,'7',297),(1810,2700,12,'7',317),(1960,2700,12,'7',337),(2110,2700,12,'7',357),(2260,2700,12,'7',378),(2410,2700,12,'7',399),(2560,2700,12,'7',418),(2710,2700,12,'7',468),(2860,2700,12,'7',489),(3000,2700,12,'7',511),(610,3000,12,'7',172),(760,3000,12,'7',194),(910,3000,12,'7',214),(1060,3000,12,'7',237),(1210,3000,12,'7',259),(1360,3000,12,'7',281),(1510,3000,12,'7',303),(1660,3000,12,'7',325),(1810,3000,12,'7',346),(1960,3000,12,'7',374),(2110,3000,12,'7',397),(2260,3000,12,'7',418),(2410,3000,12,'7',442),(2560,3000,12,'7',464),(2710,3000,12,'7',506),(2860,3000,12,'7',524),(3000,3000,12,'7',548),(610,3300,12,'7',190),(760,3300,12,'7',212),(910,3300,12,'7',238),(1060,3300,12,'7',262),(1210,3300,12,'7',287),(1360,3300,12,'7',312),(1510,3300,12,'7',337),(1660,3300,12,'7',362),(1810,3300,12,'7',382),(1960,3300,12,'7',415),(2110,3300,12,'7',442),(2260,3300,12,'7',466),(2410,3300,12,'7',491),(2560,3300,12,'7',516),(2710,3300,12,'7',560),(2860,3300,12,'7',586),(3000,3300,12,'7',613),(610,3600,12,'7',200),(760,3600,12,'7',227),(910,3600,12,'7',252),(1060,3600,12,'7',279),(1210,3600,12,'7',305),(1360,3600,12,'7',333),(1510,3600,12,'7',358),(1660,3600,12,'7',385),(1810,3600,12,'7',411),(1960,3600,12,'7',443),(2110,3600,12,'7',469),(2260,3600,12,'7',496),(2410,3600,12,'7',522),(2560,3600,12,'7',550),(2710,3600,12,'7',598),(2860,3600,12,'7',625),(3000,3600,12,'7',653),(610,900,12,'8',106),(760,900,12,'8',119),(910,900,12,'8',130),(1060,900,12,'8',142),(1210,900,12,'8',152),(1360,900,12,'8',166),(1510,900,12,'8',176),(1660,900,12,'8',187),(1810,900,12,'8',200),(1960,900,12,'8',214),(2110,900,12,'8',232),(2260,900,12,'8',245),(2410,900,12,'8',255),(2560,900,12,'8',274),(2710,900,12,'8',305),(2860,900,12,'8',317),(3000,900,12,'8',339),(610,1200,12,'8',117),(760,1200,12,'8',130),(910,1200,12,'8',144),(1060,1200,12,'8',158),(1210,1200,12,'8',172),(1360,1200,12,'8',185),(1510,1200,12,'8',200),(1660,1200,12,'8',212),(1810,1200,12,'8',228),(1960,1200,12,'8',247),(2110,1200,12,'8',265),(2260,1200,12,'8',280),(2410,1200,12,'8',294),(2560,1200,12,'8',314),(2710,1200,12,'8',348),(2860,1200,12,'8',365),(3000,1200,12,'8',388),(610,1500,12,'8',129),(760,1500,12,'8',145),(910,1500,12,'8',161),(1060,1500,12,'8',178),(1210,1500,12,'8',194),(1360,1500,12,'8',210),(1510,1500,12,'8',228),(1660,1500,12,'8',244),(1810,1500,12,'8',259),(1960,1500,12,'8',280),(2110,1500,12,'8',302),(2260,1500,12,'8',318),(2410,1500,12,'8',337),(2560,1500,12,'8',359),(2710,1500,12,'8',397),(2860,1500,12,'8',414),(3000,1500,12,'8',442),(610,1800,12,'8',141),(760,1800,12,'8',159),(910,1800,12,'8',178),(1060,1800,12,'8',196),(1210,1800,12,'8',213),(1360,1800,12,'8',234),(1510,1800,12,'8',252),(1660,1800,12,'8',272),(1810,1800,12,'8',289),(1960,1800,12,'8',312),(2110,1800,12,'8',338),(2260,1800,12,'8',357),(2410,1800,12,'8',375),(2560,1800,12,'8',404),(2710,1800,12,'8',443),(2860,1800,12,'8',464),(3000,1800,12,'8',493),(610,2100,12,'8',151),(760,2100,12,'8',173),(910,2100,12,'8',195),(1060,2100,12,'8',214),(1210,2100,12,'8',236),(1360,2100,12,'8',256),(1510,2100,12,'8',278),(1660,2100,12,'8',299),(1810,2100,12,'8',319),(1960,2100,12,'8',345),(2110,2100,12,'8',372),(2260,2100,12,'8',394),(2410,2100,12,'8',416),(2560,2100,12,'8',447),(2710,2100,12,'8',489),(2860,2100,12,'8',512),(3000,2100,12,'8',545),(610,2400,12,'8',169),(760,2400,12,'8',192),(910,2400,12,'8',213),(1060,2400,12,'8',238),(1210,2400,12,'8',261),(1360,2400,12,'8',284),(1510,2400,12,'8',307),(1660,2400,12,'8',333),(1810,2400,12,'8',355),(1960,2400,12,'8',383),(2110,2400,12,'8',413),(2260,2400,12,'8',438),(2410,2400,12,'8',462),(2560,2400,12,'8',495),(2710,2400,12,'8',540),(2860,2400,12,'8',564),(3000,2400,12,'8',602),(610,2700,12,'8',180),(760,2700,12,'8',206),(910,2700,12,'8',232),(1060,2700,12,'8',256),(1210,2700,12,'8',282),(1360,2700,12,'8',309),(1510,2700,12,'8',335),(1660,2700,12,'8',359),(1810,2700,12,'8',385),(1960,2700,12,'8',415),(2110,2700,12,'8',449),(2260,2700,12,'8',475),(2410,2700,12,'8',502),(2560,2700,12,'8',540),(2710,2700,12,'8',584),(2860,2700,12,'8',612),(3000,2700,12,'8',653),(610,3000,12,'8',203),(760,3000,12,'8',233),(910,3000,12,'8',262),(1060,3000,12,'8',291),(1210,3000,12,'8',320),(1360,3000,12,'8',351),(1510,3000,12,'8',381),(1660,3000,12,'8',410),(1810,3000,12,'8',441),(1960,3000,12,'8',474),(2110,3000,12,'8',504),(2260,3000,12,'8',534),(2410,3000,12,'8',564),(2560,3000,12,'8',595),(2710,3000,12,'8',643),(2860,3000,12,'8',675),(3000,3000,12,'8',707),(610,3300,12,'8',226),(760,3300,12,'8',258),(910,3300,12,'8',290),(1060,3300,12,'8',324),(1210,3300,12,'8',357),(1360,3300,12,'8',390),(1510,3300,12,'8',423),(1660,3300,12,'8',457),(1810,3300,12,'8',491),(1960,3300,12,'8',528),(2110,3300,12,'8',562),(2260,3300,12,'8',597),(2410,3300,12,'8',629),(2560,3300,12,'8',664),(2710,3300,12,'8',718),(2860,3300,12,'8',754),(3000,3300,12,'8',787),(610,3600,12,'8',237),(760,3600,12,'8',274),(910,3600,12,'8',309),(1060,3600,12,'8',345),(1210,3600,12,'8',382),(1360,3600,12,'8',416),(1510,3600,12,'8',452),(1660,3600,12,'8',489),(1810,3600,12,'8',523),(1960,3600,12,'8',565),(2110,3600,12,'8',602),(2260,3600,12,'8',638),(2410,3600,12,'8',674),(2560,3600,12,'8',711),(2710,3600,12,'8',766),(2860,3600,12,'8',803),(3000,3600,12,'8',842),(610,900,12,'9',107),(760,900,12,'9',119),(910,900,12,'9',131),(1060,900,12,'9',143),(1210,900,12,'9',155),(1360,900,12,'9',167),(1510,900,12,'9',178),(1660,900,12,'9',191),(1810,900,12,'9',203),(1960,900,12,'9',218),(2110,900,12,'9',231),(2260,900,12,'9',243),(2410,900,12,'9',254),(2560,900,12,'9',267),(2710,900,12,'9',308),(2860,900,12,'9',321),(3000,900,12,'9',355),(610,1200,12,'9',118),(760,1200,12,'9',133),(910,1200,12,'9',147),(1060,1200,12,'9',162),(1210,1200,12,'9',176),(1360,1200,12,'9',190),(1510,1200,12,'9',204),(1660,1200,12,'9',218),(1810,1200,12,'9',233),(1960,1200,12,'9',250),(2110,1200,12,'9',266),(2260,1200,12,'9',280),(2410,1200,12,'9',295),(2560,1200,12,'9',309),(2710,1200,12,'9',351),(2860,1200,12,'9',368),(3000,1200,12,'9',408),(610,1500,12,'9',130),(760,1500,12,'9',146),(910,1500,12,'9',164),(1060,1500,12,'9',180),(1210,1500,12,'9',197),(1360,1500,12,'9',213),(1510,1500,12,'9',230),(1660,1500,12,'9',246),(1810,1500,12,'9',263),(1960,1500,12,'9',283),(2110,1500,12,'9',300),(2260,1500,12,'9',317),(2410,1500,12,'9',334),(2560,1500,12,'9',351),(2710,1500,12,'9',396),(2860,1500,12,'9',440),(3000,1500,12,'9',464),(610,1800,12,'9',142),(760,1800,12,'9',161),(910,1800,12,'9',179),(1060,1800,12,'9',199),(1210,1800,12,'9',217),(1360,1800,12,'9',236),(1510,1800,12,'9',255),(1660,1800,12,'9',274),(1810,1800,12,'9',294),(1960,1800,12,'9',316),(2110,1800,12,'9',335),(2260,1800,12,'9',354),(2410,1800,12,'9',373),(2560,1800,12,'9',392),(2710,1800,12,'9',440),(2860,1800,12,'9',492),(3000,1800,12,'9',519),(610,2100,12,'9',153),(760,2100,12,'9',174),(910,2100,12,'9',196),(1060,2100,12,'9',217),(1210,2100,12,'9',238),(1360,2100,12,'9',260),(1510,2100,12,'9',281),(1660,2100,12,'9',302),(1810,2100,12,'9',323),(1960,2100,12,'9',348),(2110,2100,12,'9',370),(2260,2100,12,'9',391),(2410,2100,12,'9',413),(2560,2100,12,'9',435),(2710,2100,12,'9',484),(2860,2100,12,'9',544),(3000,2100,12,'9',574),(610,2400,12,'9',166),(760,2400,12,'9',190),(910,2400,12,'9',213),(1060,2400,12,'9',238),(1210,2400,12,'9',262),(1360,2400,12,'9',285),(1510,2400,12,'9',309),(1660,2400,12,'9',333),(1810,2400,12,'9',356),(1960,2400,12,'9',381),(2110,2400,12,'9',405),(2260,2400,12,'9',428),(2410,2400,12,'9',452),(2560,2400,12,'9',476),(2710,2400,12,'9',528),(2860,2400,12,'9',597),(3000,2400,12,'9',631),(610,2700,12,'9',177),(760,2700,12,'9',204),(910,2700,12,'9',230),(1060,2700,12,'9',256),(1210,2700,12,'9',282),(1360,2700,12,'9',308),(1510,2700,12,'9',335),(1660,2700,12,'9',361),(1810,2700,12,'9',387),(1960,2700,12,'9',413),(2110,2700,12,'9',440),(2260,2700,12,'9',466),(2410,2700,12,'9',491),(2560,2700,12,'9',518),(2710,2700,12,'9',573),(2860,2700,12,'9',649),(3000,2700,12,'9',685),(610,3000,12,'9',190),(760,3000,12,'9',217),(910,3000,12,'9',246),(1060,3000,12,'9',275),(1210,3000,12,'9',303),(1360,3000,12,'9',332),(1510,3000,12,'9',361),(1660,3000,12,'9',388),(1810,3000,12,'9',417),(1960,3000,12,'9',446),(2110,3000,12,'9',474),(2260,3000,12,'9',503),(2410,3000,12,'9',531),(2560,3000,12,'9',560),(2710,3000,12,'9',617),(2860,3000,12,'9',707),(3000,3000,12,'9',741),(610,3300,12,'9',207),(760,3300,12,'9',239),(910,3300,12,'9',272),(1060,3300,12,'9',304),(1210,3300,12,'9',337),(1360,3300,12,'9',369),(1510,3300,12,'9',402),(1660,3300,12,'9',434),(1810,3300,12,'9',467),(1960,3300,12,'9',499),(2110,3300,12,'9',531),(2260,3300,12,'9',563),(2410,3300,12,'9',595),(2560,3300,12,'9',628),(2710,3300,12,'9',660),(2860,3300,12,'9',774),(3000,3300,12,'9',810),(610,3600,12,'9',218),(760,3600,12,'9',253),(910,3600,12,'9',288),(1060,3600,12,'9',322),(1210,3600,12,'9',357),(1360,3600,12,'9',392),(1510,3600,12,'9',426),(1660,3600,12,'9',461),(1810,3600,12,'9',496),(1960,3600,12,'9',531),(2110,3600,12,'9',565),(2260,3600,12,'9',600),(2410,3600,12,'9',636),(2560,3600,12,'9',671),(2710,3600,12,'9',705),(2860,3600,12,'9',827),(3000,3600,12,'9',866);
/*!40000 ALTER TABLE `tblrollerpricematrix` ENABLE KEYS */;
UNLOCK TABLES;

--
-- Table structure for table `vtiger_account`
--

DROP TABLE IF EXISTS `vtiger_account`;
/*!40101 SET @saved_cs_client     = @@character_set_client */;
/*!40101 SET character_set_client = utf8 */;
CREATE TABLE `vtiger_account` (
  `accountid` int(19) NOT NULL DEFAULT '0',
  `account_no` varchar(100) NOT NULL,
  `accountname` varchar(100) NOT NULL,
  `parentid` int(19) DEFAULT '0',
  `account_type` varchar(200) DEFAULT NULL,
  `industry` varchar(200) DEFAULT NULL,
  `annualrevenue` decimal(25,8) DEFAULT NULL,
  `rating` varchar(200) DEFAULT NULL,
  `ownership` varchar(50) DEFAULT NULL,
  `siccode` varchar(50) DEFAULT NULL,
  `tickersymbol` varchar(30) DEFAULT NULL,
  `phone` varchar(30) DEFAULT NULL,
  `otherphone` varchar(30) DEFAULT NULL,
  `email1` varchar(100) DEFAULT NULL,
  `email2` varchar(100) DEFAULT NULL,
  `website` varchar(100) DEFAULT NULL,
  `fax` varchar(30) DEFAULT NULL,
  `employees` int(10) DEFAULT '0',
  `emailoptout` varchar(3) DEFAULT '0',
  `notify_owner` varchar(3) DEFAULT '0',
  `isconvertedfromlead` varchar(3) DEFAULT '0',
  PRIMARY KEY (`accountid`),
  KEY `account_account_type_idx` (`account_type`),
  KEY `email_idx` (`email1`,`email2`)
) ENGINE=InnoDB DEFAULT CHARSET=utf8;
/*!40101 SET character_set_client = @saved_cs_client */;

--
-- Dumping data for table `vtiger_account`
--

LOCK TABLES `vtiger_account` WRITE;
/*!40000 ALTER TABLE `vtiger_account` DISABLE KEYS */;
INSERT INTO `vtiger_account` VALUES (2,'ACC1','Andersens Coorparoo',0,'','',0.00000000,'','','','','','','','','','',0,'0','0','0'),(6,'ACC2','Dealer 1 Account',0,'','',0.00000000,'','','','','+852 4637 2084','','info@dealer1account.com','','www.dealer1account.cn','',0,'0','0','0'),(12,'ACC3','o1',0,'','',0.00000000,'','','','','','','','','','',0,'0','0','0'),(14,'ACC4','Xiadmen',0,'','',0.00000000,'','','','','','','','','','',0,'0','0','0'),(15,'ACC5','Wintom',0,'','',0.00000000,'','','','','','','','','','',0,'0','0','0'),(19,'ACC6','Test Org#2',0,'','',0.00000000,'','','','','','','','','','',0,'0','0','0'),(23,'ACC7','Dealer1Account',0,'','Retail',0.00000000,'','','','','+86 124 537 982','','sales@dealer2account.com','','www.dealer2account.cn','',0,'0','0','1'),(31,'ACC8','MPS',0,'','',0.00000000,'','','','','','','adam.d.harris@me.com','','','',0,'0','0','1'),(36,'ACC9','ABC Blinds',0,'','',0.00000000,'','','','','','','','','','',0,'0','0','1'),(43,'ACC10','Cash Customer',0,'','Communications',0.00000000,'','','','','','','','','','',0,'0','0','1'),(78,'ACC11','Cash Client',0,'','',0.00000000,'','','','','','','','','','',0,'0','0','1'),(94,'ACC12','ABC Construction',0,'','Construction',500000.00000000,'Active','','','','07 9999 9999','','adam.d.harris@me.com','','','',5,'0','0','1'),(96,'ACC13','DHL',0,'','Shipping',0.00000000,'','','','','','','','','','',0,'0','0','0'),(97,'ACC14','TNT',0,'','Shipping',0.00000000,'','','','','','','','','','',0,'0','0','0');
/*!40000 ALTER TABLE `vtiger_account` ENABLE KEYS */;
UNLOCK TABLES;

--
-- Table structure for table `vtiger_accountbillads`
--

DROP TABLE IF EXISTS `vtiger_accountbillads`;
/*!40101 SET @saved_cs_client     = @@character_set_client */;
/*!40101 SET character_set_client = utf8 */;
CREATE TABLE `vtiger_accountbillads` (
  `accountaddressid` int(19) NOT NULL DEFAULT '0',
  `bill_city` varchar(30) DEFAULT NULL,
  `bill_code` varchar(30) DEFAULT NULL,
  `bill_country` varchar(30) DEFAULT NULL,
  `bill_state` varchar(30) DEFAULT NULL,
  `bill_street` varchar(250) DEFAULT NULL,
  `bill_pobox` varchar(30) DEFAULT NULL,
  PRIMARY KEY (`accountaddressid`)
) ENGINE=InnoDB DEFAULT CHARSET=utf8;
/*!40101 SET character_set_client = @saved_cs_client */;

--
-- Dumping data for table `vtiger_accountbillads`
--

LOCK TABLES `vtiger_accountbillads` WRITE;
/*!40000 ALTER TABLE `vtiger_accountbillads` DISABLE KEYS */;
INSERT INTO `vtiger_accountbillads` VALUES (2,'','','','','',''),(6,'Xiamen','','China','','a',''),(12,'','','','','a',''),(14,'','','','','',''),(15,'','','','','',''),(19,'','','','','',''),(23,'Guangzhou','','China','','5 Hamill Street',''),(31,'','','','','',''),(36,'','','','','',''),(43,'','','','','',''),(78,'','','','','',''),(94,'Brisbane','4001','Australia','Qld','99 Anne Street',''),(96,'','','','','',''),(97,'','','','','','');
/*!40000 ALTER TABLE `vtiger_accountbillads` ENABLE KEYS */;
UNLOCK TABLES;

--
-- Table structure for table `vtiger_accountrating`
--

DROP TABLE IF EXISTS `vtiger_accountrating`;
/*!40101 SET @saved_cs_client     = @@character_set_client */;
/*!40101 SET character_set_client = utf8 */;
CREATE TABLE `vtiger_accountrating` (
  `accountratingid` int(19) NOT NULL AUTO_INCREMENT,
  `rating` varchar(200) NOT NULL,
  `sortorderid` int(19) NOT NULL DEFAULT '0',
  `presence` int(1) NOT NULL DEFAULT '1',
  PRIMARY KEY (`accountratingid`),
  UNIQUE KEY `accountrating_rating_idx` (`rating`)
) ENGINE=InnoDB DEFAULT CHARSET=utf8;
/*!40101 SET character_set_client = @saved_cs_client */;

--
-- Dumping data for table `vtiger_accountrating`
--

LOCK TABLES `vtiger_accountrating` WRITE;
/*!40000 ALTER TABLE `vtiger_accountrating` DISABLE KEYS */;
/*!40000 ALTER TABLE `vtiger_accountrating` ENABLE KEYS */;
UNLOCK TABLES;

--
-- Table structure for table `vtiger_accountscf`
--

DROP TABLE IF EXISTS `vtiger_accountscf`;
/*!40101 SET @saved_cs_client     = @@character_set_client */;
/*!40101 SET character_set_client = utf8 */;
CREATE TABLE `vtiger_accountscf` (
  `accountid` int(19) NOT NULL DEFAULT '0',
  PRIMARY KEY (`accountid`)
) ENGINE=InnoDB DEFAULT CHARSET=utf8;
/*!40101 SET character_set_client = @saved_cs_client */;

--
-- Dumping data for table `vtiger_accountscf`
--

LOCK TABLES `vtiger_accountscf` WRITE;
/*!40000 ALTER TABLE `vtiger_accountscf` DISABLE KEYS */;
INSERT INTO `vtiger_accountscf` VALUES (2),(6),(12),(14),(15),(19),(23),(31),(36),(43),(78),(94),(96),(97);
/*!40000 ALTER TABLE `vtiger_accountscf` ENABLE KEYS */;
UNLOCK TABLES;

--
-- Table structure for table `vtiger_accountshipads`
--

DROP TABLE IF EXISTS `vtiger_accountshipads`;
/*!40101 SET @saved_cs_client     = @@character_set_client */;
/*!40101 SET character_set_client = utf8 */;
CREATE TABLE `vtiger_accountshipads` (
  `accountaddressid` int(19) NOT NULL DEFAULT '0',
  `ship_city` varchar(30) DEFAULT NULL,
  `ship_code` varchar(30) DEFAULT NULL,
  `ship_country` varchar(30) DEFAULT NULL,
  `ship_state` varchar(30) DEFAULT NULL,
  `ship_pobox` varchar(30) DEFAULT NULL,
  `ship_street` varchar(250) DEFAULT NULL,
  PRIMARY KEY (`accountaddressid`)
) ENGINE=InnoDB DEFAULT CHARSET=utf8;
/*!40101 SET character_set_client = @saved_cs_client */;

--
-- Dumping data for table `vtiger_accountshipads`
--

LOCK TABLES `vtiger_accountshipads` WRITE;
/*!40000 ALTER TABLE `vtiger_accountshipads` DISABLE KEYS */;
INSERT INTO `vtiger_accountshipads` VALUES (2,'','','','','',''),(6,'','','','','','a'),(12,'','','','','','a'),(14,'','','','','',''),(15,'','','','','',''),(19,'','','','','',''),(23,'Guangzhou','','China','','','5 Hamill Street'),(31,'','','','','',''),(36,'','','','','',''),(43,'','','','','',''),(78,'','','','','',''),(94,'Brisbane','4001','Australia','Qld','','99 Anne Street'),(96,'','','','','',''),(97,'','','','','','');
/*!40000 ALTER TABLE `vtiger_accountshipads` ENABLE KEYS */;
UNLOCK TABLES;

--
-- Table structure for table `vtiger_accounttype`
--

DROP TABLE IF EXISTS `vtiger_accounttype`;
/*!40101 SET @saved_cs_client     = @@character_set_client */;
/*!40101 SET character_set_client = utf8 */;
CREATE TABLE `vtiger_accounttype` (
  `accounttypeid` int(19) NOT NULL AUTO_INCREMENT,
  `accounttype` varchar(200) NOT NULL,
  `presence` int(1) NOT NULL DEFAULT '1',
  `picklist_valueid` int(19) NOT NULL DEFAULT '0',
  `sortorderid` int(11) DEFAULT NULL,
  PRIMARY KEY (`accounttypeid`),
  UNIQUE KEY `accounttype_accounttype_idx` (`accounttype`)
) ENGINE=InnoDB AUTO_INCREMENT=12 DEFAULT CHARSET=utf8;
/*!40101 SET character_set_client = @saved_cs_client */;

--
-- Dumping data for table `vtiger_accounttype`
--

LOCK TABLES `vtiger_accounttype` WRITE;
/*!40000 ALTER TABLE `vtiger_accounttype` DISABLE KEYS */;
INSERT INTO `vtiger_accounttype` VALUES (2,'Analyst',1,2,1),(3,'Competitor',1,3,2),(4,'Customer',1,4,3),(5,'Integrator',1,5,4),(6,'Investor',1,6,5),(7,'Partner',1,7,6),(8,'Press',1,8,7),(9,'Prospect',1,9,8),(10,'Reseller',1,10,9),(11,'Other',1,11,10);
/*!40000 ALTER TABLE `vtiger_accounttype` ENABLE KEYS */;
UNLOCK TABLES;

--
-- Table structure for table `vtiger_accounttype_seq`
--

DROP TABLE IF EXISTS `vtiger_accounttype_seq`;
/*!40101 SET @saved_cs_client     = @@character_set_client */;
/*!40101 SET character_set_client = utf8 */;
CREATE TABLE `vtiger_accounttype_seq` (
  `id` int(11) NOT NULL
) ENGINE=InnoDB DEFAULT CHARSET=utf8;
/*!40101 SET character_set_client = @saved_cs_client */;

--
-- Dumping data for table `vtiger_accounttype_seq`
--

LOCK TABLES `vtiger_accounttype_seq` WRITE;
/*!40000 ALTER TABLE `vtiger_accounttype_seq` DISABLE KEYS */;
INSERT INTO `vtiger_accounttype_seq` VALUES (11);
/*!40000 ALTER TABLE `vtiger_accounttype_seq` ENABLE KEYS */;
UNLOCK TABLES;

--
-- Table structure for table `vtiger_actionmapping`
--

DROP TABLE IF EXISTS `vtiger_actionmapping`;
/*!40101 SET @saved_cs_client     = @@character_set_client */;
/*!40101 SET character_set_client = utf8 */;
CREATE TABLE `vtiger_actionmapping` (
  `actionid` int(19) NOT NULL,
  `actionname` varchar(200) NOT NULL,
  `securitycheck` int(19) DEFAULT NULL,
  PRIMARY KEY (`actionid`,`actionname`)
) ENGINE=InnoDB DEFAULT CHARSET=utf8;
/*!40101 SET character_set_client = @saved_cs_client */;

--
-- Dumping data for table `vtiger_actionmapping`
--

LOCK TABLES `vtiger_actionmapping` WRITE;
/*!40000 ALTER TABLE `vtiger_actionmapping` DISABLE KEYS */;
INSERT INTO `vtiger_actionmapping` VALUES (0,'Save',0),(0,'SavePriceBook',1),(0,'SaveVendor',1),(1,'DetailViewAjax',1),(1,'EditView',0),(1,'PriceBookEditView',1),(1,'QuickCreate',1),(1,'VendorEditView',1),(2,'Delete',0),(2,'DeletePriceBook',1),(2,'DeleteVendor',1),(3,'index',0),(3,'Popup',1),(4,'DetailView',0),(4,'PriceBookDetailView',1),(4,'TagCloud',1),(4,'VendorDetailView',1),(5,'Import',0),(6,'Export',0),(8,'Merge',0),(9,'ConvertLead',0),(10,'DuplicatesHandling',0),(13,'Print',0);
/*!40000 ALTER TABLE `vtiger_actionmapping` ENABLE KEYS */;
UNLOCK TABLES;

--
-- Table structure for table `vtiger_activity`
--

DROP TABLE IF EXISTS `vtiger_activity`;
/*!40101 SET @saved_cs_client     = @@character_set_client */;
/*!40101 SET character_set_client = utf8 */;
CREATE TABLE `vtiger_activity` (
  `activityid` int(19) NOT NULL DEFAULT '0',
  `subject` varchar(100) NOT NULL,
  `semodule` varchar(20) DEFAULT NULL,
  `activitytype` varchar(200) NOT NULL,
  `date_start` date NOT NULL,
  `due_date` date DEFAULT NULL,
  `time_start` varchar(50) DEFAULT NULL,
  `time_end` varchar(50) DEFAULT NULL,
  `sendnotification` varchar(3) NOT NULL DEFAULT '0',
  `duration_hours` varchar(200) DEFAULT NULL,
  `duration_minutes` varchar(200) DEFAULT NULL,
  `status` varchar(200) DEFAULT NULL,
  `eventstatus` varchar(200) DEFAULT NULL,
  `priority` varchar(200) DEFAULT NULL,
  `location` varchar(150) DEFAULT NULL,
  `notime` varchar(3) NOT NULL DEFAULT '0',
  `visibility` varchar(50) NOT NULL DEFAULT 'all',
  `recurringtype` varchar(200) DEFAULT NULL,
  PRIMARY KEY (`activityid`),
  KEY `activity_activityid_subject_idx` (`activityid`,`subject`),
  KEY `activity_activitytype_date_start_idx` (`activitytype`,`date_start`),
  KEY `activity_date_start_due_date_idx` (`date_start`,`due_date`),
  KEY `activity_date_start_time_start_idx` (`date_start`,`time_start`),
  KEY `activity_eventstatus_idx` (`eventstatus`),
  KEY `activity_status_idx` (`status`)
) ENGINE=InnoDB DEFAULT CHARSET=utf8;
/*!40101 SET character_set_client = @saved_cs_client */;

--
-- Dumping data for table `vtiger_activity`
--

LOCK TABLES `vtiger_activity` WRITE;
/*!40000 ALTER TABLE `vtiger_activity` DISABLE KEYS */;
INSERT INTO `vtiger_activity` VALUES (48,'Regarding Contact Assignment','','Emails','2015-04-23',NULL,'00:49:54',NULL,'0',NULL,NULL,NULL,NULL,NULL,NULL,'0','all',NULL),(49,'Regarding Potential Assignment','','Emails','2015-04-23',NULL,'00:49:55',NULL,'0',NULL,NULL,NULL,NULL,NULL,NULL,'0','all',NULL),(50,'Regarding Contact Assignment','','Emails','2015-04-23',NULL,'00:49:56',NULL,'0',NULL,NULL,NULL,NULL,NULL,NULL,'0','all',NULL),(51,'Regarding Contact Assignment','','Emails','2015-04-23',NULL,'00:49:57',NULL,'0',NULL,NULL,NULL,NULL,NULL,NULL,'0','all',NULL),(52,'Regarding Contact Assignment','','Emails','2015-04-23',NULL,'00:49:58',NULL,'0',NULL,NULL,NULL,NULL,NULL,NULL,'0','all',NULL),(53,'Regarding Potential Assignment','','Emails','2015-04-23',NULL,'00:49:59',NULL,'0',NULL,NULL,NULL,NULL,NULL,NULL,'0','all',NULL),(54,'Regarding Contact Assignment','','Emails','2015-04-23',NULL,'00:49:59',NULL,'0',NULL,NULL,NULL,NULL,NULL,NULL,'0','all',NULL),(55,'Regarding Contact Assignment','','Emails','2015-04-23',NULL,'00:50:00',NULL,'0',NULL,NULL,NULL,NULL,NULL,NULL,'0','all',NULL),(56,'Regarding Contact Assignment','','Emails','2015-04-23',NULL,'00:50:01',NULL,'0',NULL,NULL,NULL,NULL,NULL,NULL,'0','all',NULL),(57,'Regarding Contact Assignment','','Emails','2015-04-23',NULL,'00:50:02',NULL,'0',NULL,NULL,NULL,NULL,NULL,NULL,'0','all',NULL),(58,'Regarding Potential Assignment','','Emails','2015-04-23',NULL,'00:50:03',NULL,'0',NULL,NULL,NULL,NULL,NULL,NULL,'0','all',NULL),(59,'Regarding Contact Assignment','','Emails','2015-04-23',NULL,'00:50:04',NULL,'0',NULL,NULL,NULL,NULL,NULL,NULL,'0','all',NULL),(60,'Regarding Contact Assignment','','Emails','2015-04-23',NULL,'00:50:04',NULL,'0',NULL,NULL,NULL,NULL,NULL,NULL,'0','all',NULL),(61,'Regarding Potential Assignment','','Emails','2015-04-23',NULL,'00:50:05',NULL,'0',NULL,NULL,NULL,NULL,NULL,NULL,'0','all',NULL),(62,'Regarding Contact Assignment','','Emails','2015-04-23',NULL,'00:50:06',NULL,'0',NULL,NULL,NULL,NULL,NULL,NULL,'0','all',NULL),(63,'Regarding Potential Assignment','','Emails','2015-04-23',NULL,'00:50:07',NULL,'0',NULL,NULL,NULL,NULL,NULL,NULL,'0','all',NULL),(64,'testing','','Emails','2015-04-23',NULL,'08:39',NULL,'0',NULL,NULL,NULL,NULL,NULL,NULL,'0','all',NULL),(65,'How are you?','','Emails','2015-04-23',NULL,'08:48',NULL,'0',NULL,NULL,NULL,NULL,NULL,NULL,'0','all',NULL),(67,'How are you?','','Emails','2015-04-23',NULL,'08:55',NULL,'0',NULL,NULL,NULL,NULL,NULL,NULL,'0','all',NULL),(69,'testing','','Emails','2015-04-23',NULL,'09:03',NULL,'0',NULL,NULL,NULL,NULL,NULL,NULL,'0','all',NULL),(71,'test','','Emails','2015-04-23',NULL,'09:17',NULL,'0',NULL,NULL,NULL,NULL,NULL,NULL,'0','all',NULL),(74,'testing','','Emails','2015-04-23',NULL,'09:18',NULL,'0',NULL,NULL,NULL,NULL,NULL,NULL,'0','all',NULL),(91,'hello','','Emails','2015-05-06',NULL,'04:08',NULL,'0',NULL,NULL,NULL,NULL,NULL,NULL,'0','all',NULL);
/*!40000 ALTER TABLE `vtiger_activity` ENABLE KEYS */;
UNLOCK TABLES;

--
-- Table structure for table `vtiger_activity_reminder`
--

DROP TABLE IF EXISTS `vtiger_activity_reminder`;
/*!40101 SET @saved_cs_client     = @@character_set_client */;
/*!40101 SET character_set_client = utf8 */;
CREATE TABLE `vtiger_activity_reminder` (
  `activity_id` int(11) NOT NULL,
  `reminder_time` int(11) NOT NULL,
  `reminder_sent` int(2) NOT NULL,
  `recurringid` int(19) NOT NULL,
  PRIMARY KEY (`activity_id`,`recurringid`)
) ENGINE=InnoDB DEFAULT CHARSET=utf8;
/*!40101 SET character_set_client = @saved_cs_client */;

--
-- Dumping data for table `vtiger_activity_reminder`
--

LOCK TABLES `vtiger_activity_reminder` WRITE;
/*!40000 ALTER TABLE `vtiger_activity_reminder` DISABLE KEYS */;
/*!40000 ALTER TABLE `vtiger_activity_reminder` ENABLE KEYS */;
UNLOCK TABLES;

--
-- Table structure for table `vtiger_activity_reminder_popup`
--

DROP TABLE IF EXISTS `vtiger_activity_reminder_popup`;
/*!40101 SET @saved_cs_client     = @@character_set_client */;
/*!40101 SET character_set_client = utf8 */;
CREATE TABLE `vtiger_activity_reminder_popup` (
  `reminderid` int(19) NOT NULL AUTO_INCREMENT,
  `semodule` varchar(100) NOT NULL,
  `recordid` int(19) NOT NULL,
  `date_start` date NOT NULL,
  `time_start` varchar(100) NOT NULL,
  `status` int(2) NOT NULL,
  PRIMARY KEY (`reminderid`)
) ENGINE=InnoDB DEFAULT CHARSET=utf8;
/*!40101 SET character_set_client = @saved_cs_client */;

--
-- Dumping data for table `vtiger_activity_reminder_popup`
--

LOCK TABLES `vtiger_activity_reminder_popup` WRITE;
/*!40000 ALTER TABLE `vtiger_activity_reminder_popup` DISABLE KEYS */;
/*!40000 ALTER TABLE `vtiger_activity_reminder_popup` ENABLE KEYS */;
UNLOCK TABLES;

--
-- Table structure for table `vtiger_activity_view`
--

DROP TABLE IF EXISTS `vtiger_activity_view`;
/*!40101 SET @saved_cs_client     = @@character_set_client */;
/*!40101 SET character_set_client = utf8 */;
CREATE TABLE `vtiger_activity_view` (
  `activity_viewid` int(19) NOT NULL AUTO_INCREMENT,
  `activity_view` varchar(200) NOT NULL,
  `sortorderid` int(19) NOT NULL DEFAULT '0',
  `presence` int(1) NOT NULL DEFAULT '1',
  PRIMARY KEY (`activity_viewid`)
) ENGINE=InnoDB AUTO_INCREMENT=5 DEFAULT CHARSET=utf8;
/*!40101 SET character_set_client = @saved_cs_client */;

--
-- Dumping data for table `vtiger_activity_view`
--

LOCK TABLES `vtiger_activity_view` WRITE;
/*!40000 ALTER TABLE `vtiger_activity_view` DISABLE KEYS */;
INSERT INTO `vtiger_activity_view` VALUES (1,'Today',0,1),(2,'This Week',1,1),(3,'This Month',2,1),(4,'This Year',3,1);
/*!40000 ALTER TABLE `vtiger_activity_view` ENABLE KEYS */;
UNLOCK TABLES;

--
-- Table structure for table `vtiger_activity_view_seq`
--

DROP TABLE IF EXISTS `vtiger_activity_view_seq`;
/*!40101 SET @saved_cs_client     = @@character_set_client */;
/*!40101 SET character_set_client = utf8 */;
CREATE TABLE `vtiger_activity_view_seq` (
  `id` int(11) NOT NULL
) ENGINE=InnoDB DEFAULT CHARSET=utf8;
/*!40101 SET character_set_client = @saved_cs_client */;

--
-- Dumping data for table `vtiger_activity_view_seq`
--

LOCK TABLES `vtiger_activity_view_seq` WRITE;
/*!40000 ALTER TABLE `vtiger_activity_view_seq` DISABLE KEYS */;
INSERT INTO `vtiger_activity_view_seq` VALUES (4);
/*!40000 ALTER TABLE `vtiger_activity_view_seq` ENABLE KEYS */;
UNLOCK TABLES;

--
-- Table structure for table `vtiger_activitycf`
--

DROP TABLE IF EXISTS `vtiger_activitycf`;
/*!40101 SET @saved_cs_client     = @@character_set_client */;
/*!40101 SET character_set_client = utf8 */;
CREATE TABLE `vtiger_activitycf` (
  `activityid` int(19) NOT NULL DEFAULT '0',
  PRIMARY KEY (`activityid`)
) ENGINE=InnoDB DEFAULT CHARSET=utf8;
/*!40101 SET character_set_client = @saved_cs_client */;

--
-- Dumping data for table `vtiger_activitycf`
--

LOCK TABLES `vtiger_activitycf` WRITE;
/*!40000 ALTER TABLE `vtiger_activitycf` DISABLE KEYS */;
/*!40000 ALTER TABLE `vtiger_activitycf` ENABLE KEYS */;
UNLOCK TABLES;

--
-- Table structure for table `vtiger_activityproductrel`
--

DROP TABLE IF EXISTS `vtiger_activityproductrel`;
/*!40101 SET @saved_cs_client     = @@character_set_client */;
/*!40101 SET character_set_client = utf8 */;
CREATE TABLE `vtiger_activityproductrel` (
  `activityid` int(19) NOT NULL DEFAULT '0',
  `productid` int(19) NOT NULL DEFAULT '0',
  PRIMARY KEY (`activityid`,`productid`),
  KEY `activityproductrel_activityid_idx` (`activityid`),
  KEY `activityproductrel_productid_idx` (`productid`)
) ENGINE=InnoDB DEFAULT CHARSET=utf8;
/*!40101 SET character_set_client = @saved_cs_client */;

--
-- Dumping data for table `vtiger_activityproductrel`
--

LOCK TABLES `vtiger_activityproductrel` WRITE;
/*!40000 ALTER TABLE `vtiger_activityproductrel` DISABLE KEYS */;
/*!40000 ALTER TABLE `vtiger_activityproductrel` ENABLE KEYS */;
UNLOCK TABLES;

--
-- Table structure for table `vtiger_activitytype`
--

DROP TABLE IF EXISTS `vtiger_activitytype`;
/*!40101 SET @saved_cs_client     = @@character_set_client */;
/*!40101 SET character_set_client = utf8 */;
CREATE TABLE `vtiger_activitytype` (
  `activitytypeid` int(19) NOT NULL AUTO_INCREMENT,
  `activitytype` varchar(200) NOT NULL,
  `presence` int(1) NOT NULL DEFAULT '1',
  `picklist_valueid` int(19) NOT NULL DEFAULT '0',
  `sortorderid` int(11) DEFAULT NULL,
  PRIMARY KEY (`activitytypeid`),
  UNIQUE KEY `activitytype_activitytype_idx` (`activitytype`)
) ENGINE=InnoDB AUTO_INCREMENT=4 DEFAULT CHARSET=utf8;
/*!40101 SET character_set_client = @saved_cs_client */;

--
-- Dumping data for table `vtiger_activitytype`
--

LOCK TABLES `vtiger_activitytype` WRITE;
/*!40000 ALTER TABLE `vtiger_activitytype` DISABLE KEYS */;
INSERT INTO `vtiger_activitytype` VALUES (1,'Call',0,12,0),(2,'Meeting',0,13,1),(3,'Mobile Call',0,321,1);
/*!40000 ALTER TABLE `vtiger_activitytype` ENABLE KEYS */;
UNLOCK TABLES;

--
-- Table structure for table `vtiger_activitytype_seq`
--

DROP TABLE IF EXISTS `vtiger_activitytype_seq`;
/*!40101 SET @saved_cs_client     = @@character_set_client */;
/*!40101 SET character_set_client = utf8 */;
CREATE TABLE `vtiger_activitytype_seq` (
  `id` int(11) NOT NULL
) ENGINE=InnoDB DEFAULT CHARSET=utf8;
/*!40101 SET character_set_client = @saved_cs_client */;

--
-- Dumping data for table `vtiger_activitytype_seq`
--

LOCK TABLES `vtiger_activitytype_seq` WRITE;
/*!40000 ALTER TABLE `vtiger_activitytype_seq` DISABLE KEYS */;
INSERT INTO `vtiger_activitytype_seq` VALUES (3);
/*!40000 ALTER TABLE `vtiger_activitytype_seq` ENABLE KEYS */;
UNLOCK TABLES;

--
-- Table structure for table `vtiger_announcement`
--

DROP TABLE IF EXISTS `vtiger_announcement`;
/*!40101 SET @saved_cs_client     = @@character_set_client */;
/*!40101 SET character_set_client = utf8 */;
CREATE TABLE `vtiger_announcement` (
  `creatorid` int(19) NOT NULL,
  `announcement` text,
  `title` varchar(255) DEFAULT NULL,
  `time` timestamp NULL DEFAULT NULL,
  PRIMARY KEY (`creatorid`),
  KEY `announcement_creatorid_idx` (`creatorid`)
) ENGINE=InnoDB DEFAULT CHARSET=utf8;
/*!40101 SET character_set_client = @saved_cs_client */;

--
-- Dumping data for table `vtiger_announcement`
--

LOCK TABLES `vtiger_announcement` WRITE;
/*!40000 ALTER TABLE `vtiger_announcement` DISABLE KEYS */;
/*!40000 ALTER TABLE `vtiger_announcement` ENABLE KEYS */;
UNLOCK TABLES;

--
-- Table structure for table `vtiger_assets`
--

DROP TABLE IF EXISTS `vtiger_assets`;
/*!40101 SET @saved_cs_client     = @@character_set_client */;
/*!40101 SET character_set_client = utf8 */;
CREATE TABLE `vtiger_assets` (
  `assetsid` int(11) NOT NULL,
  `asset_no` varchar(30) NOT NULL,
  `account` int(19) DEFAULT NULL,
  `product` int(19) NOT NULL,
  `serialnumber` varchar(200) DEFAULT NULL,
  `datesold` date DEFAULT NULL,
  `dateinservice` date DEFAULT NULL,
  `assetstatus` varchar(200) DEFAULT 'In Service',
  `tagnumber` varchar(300) DEFAULT NULL,
  `invoiceid` int(19) DEFAULT NULL,
  `shippingmethod` varchar(200) DEFAULT NULL,
  `shippingtrackingnumber` varchar(200) DEFAULT NULL,
  `assetname` varchar(100) DEFAULT NULL,
  `contact` int(19) DEFAULT NULL,
  PRIMARY KEY (`assetsid`),
  CONSTRAINT `fk_1_vtiger_assets` FOREIGN KEY (`assetsid`) REFERENCES `vtiger_crmentity` (`crmid`) ON DELETE CASCADE
) ENGINE=InnoDB DEFAULT CHARSET=utf8;
/*!40101 SET character_set_client = @saved_cs_client */;

--
-- Dumping data for table `vtiger_assets`
--

LOCK TABLES `vtiger_assets` WRITE;
/*!40000 ALTER TABLE `vtiger_assets` DISABLE KEYS */;
/*!40000 ALTER TABLE `vtiger_assets` ENABLE KEYS */;
UNLOCK TABLES;

--
-- Table structure for table `vtiger_assetscf`
--

DROP TABLE IF EXISTS `vtiger_assetscf`;
/*!40101 SET @saved_cs_client     = @@character_set_client */;
/*!40101 SET character_set_client = utf8 */;
CREATE TABLE `vtiger_assetscf` (
  `assetsid` int(19) NOT NULL,
  PRIMARY KEY (`assetsid`)
) ENGINE=InnoDB DEFAULT CHARSET=utf8;
/*!40101 SET character_set_client = @saved_cs_client */;

--
-- Dumping data for table `vtiger_assetscf`
--

LOCK TABLES `vtiger_assetscf` WRITE;
/*!40000 ALTER TABLE `vtiger_assetscf` DISABLE KEYS */;
/*!40000 ALTER TABLE `vtiger_assetscf` ENABLE KEYS */;
UNLOCK TABLES;

--
-- Table structure for table `vtiger_assetstatus`
--

DROP TABLE IF EXISTS `vtiger_assetstatus`;
/*!40101 SET @saved_cs_client     = @@character_set_client */;
/*!40101 SET character_set_client = utf8 */;
CREATE TABLE `vtiger_assetstatus` (
  `assetstatusid` int(11) NOT NULL AUTO_INCREMENT,
  `assetstatus` varchar(200) NOT NULL,
  `presence` int(1) NOT NULL DEFAULT '1',
  `picklist_valueid` int(11) NOT NULL DEFAULT '0',
  `sortorderid` int(11) DEFAULT '0',
  PRIMARY KEY (`assetstatusid`)
) ENGINE=InnoDB AUTO_INCREMENT=3 DEFAULT CHARSET=utf8;
/*!40101 SET character_set_client = @saved_cs_client */;

--
-- Dumping data for table `vtiger_assetstatus`
--

LOCK TABLES `vtiger_assetstatus` WRITE;
/*!40000 ALTER TABLE `vtiger_assetstatus` DISABLE KEYS */;
INSERT INTO `vtiger_assetstatus` VALUES (1,'In Service',1,235,1),(2,'Out-of-service',1,236,2);
/*!40000 ALTER TABLE `vtiger_assetstatus` ENABLE KEYS */;
UNLOCK TABLES;

--
-- Table structure for table `vtiger_assetstatus_seq`
--

DROP TABLE IF EXISTS `vtiger_assetstatus_seq`;
/*!40101 SET @saved_cs_client     = @@character_set_client */;
/*!40101 SET character_set_client = utf8 */;
CREATE TABLE `vtiger_assetstatus_seq` (
  `id` int(11) NOT NULL
) ENGINE=InnoDB DEFAULT CHARSET=utf8;
/*!40101 SET character_set_client = @saved_cs_client */;

--
-- Dumping data for table `vtiger_assetstatus_seq`
--

LOCK TABLES `vtiger_assetstatus_seq` WRITE;
/*!40000 ALTER TABLE `vtiger_assetstatus_seq` DISABLE KEYS */;
INSERT INTO `vtiger_assetstatus_seq` VALUES (2);
/*!40000 ALTER TABLE `vtiger_assetstatus_seq` ENABLE KEYS */;
UNLOCK TABLES;

--
-- Table structure for table `vtiger_asterisk`
--

DROP TABLE IF EXISTS `vtiger_asterisk`;
/*!40101 SET @saved_cs_client     = @@character_set_client */;
/*!40101 SET character_set_client = utf8 */;
CREATE TABLE `vtiger_asterisk` (
  `server` varchar(30) DEFAULT NULL,
  `port` varchar(30) DEFAULT NULL,
  `username` varchar(50) DEFAULT NULL,
  `password` varchar(50) DEFAULT NULL,
  `version` varchar(50) DEFAULT NULL
) ENGINE=InnoDB DEFAULT CHARSET=utf8;
/*!40101 SET character_set_client = @saved_cs_client */;

--
-- Dumping data for table `vtiger_asterisk`
--

LOCK TABLES `vtiger_asterisk` WRITE;
/*!40000 ALTER TABLE `vtiger_asterisk` DISABLE KEYS */;
/*!40000 ALTER TABLE `vtiger_asterisk` ENABLE KEYS */;
UNLOCK TABLES;

--
-- Table structure for table `vtiger_asteriskextensions`
--

DROP TABLE IF EXISTS `vtiger_asteriskextensions`;
/*!40101 SET @saved_cs_client     = @@character_set_client */;
/*!40101 SET character_set_client = utf8 */;
CREATE TABLE `vtiger_asteriskextensions` (
  `userid` int(11) DEFAULT NULL,
  `asterisk_extension` varchar(50) DEFAULT NULL,
  `use_asterisk` varchar(3) DEFAULT NULL
) ENGINE=InnoDB DEFAULT CHARSET=utf8;
/*!40101 SET character_set_client = @saved_cs_client */;

--
-- Dumping data for table `vtiger_asteriskextensions`
--

LOCK TABLES `vtiger_asteriskextensions` WRITE;
/*!40000 ALTER TABLE `vtiger_asteriskextensions` DISABLE KEYS */;
INSERT INTO `vtiger_asteriskextensions` VALUES (1,NULL,NULL),(5,NULL,NULL),(6,NULL,NULL),(7,NULL,NULL),(8,NULL,NULL),(9,NULL,NULL),(10,NULL,NULL),(11,NULL,NULL),(12,NULL,NULL),(13,NULL,NULL);
/*!40000 ALTER TABLE `vtiger_asteriskextensions` ENABLE KEYS */;
UNLOCK TABLES;

--
-- Table structure for table `vtiger_asteriskincomingcalls`
--

DROP TABLE IF EXISTS `vtiger_asteriskincomingcalls`;
/*!40101 SET @saved_cs_client     = @@character_set_client */;
/*!40101 SET character_set_client = utf8 */;
CREATE TABLE `vtiger_asteriskincomingcalls` (
  `from_number` varchar(50) DEFAULT NULL,
  `from_name` varchar(50) DEFAULT NULL,
  `to_number` varchar(50) DEFAULT NULL,
  `callertype` varchar(30) DEFAULT NULL,
  `flag` int(19) DEFAULT NULL,
  `timer` int(19) DEFAULT NULL,
  `refuid` varchar(255) DEFAULT NULL
) ENGINE=InnoDB DEFAULT CHARSET=utf8;
/*!40101 SET character_set_client = @saved_cs_client */;

--
-- Dumping data for table `vtiger_asteriskincomingcalls`
--

LOCK TABLES `vtiger_asteriskincomingcalls` WRITE;
/*!40000 ALTER TABLE `vtiger_asteriskincomingcalls` DISABLE KEYS */;
/*!40000 ALTER TABLE `vtiger_asteriskincomingcalls` ENABLE KEYS */;
UNLOCK TABLES;

--
-- Table structure for table `vtiger_asteriskincomingevents`
--

DROP TABLE IF EXISTS `vtiger_asteriskincomingevents`;
/*!40101 SET @saved_cs_client     = @@character_set_client */;
/*!40101 SET character_set_client = utf8 */;
CREATE TABLE `vtiger_asteriskincomingevents` (
  `uid` varchar(255) NOT NULL,
  `channel` varchar(100) DEFAULT NULL,
  `from_number` bigint(20) DEFAULT NULL,
  `from_name` varchar(100) DEFAULT NULL,
  `to_number` bigint(20) DEFAULT NULL,
  `callertype` varchar(100) DEFAULT NULL,
  `timer` int(20) DEFAULT NULL,
  `flag` varchar(3) DEFAULT NULL,
  `pbxrecordid` int(19) DEFAULT NULL,
  `relcrmid` int(19) DEFAULT NULL,
  PRIMARY KEY (`uid`)
) ENGINE=InnoDB DEFAULT CHARSET=utf8;
/*!40101 SET character_set_client = @saved_cs_client */;

--
-- Dumping data for table `vtiger_asteriskincomingevents`
--

LOCK TABLES `vtiger_asteriskincomingevents` WRITE;
/*!40000 ALTER TABLE `vtiger_asteriskincomingevents` DISABLE KEYS */;
/*!40000 ALTER TABLE `vtiger_asteriskincomingevents` ENABLE KEYS */;
UNLOCK TABLES;

--
-- Table structure for table `vtiger_attachments`
--

DROP TABLE IF EXISTS `vtiger_attachments`;
/*!40101 SET @saved_cs_client     = @@character_set_client */;
/*!40101 SET character_set_client = utf8 */;
CREATE TABLE `vtiger_attachments` (
  `attachmentsid` int(19) NOT NULL,
  `name` varchar(255) NOT NULL,
  `description` text,
  `type` varchar(100) DEFAULT NULL,
  `path` text,
  `subject` varchar(255) DEFAULT NULL,
  PRIMARY KEY (`attachmentsid`),
  KEY `attachments_attachmentsid_idx` (`attachmentsid`)
) ENGINE=InnoDB DEFAULT CHARSET=utf8;
/*!40101 SET character_set_client = @saved_cs_client */;

--
-- Dumping data for table `vtiger_attachments`
--

LOCK TABLES `vtiger_attachments` WRITE;
/*!40000 ALTER TABLE `vtiger_attachments` DISABLE KEYS */;
INSERT INTO `vtiger_attachments` VALUES (29,'Chelsea.jpg','','image/jpeg','storage/2015/April/week2/',NULL),(66,'Quotes_QUO11.pdf','Hello.<br /><br />\r\nHow are you?<br /><br />\r\nRegards.','pdf','storage/2015/April/week4/',NULL),(68,'Quotes_QUO8.pdf','Hello.<br /><br />\r\nHow are you?<br /><br />\r\nIt\'s testing message.<br /><br />\r\nRegards.','pdf','storage/2015/April/week4/',NULL),(70,'Quotes_QUO11.pdf','Test message','pdf','storage/2015/April/week4/',NULL),(72,'Koala1.jpg','','image/jpeg','storage/2015/April/week4/',NULL),(73,'Quotes_QUO8.pdf','','pdf','storage/2015/April/week4/',NULL),(75,'Koala1.jpg','Hello.<br /><br /><br />\r\nRegards.<br /><br />\r\n','image/jpeg','storage/2015/April/week4/',NULL),(76,'Quotes_QUO8.pdf','Hello.<br /><br /><br />\r\nRegards.<br /><br />\r\n','pdf','storage/2015/April/week4/',NULL),(90,'ProfileShot_Adam.jpg','','image/jpeg','storage/2015/May/week1/',NULL),(92,'Quotes_QUO14.pdf','hi<br /><br />\r\n','pdf','storage/2015/May/week1/',NULL);
/*!40000 ALTER TABLE `vtiger_attachments` ENABLE KEYS */;
UNLOCK TABLES;

--
-- Table structure for table `vtiger_attachmentsfolder`
--

DROP TABLE IF EXISTS `vtiger_attachmentsfolder`;
/*!40101 SET @saved_cs_client     = @@character_set_client */;
/*!40101 SET character_set_client = utf8 */;
CREATE TABLE `vtiger_attachmentsfolder` (
  `folderid` int(19) NOT NULL AUTO_INCREMENT,
  `foldername` varchar(200) NOT NULL,
  `description` varchar(250) DEFAULT NULL,
  `createdby` int(19) NOT NULL,
  `sequence` int(19) DEFAULT NULL,
  PRIMARY KEY (`folderid`)
) ENGINE=InnoDB AUTO_INCREMENT=2 DEFAULT CHARSET=utf8;
/*!40101 SET character_set_client = @saved_cs_client */;

--
-- Dumping data for table `vtiger_attachmentsfolder`
--

LOCK TABLES `vtiger_attachmentsfolder` WRITE;
/*!40000 ALTER TABLE `vtiger_attachmentsfolder` DISABLE KEYS */;
INSERT INTO `vtiger_attachmentsfolder` VALUES (1,'Default','This is a Default Folder',1,1);
/*!40000 ALTER TABLE `vtiger_attachmentsfolder` ENABLE KEYS */;
UNLOCK TABLES;

--
-- Table structure for table `vtiger_attachmentsfolder_seq`
--

DROP TABLE IF EXISTS `vtiger_attachmentsfolder_seq`;
/*!40101 SET @saved_cs_client     = @@character_set_client */;
/*!40101 SET character_set_client = utf8 */;
CREATE TABLE `vtiger_attachmentsfolder_seq` (
  `id` int(11) NOT NULL
) ENGINE=InnoDB DEFAULT CHARSET=utf8;
/*!40101 SET character_set_client = @saved_cs_client */;

--
-- Dumping data for table `vtiger_attachmentsfolder_seq`
--

LOCK TABLES `vtiger_attachmentsfolder_seq` WRITE;
/*!40000 ALTER TABLE `vtiger_attachmentsfolder_seq` DISABLE KEYS */;
INSERT INTO `vtiger_attachmentsfolder_seq` VALUES (1);
/*!40000 ALTER TABLE `vtiger_attachmentsfolder_seq` ENABLE KEYS */;
UNLOCK TABLES;

--
-- Table structure for table `vtiger_audit_trial`
--

DROP TABLE IF EXISTS `vtiger_audit_trial`;
/*!40101 SET @saved_cs_client     = @@character_set_client */;
/*!40101 SET character_set_client = utf8 */;
CREATE TABLE `vtiger_audit_trial` (
  `auditid` int(19) NOT NULL,
  `userid` int(19) DEFAULT NULL,
  `module` varchar(255) DEFAULT NULL,
  `action` varchar(255) DEFAULT NULL,
  `recordid` varchar(20) DEFAULT NULL,
  `actiondate` datetime DEFAULT NULL,
  PRIMARY KEY (`auditid`)
) ENGINE=InnoDB DEFAULT CHARSET=utf8;
/*!40101 SET character_set_client = @saved_cs_client */;

--
-- Dumping data for table `vtiger_audit_trial`
--

LOCK TABLES `vtiger_audit_trial` WRITE;
/*!40000 ALTER TABLE `vtiger_audit_trial` DISABLE KEYS */;
/*!40000 ALTER TABLE `vtiger_audit_trial` ENABLE KEYS */;
UNLOCK TABLES;

--
-- Table structure for table `vtiger_blocks`
--

DROP TABLE IF EXISTS `vtiger_blocks`;
/*!40101 SET @saved_cs_client     = @@character_set_client */;
/*!40101 SET character_set_client = utf8 */;
CREATE TABLE `vtiger_blocks` (
  `blockid` int(19) NOT NULL,
  `tabid` int(19) NOT NULL,
  `blocklabel` varchar(100) NOT NULL,
  `sequence` int(10) DEFAULT NULL,
  `show_title` int(2) DEFAULT NULL,
  `visible` int(2) NOT NULL DEFAULT '0',
  `create_view` int(2) NOT NULL DEFAULT '0',
  `edit_view` int(2) NOT NULL DEFAULT '0',
  `detail_view` int(2) NOT NULL DEFAULT '0',
  `display_status` int(1) NOT NULL DEFAULT '1',
  `iscustom` int(1) NOT NULL DEFAULT '0',
  PRIMARY KEY (`blockid`),
  KEY `block_tabid_idx` (`tabid`)
) ENGINE=InnoDB DEFAULT CHARSET=utf8;
/*!40101 SET character_set_client = @saved_cs_client */;

--
-- Dumping data for table `vtiger_blocks`
--

LOCK TABLES `vtiger_blocks` WRITE;
/*!40000 ALTER TABLE `vtiger_blocks` DISABLE KEYS */;
INSERT INTO `vtiger_blocks` VALUES (1,2,'LBL_OPPORTUNITY_INFORMATION',1,0,0,0,0,0,1,0),(2,2,'LBL_CUSTOM_INFORMATION',2,0,0,0,0,0,1,0),(3,2,'LBL_DESCRIPTION_INFORMATION',3,0,0,0,0,0,1,0),(4,4,'LBL_CONTACT_INFORMATION',1,0,0,0,0,0,1,0),(5,4,'LBL_CUSTOM_INFORMATION',2,0,0,0,0,0,1,0),(6,4,'LBL_CUSTOMER_PORTAL_INFORMATION',3,0,0,0,0,0,1,0),(7,4,'LBL_ADDRESS_INFORMATION',4,0,0,0,0,0,1,0),(8,4,'LBL_DESCRIPTION_INFORMATION',5,0,0,0,0,0,1,0),(9,6,'LBL_ACCOUNT_INFORMATION',1,0,0,0,0,0,1,0),(10,6,'LBL_CUSTOM_INFORMATION',2,0,0,0,0,0,1,0),(11,6,'LBL_ADDRESS_INFORMATION',3,0,0,0,0,0,1,0),(12,6,'LBL_DESCRIPTION_INFORMATION',4,0,0,0,0,0,1,0),(13,7,'LBL_LEAD_INFORMATION',1,0,0,0,0,0,1,0),(14,7,'LBL_CUSTOM_INFORMATION',2,0,0,0,0,0,1,0),(15,7,'LBL_ADDRESS_INFORMATION',3,0,0,0,0,0,1,0),(16,7,'LBL_DESCRIPTION_INFORMATION',4,0,0,0,0,0,1,0),(17,8,'LBL_NOTE_INFORMATION',1,0,0,0,0,0,1,0),(18,8,'LBL_FILE_INFORMATION',3,1,0,0,0,0,1,0),(19,9,'LBL_TASK_INFORMATION',1,0,0,0,0,0,1,0),(20,9,'LBL_DESCRIPTION_INFORMATION',2,1,0,0,0,0,1,0),(21,10,'LBL_EMAIL_INFORMATION',1,0,0,0,0,0,1,0),(22,10,'Emails_Block1',2,1,0,0,0,0,1,0),(23,10,'Emails_Block2',3,1,0,0,0,0,1,0),(24,10,'Emails_Block3',4,1,0,0,0,0,1,0),(25,13,'LBL_TICKET_INFORMATION',1,0,0,0,0,0,1,0),(26,13,'',2,1,0,0,0,0,1,0),(27,13,'LBL_CUSTOM_INFORMATION',3,0,0,0,0,0,1,0),(28,13,'LBL_DESCRIPTION_INFORMATION',4,0,0,0,0,0,1,0),(29,13,'LBL_TICKET_RESOLUTION',5,0,0,1,0,0,1,0),(30,13,'LBL_COMMENTS',6,0,0,1,0,0,1,0),(31,14,'LBL_PRODUCT_INFORMATION',1,0,0,0,0,0,1,0),(32,14,'LBL_PRICING_INFORMATION',2,0,0,0,0,0,1,0),(33,14,'LBL_STOCK_INFORMATION',3,0,0,0,0,0,1,0),(34,14,'LBL_CUSTOM_INFORMATION',4,0,0,0,0,0,1,0),(35,14,'LBL_IMAGE_INFORMATION',5,0,0,0,0,0,1,0),(36,14,'LBL_DESCRIPTION_INFORMATION',6,0,0,0,0,0,1,0),(37,15,'LBL_FAQ_INFORMATION',1,0,0,0,0,0,1,0),(38,15,'LBL_COMMENT_INFORMATION',4,0,0,1,0,0,1,0),(39,16,'LBL_EVENT_INFORMATION',1,0,0,0,0,0,1,0),(40,16,'LBL_REMINDER_INFORMATION',2,0,0,0,0,0,1,0),(41,16,'LBL_DESCRIPTION_INFORMATION',5,0,0,0,0,0,1,0),(42,18,'LBL_VENDOR_INFORMATION',1,0,0,0,0,0,1,0),(43,18,'LBL_CUSTOM_INFORMATION',2,0,0,0,0,0,1,0),(44,18,'LBL_VENDOR_ADDRESS_INFORMATION',3,0,0,0,0,0,1,0),(45,18,'LBL_DESCRIPTION_INFORMATION',4,0,0,0,0,0,1,0),(46,19,'LBL_PRICEBOOK_INFORMATION',1,0,0,0,0,0,1,0),(47,19,'LBL_CUSTOM_INFORMATION',2,0,0,0,0,0,1,0),(48,19,'LBL_DESCRIPTION_INFORMATION',3,0,0,0,0,0,1,0),(49,20,'LBL_QUOTE_INFORMATION',1,0,0,0,0,0,1,0),(50,20,'LBL_CUSTOM_INFORMATION',2,0,0,0,0,0,1,0),(51,20,'LBL_ADDRESS_INFORMATION',3,0,0,0,0,0,1,0),(52,20,'LBL_RELATED_PRODUCTS',4,0,0,0,0,0,1,0),(53,20,'LBL_TERMS_INFORMATION',5,0,0,0,0,0,1,0),(54,20,'LBL_DESCRIPTION_INFORMATION',6,0,0,0,0,0,1,0),(55,21,'LBL_PO_INFORMATION',1,0,0,0,0,0,1,0),(56,21,'LBL_CUSTOM_INFORMATION',2,0,0,0,0,0,1,0),(57,21,'LBL_ADDRESS_INFORMATION',3,0,0,0,0,0,1,0),(58,21,'LBL_RELATED_PRODUCTS',4,0,0,0,0,0,1,0),(59,21,'LBL_TERMS_INFORMATION',5,0,0,0,0,0,1,0),(60,21,'LBL_DESCRIPTION_INFORMATION',6,0,0,0,0,0,1,0),(61,22,'LBL_SO_INFORMATION',1,0,0,0,0,0,1,0),(62,22,'LBL_CUSTOM_INFORMATION',3,0,0,0,0,0,1,0),(63,22,'LBL_ADDRESS_INFORMATION',4,0,0,0,0,0,1,0),(64,22,'LBL_RELATED_PRODUCTS',5,0,0,0,0,0,1,0),(65,22,'LBL_TERMS_INFORMATION',6,0,0,0,0,0,1,0),(66,22,'LBL_DESCRIPTION_INFORMATION',7,0,0,0,0,0,1,0),(67,23,'LBL_INVOICE_INFORMATION',1,0,0,0,0,0,1,0),(68,23,'LBL_CUSTOM_INFORMATION',2,0,0,0,0,0,1,0),(69,23,'LBL_ADDRESS_INFORMATION',3,0,0,0,0,0,1,0),(70,23,'LBL_RELATED_PRODUCTS',4,0,0,0,0,0,1,0),(71,23,'LBL_TERMS_INFORMATION',5,0,0,0,0,0,1,0),(72,23,'LBL_DESCRIPTION_INFORMATION',6,0,0,0,0,0,1,0),(73,4,'LBL_IMAGE_INFORMATION',6,0,0,0,0,0,1,0),(74,26,'LBL_CAMPAIGN_INFORMATION',1,0,0,0,0,0,1,0),(75,26,'LBL_CUSTOM_INFORMATION',2,0,0,0,0,0,1,0),(76,26,'LBL_EXPECTATIONS_AND_ACTUALS',3,0,0,0,0,0,1,0),(77,29,'LBL_USERLOGIN_ROLE',1,0,0,0,0,0,1,0),(78,29,'LBL_CURRENCY_CONFIGURATION',3,0,0,0,0,0,1,0),(79,29,'LBL_MORE_INFORMATION',4,0,0,0,0,0,1,0),(80,29,'LBL_ADDRESS_INFORMATION',5,0,0,0,0,0,1,0),(81,26,'LBL_DESCRIPTION_INFORMATION',4,0,0,0,0,0,1,0),(82,29,'LBL_USER_IMAGE_INFORMATION',5,0,0,0,0,0,1,0),(83,29,'LBL_USER_ADV_OPTIONS',6,0,0,0,0,0,1,0),(84,8,'LBL_DESCRIPTION',2,0,0,0,0,0,1,0),(85,22,'Recurring Invoice Information',2,0,0,0,0,0,1,0),(86,9,'LBL_CUSTOM_INFORMATION',3,0,0,0,0,0,1,0),(87,16,'LBL_CUSTOM_INFORMATION',6,0,0,0,0,0,1,0),(88,34,'LBL_PBXMANAGER_INFORMATION',1,0,0,0,0,0,1,0),(89,35,'LBL_SERVICE_CONTRACT_INFORMATION',1,0,0,0,0,0,1,0),(90,35,'LBL_CUSTOM_INFORMATION',2,0,0,0,0,0,1,0),(91,36,'LBL_SERVICE_INFORMATION',1,0,0,0,0,0,1,0),(92,36,'LBL_PRICING_INFORMATION',2,0,0,0,0,0,1,0),(93,36,'LBL_CUSTOM_INFORMATION',3,0,0,0,0,0,1,0),(94,36,'LBL_DESCRIPTION_INFORMATION',4,0,0,0,0,0,1,0),(95,38,'LBL_ASSET_INFORMATION',1,0,0,0,0,0,1,0),(96,38,'LBL_CUSTOM_INFORMATION',2,0,0,0,0,0,1,0),(97,38,'LBL_DESCRIPTION_INFORMATION',3,0,0,0,0,0,1,0),(98,42,'LBL_MODCOMMENTS_INFORMATION',1,0,0,0,0,0,1,0),(99,42,'LBL_OTHER_INFORMATION',2,0,0,0,0,0,1,0),(100,42,'LBL_CUSTOM_INFORMATION',3,0,0,0,0,0,1,0),(101,43,'LBL_PROJECT_MILESTONE_INFORMATION',1,0,0,0,0,0,1,0),(102,43,'LBL_CUSTOM_INFORMATION',2,0,0,0,0,0,1,0),(103,43,'LBL_DESCRIPTION_INFORMATION',3,0,0,0,0,0,1,0),(104,44,'LBL_PROJECT_TASK_INFORMATION',1,0,0,0,0,0,1,0),(105,44,'LBL_CUSTOM_INFORMATION',2,0,0,0,0,0,1,0),(106,44,'LBL_DESCRIPTION_INFORMATION',3,0,0,0,0,0,1,0),(107,45,'LBL_PROJECT_INFORMATION',1,0,0,0,0,0,1,0),(108,45,'LBL_CUSTOM_INFORMATION',2,0,0,0,0,0,1,0),(109,45,'LBL_DESCRIPTION_INFORMATION',3,0,0,0,0,0,1,0),(110,47,'LBL_SMSNOTIFIER_INFORMATION',1,0,0,0,0,0,1,0),(111,47,'LBL_CUSTOM_INFORMATION',2,0,0,0,0,0,1,0),(112,47,'StatusInformation',3,0,0,0,0,0,1,0),(113,23,'LBL_ITEM_DETAILS',5,0,0,0,0,0,1,0),(114,22,'LBL_ITEM_DETAILS',5,0,0,0,0,0,1,0),(115,21,'LBL_ITEM_DETAILS',5,0,0,0,0,0,1,0),(116,20,'LBL_ITEM_DETAILS',5,0,0,0,0,0,1,0),(117,16,'LBL_RECURRENCE_INFORMATION',3,0,0,0,0,0,1,0),(118,29,'LBL_CALENDAR_SETTINGS',2,0,0,0,0,0,1,0),(119,16,'LBL_RELATED_TO',4,0,0,0,0,0,1,0);
/*!40000 ALTER TABLE `vtiger_blocks` ENABLE KEYS */;
UNLOCK TABLES;

--
-- Table structure for table `vtiger_blocks_seq`
--

DROP TABLE IF EXISTS `vtiger_blocks_seq`;
/*!40101 SET @saved_cs_client     = @@character_set_client */;
/*!40101 SET character_set_client = utf8 */;
CREATE TABLE `vtiger_blocks_seq` (
  `id` int(11) NOT NULL
) ENGINE=InnoDB DEFAULT CHARSET=utf8;
/*!40101 SET character_set_client = @saved_cs_client */;

--
-- Dumping data for table `vtiger_blocks_seq`
--

LOCK TABLES `vtiger_blocks_seq` WRITE;
/*!40000 ALTER TABLE `vtiger_blocks_seq` DISABLE KEYS */;
INSERT INTO `vtiger_blocks_seq` VALUES (119);
/*!40000 ALTER TABLE `vtiger_blocks_seq` ENABLE KEYS */;
UNLOCK TABLES;

--
-- Table structure for table `vtiger_calendar_default_activitytypes`
--

DROP TABLE IF EXISTS `vtiger_calendar_default_activitytypes`;
/*!40101 SET @saved_cs_client     = @@character_set_client */;
/*!40101 SET character_set_client = utf8 */;
CREATE TABLE `vtiger_calendar_default_activitytypes` (
  `id` int(19) NOT NULL,
  `module` varchar(50) DEFAULT NULL,
  `fieldname` varchar(50) DEFAULT NULL,
  `defaultcolor` varchar(50) DEFAULT NULL,
  PRIMARY KEY (`id`)
) ENGINE=InnoDB DEFAULT CHARSET=utf8;
/*!40101 SET character_set_client = @saved_cs_client */;

--
-- Dumping data for table `vtiger_calendar_default_activitytypes`
--

LOCK TABLES `vtiger_calendar_default_activitytypes` WRITE;
/*!40000 ALTER TABLE `vtiger_calendar_default_activitytypes` DISABLE KEYS */;
INSERT INTO `vtiger_calendar_default_activitytypes` VALUES (1,'Events','Events','#17309A'),(2,'Calendar','Tasks','#3A87AD'),(3,'Potentials','Potentials','#AA6705'),(4,'Contacts','support_end_date','#953B39'),(5,'Contacts','birthday','#545252'),(6,'Invoice','Invoice','#87865D'),(7,'Project','Project','#C71585'),(8,'ProjectTask','Project Task','#006400');
/*!40000 ALTER TABLE `vtiger_calendar_default_activitytypes` ENABLE KEYS */;
UNLOCK TABLES;

--
-- Table structure for table `vtiger_calendar_default_activitytypes_seq`
--

DROP TABLE IF EXISTS `vtiger_calendar_default_activitytypes_seq`;
/*!40101 SET @saved_cs_client     = @@character_set_client */;
/*!40101 SET character_set_client = utf8 */;
CREATE TABLE `vtiger_calendar_default_activitytypes_seq` (
  `id` int(11) NOT NULL
) ENGINE=InnoDB DEFAULT CHARSET=utf8;
/*!40101 SET character_set_client = @saved_cs_client */;

--
-- Dumping data for table `vtiger_calendar_default_activitytypes_seq`
--

LOCK TABLES `vtiger_calendar_default_activitytypes_seq` WRITE;
/*!40000 ALTER TABLE `vtiger_calendar_default_activitytypes_seq` DISABLE KEYS */;
INSERT INTO `vtiger_calendar_default_activitytypes_seq` VALUES (8);
/*!40000 ALTER TABLE `vtiger_calendar_default_activitytypes_seq` ENABLE KEYS */;
UNLOCK TABLES;

--
-- Table structure for table `vtiger_calendar_user_activitytypes`
--

DROP TABLE IF EXISTS `vtiger_calendar_user_activitytypes`;
/*!40101 SET @saved_cs_client     = @@character_set_client */;
/*!40101 SET character_set_client = utf8 */;
CREATE TABLE `vtiger_calendar_user_activitytypes` (
  `id` int(19) NOT NULL,
  `defaultid` int(19) DEFAULT NULL,
  `userid` int(19) DEFAULT NULL,
  `color` varchar(50) DEFAULT NULL,
  `visible` int(19) DEFAULT '1',
  PRIMARY KEY (`id`)
) ENGINE=InnoDB DEFAULT CHARSET=utf8;
/*!40101 SET character_set_client = @saved_cs_client */;

--
-- Dumping data for table `vtiger_calendar_user_activitytypes`
--

LOCK TABLES `vtiger_calendar_user_activitytypes` WRITE;
/*!40000 ALTER TABLE `vtiger_calendar_user_activitytypes` DISABLE KEYS */;
INSERT INTO `vtiger_calendar_user_activitytypes` VALUES (1,1,1,'#17309A',1),(2,2,1,'#3A87AD',1),(3,3,1,'#AA6705',1),(4,4,1,'#953B39',1),(5,5,1,'#545252',1),(6,6,1,'#87865D',1),(7,7,1,'#C71585',1),(8,8,1,'#006400',1),(9,1,5,'#17309A',1),(10,2,5,'#3A87AD',1),(11,3,5,'#AA6705',1),(12,4,5,'#953B39',1),(13,5,5,'#545252',1),(14,6,5,'#87865D',1),(15,7,5,'#C71585',1),(16,8,5,'#006400',1),(17,1,6,'#17309A',1),(18,2,6,'#3A87AD',1),(19,3,6,'#AA6705',1),(20,4,6,'#953B39',1),(21,5,6,'#545252',1),(22,6,6,'#87865D',1),(23,7,6,'#C71585',1),(24,8,6,'#006400',1),(25,1,7,'#17309A',1),(26,2,7,'#3A87AD',1),(27,3,7,'#AA6705',1),(28,4,7,'#953B39',1),(29,5,7,'#545252',1),(30,6,7,'#87865D',1),(31,7,7,'#C71585',1),(32,8,7,'#006400',1),(33,1,8,'#17309A',1),(34,2,8,'#3A87AD',1),(35,3,8,'#AA6705',1),(36,4,8,'#953B39',1),(37,5,8,'#545252',1),(38,6,8,'#87865D',1),(39,7,8,'#C71585',1),(40,8,8,'#006400',1),(41,1,9,'#17309A',1),(42,2,9,'#3A87AD',1),(43,3,9,'#AA6705',1),(44,4,9,'#953B39',1),(45,5,9,'#545252',1),(46,6,9,'#87865D',1),(47,7,9,'#C71585',1),(48,8,9,'#006400',1),(49,1,10,'#17309A',1),(50,2,10,'#3A87AD',1),(51,3,10,'#AA6705',1),(52,4,10,'#953B39',1),(53,5,10,'#545252',1),(54,6,10,'#87865D',1),(55,7,10,'#C71585',1),(56,8,10,'#006400',1),(57,1,11,'#17309A',1),(58,2,11,'#3A87AD',1),(59,3,11,'#AA6705',1),(60,4,11,'#953B39',1),(61,5,11,'#545252',1),(62,6,11,'#87865D',1),(63,7,11,'#C71585',1),(64,8,11,'#006400',1),(65,1,12,'#17309A',1),(66,2,12,'#3A87AD',1),(67,3,12,'#AA6705',1),(68,4,12,'#953B39',1),(69,5,12,'#545252',1),(70,6,12,'#87865D',1),(71,7,12,'#C71585',1),(72,8,12,'#006400',1),(73,1,13,'#17309A',1),(74,2,13,'#3A87AD',1),(75,3,13,'#AA6705',1),(76,4,13,'#953B39',1),(77,5,13,'#545252',1),(78,6,13,'#87865D',1),(79,7,13,'#C71585',1),(80,8,13,'#006400',1);
/*!40000 ALTER TABLE `vtiger_calendar_user_activitytypes` ENABLE KEYS */;
UNLOCK TABLES;

--
-- Table structure for table `vtiger_calendar_user_activitytypes_seq`
--

DROP TABLE IF EXISTS `vtiger_calendar_user_activitytypes_seq`;
/*!40101 SET @saved_cs_client     = @@character_set_client */;
/*!40101 SET character_set_client = utf8 */;
CREATE TABLE `vtiger_calendar_user_activitytypes_seq` (
  `id` int(11) NOT NULL
) ENGINE=InnoDB DEFAULT CHARSET=utf8;
/*!40101 SET character_set_client = @saved_cs_client */;

--
-- Dumping data for table `vtiger_calendar_user_activitytypes_seq`
--

LOCK TABLES `vtiger_calendar_user_activitytypes_seq` WRITE;
/*!40000 ALTER TABLE `vtiger_calendar_user_activitytypes_seq` DISABLE KEYS */;
INSERT INTO `vtiger_calendar_user_activitytypes_seq` VALUES (80);
/*!40000 ALTER TABLE `vtiger_calendar_user_activitytypes_seq` ENABLE KEYS */;
UNLOCK TABLES;

--
-- Table structure for table `vtiger_calendarsharedtype`
--

DROP TABLE IF EXISTS `vtiger_calendarsharedtype`;
/*!40101 SET @saved_cs_client     = @@character_set_client */;
/*!40101 SET character_set_client = utf8 */;
CREATE TABLE `vtiger_calendarsharedtype` (
  `calendarsharedtypeid` int(11) NOT NULL AUTO_INCREMENT,
  `calendarsharedtype` varchar(200) NOT NULL,
  `sortorderid` int(11) DEFAULT NULL,
  `presence` int(11) NOT NULL DEFAULT '1',
  PRIMARY KEY (`calendarsharedtypeid`)
) ENGINE=InnoDB AUTO_INCREMENT=4 DEFAULT CHARSET=utf8;
/*!40101 SET character_set_client = @saved_cs_client */;

--
-- Dumping data for table `vtiger_calendarsharedtype`
--

LOCK TABLES `vtiger_calendarsharedtype` WRITE;
/*!40000 ALTER TABLE `vtiger_calendarsharedtype` DISABLE KEYS */;
INSERT INTO `vtiger_calendarsharedtype` VALUES (1,'public',1,1),(2,'private',2,1),(3,'seletedusers',3,1);
/*!40000 ALTER TABLE `vtiger_calendarsharedtype` ENABLE KEYS */;
UNLOCK TABLES;

--
-- Table structure for table `vtiger_calendarsharedtype_seq`
--

DROP TABLE IF EXISTS `vtiger_calendarsharedtype_seq`;
/*!40101 SET @saved_cs_client     = @@character_set_client */;
/*!40101 SET character_set_client = utf8 */;
CREATE TABLE `vtiger_calendarsharedtype_seq` (
  `id` int(11) NOT NULL
) ENGINE=InnoDB DEFAULT CHARSET=utf8;
/*!40101 SET character_set_client = @saved_cs_client */;

--
-- Dumping data for table `vtiger_calendarsharedtype_seq`
--

LOCK TABLES `vtiger_calendarsharedtype_seq` WRITE;
/*!40000 ALTER TABLE `vtiger_calendarsharedtype_seq` DISABLE KEYS */;
INSERT INTO `vtiger_calendarsharedtype_seq` VALUES (3);
/*!40000 ALTER TABLE `vtiger_calendarsharedtype_seq` ENABLE KEYS */;
UNLOCK TABLES;

--
-- Table structure for table `vtiger_callduration`
--

DROP TABLE IF EXISTS `vtiger_callduration`;
/*!40101 SET @saved_cs_client     = @@character_set_client */;
/*!40101 SET character_set_client = utf8 */;
CREATE TABLE `vtiger_callduration` (
  `calldurationid` int(11) NOT NULL AUTO_INCREMENT,
  `callduration` varchar(200) NOT NULL,
  `sortorderid` int(11) DEFAULT NULL,
  `presence` int(11) NOT NULL DEFAULT '1',
  PRIMARY KEY (`calldurationid`)
) ENGINE=InnoDB AUTO_INCREMENT=6 DEFAULT CHARSET=utf8;
/*!40101 SET character_set_client = @saved_cs_client */;

--
-- Dumping data for table `vtiger_callduration`
--

LOCK TABLES `vtiger_callduration` WRITE;
/*!40000 ALTER TABLE `vtiger_callduration` DISABLE KEYS */;
INSERT INTO `vtiger_callduration` VALUES (1,'5',1,1),(2,'10',2,1),(3,'30',3,1),(4,'60',4,1),(5,'120',5,1);
/*!40000 ALTER TABLE `vtiger_callduration` ENABLE KEYS */;
UNLOCK TABLES;

--
-- Table structure for table `vtiger_callduration_seq`
--

DROP TABLE IF EXISTS `vtiger_callduration_seq`;
/*!40101 SET @saved_cs_client     = @@character_set_client */;
/*!40101 SET character_set_client = utf8 */;
CREATE TABLE `vtiger_callduration_seq` (
  `id` int(11) NOT NULL
) ENGINE=InnoDB DEFAULT CHARSET=utf8;
/*!40101 SET character_set_client = @saved_cs_client */;

--
-- Dumping data for table `vtiger_callduration_seq`
--

LOCK TABLES `vtiger_callduration_seq` WRITE;
/*!40000 ALTER TABLE `vtiger_callduration_seq` DISABLE KEYS */;
INSERT INTO `vtiger_callduration_seq` VALUES (5);
/*!40000 ALTER TABLE `vtiger_callduration_seq` ENABLE KEYS */;
UNLOCK TABLES;

--
-- Table structure for table `vtiger_campaign`
--

DROP TABLE IF EXISTS `vtiger_campaign`;
/*!40101 SET @saved_cs_client     = @@character_set_client */;
/*!40101 SET character_set_client = utf8 */;
CREATE TABLE `vtiger_campaign` (
  `campaign_no` varchar(100) NOT NULL,
  `campaignname` varchar(255) DEFAULT NULL,
  `campaigntype` varchar(200) DEFAULT NULL,
  `campaignstatus` varchar(200) DEFAULT NULL,
  `expectedrevenue` decimal(25,8) DEFAULT NULL,
  `budgetcost` decimal(25,8) DEFAULT NULL,
  `actualcost` decimal(25,8) DEFAULT NULL,
  `expectedresponse` varchar(200) DEFAULT NULL,
  `numsent` decimal(11,0) DEFAULT NULL,
  `product_id` int(19) DEFAULT NULL,
  `sponsor` varchar(255) DEFAULT NULL,
  `targetaudience` varchar(255) DEFAULT NULL,
  `targetsize` int(19) DEFAULT NULL,
  `expectedresponsecount` int(19) DEFAULT NULL,
  `expectedsalescount` int(19) DEFAULT NULL,
  `expectedroi` decimal(25,8) DEFAULT NULL,
  `actualresponsecount` int(19) DEFAULT NULL,
  `actualsalescount` int(19) DEFAULT NULL,
  `actualroi` decimal(25,8) DEFAULT NULL,
  `campaignid` int(19) NOT NULL,
  `closingdate` date DEFAULT NULL,
  PRIMARY KEY (`campaignid`),
  KEY `campaign_campaignstatus_idx` (`campaignstatus`),
  KEY `campaign_campaignname_idx` (`campaignname`),
  KEY `campaign_campaignid_idx` (`campaignid`)
) ENGINE=InnoDB DEFAULT CHARSET=utf8;
/*!40101 SET character_set_client = @saved_cs_client */;

--
-- Dumping data for table `vtiger_campaign`
--

LOCK TABLES `vtiger_campaign` WRITE;
/*!40000 ALTER TABLE `vtiger_campaign` DISABLE KEYS */;
/*!40000 ALTER TABLE `vtiger_campaign` ENABLE KEYS */;
UNLOCK TABLES;

--
-- Table structure for table `vtiger_campaignaccountrel`
--

DROP TABLE IF EXISTS `vtiger_campaignaccountrel`;
/*!40101 SET @saved_cs_client     = @@character_set_client */;
/*!40101 SET character_set_client = utf8 */;
CREATE TABLE `vtiger_campaignaccountrel` (
  `campaignid` int(19) DEFAULT NULL,
  `accountid` int(19) DEFAULT NULL,
  `campaignrelstatusid` int(19) DEFAULT NULL
) ENGINE=InnoDB DEFAULT CHARSET=utf8;
/*!40101 SET character_set_client = @saved_cs_client */;

--
-- Dumping data for table `vtiger_campaignaccountrel`
--

LOCK TABLES `vtiger_campaignaccountrel` WRITE;
/*!40000 ALTER TABLE `vtiger_campaignaccountrel` DISABLE KEYS */;
/*!40000 ALTER TABLE `vtiger_campaignaccountrel` ENABLE KEYS */;
UNLOCK TABLES;

--
-- Table structure for table `vtiger_campaigncontrel`
--

DROP TABLE IF EXISTS `vtiger_campaigncontrel`;
/*!40101 SET @saved_cs_client     = @@character_set_client */;
/*!40101 SET character_set_client = utf8 */;
CREATE TABLE `vtiger_campaigncontrel` (
  `campaignid` int(19) NOT NULL DEFAULT '0',
  `contactid` int(19) NOT NULL DEFAULT '0',
  `campaignrelstatusid` int(19) NOT NULL DEFAULT '0',
  PRIMARY KEY (`campaignid`,`contactid`,`campaignrelstatusid`),
  KEY `campaigncontrel_contractid_idx` (`contactid`)
) ENGINE=InnoDB DEFAULT CHARSET=utf8;
/*!40101 SET character_set_client = @saved_cs_client */;

--
-- Dumping data for table `vtiger_campaigncontrel`
--

LOCK TABLES `vtiger_campaigncontrel` WRITE;
/*!40000 ALTER TABLE `vtiger_campaigncontrel` DISABLE KEYS */;
/*!40000 ALTER TABLE `vtiger_campaigncontrel` ENABLE KEYS */;
UNLOCK TABLES;

--
-- Table structure for table `vtiger_campaignleadrel`
--

DROP TABLE IF EXISTS `vtiger_campaignleadrel`;
/*!40101 SET @saved_cs_client     = @@character_set_client */;
/*!40101 SET character_set_client = utf8 */;
CREATE TABLE `vtiger_campaignleadrel` (
  `campaignid` int(19) NOT NULL DEFAULT '0',
  `leadid` int(19) NOT NULL DEFAULT '0',
  `campaignrelstatusid` int(19) NOT NULL DEFAULT '0',
  PRIMARY KEY (`campaignid`,`leadid`,`campaignrelstatusid`),
  KEY `campaignleadrel_leadid_campaignid_idx` (`leadid`,`campaignid`)
) ENGINE=InnoDB DEFAULT CHARSET=utf8;
/*!40101 SET character_set_client = @saved_cs_client */;

--
-- Dumping data for table `vtiger_campaignleadrel`
--

LOCK TABLES `vtiger_campaignleadrel` WRITE;
/*!40000 ALTER TABLE `vtiger_campaignleadrel` DISABLE KEYS */;
/*!40000 ALTER TABLE `vtiger_campaignleadrel` ENABLE KEYS */;
UNLOCK TABLES;

--
-- Table structure for table `vtiger_campaignrelstatus`
--

DROP TABLE IF EXISTS `vtiger_campaignrelstatus`;
/*!40101 SET @saved_cs_client     = @@character_set_client */;
/*!40101 SET character_set_client = utf8 */;
CREATE TABLE `vtiger_campaignrelstatus` (
  `campaignrelstatusid` int(19) DEFAULT NULL,
  `campaignrelstatus` varchar(256) DEFAULT NULL,
  `sortorderid` int(19) DEFAULT NULL,
  `presence` int(19) DEFAULT NULL
) ENGINE=InnoDB DEFAULT CHARSET=utf8;
/*!40101 SET character_set_client = @saved_cs_client */;

--
-- Dumping data for table `vtiger_campaignrelstatus`
--

LOCK TABLES `vtiger_campaignrelstatus` WRITE;
/*!40000 ALTER TABLE `vtiger_campaignrelstatus` DISABLE KEYS */;
INSERT INTO `vtiger_campaignrelstatus` VALUES (2,'Contacted - Successful',1,1),(3,'Contacted - Unsuccessful',2,1),(4,'Contacted - Never Contact Again',3,1);
/*!40000 ALTER TABLE `vtiger_campaignrelstatus` ENABLE KEYS */;
UNLOCK TABLES;

--
-- Table structure for table `vtiger_campaignrelstatus_seq`
--

DROP TABLE IF EXISTS `vtiger_campaignrelstatus_seq`;
/*!40101 SET @saved_cs_client     = @@character_set_client */;
/*!40101 SET character_set_client = utf8 */;
CREATE TABLE `vtiger_campaignrelstatus_seq` (
  `id` int(11) NOT NULL
) ENGINE=InnoDB DEFAULT CHARSET=utf8;
/*!40101 SET character_set_client = @saved_cs_client */;

--
-- Dumping data for table `vtiger_campaignrelstatus_seq`
--

LOCK TABLES `vtiger_campaignrelstatus_seq` WRITE;
/*!40000 ALTER TABLE `vtiger_campaignrelstatus_seq` DISABLE KEYS */;
INSERT INTO `vtiger_campaignrelstatus_seq` VALUES (4);
/*!40000 ALTER TABLE `vtiger_campaignrelstatus_seq` ENABLE KEYS */;
UNLOCK TABLES;

--
-- Table structure for table `vtiger_campaignscf`
--

DROP TABLE IF EXISTS `vtiger_campaignscf`;
/*!40101 SET @saved_cs_client     = @@character_set_client */;
/*!40101 SET character_set_client = utf8 */;
CREATE TABLE `vtiger_campaignscf` (
  `campaignid` int(19) NOT NULL DEFAULT '0',
  PRIMARY KEY (`campaignid`)
) ENGINE=InnoDB DEFAULT CHARSET=utf8;
/*!40101 SET character_set_client = @saved_cs_client */;

--
-- Dumping data for table `vtiger_campaignscf`
--

LOCK TABLES `vtiger_campaignscf` WRITE;
/*!40000 ALTER TABLE `vtiger_campaignscf` DISABLE KEYS */;
/*!40000 ALTER TABLE `vtiger_campaignscf` ENABLE KEYS */;
UNLOCK TABLES;

--
-- Table structure for table `vtiger_campaignstatus`
--

DROP TABLE IF EXISTS `vtiger_campaignstatus`;
/*!40101 SET @saved_cs_client     = @@character_set_client */;
/*!40101 SET character_set_client = utf8 */;
CREATE TABLE `vtiger_campaignstatus` (
  `campaignstatusid` int(19) NOT NULL AUTO_INCREMENT,
  `campaignstatus` varchar(200) NOT NULL,
  `presence` int(1) NOT NULL DEFAULT '1',
  `picklist_valueid` int(19) NOT NULL DEFAULT '0',
  `sortorderid` int(11) DEFAULT NULL,
  PRIMARY KEY (`campaignstatusid`),
  KEY `campaignstatus_campaignstatus_idx` (`campaignstatus`)
) ENGINE=InnoDB AUTO_INCREMENT=7 DEFAULT CHARSET=utf8;
/*!40101 SET character_set_client = @saved_cs_client */;

--
-- Dumping data for table `vtiger_campaignstatus`
--

LOCK TABLES `vtiger_campaignstatus` WRITE;
/*!40000 ALTER TABLE `vtiger_campaignstatus` DISABLE KEYS */;
INSERT INTO `vtiger_campaignstatus` VALUES (2,'Planning',1,15,1),(3,'Active',1,16,2),(4,'Inactive',1,17,3),(5,'Completed',1,18,4),(6,'Cancelled',1,19,5);
/*!40000 ALTER TABLE `vtiger_campaignstatus` ENABLE KEYS */;
UNLOCK TABLES;

--
-- Table structure for table `vtiger_campaignstatus_seq`
--

DROP TABLE IF EXISTS `vtiger_campaignstatus_seq`;
/*!40101 SET @saved_cs_client     = @@character_set_client */;
/*!40101 SET character_set_client = utf8 */;
CREATE TABLE `vtiger_campaignstatus_seq` (
  `id` int(11) NOT NULL
) ENGINE=InnoDB DEFAULT CHARSET=utf8;
/*!40101 SET character_set_client = @saved_cs_client */;

--
-- Dumping data for table `vtiger_campaignstatus_seq`
--

LOCK TABLES `vtiger_campaignstatus_seq` WRITE;
/*!40000 ALTER TABLE `vtiger_campaignstatus_seq` DISABLE KEYS */;
INSERT INTO `vtiger_campaignstatus_seq` VALUES (6);
/*!40000 ALTER TABLE `vtiger_campaignstatus_seq` ENABLE KEYS */;
UNLOCK TABLES;

--
-- Table structure for table `vtiger_campaigntype`
--

DROP TABLE IF EXISTS `vtiger_campaigntype`;
/*!40101 SET @saved_cs_client     = @@character_set_client */;
/*!40101 SET character_set_client = utf8 */;
CREATE TABLE `vtiger_campaigntype` (
  `campaigntypeid` int(19) NOT NULL AUTO_INCREMENT,
  `campaigntype` varchar(200) NOT NULL,
  `presence` int(1) NOT NULL DEFAULT '1',
  `picklist_valueid` int(19) NOT NULL DEFAULT '0',
  `sortorderid` int(11) DEFAULT NULL,
  PRIMARY KEY (`campaigntypeid`),
  UNIQUE KEY `campaigntype_campaigntype_idx` (`campaigntype`)
) ENGINE=InnoDB AUTO_INCREMENT=14 DEFAULT CHARSET=utf8;
/*!40101 SET character_set_client = @saved_cs_client */;

--
-- Dumping data for table `vtiger_campaigntype`
--

LOCK TABLES `vtiger_campaigntype` WRITE;
/*!40000 ALTER TABLE `vtiger_campaigntype` DISABLE KEYS */;
INSERT INTO `vtiger_campaigntype` VALUES (2,'Conference',1,21,1),(3,'Webinar',1,22,2),(4,'Trade Show',1,23,3),(5,'Public Relations',1,24,4),(6,'Partners',1,25,5),(7,'Referral Program',1,26,6),(8,'Advertisement',1,27,7),(9,'Banner Ads',1,28,8),(10,'Direct Mail',1,29,9),(11,'Email',1,30,10),(12,'Telemarketing',1,31,11),(13,'Others',1,32,12);
/*!40000 ALTER TABLE `vtiger_campaigntype` ENABLE KEYS */;
UNLOCK TABLES;

--
-- Table structure for table `vtiger_campaigntype_seq`
--

DROP TABLE IF EXISTS `vtiger_campaigntype_seq`;
/*!40101 SET @saved_cs_client     = @@character_set_client */;
/*!40101 SET character_set_client = utf8 */;
CREATE TABLE `vtiger_campaigntype_seq` (
  `id` int(11) NOT NULL
) ENGINE=InnoDB DEFAULT CHARSET=utf8;
/*!40101 SET character_set_client = @saved_cs_client */;

--
-- Dumping data for table `vtiger_campaigntype_seq`
--

LOCK TABLES `vtiger_campaigntype_seq` WRITE;
/*!40000 ALTER TABLE `vtiger_campaigntype_seq` DISABLE KEYS */;
INSERT INTO `vtiger_campaigntype_seq` VALUES (13);
/*!40000 ALTER TABLE `vtiger_campaigntype_seq` ENABLE KEYS */;
UNLOCK TABLES;

--
-- Table structure for table `vtiger_carrier`
--

DROP TABLE IF EXISTS `vtiger_carrier`;
/*!40101 SET @saved_cs_client     = @@character_set_client */;
/*!40101 SET character_set_client = utf8 */;
CREATE TABLE `vtiger_carrier` (
  `carrierid` int(19) NOT NULL AUTO_INCREMENT,
  `carrier` varchar(200) NOT NULL,
  `presence` int(1) NOT NULL DEFAULT '1',
  `picklist_valueid` int(19) NOT NULL DEFAULT '0',
  `sortorderid` int(11) DEFAULT NULL,
  PRIMARY KEY (`carrierid`),
  UNIQUE KEY `carrier_carrier_idx` (`carrier`)
) ENGINE=InnoDB AUTO_INCREMENT=6 DEFAULT CHARSET=utf8;
/*!40101 SET character_set_client = @saved_cs_client */;

--
-- Dumping data for table `vtiger_carrier`
--

LOCK TABLES `vtiger_carrier` WRITE;
/*!40000 ALTER TABLE `vtiger_carrier` DISABLE KEYS */;
INSERT INTO `vtiger_carrier` VALUES (1,'FedEx',1,33,0),(2,'UPS',1,34,1),(3,'USPS',1,35,2),(4,'DHL',1,36,3),(5,'BlueDart',1,37,4);
/*!40000 ALTER TABLE `vtiger_carrier` ENABLE KEYS */;
UNLOCK TABLES;

--
-- Table structure for table `vtiger_carrier_seq`
--

DROP TABLE IF EXISTS `vtiger_carrier_seq`;
/*!40101 SET @saved_cs_client     = @@character_set_client */;
/*!40101 SET character_set_client = utf8 */;
CREATE TABLE `vtiger_carrier_seq` (
  `id` int(11) NOT NULL
) ENGINE=InnoDB DEFAULT CHARSET=utf8;
/*!40101 SET character_set_client = @saved_cs_client */;

--
-- Dumping data for table `vtiger_carrier_seq`
--

LOCK TABLES `vtiger_carrier_seq` WRITE;
/*!40000 ALTER TABLE `vtiger_carrier_seq` DISABLE KEYS */;
INSERT INTO `vtiger_carrier_seq` VALUES (5);
/*!40000 ALTER TABLE `vtiger_carrier_seq` ENABLE KEYS */;
UNLOCK TABLES;

--
-- Table structure for table `vtiger_cntactivityrel`
--

DROP TABLE IF EXISTS `vtiger_cntactivityrel`;
/*!40101 SET @saved_cs_client     = @@character_set_client */;
/*!40101 SET character_set_client = utf8 */;
CREATE TABLE `vtiger_cntactivityrel` (
  `contactid` int(19) NOT NULL DEFAULT '0',
  `activityid` int(19) NOT NULL DEFAULT '0',
  PRIMARY KEY (`contactid`,`activityid`),
  KEY `cntactivityrel_contactid_idx` (`contactid`),
  KEY `cntactivityrel_activityid_idx` (`activityid`)
) ENGINE=InnoDB DEFAULT CHARSET=utf8;
/*!40101 SET character_set_client = @saved_cs_client */;

--
-- Dumping data for table `vtiger_cntactivityrel`
--

LOCK TABLES `vtiger_cntactivityrel` WRITE;
/*!40000 ALTER TABLE `vtiger_cntactivityrel` DISABLE KEYS */;
/*!40000 ALTER TABLE `vtiger_cntactivityrel` ENABLE KEYS */;
UNLOCK TABLES;

--
-- Table structure for table `vtiger_contactaddress`
--

DROP TABLE IF EXISTS `vtiger_contactaddress`;
/*!40101 SET @saved_cs_client     = @@character_set_client */;
/*!40101 SET character_set_client = utf8 */;
CREATE TABLE `vtiger_contactaddress` (
  `contactaddressid` int(19) NOT NULL DEFAULT '0',
  `mailingcity` varchar(40) DEFAULT NULL,
  `mailingstreet` varchar(250) DEFAULT NULL,
  `mailingcountry` varchar(40) DEFAULT NULL,
  `othercountry` varchar(30) DEFAULT NULL,
  `mailingstate` varchar(30) DEFAULT NULL,
  `mailingpobox` varchar(30) DEFAULT NULL,
  `othercity` varchar(40) DEFAULT NULL,
  `otherstate` varchar(50) DEFAULT NULL,
  `mailingzip` varchar(30) DEFAULT NULL,
  `otherzip` varchar(30) DEFAULT NULL,
  `otherstreet` varchar(250) DEFAULT NULL,
  `otherpobox` varchar(30) DEFAULT NULL,
  PRIMARY KEY (`contactaddressid`)
) ENGINE=InnoDB DEFAULT CHARSET=utf8;
/*!40101 SET character_set_client = @saved_cs_client */;

--
-- Dumping data for table `vtiger_contactaddress`
--

LOCK TABLES `vtiger_contactaddress` WRITE;
/*!40000 ALTER TABLE `vtiger_contactaddress` DISABLE KEYS */;
INSERT INTO `vtiger_contactaddress` VALUES (3,'','','','','','','','','','','',''),(7,'','','','','','','','','','','',''),(24,'Garbutt','5 Hamill Street','Australia','','Qld','','','','','','',''),(28,'Garbutt','5 Hamill Street','Australia','Australia','Qld','','Garbutt','Qld','4151','4151','5 Hamill Street',''),(32,'','','','','','','','','','','',''),(37,'','','','','','','','','','','',''),(44,'','','','','','','','','','','',''),(79,'','','','','','','','','','','',''),(88,'Brisbane','10 Down Close','','','','PO Box 999','','','','','',''),(95,'Brisbane','99 Anne Street','Australia','','Qld','','','','','','','');
/*!40000 ALTER TABLE `vtiger_contactaddress` ENABLE KEYS */;
UNLOCK TABLES;

--
-- Table structure for table `vtiger_contactdetails`
--

DROP TABLE IF EXISTS `vtiger_contactdetails`;
/*!40101 SET @saved_cs_client     = @@character_set_client */;
/*!40101 SET character_set_client = utf8 */;
CREATE TABLE `vtiger_contactdetails` (
  `contactid` int(19) NOT NULL DEFAULT '0',
  `contact_no` varchar(100) NOT NULL,
  `accountid` int(19) DEFAULT NULL,
  `salutation` varchar(200) DEFAULT NULL,
  `firstname` varchar(40) DEFAULT NULL,
  `lastname` varchar(80) NOT NULL,
  `email` varchar(100) DEFAULT NULL,
  `phone` varchar(50) DEFAULT NULL,
  `mobile` varchar(50) DEFAULT NULL,
  `title` varchar(50) DEFAULT NULL,
  `department` varchar(30) DEFAULT NULL,
  `fax` varchar(50) DEFAULT NULL,
  `reportsto` varchar(30) DEFAULT NULL,
  `training` varchar(50) DEFAULT NULL,
  `usertype` varchar(50) DEFAULT NULL,
  `contacttype` varchar(50) DEFAULT NULL,
  `otheremail` varchar(100) DEFAULT NULL,
  `secondaryemail` varchar(100) DEFAULT NULL,
  `donotcall` varchar(3) DEFAULT NULL,
  `emailoptout` varchar(3) DEFAULT '0',
  `imagename` varchar(150) DEFAULT NULL,
  `reference` varchar(3) DEFAULT NULL,
  `notify_owner` varchar(3) DEFAULT '0',
  `isconvertedfromlead` varchar(3) DEFAULT '0',
  PRIMARY KEY (`contactid`),
  KEY `contactdetails_accountid_idx` (`accountid`),
  KEY `email_idx` (`email`)
) ENGINE=InnoDB DEFAULT CHARSET=utf8;
/*!40101 SET character_set_client = @saved_cs_client */;

--
-- Dumping data for table `vtiger_contactdetails`
--

LOCK TABLES `vtiger_contactdetails` WRITE;
/*!40000 ALTER TABLE `vtiger_contactdetails` DISABLE KEYS */;
INSERT INTO `vtiger_contactdetails` VALUES (3,'CON1',43,'','John','Smith','adam.d.harris@me.com','','','','','','0',NULL,NULL,NULL,NULL,'','0','0','','0','0','0'),(7,'CON2',6,'','Dealer 1','Contact 1','','','','','','','0',NULL,NULL,NULL,NULL,'','0','0','','0','0','0'),(24,'CON3',23,'','Jane','Doe','jane@daeler1account.com','','','Owner','','','0',NULL,NULL,NULL,NULL,'','0','0','','0','0','1'),(28,'CON4',23,'','Coryn','Danes','coryn@thecolouredhouse.com.au','','','Administration Assistant','','','24',NULL,NULL,NULL,NULL,'','0','0','Chelsea.jpg','0','0','0'),(32,'CON5',31,'','Jane','Nicolas','adam.d.harris@me.com','','','','','','0',NULL,NULL,NULL,NULL,'','0','0','','0','0','1'),(37,'CON6',36,'','Bob','Smith','','','','','','','0',NULL,NULL,NULL,NULL,'','0','0','','0','0','1'),(44,'CON7',43,'','John','Doe','','','','','','','0',NULL,NULL,NULL,NULL,'','0','0','','0','0','1'),(79,'CON8',78,'','Bob','Smith','','','','','','','0',NULL,NULL,NULL,NULL,'','0','0','','0','0','1'),(88,'CON9',78,'','Jane','Smith','adam.d.harris@me.com','07 9999 9999','','','','','0',NULL,NULL,NULL,NULL,'','0','0','','0','0','0'),(95,'CON10',94,'','Rob','Smith','adam.d.harris@me.com','07 9999 9999','0499 999 999','Sales Representative','','','0',NULL,NULL,NULL,NULL,'adam.d.harris@me.com','0','0','','0','0','1');
/*!40000 ALTER TABLE `vtiger_contactdetails` ENABLE KEYS */;
UNLOCK TABLES;

--
-- Table structure for table `vtiger_contactscf`
--

DROP TABLE IF EXISTS `vtiger_contactscf`;
/*!40101 SET @saved_cs_client     = @@character_set_client */;
/*!40101 SET character_set_client = utf8 */;
CREATE TABLE `vtiger_contactscf` (
  `contactid` int(19) NOT NULL DEFAULT '0',
  PRIMARY KEY (`contactid`)
) ENGINE=InnoDB DEFAULT CHARSET=utf8;
/*!40101 SET character_set_client = @saved_cs_client */;

--
-- Dumping data for table `vtiger_contactscf`
--

LOCK TABLES `vtiger_contactscf` WRITE;
/*!40000 ALTER TABLE `vtiger_contactscf` DISABLE KEYS */;
INSERT INTO `vtiger_contactscf` VALUES (3),(7),(24),(28),(32),(37),(44),(79),(88),(95);
/*!40000 ALTER TABLE `vtiger_contactscf` ENABLE KEYS */;
UNLOCK TABLES;

--
-- Table structure for table `vtiger_contactsubdetails`
--

DROP TABLE IF EXISTS `vtiger_contactsubdetails`;
/*!40101 SET @saved_cs_client     = @@character_set_client */;
/*!40101 SET character_set_client = utf8 */;
CREATE TABLE `vtiger_contactsubdetails` (
  `contactsubscriptionid` int(19) NOT NULL DEFAULT '0',
  `homephone` varchar(50) DEFAULT NULL,
  `otherphone` varchar(50) DEFAULT NULL,
  `assistant` varchar(30) DEFAULT NULL,
  `assistantphone` varchar(50) DEFAULT NULL,
  `birthday` date DEFAULT NULL,
  `laststayintouchrequest` int(30) DEFAULT '0',
  `laststayintouchsavedate` int(19) DEFAULT '0',
  `leadsource` varchar(200) DEFAULT NULL,
  PRIMARY KEY (`contactsubscriptionid`)
) ENGINE=InnoDB DEFAULT CHARSET=utf8;
/*!40101 SET character_set_client = @saved_cs_client */;

--
-- Dumping data for table `vtiger_contactsubdetails`
--

LOCK TABLES `vtiger_contactsubdetails` WRITE;
/*!40000 ALTER TABLE `vtiger_contactsubdetails` DISABLE KEYS */;
INSERT INTO `vtiger_contactsubdetails` VALUES (3,'','','','',NULL,0,0,''),(7,'','','','',NULL,0,0,''),(24,'','','','',NULL,0,0,'Existing Customer'),(28,'','','','',NULL,0,0,''),(32,'','','','',NULL,0,0,''),(37,'','','','',NULL,0,0,''),(44,'','','','',NULL,0,0,''),(79,'','','','',NULL,0,0,''),(88,'','','','',NULL,0,0,''),(95,'','','','',NULL,0,0,'Existing Customer');
/*!40000 ALTER TABLE `vtiger_contactsubdetails` ENABLE KEYS */;
UNLOCK TABLES;

--
-- Table structure for table `vtiger_contpotentialrel`
--

DROP TABLE IF EXISTS `vtiger_contpotentialrel`;
/*!40101 SET @saved_cs_client     = @@character_set_client */;
/*!40101 SET character_set_client = utf8 */;
CREATE TABLE `vtiger_contpotentialrel` (
  `contactid` int(19) NOT NULL DEFAULT '0',
  `potentialid` int(19) NOT NULL DEFAULT '0',
  PRIMARY KEY (`contactid`,`potentialid`),
  KEY `contpotentialrel_potentialid_idx` (`potentialid`),
  KEY `contpotentialrel_contactid_idx` (`contactid`)
) ENGINE=InnoDB DEFAULT CHARSET=utf8;
/*!40101 SET character_set_client = @saved_cs_client */;

--
-- Dumping data for table `vtiger_contpotentialrel`
--

LOCK TABLES `vtiger_contpotentialrel` WRITE;
/*!40000 ALTER TABLE `vtiger_contpotentialrel` DISABLE KEYS */;
INSERT INTO `vtiger_contpotentialrel` VALUES (24,25),(32,33),(37,38),(44,45),(79,80);
/*!40000 ALTER TABLE `vtiger_contpotentialrel` ENABLE KEYS */;
UNLOCK TABLES;

--
-- Table structure for table `vtiger_contract_priority`
--

DROP TABLE IF EXISTS `vtiger_contract_priority`;
/*!40101 SET @saved_cs_client     = @@character_set_client */;
/*!40101 SET character_set_client = utf8 */;
CREATE TABLE `vtiger_contract_priority` (
  `contract_priorityid` int(11) NOT NULL AUTO_INCREMENT,
  `contract_priority` varchar(200) NOT NULL,
  `presence` int(1) NOT NULL DEFAULT '1',
  `picklist_valueid` int(11) NOT NULL DEFAULT '0',
  `sortorderid` int(11) DEFAULT '0',
  PRIMARY KEY (`contract_priorityid`)
) ENGINE=InnoDB AUTO_INCREMENT=4 DEFAULT CHARSET=utf8;
/*!40101 SET character_set_client = @saved_cs_client */;

--
-- Dumping data for table `vtiger_contract_priority`
--

LOCK TABLES `vtiger_contract_priority` WRITE;
/*!40000 ALTER TABLE `vtiger_contract_priority` DISABLE KEYS */;
INSERT INTO `vtiger_contract_priority` VALUES (1,'Low',1,220,1),(2,'Normal',1,221,2),(3,'High',1,222,3);
/*!40000 ALTER TABLE `vtiger_contract_priority` ENABLE KEYS */;
UNLOCK TABLES;

--
-- Table structure for table `vtiger_contract_priority_seq`
--

DROP TABLE IF EXISTS `vtiger_contract_priority_seq`;
/*!40101 SET @saved_cs_client     = @@character_set_client */;
/*!40101 SET character_set_client = utf8 */;
CREATE TABLE `vtiger_contract_priority_seq` (
  `id` int(11) NOT NULL
) ENGINE=InnoDB DEFAULT CHARSET=utf8;
/*!40101 SET character_set_client = @saved_cs_client */;

--
-- Dumping data for table `vtiger_contract_priority_seq`
--

LOCK TABLES `vtiger_contract_priority_seq` WRITE;
/*!40000 ALTER TABLE `vtiger_contract_priority_seq` DISABLE KEYS */;
INSERT INTO `vtiger_contract_priority_seq` VALUES (3);
/*!40000 ALTER TABLE `vtiger_contract_priority_seq` ENABLE KEYS */;
UNLOCK TABLES;

--
-- Table structure for table `vtiger_contract_status`
--

DROP TABLE IF EXISTS `vtiger_contract_status`;
/*!40101 SET @saved_cs_client     = @@character_set_client */;
/*!40101 SET character_set_client = utf8 */;
CREATE TABLE `vtiger_contract_status` (
  `contract_statusid` int(11) NOT NULL AUTO_INCREMENT,
  `contract_status` varchar(200) NOT NULL,
  `presence` int(1) NOT NULL DEFAULT '1',
  `picklist_valueid` int(11) NOT NULL DEFAULT '0',
  `sortorderid` int(11) DEFAULT '0',
  PRIMARY KEY (`contract_statusid`)
) ENGINE=InnoDB AUTO_INCREMENT=7 DEFAULT CHARSET=utf8;
/*!40101 SET character_set_client = @saved_cs_client */;

--
-- Dumping data for table `vtiger_contract_status`
--

LOCK TABLES `vtiger_contract_status` WRITE;
/*!40000 ALTER TABLE `vtiger_contract_status` DISABLE KEYS */;
INSERT INTO `vtiger_contract_status` VALUES (1,'Undefined',1,214,1),(2,'In Planning',1,215,2),(3,'In Progress',1,216,3),(4,'On Hold',1,217,4),(5,'Complete',0,218,5),(6,'Archived',1,219,6);
/*!40000 ALTER TABLE `vtiger_contract_status` ENABLE KEYS */;
UNLOCK TABLES;

--
-- Table structure for table `vtiger_contract_status_seq`
--

DROP TABLE IF EXISTS `vtiger_contract_status_seq`;
/*!40101 SET @saved_cs_client     = @@character_set_client */;
/*!40101 SET character_set_client = utf8 */;
CREATE TABLE `vtiger_contract_status_seq` (
  `id` int(11) NOT NULL
) ENGINE=InnoDB DEFAULT CHARSET=utf8;
/*!40101 SET character_set_client = @saved_cs_client */;

--
-- Dumping data for table `vtiger_contract_status_seq`
--

LOCK TABLES `vtiger_contract_status_seq` WRITE;
/*!40000 ALTER TABLE `vtiger_contract_status_seq` DISABLE KEYS */;
INSERT INTO `vtiger_contract_status_seq` VALUES (6);
/*!40000 ALTER TABLE `vtiger_contract_status_seq` ENABLE KEYS */;
UNLOCK TABLES;

--
-- Table structure for table `vtiger_contract_type`
--

DROP TABLE IF EXISTS `vtiger_contract_type`;
/*!40101 SET @saved_cs_client     = @@character_set_client */;
/*!40101 SET character_set_client = utf8 */;
CREATE TABLE `vtiger_contract_type` (
  `contract_typeid` int(11) NOT NULL AUTO_INCREMENT,
  `contract_type` varchar(200) NOT NULL,
  `presence` int(1) NOT NULL DEFAULT '1',
  `picklist_valueid` int(11) NOT NULL DEFAULT '0',
  `sortorderid` int(11) DEFAULT '0',
  PRIMARY KEY (`contract_typeid`)
) ENGINE=InnoDB AUTO_INCREMENT=4 DEFAULT CHARSET=utf8;
/*!40101 SET character_set_client = @saved_cs_client */;

--
-- Dumping data for table `vtiger_contract_type`
--

LOCK TABLES `vtiger_contract_type` WRITE;
/*!40000 ALTER TABLE `vtiger_contract_type` DISABLE KEYS */;
INSERT INTO `vtiger_contract_type` VALUES (1,'Support',1,223,1),(2,'Services',1,224,2),(3,'Administrative',1,225,3);
/*!40000 ALTER TABLE `vtiger_contract_type` ENABLE KEYS */;
UNLOCK TABLES;

--
-- Table structure for table `vtiger_contract_type_seq`
--

DROP TABLE IF EXISTS `vtiger_contract_type_seq`;
/*!40101 SET @saved_cs_client     = @@character_set_client */;
/*!40101 SET character_set_client = utf8 */;
CREATE TABLE `vtiger_contract_type_seq` (
  `id` int(11) NOT NULL
) ENGINE=InnoDB DEFAULT CHARSET=utf8;
/*!40101 SET character_set_client = @saved_cs_client */;

--
-- Dumping data for table `vtiger_contract_type_seq`
--

LOCK TABLES `vtiger_contract_type_seq` WRITE;
/*!40000 ALTER TABLE `vtiger_contract_type_seq` DISABLE KEYS */;
INSERT INTO `vtiger_contract_type_seq` VALUES (3);
/*!40000 ALTER TABLE `vtiger_contract_type_seq` ENABLE KEYS */;
UNLOCK TABLES;

--
-- Table structure for table `vtiger_convertleadmapping`
--

DROP TABLE IF EXISTS `vtiger_convertleadmapping`;
/*!40101 SET @saved_cs_client     = @@character_set_client */;
/*!40101 SET character_set_client = utf8 */;
CREATE TABLE `vtiger_convertleadmapping` (
  `cfmid` int(19) NOT NULL AUTO_INCREMENT,
  `leadfid` int(19) NOT NULL,
  `accountfid` int(19) DEFAULT NULL,
  `contactfid` int(19) DEFAULT NULL,
  `potentialfid` int(19) DEFAULT NULL,
  `editable` int(19) DEFAULT '1',
  PRIMARY KEY (`cfmid`)
) ENGINE=InnoDB AUTO_INCREMENT=32 DEFAULT CHARSET=utf8;
/*!40101 SET character_set_client = @saved_cs_client */;

--
-- Dumping data for table `vtiger_convertleadmapping`
--

LOCK TABLES `vtiger_convertleadmapping` WRITE;
/*!40000 ALTER TABLE `vtiger_convertleadmapping` DISABLE KEYS */;
INSERT INTO `vtiger_convertleadmapping` VALUES (1,43,1,0,110,0),(2,49,14,0,0,1),(3,40,3,69,0,NULL),(4,0,0,0,0,NULL),(5,44,5,77,0,1),(6,52,13,0,0,1),(7,46,9,80,0,0),(8,48,4,0,0,1),(9,61,26,98,0,1),(10,60,30,0,0,1),(11,62,32,104,0,1),(12,63,28,100,0,1),(13,59,24,96,0,1),(14,64,34,106,0,1),(15,61,27,0,0,1),(16,60,31,0,0,1),(17,62,33,0,0,1),(18,63,29,0,0,1),(19,59,25,0,0,1),(20,64,35,0,0,1),(21,65,36,109,125,1),(22,37,0,66,0,1),(23,38,0,67,0,0),(24,41,0,70,0,0),(25,42,0,71,0,1),(26,45,0,76,0,1),(27,55,0,83,0,1),(28,47,0,74,117,1),(29,50,0,0,0,1),(30,53,10,0,0,1),(31,51,17,0,0,1);
/*!40000 ALTER TABLE `vtiger_convertleadmapping` ENABLE KEYS */;
UNLOCK TABLES;

--
-- Table structure for table `vtiger_crmentity`
--

DROP TABLE IF EXISTS `vtiger_crmentity`;
/*!40101 SET @saved_cs_client     = @@character_set_client */;
/*!40101 SET character_set_client = utf8 */;
CREATE TABLE `vtiger_crmentity` (
  `crmid` int(19) NOT NULL,
  `smcreatorid` int(19) NOT NULL DEFAULT '0',
  `smownerid` int(19) NOT NULL DEFAULT '0',
  `modifiedby` int(19) NOT NULL DEFAULT '0',
  `setype` varchar(30) NOT NULL,
  `description` text,
  `createdtime` datetime NOT NULL,
  `modifiedtime` datetime NOT NULL,
  `viewedtime` datetime DEFAULT NULL,
  `status` varchar(50) DEFAULT NULL,
  `version` int(19) NOT NULL DEFAULT '0',
  `presence` int(1) DEFAULT '1',
  `deleted` int(1) NOT NULL DEFAULT '0',
  `label` varchar(255) DEFAULT NULL,
  PRIMARY KEY (`crmid`),
  KEY `crmentity_smcreatorid_idx` (`smcreatorid`),
  KEY `crmentity_modifiedby_idx` (`modifiedby`),
  KEY `crmentity_deleted_idx` (`deleted`),
  KEY `crm_ownerid_del_setype_idx` (`smownerid`,`deleted`,`setype`),
  KEY `vtiger_crmentity_labelidx` (`label`)
) ENGINE=InnoDB DEFAULT CHARSET=utf8;
/*!40101 SET character_set_client = @saved_cs_client */;

--
-- Dumping data for table `vtiger_crmentity`
--

LOCK TABLES `vtiger_crmentity` WRITE;
/*!40000 ALTER TABLE `vtiger_crmentity` DISABLE KEYS */;
INSERT INTO `vtiger_crmentity` VALUES (2,5,11,6,'Accounts','','2015-03-13 01:46:35','2015-04-26 17:50:06',NULL,NULL,0,1,1,'Andersens Coorparoo'),(3,5,11,6,'Contacts','','2015-03-13 01:47:36','2015-04-26 17:53:07',NULL,NULL,0,1,0,'John Smith'),(4,5,11,5,'Potentials','','2015-03-13 01:48:14','2015-03-13 01:56:13',NULL,NULL,0,1,1,'Test'),(5,11,11,5,'Leads','','2015-03-13 02:03:50','2015-04-14 04:55:06',NULL,NULL,0,1,1,'Con Nicolas'),(6,5,7,6,'Accounts','','2015-03-31 04:56:27','2015-04-26 17:51:07',NULL,NULL,0,1,0,'Dealer 1 Account'),(7,5,7,5,'Contacts','','2015-03-31 04:57:05','2015-03-31 04:57:05',NULL,NULL,0,1,0,'Dealer 1 Contact 1'),(8,1,5,5,'Products','','2015-04-12 20:03:41','2015-04-13 04:12:10',NULL,NULL,0,1,0,'Single Roller'),(9,1,1,1,'Quotes','','2015-04-13 03:09:58','2015-04-13 03:44:44',NULL,NULL,0,1,0,'q1'),(10,7,7,9,'Quotes','','2015-04-13 03:47:56','2015-05-06 09:26:03',NULL,NULL,0,1,0,'D1 Q1'),(11,7,7,9,'SalesOrder','','2015-04-13 03:52:09','2015-05-06 09:25:44',NULL,NULL,0,1,0,'D1 SO1'),(12,9,9,9,'Accounts','','2015-04-13 03:58:32','2015-04-13 03:58:32',NULL,NULL,0,1,0,'o1'),(13,9,9,9,'Quotes','','2015-04-13 04:00:40','2015-05-06 09:21:00',NULL,NULL,0,1,0,'D1 Q2'),(14,5,5,5,'Accounts','','2015-04-13 04:01:11','2015-04-13 04:01:11',NULL,NULL,0,1,0,'Xiadmen'),(15,5,5,5,'Accounts','','2015-04-13 04:01:32','2015-04-13 04:01:32',NULL,NULL,0,1,0,'Wintom'),(16,5,5,5,'Products','','2015-04-13 04:07:04','2015-04-13 04:07:04',NULL,NULL,0,1,0,'Bottom Rail Oval White'),(17,5,5,5,'Products','','2015-04-13 04:07:57','2015-04-13 04:07:57',NULL,NULL,0,1,0,'Operation Chain Stainless Steel Pre-looped'),(18,5,5,5,'Products','','2015-04-13 04:09:28','2015-04-13 04:09:28',NULL,NULL,0,1,0,'Bottom Rail End Cap'),(19,5,5,5,'Accounts','','2015-04-13 04:13:34','2015-04-13 04:13:34',NULL,NULL,0,1,0,'Test Org#2'),(20,5,5,1,'Quotes','','2015-04-13 04:15:09','2015-04-13 04:25:56',NULL,NULL,0,1,0,'QTest#1 ADH'),(21,5,5,5,'Quotes','','2015-04-13 04:28:35','2015-04-13 04:28:35',NULL,NULL,0,1,0,'t1'),(22,5,5,5,'Leads','','2015-04-13 08:07:09','2015-04-13 08:08:05',NULL,NULL,0,1,0,'Anne Sanker'),(23,5,11,6,'Accounts','','2015-04-13 08:08:04','2015-04-26 17:52:24',NULL,NULL,0,1,0,'Dealer1Account'),(24,5,12,6,'Contacts','','2015-04-13 08:08:04','2015-04-26 17:53:44',NULL,NULL,0,1,0,'Jane Doe'),(25,5,12,6,'Potentials','','2015-04-13 08:08:05','2015-04-26 18:00:19',NULL,NULL,0,1,0,'HSBC Building'),(26,5,5,5,'Quotes','','2015-04-13 08:19:32','2015-04-13 08:19:32',NULL,NULL,0,1,0,'Project'),(27,5,5,5,'Quotes','','2015-04-14 01:50:54','2015-04-14 01:50:54',NULL,NULL,0,1,0,'Project Quote'),(28,5,5,5,'Contacts','','2015-04-14 04:48:43','2015-04-14 04:48:43',NULL,NULL,0,1,0,'Coryn Danes'),(29,5,5,0,'Contacts Image','','2015-04-14 04:48:43','2015-04-14 04:48:43',NULL,NULL,0,1,0,NULL),(30,5,6,5,'Leads','','2015-04-14 04:56:23','2015-04-14 04:57:59',NULL,NULL,0,1,0,'Con Nicolas'),(31,5,12,11,'Accounts','','2015-04-14 04:57:58','2015-04-14 13:24:46',NULL,NULL,0,1,0,'MPS'),(32,5,11,6,'Contacts','','2015-04-14 04:57:58','2015-04-26 17:46:40',NULL,NULL,0,1,0,'Jane Nicolas'),(33,5,6,5,'Potentials','','2015-04-14 04:57:59','2015-04-14 04:57:59',NULL,NULL,0,1,0,'MPS - Gallery Project'),(34,11,11,11,'Quotes','Lorem ipsum dolor sit amet, consetetur sadipscing elitr, sed diam nonumy eirmod tempor invidunt ut labore et dolore magna aliquyam erat, sed diam voluptua. At vero eos et accusam et justo duo dolores et ea rebum. Stet clita kasd gubergren, no sea takimata sanctus est Lorem ipsum dolor sit amet. Lorem ipsum dolor sit amet, consetetur sadipscing elitr, sed diam nonumy eirmod tempor invidunt ut labore et dolore magna aliquyam erat, sed diam voluptua. At vero eos et accusam et justo duo dolores et ea rebum. Stet clita kasd gubergren, no sea takimata sanctus est Lorem ipsum dolor sit amet. Lorem ipsum dolor sit amet, consetetur','2015-04-14 06:49:58','2015-04-14 13:34:22',NULL,NULL,0,1,0,'Project Quote'),(35,6,11,11,'Leads','','2015-04-14 10:26:49','2015-04-14 10:28:09',NULL,NULL,0,1,0,'Bob Smith'),(36,11,3,11,'Accounts','','2015-04-14 10:28:08','2015-04-21 00:36:30',NULL,NULL,0,1,0,'ABC Blinds'),(37,11,11,11,'Contacts','','2015-04-14 10:28:08','2015-04-14 10:28:08',NULL,NULL,0,1,0,'Bob Smith'),(38,11,11,11,'Potentials','','2015-04-14 10:28:09','2015-04-14 10:30:28',NULL,NULL,0,1,0,'ABC Blinds - Project'),(39,11,11,11,'Quotes','','2015-04-14 10:30:27','2015-04-14 10:30:27',NULL,NULL,0,1,0,'Q001'),(40,11,11,11,'SalesOrder','','2015-04-14 10:32:18','2015-04-14 13:10:18',NULL,NULL,0,1,0,'Q001'),(41,5,5,5,'Leads','','2015-04-21 01:05:10','2015-04-21 01:09:53',NULL,NULL,0,1,0,'John Smith'),(42,5,3,11,'Leads','Roller blinds','2015-04-21 02:35:01','2015-04-21 02:36:20',NULL,NULL,0,1,0,'John Doe'),(43,11,11,11,'Accounts','Roller blinds','2015-04-21 02:36:19','2015-04-21 02:38:42',NULL,NULL,0,1,0,'Cash Customer'),(44,11,11,11,'Contacts','Roller blinds','2015-04-21 02:36:20','2015-04-21 02:36:20',NULL,NULL,0,1,0,'John Doe'),(45,11,11,6,'Potentials','Roller blinds','2015-04-21 02:36:20','2015-04-26 17:59:46',NULL,NULL,0,1,0,'Cash Customer'),(46,11,11,11,'Quotes','','2015-04-21 02:38:41','2015-04-21 02:38:41',NULL,NULL,0,1,0,'Test'),(47,12,12,12,'Quotes','','2015-04-23 00:19:17','2015-04-23 00:19:17',NULL,NULL,0,1,0,'test'),(48,1,1,1,'Emails','An Contact has been assigned to you on vtigerCRM<br>Details of Contact are :<br><br>Contact Id:<b>CON1</b><br>LastName:<b>Smith</b><br>FirstName:<b>John</b><br>Lead Source:<b></b><br>Department:<b></b><br>Description:<b></b><br><br><br>And <b>CustomerPortal Login Details</b> is sent to the EmailID :-adam.d.harris@me.com<br><br>Thank You<br>Admin','2015-04-23 00:49:54','2015-04-23 00:49:55',NULL,NULL,0,1,1,'Regarding Contact Assignment'),(49,1,1,1,'Emails','An Potential has been assigned to you on vtigerCRM<br>Details of Potential are :<br><br>Potential No:<b>POT1</b><br>Potential Name:<b>Test</b><br>Amount:<b>0.00</b><br>Expected Close Date:<b>31-03-2015 (dd-mm-yyyy)</b><br>Type:<b></b><br><br><br>Description :<br><br>Thank You<br>Admin','2015-04-23 00:49:55','2015-04-23 00:49:56',NULL,NULL,0,1,1,'Regarding Potential Assignment'),(50,1,1,1,'Emails','An Contact has been assigned to you on vtigerCRM<br>Details of Contact are :<br><br>Contact Id:<b>CON1</b><br>LastName:<b>Smith</b><br>FirstName:<b>John</b><br>Lead Source:<b></b><br>Department:<b></b><br>Description:<b></b><br><br><br>And <b>CustomerPortal Login Details</b> is sent to the EmailID :-adam.d.harris@me.com<br><br>Thank You<br>Admin','2015-04-23 00:49:56','2015-04-23 00:49:57',NULL,NULL,0,1,1,'Regarding Contact Assignment'),(51,1,1,1,'Emails','An Contact has been assigned to you on vtigerCRM<br>Details of Contact are :<br><br>Contact Id:<b>CON2</b><br>LastName:<b>Contact 1</b><br>FirstName:<b>Dealer 1</b><br>Lead Source:<b></b><br>Department:<b></b><br>Description:<b></b><br><br><br>And <b>CustomerPortal Login Details</b> is sent to the EmailID :-<br><br>Thank You<br>Admin','2015-04-23 00:49:57','2015-04-23 00:49:58',NULL,NULL,0,1,1,'Regarding Contact Assignment'),(52,1,1,1,'Emails','An Contact has been assigned to you on vtigerCRM<br>Details of Contact are :<br><br>Contact Id:<b>CON3</b><br>LastName:<b>Sanker</b><br>FirstName:<b>Anne</b><br>Lead Source:<b>Existing Customer</b><br>Department:<b></b><br>Description:<b></b><br><br><br>And <b>CustomerPortal Login Details</b> is sent to the EmailID :-<br><br>Thank You<br>Admin','2015-04-23 00:49:58','2015-04-23 00:49:59',NULL,NULL,0,1,1,'Regarding Contact Assignment'),(53,1,1,1,'Emails','An Potential has been assigned to you on vtigerCRM<br>Details of Potential are :<br><br>Potential No:<b>POT2</b><br>Potential Name:<b>The Coloured House</b><br>Amount:<b>1,000.00</b><br>Expected Close Date:<b>30-04-2015 (dd-mm-yyyy)</b><br>Type:<b></b><br><br><br>Description :<br><br>Thank You<br>Admin','2015-04-23 00:49:59','2015-04-23 00:49:59',NULL,NULL,0,1,1,'Regarding Potential Assignment'),(54,1,1,1,'Emails','An Contact has been assigned to you on vtigerCRM<br>Details of Contact are :<br><br>Contact Id:<b>CON3</b><br>LastName:<b>Sanker</b><br>FirstName:<b>Anne</b><br>Lead Source:<b>Existing Customer</b><br>Department:<b></b><br>Description:<b></b><br><br><br>And <b>CustomerPortal Login Details</b> is sent to the EmailID :-<br><br>Thank You<br>Admin','2015-04-23 00:49:59','2015-04-23 00:50:00',NULL,NULL,0,1,1,'Regarding Contact Assignment'),(55,1,1,1,'Emails','An Contact has been assigned to you on vtigerCRM<br>Details of Contact are :<br><br>Contact Id:<b>CON3</b><br>LastName:<b>Sanker</b><br>FirstName:<b>Anne</b><br>Lead Source:<b>Existing Customer</b><br>Department:<b></b><br>Description:<b></b><br><br><br>And <b>CustomerPortal Login Details</b> is sent to the EmailID :-anne@thecolouredhouse.com.au<br><br>Thank You<br>Admin','2015-04-23 00:50:00','2015-04-23 00:50:01',NULL,NULL,0,1,1,'Regarding Contact Assignment'),(56,1,1,1,'Emails','An Contact has been assigned to you on vtigerCRM<br>Details of Contact are :<br><br>Contact Id:<b>CON4</b><br>LastName:<b>Danes</b><br>FirstName:<b>Coryn</b><br>Lead Source:<b></b><br>Department:<b></b><br>Description:<b></b><br><br><br>And <b>CustomerPortal Login Details</b> is sent to the EmailID :-coryn@thecolouredhouse.com.au<br><br>Thank You<br>Admin','2015-04-23 00:50:01','2015-04-23 00:50:02',NULL,NULL,0,1,1,'Regarding Contact Assignment'),(57,1,1,1,'Emails','An Contact has been assigned to you on vtigerCRM<br>Details of Contact are :<br><br>Contact Id:<b>CON5</b><br>LastName:<b>Nicolas</b><br>FirstName:<b>Con</b><br>Lead Source:<b></b><br>Department:<b></b><br>Description:<b></b><br><br><br>And <b>CustomerPortal Login Details</b> is sent to the EmailID :-adam.d.harris@me.com<br><br>Thank You<br>Admin','2015-04-23 00:50:02','2015-04-23 00:50:03',NULL,NULL,0,1,1,'Regarding Contact Assignment'),(58,1,1,1,'Emails','An Potential has been assigned to you on vtigerCRM<br>Details of Potential are :<br><br>Potential No:<b>POT3</b><br>Potential Name:<b>MPS - Gallery Project</b><br>Amount:<b>10,000.00</b><br>Expected Close Date:<b>19-06-2015 (dd-mm-yyyy)</b><br>Type:<b></b><br><br><br>Description :<br><br>Thank You<br>Admin','2015-04-23 00:50:03','2015-04-23 00:50:04',NULL,NULL,0,1,1,'Regarding Potential Assignment'),(59,1,1,1,'Emails','An Contact has been assigned to you on vtigerCRM<br>Details of Contact are :<br><br>Contact Id:<b>CON5</b><br>LastName:<b>Nicolas</b><br>FirstName:<b>Con</b><br>Lead Source:<b></b><br>Department:<b></b><br>Description:<b></b><br><br><br>And <b>CustomerPortal Login Details</b> is sent to the EmailID :-adam.d.harris@me.com<br><br>Thank You<br>Admin','2015-04-23 00:50:04','2015-04-23 00:50:04',NULL,NULL,0,1,1,'Regarding Contact Assignment'),(60,1,1,1,'Emails','An Contact has been assigned to you on vtigerCRM<br>Details of Contact are :<br><br>Contact Id:<b>CON6</b><br>LastName:<b>Smith</b><br>FirstName:<b>Bob</b><br>Lead Source:<b></b><br>Department:<b></b><br>Description:<b></b><br><br><br>And <b>CustomerPortal Login Details</b> is sent to the EmailID :-<br><br>Thank You<br>Admin','2015-04-23 00:50:04','2015-04-23 00:50:05',NULL,NULL,0,1,1,'Regarding Contact Assignment'),(61,1,1,1,'Emails','An Potential has been assigned to you on vtigerCRM<br>Details of Potential are :<br><br>Potential No:<b>POT4</b><br>Potential Name:<b>ABC Blinds - Project</b><br>Amount:<b>1,000.00</b><br>Expected Close Date:<b>30-04-2015 (dd-mm-yyyy)</b><br>Type:<b></b><br><br><br>Description :<br><br>Thank You<br>Admin','2015-04-23 00:50:05','2015-04-23 00:50:06',NULL,NULL,0,1,1,'Regarding Potential Assignment'),(62,1,1,1,'Emails','An Contact has been assigned to you on vtigerCRM<br>Details of Contact are :<br><br>Contact Id:<b>CON7</b><br>LastName:<b>Doe</b><br>FirstName:<b>John</b><br>Lead Source:<b></b><br>Department:<b></b><br>Description:<b>Roller blinds</b><br><br><br>And <b>CustomerPortal Login Details</b> is sent to the EmailID :-<br><br>Thank You<br>Admin','2015-04-23 00:50:06','2015-04-23 00:50:07',NULL,NULL,0,1,1,'Regarding Contact Assignment'),(63,1,1,1,'Emails','An Potential has been assigned to you on vtigerCRM<br>Details of Potential are :<br><br>Potential No:<b>POT5</b><br>Potential Name:<b>Cash Customer</b><br>Amount:<b>0.00</b><br>Expected Close Date:<b>27-05-2015 (dd-mm-yyyy)</b><br>Type:<b></b><br><br><br>Description :Roller blinds<br><br>Thank You<br>Admin','2015-04-23 00:50:07','2015-04-23 00:50:08',NULL,NULL,0,1,1,'Regarding Potential Assignment'),(64,1,1,1,'Emails','Hello.','2015-04-23 08:39:42','2015-04-23 08:39:42',NULL,NULL,0,1,0,'testing'),(65,1,1,1,'Emails','Hello.<br /><br />\r\nHow are you?<br /><br />\r\nRegards.','2015-04-23 08:48:44','2015-04-23 08:48:44',NULL,NULL,0,1,0,'How are you?'),(66,1,1,0,'Emails Attachment','Hello.<br /><br />\r\nHow are you?<br /><br />\r\nRegards.','2015-04-23 08:48:44','2015-04-23 08:48:44',NULL,NULL,0,1,0,NULL),(67,5,5,5,'Emails','Hello.<br /><br />\r\nHow are you?<br /><br />\r\nIt\'s testing message.<br /><br />\r\nRegards.','2015-04-23 08:55:38','2015-04-23 08:55:38',NULL,NULL,0,1,0,'How are you?'),(68,5,5,0,'Emails Attachment','Hello.<br /><br />\r\nHow are you?<br /><br />\r\nIt\'s testing message.<br /><br />\r\nRegards.','2015-04-23 08:55:38','2015-04-23 08:55:38',NULL,NULL,0,1,0,NULL),(69,5,5,5,'Emails','Test message','2015-04-23 09:03:02','2015-04-23 09:03:02',NULL,NULL,0,1,0,'testing'),(70,5,5,0,'Emails Attachment','Test message','2015-04-23 09:03:02','2015-04-23 09:03:02',NULL,NULL,0,1,0,NULL),(71,5,5,5,'Emails','','2015-04-23 09:17:08','2015-04-23 09:17:08',NULL,NULL,0,1,0,'test'),(72,5,5,0,'Emails Attachment','','2015-04-23 09:17:08','2015-04-23 09:17:08',NULL,NULL,0,1,0,NULL),(73,5,5,0,'Emails Attachment','','2015-04-23 09:17:09','2015-04-23 09:17:09',NULL,NULL,0,1,0,NULL),(74,5,5,5,'Emails','Hello.<br /><br /><br />\r\nRegards.<br /><br />\r\n','2015-04-23 09:18:41','2015-04-23 09:18:41',NULL,NULL,0,1,0,'testing'),(75,5,5,0,'Emails Attachment','Hello.<br /><br /><br />\r\nRegards.<br /><br />\r\n','2015-04-23 09:18:41','2015-04-23 09:18:41',NULL,NULL,0,1,0,NULL),(76,5,5,0,'Emails Attachment','Hello.<br /><br /><br />\r\nRegards.<br /><br />\r\n','2015-04-23 09:18:41','2015-04-23 09:18:41',NULL,NULL,0,1,0,NULL),(77,11,11,11,'Leads','Wants roller blind','2015-04-26 09:59:00','2015-04-26 09:59:53',NULL,NULL,0,1,0,'Bob Smith'),(78,11,11,11,'Accounts','Wants roller blind','2015-04-26 09:59:51','2015-04-26 09:59:51',NULL,NULL,0,1,0,'Cash Client'),(79,11,11,11,'Contacts','Wants roller blind','2015-04-26 09:59:52','2015-04-26 09:59:52',NULL,NULL,0,1,0,'Bob Smith'),(80,11,11,6,'Potentials','Wants roller blind','2015-04-26 09:59:52','2015-04-26 17:59:24',NULL,NULL,0,1,0,'Test'),(81,6,6,6,'Leads','','2015-04-26 17:40:50','2015-04-26 17:40:50',NULL,NULL,0,1,0,'John Doe'),(82,6,2,6,'Leads','','2015-04-26 17:41:42','2015-05-06 08:51:06',NULL,NULL,0,1,0,'Bob Smith'),(83,6,9,6,'Potentials','','2015-04-26 17:57:52','2015-04-26 17:57:53',NULL,NULL,0,1,0,'Sheraton Hotel'),(84,5,11,5,'Quotes','','2015-05-05 11:17:38','2015-05-05 11:17:38',NULL,NULL,0,1,0,'test1'),(85,5,11,5,'SalesOrder','','2015-05-05 11:18:10','2015-05-05 11:18:10',NULL,NULL,0,1,0,'test1'),(86,11,11,11,'Potentials','','2015-05-06 01:19:03','2015-05-06 01:19:04',NULL,NULL,0,1,0,'Test Opportunity'),(87,11,11,11,'Quotes','','2015-05-06 01:21:30','2015-05-06 01:21:30',NULL,NULL,0,1,0,'Test#3'),(88,11,11,11,'Contacts','','2015-05-06 01:22:54','2015-05-06 03:00:27',NULL,NULL,0,1,0,'Jane Smith'),(89,11,11,1,'Quotes','','2015-05-06 01:23:34','2015-05-06 03:48:08',NULL,NULL,0,1,0,'TEST#4'),(90,11,11,0,'Users Attachment','','2015-05-06 01:43:12','2015-05-06 01:43:12',NULL,NULL,0,1,0,NULL),(91,1,1,1,'Emails','hi<br /><br />\r\n','2015-05-06 04:08:40','2015-05-06 04:08:40',NULL,NULL,0,1,0,'hello'),(92,1,1,0,'Emails Attachment','hi<br /><br />\r\n','2015-05-06 04:08:40','2015-05-06 04:08:40',NULL,NULL,0,1,0,NULL),(93,6,2,6,'Leads','','2015-05-06 08:52:09','2015-05-06 08:52:50',NULL,NULL,0,1,0,'Rob Smith'),(94,6,2,6,'Accounts','','2015-05-06 08:52:48','2015-05-06 08:52:48',NULL,NULL,0,1,0,'ABC Construction'),(95,6,2,9,'Contacts','','2015-05-06 08:52:49','2015-05-06 08:53:52',NULL,NULL,0,1,0,'Rob Smith'),(96,9,9,9,'Accounts','','2015-05-06 09:13:28','2015-05-06 09:13:28',NULL,NULL,0,1,0,'DHL'),(97,9,9,9,'Accounts','','2015-05-06 09:14:01','2015-05-06 09:14:01',NULL,NULL,0,1,0,'TNT');
/*!40000 ALTER TABLE `vtiger_crmentity` ENABLE KEYS */;
UNLOCK TABLES;

--
-- Table structure for table `vtiger_crmentity_seq`
--

DROP TABLE IF EXISTS `vtiger_crmentity_seq`;
/*!40101 SET @saved_cs_client     = @@character_set_client */;
/*!40101 SET character_set_client = utf8 */;
CREATE TABLE `vtiger_crmentity_seq` (
  `id` int(11) NOT NULL
) ENGINE=InnoDB DEFAULT CHARSET=utf8;
/*!40101 SET character_set_client = @saved_cs_client */;

--
-- Dumping data for table `vtiger_crmentity_seq`
--

LOCK TABLES `vtiger_crmentity_seq` WRITE;
/*!40000 ALTER TABLE `vtiger_crmentity_seq` DISABLE KEYS */;
INSERT INTO `vtiger_crmentity_seq` VALUES (97);
/*!40000 ALTER TABLE `vtiger_crmentity_seq` ENABLE KEYS */;
UNLOCK TABLES;

--
-- Table structure for table `vtiger_crmentityrel`
--

DROP TABLE IF EXISTS `vtiger_crmentityrel`;
/*!40101 SET @saved_cs_client     = @@character_set_client */;
/*!40101 SET character_set_client = utf8 */;
CREATE TABLE `vtiger_crmentityrel` (
  `crmid` int(11) NOT NULL,
  `module` varchar(100) NOT NULL,
  `relcrmid` int(11) NOT NULL,
  `relmodule` varchar(100) NOT NULL
) ENGINE=InnoDB DEFAULT CHARSET=utf8;
/*!40101 SET character_set_client = @saved_cs_client */;

--
-- Dumping data for table `vtiger_crmentityrel`
--

LOCK TABLES `vtiger_crmentityrel` WRITE;
/*!40000 ALTER TABLE `vtiger_crmentityrel` DISABLE KEYS */;
INSERT INTO `vtiger_crmentityrel` VALUES (6,'Accounts',7,'Contacts'),(25,'Potentials',26,'Quotes'),(23,'Accounts',27,'Quotes'),(32,'Contacts',34,'Quotes'),(38,'Potentials',39,'Quotes'),(43,'Accounts',46,'Quotes');
/*!40000 ALTER TABLE `vtiger_crmentityrel` ENABLE KEYS */;
UNLOCK TABLES;

--
-- Table structure for table `vtiger_crmsetup`
--

DROP TABLE IF EXISTS `vtiger_crmsetup`;
/*!40101 SET @saved_cs_client     = @@character_set_client */;
/*!40101 SET character_set_client = utf8 */;
CREATE TABLE `vtiger_crmsetup` (
  `userid` int(11) DEFAULT NULL,
  `setup_status` int(2) DEFAULT NULL
) ENGINE=InnoDB DEFAULT CHARSET=utf8;
/*!40101 SET character_set_client = @saved_cs_client */;

--
-- Dumping data for table `vtiger_crmsetup`
--

LOCK TABLES `vtiger_crmsetup` WRITE;
/*!40000 ALTER TABLE `vtiger_crmsetup` DISABLE KEYS */;
INSERT INTO `vtiger_crmsetup` VALUES (1,1),(5,1),(10,1),(9,1),(11,1),(6,1),(7,1),(12,1),(13,1),(13,1);
/*!40000 ALTER TABLE `vtiger_crmsetup` ENABLE KEYS */;
UNLOCK TABLES;

--
-- Table structure for table `vtiger_cron_task`
--

DROP TABLE IF EXISTS `vtiger_cron_task`;
/*!40101 SET @saved_cs_client     = @@character_set_client */;
/*!40101 SET character_set_client = utf8 */;
CREATE TABLE `vtiger_cron_task` (
  `id` int(11) NOT NULL AUTO_INCREMENT,
  `name` varchar(100) DEFAULT NULL,
  `handler_file` varchar(100) DEFAULT NULL,
  `frequency` int(11) DEFAULT NULL,
  `laststart` int(11) unsigned DEFAULT NULL,
  `lastend` int(11) unsigned DEFAULT NULL,
  `status` int(11) DEFAULT NULL,
  `module` varchar(100) DEFAULT NULL,
  `sequence` int(11) DEFAULT NULL,
  `description` text,
  PRIMARY KEY (`id`),
  UNIQUE KEY `name` (`name`),
  UNIQUE KEY `handler_file` (`handler_file`)
) ENGINE=InnoDB AUTO_INCREMENT=8 DEFAULT CHARSET=utf8;
/*!40101 SET character_set_client = @saved_cs_client */;

--
-- Dumping data for table `vtiger_cron_task`
--

LOCK TABLES `vtiger_cron_task` WRITE;
/*!40000 ALTER TABLE `vtiger_cron_task` DISABLE KEYS */;
INSERT INTO `vtiger_cron_task` VALUES (1,'Workflow','cron/modules/com_vtiger_workflow/com_vtiger_workflow.service',900,1429780910,1429780910,1,'com_vtiger_workflow',1,'Recommended frequency for Workflow is 15 mins'),(2,'RecurringInvoice','cron/modules/SalesOrder/RecurringInvoice.service',43200,1429780910,1429780910,1,'SalesOrder',2,'Recommended frequency for RecurringInvoice is 12 hours'),(3,'SendReminder','cron/SendReminder.service',900,1429780910,1429780910,1,'Calendar',3,'Recommended frequency for SendReminder is 15 mins'),(5,'MailScanner','cron/MailScanner.service',900,1429780910,1429780910,1,'Settings',5,'Recommended frequency for MailScanner is 15 mins'),(6,'Scheduled Import','cron/modules/Import/ScheduledImport.service',900,NULL,NULL,0,'Import',6,'Recommended frequency for MailScanner is 15 mins'),(7,'ScheduleReports','cron/modules/Reports/ScheduleReports.service',900,1429780910,1429780910,1,'Reports',7,'Recommended frequency for ScheduleReports is 15 mins');
/*!40000 ALTER TABLE `vtiger_cron_task` ENABLE KEYS */;
UNLOCK TABLES;

--
-- Table structure for table `vtiger_currencies`
--

DROP TABLE IF EXISTS `vtiger_currencies`;
/*!40101 SET @saved_cs_client     = @@character_set_client */;
/*!40101 SET character_set_client = utf8 */;
CREATE TABLE `vtiger_currencies` (
  `currencyid` int(19) NOT NULL AUTO_INCREMENT,
  `currency_name` varchar(200) DEFAULT NULL,
  `currency_code` varchar(50) DEFAULT NULL,
  `currency_symbol` varchar(11) DEFAULT NULL,
  PRIMARY KEY (`currencyid`)
) ENGINE=InnoDB AUTO_INCREMENT=138 DEFAULT CHARSET=utf8;
/*!40101 SET character_set_client = @saved_cs_client */;

--
-- Dumping data for table `vtiger_currencies`
--

LOCK TABLES `vtiger_currencies` WRITE;
/*!40000 ALTER TABLE `vtiger_currencies` DISABLE KEYS */;
INSERT INTO `vtiger_currencies` VALUES (1,'Albania, Leke','ALL','Lek'),(2,'Argentina, Pesos','ARS','$'),(3,'Aruba, Guilders','AWG',''),(4,'Australia, Dollars','AUD','$'),(5,'Azerbaijan, New Manats','AZN',''),(6,'Bahamas, Dollars','BSD','$'),(7,'Bahrain, Dinar','BHD','BD'),(8,'Barbados, Dollars','BBD','$'),(9,'Belarus, Rubles','BYR','p.'),(10,'Belize, Dollars','BZD','BZ$'),(11,'Bermuda, Dollars','BMD','$'),(12,'Bolivia, Bolivianos','BOB','$b'),(13,'China, Yuan Renminbi','CNY',''),(14,'Convertible Marka','BAM','KM'),(15,'Botswana, Pulas','BWP','P'),(16,'Bulgaria, Leva','BGN',''),(17,'Brazil, Reais','BRL','R$'),(18,'Great Britain Pounds','GBP',''),(19,'Brunei Darussalam, Dollars','BND','$'),(20,'Canada, Dollars','CAD','$'),(21,'Cayman Islands, Dollars','KYD','$'),(22,'Chile, Pesos','CLP','$'),(23,'Colombia, Pesos','COP','$'),(24,'Costa Rica, Coln','CRC',''),(25,'Croatia, Kuna','HRK','kn'),(26,'Cuba, Pesos','CUP',''),(27,'Czech Republic, Koruny','CZK','K'),(28,'Cyprus, Pounds','CYP',''),(29,'Denmark, Kroner','DKK','kr'),(30,'Dominican Republic, Pesos','DOP','RD$'),(31,'East Caribbean, Dollars','XCD','$'),(32,'Egypt, Pounds','EGP',''),(33,'El Salvador, Coln','SVC',''),(34,'England, Pounds','GBP',''),(35,'Estonia, Krooni','EEK','kr'),(36,'Euro','EUR',''),(37,'Falkland Islands, Pounds','FKP',''),(38,'Fiji, Dollars','FJD','$'),(39,'Ghana, Cedis','GHC',''),(40,'Gibraltar, Pounds','GIP',''),(41,'Guatemala, Quetzales','GTQ','Q'),(42,'Guernsey, Pounds','GGP',''),(43,'Guyana, Dollars','GYD','$'),(44,'Honduras, Lempiras','HNL','L'),(45,'Hong Kong, Dollars','HKD','HK$'),(46,'Hungary, Forint','HUF','Ft'),(47,'Iceland, Krona','ISK','kr'),(48,'India, Rupees','INR',''),(49,'Indonesia, Rupiahs','IDR','Rp'),(50,'Iran, Rials','IRR',''),(51,'Isle of Man, Pounds','IMP',''),(52,'Israel, New Shekels','ILS',''),(53,'Jamaica, Dollars','JMD','J$'),(54,'Japan, Yen','JPY',''),(55,'Jersey, Pounds','JEP',''),(56,'Jordan, Dinar','JOD','JOD'),(57,'Kazakhstan, Tenge','KZT',''),(58,'Kenya, Shilling','KES','KES'),(59,'Korea (North), Won','KPW',''),(60,'Korea (South), Won','KRW',''),(61,'Kuwait, Dinar','KWD','KWD'),(62,'Kyrgyzstan, Soms','KGS',''),(63,'Laos, Kips','LAK',''),(64,'Latvia, Lati','LVL','Ls'),(65,'Lebanon, Pounds','LBP',''),(66,'Liberia, Dollars','LRD','$'),(67,'Switzerland Francs','CHF','CHF'),(68,'Lithuania, Litai','LTL','Lt'),(69,'MADAGASCAR, Malagasy Ariary','MGA','MGA'),(70,'Macedonia, Denars','MKD',''),(71,'Malaysia, Ringgits','MYR','RM'),(72,'Malta, Liri','MTL',''),(73,'Mauritius, Rupees','MUR',''),(74,'Mexico, Pesos','MXN','$'),(75,'Mongolia, Tugriks','MNT',''),(76,'Mozambique, Meticais','MZN','MT'),(77,'Namibia, Dollars','NAD','$'),(78,'Nepal, Rupees','NPR',''),(79,'Netherlands Antilles, Guilders','ANG',''),(80,'New Zealand, Dollars','NZD','$'),(81,'Nicaragua, Cordobas','NIO','C$'),(82,'Nigeria, Nairas','NGN',''),(83,'North Korea, Won','KPW',''),(84,'Norway, Krone','NOK','kr'),(85,'Oman, Rials','OMR',''),(86,'Pakistan, Rupees','PKR',''),(87,'Panama, Balboa','PAB','B/.'),(88,'Paraguay, Guarani','PYG','Gs'),(89,'Peru, Nuevos Soles','PEN','S/.'),(90,'Philippines, Pesos','PHP','Php'),(91,'Poland, Zlotych','PLN','z'),(92,'Qatar, Rials','QAR',''),(93,'Romania, New Lei','RON','lei'),(94,'Russia, Rubles','RUB',''),(95,'Saint Helena, Pounds','SHP',''),(96,'Saudi Arabia, Riyals','SAR',''),(97,'Serbia, Dinars','RSD','.'),(98,'Seychelles, Rupees','SCR',''),(99,'Singapore, Dollars','SGD','$'),(100,'Solomon Islands, Dollars','SBD','$'),(101,'Somalia, Shillings','SOS','S'),(102,'South Africa, Rand','ZAR','R'),(103,'South Korea, Won','KRW',''),(104,'Sri Lanka, Rupees','LKR',''),(105,'Sweden, Kronor','SEK','kr'),(106,'Switzerland, Francs','CHF','CHF'),(107,'Suriname, Dollars','SRD','$'),(108,'Syria, Pounds','SYP',''),(109,'Taiwan, New Dollars','TWD','NT$'),(110,'Thailand, Baht','THB',''),(111,'Trinidad and Tobago, Dollars','TTD','TT$'),(112,'Turkey, New Lira','TRY','YTL'),(113,'Turkey, Liras','TRL',''),(114,'Tuvalu, Dollars','TVD','$'),(115,'Ukraine, Hryvnia','UAH',''),(116,'United Arab Emirates, Dirham','AED','AED'),(117,'United Kingdom, Pounds','GBP',''),(118,'United Republic of Tanzania, Shilling','TZS','TZS'),(119,'USA, Dollars','USD','$'),(120,'Uruguay, Pesos','UYU','$U'),(121,'Uzbekistan, Sums','UZS',''),(122,'Venezuela, Bolivares Fuertes','VEF','Bs'),(123,'Vietnam, Dong','VND',''),(124,'Zambia, Kwacha','ZMK','ZMK'),(125,'Yemen, Rials','YER',''),(126,'Zimbabwe Dollars','ZWD','Z$'),(127,'Malawi, Kwacha','MWK','MK'),(128,'Tunisian, Dinar','TD','TD'),(129,'Moroccan, Dirham','MAD','DH'),(130,'Iraqi Dinar','IQD','ID'),(131,'Maldivian Ruffiya','MVR','MVR'),(132,'Ugandan Shilling','UGX','Sh'),(133,'Sudanese Pound','SDG',''),(134,'CFA Franc BCEAO','XOF','CFA'),(135,'CFA Franc BEAC','XAF','CFA'),(136,'Haiti, Gourde','HTG','G'),(137,'Libya, Dinar','LYD','LYD');
/*!40000 ALTER TABLE `vtiger_currencies` ENABLE KEYS */;
UNLOCK TABLES;

--
-- Table structure for table `vtiger_currencies_seq`
--

DROP TABLE IF EXISTS `vtiger_currencies_seq`;
/*!40101 SET @saved_cs_client     = @@character_set_client */;
/*!40101 SET character_set_client = utf8 */;
CREATE TABLE `vtiger_currencies_seq` (
  `id` int(11) NOT NULL
) ENGINE=InnoDB DEFAULT CHARSET=utf8;
/*!40101 SET character_set_client = @saved_cs_client */;

--
-- Dumping data for table `vtiger_currencies_seq`
--

LOCK TABLES `vtiger_currencies_seq` WRITE;
/*!40000 ALTER TABLE `vtiger_currencies_seq` DISABLE KEYS */;
INSERT INTO `vtiger_currencies_seq` VALUES (137);
/*!40000 ALTER TABLE `vtiger_currencies_seq` ENABLE KEYS */;
UNLOCK TABLES;

--
-- Table structure for table `vtiger_currency`
--

DROP TABLE IF EXISTS `vtiger_currency`;
/*!40101 SET @saved_cs_client     = @@character_set_client */;
/*!40101 SET character_set_client = utf8 */;
CREATE TABLE `vtiger_currency` (
  `currencyid` int(19) NOT NULL AUTO_INCREMENT,
  `currency` varchar(200) NOT NULL,
  `sortorderid` int(19) NOT NULL DEFAULT '0',
  `presence` int(1) NOT NULL DEFAULT '1',
  PRIMARY KEY (`currencyid`),
  UNIQUE KEY `currency_currency_idx` (`currency`)
) ENGINE=InnoDB DEFAULT CHARSET=utf8;
/*!40101 SET character_set_client = @saved_cs_client */;

--
-- Dumping data for table `vtiger_currency`
--

LOCK TABLES `vtiger_currency` WRITE;
/*!40000 ALTER TABLE `vtiger_currency` DISABLE KEYS */;
/*!40000 ALTER TABLE `vtiger_currency` ENABLE KEYS */;
UNLOCK TABLES;

--
-- Table structure for table `vtiger_currency_decimal_separator`
--

DROP TABLE IF EXISTS `vtiger_currency_decimal_separator`;
/*!40101 SET @saved_cs_client     = @@character_set_client */;
/*!40101 SET character_set_client = utf8 */;
CREATE TABLE `vtiger_currency_decimal_separator` (
  `currency_decimal_separatorid` int(19) NOT NULL AUTO_INCREMENT,
  `currency_decimal_separator` varchar(2) NOT NULL,
  `sortorderid` int(19) NOT NULL DEFAULT '0',
  `presence` int(1) NOT NULL DEFAULT '1',
  PRIMARY KEY (`currency_decimal_separatorid`)
) ENGINE=InnoDB AUTO_INCREMENT=6 DEFAULT CHARSET=utf8;
/*!40101 SET character_set_client = @saved_cs_client */;

--
-- Dumping data for table `vtiger_currency_decimal_separator`
--

LOCK TABLES `vtiger_currency_decimal_separator` WRITE;
/*!40000 ALTER TABLE `vtiger_currency_decimal_separator` DISABLE KEYS */;
INSERT INTO `vtiger_currency_decimal_separator` VALUES (1,'.',0,1),(2,',',1,1),(3,'\'',2,1),(4,' ',3,1),(5,'$',4,1);
/*!40000 ALTER TABLE `vtiger_currency_decimal_separator` ENABLE KEYS */;
UNLOCK TABLES;

--
-- Table structure for table `vtiger_currency_decimal_separator_seq`
--

DROP TABLE IF EXISTS `vtiger_currency_decimal_separator_seq`;
/*!40101 SET @saved_cs_client     = @@character_set_client */;
/*!40101 SET character_set_client = utf8 */;
CREATE TABLE `vtiger_currency_decimal_separator_seq` (
  `id` int(11) NOT NULL
) ENGINE=InnoDB DEFAULT CHARSET=utf8;
/*!40101 SET character_set_client = @saved_cs_client */;

--
-- Dumping data for table `vtiger_currency_decimal_separator_seq`
--

LOCK TABLES `vtiger_currency_decimal_separator_seq` WRITE;
/*!40000 ALTER TABLE `vtiger_currency_decimal_separator_seq` DISABLE KEYS */;
INSERT INTO `vtiger_currency_decimal_separator_seq` VALUES (5);
/*!40000 ALTER TABLE `vtiger_currency_decimal_separator_seq` ENABLE KEYS */;
UNLOCK TABLES;

--
-- Table structure for table `vtiger_currency_grouping_pattern`
--

DROP TABLE IF EXISTS `vtiger_currency_grouping_pattern`;
/*!40101 SET @saved_cs_client     = @@character_set_client */;
/*!40101 SET character_set_client = utf8 */;
CREATE TABLE `vtiger_currency_grouping_pattern` (
  `currency_grouping_patternid` int(19) NOT NULL AUTO_INCREMENT,
  `currency_grouping_pattern` varchar(200) NOT NULL,
  `sortorderid` int(19) NOT NULL DEFAULT '0',
  `presence` int(1) NOT NULL DEFAULT '1',
  PRIMARY KEY (`currency_grouping_patternid`)
) ENGINE=InnoDB AUTO_INCREMENT=5 DEFAULT CHARSET=utf8;
/*!40101 SET character_set_client = @saved_cs_client */;

--
-- Dumping data for table `vtiger_currency_grouping_pattern`
--

LOCK TABLES `vtiger_currency_grouping_pattern` WRITE;
/*!40000 ALTER TABLE `vtiger_currency_grouping_pattern` DISABLE KEYS */;
INSERT INTO `vtiger_currency_grouping_pattern` VALUES (1,'123,456,789',0,1),(2,'123456789',1,1),(3,'123456,789',2,1),(4,'12,34,56,789',3,1);
/*!40000 ALTER TABLE `vtiger_currency_grouping_pattern` ENABLE KEYS */;
UNLOCK TABLES;

--
-- Table structure for table `vtiger_currency_grouping_pattern_seq`
--

DROP TABLE IF EXISTS `vtiger_currency_grouping_pattern_seq`;
/*!40101 SET @saved_cs_client     = @@character_set_client */;
/*!40101 SET character_set_client = utf8 */;
CREATE TABLE `vtiger_currency_grouping_pattern_seq` (
  `id` int(11) NOT NULL
) ENGINE=InnoDB DEFAULT CHARSET=utf8;
/*!40101 SET character_set_client = @saved_cs_client */;

--
-- Dumping data for table `vtiger_currency_grouping_pattern_seq`
--

LOCK TABLES `vtiger_currency_grouping_pattern_seq` WRITE;
/*!40000 ALTER TABLE `vtiger_currency_grouping_pattern_seq` DISABLE KEYS */;
INSERT INTO `vtiger_currency_grouping_pattern_seq` VALUES (4);
/*!40000 ALTER TABLE `vtiger_currency_grouping_pattern_seq` ENABLE KEYS */;
UNLOCK TABLES;

--
-- Table structure for table `vtiger_currency_grouping_separator`
--

DROP TABLE IF EXISTS `vtiger_currency_grouping_separator`;
/*!40101 SET @saved_cs_client     = @@character_set_client */;
/*!40101 SET character_set_client = utf8 */;
CREATE TABLE `vtiger_currency_grouping_separator` (
  `currency_grouping_separatorid` int(19) NOT NULL AUTO_INCREMENT,
  `currency_grouping_separator` varchar(2) NOT NULL,
  `sortorderid` int(19) NOT NULL DEFAULT '0',
  `presence` int(1) NOT NULL DEFAULT '1',
  PRIMARY KEY (`currency_grouping_separatorid`)
) ENGINE=InnoDB AUTO_INCREMENT=6 DEFAULT CHARSET=utf8;
/*!40101 SET character_set_client = @saved_cs_client */;

--
-- Dumping data for table `vtiger_currency_grouping_separator`
--

LOCK TABLES `vtiger_currency_grouping_separator` WRITE;
/*!40000 ALTER TABLE `vtiger_currency_grouping_separator` DISABLE KEYS */;
INSERT INTO `vtiger_currency_grouping_separator` VALUES (1,'.',0,1),(2,',',1,1),(3,'\'',2,1),(4,' ',3,1),(5,'$',4,1);
/*!40000 ALTER TABLE `vtiger_currency_grouping_separator` ENABLE KEYS */;
UNLOCK TABLES;

--
-- Table structure for table `vtiger_currency_grouping_separator_seq`
--

DROP TABLE IF EXISTS `vtiger_currency_grouping_separator_seq`;
/*!40101 SET @saved_cs_client     = @@character_set_client */;
/*!40101 SET character_set_client = utf8 */;
CREATE TABLE `vtiger_currency_grouping_separator_seq` (
  `id` int(11) NOT NULL
) ENGINE=InnoDB DEFAULT CHARSET=utf8;
/*!40101 SET character_set_client = @saved_cs_client */;

--
-- Dumping data for table `vtiger_currency_grouping_separator_seq`
--

LOCK TABLES `vtiger_currency_grouping_separator_seq` WRITE;
/*!40000 ALTER TABLE `vtiger_currency_grouping_separator_seq` DISABLE KEYS */;
INSERT INTO `vtiger_currency_grouping_separator_seq` VALUES (5);
/*!40000 ALTER TABLE `vtiger_currency_grouping_separator_seq` ENABLE KEYS */;
UNLOCK TABLES;

--
-- Table structure for table `vtiger_currency_info`
--

DROP TABLE IF EXISTS `vtiger_currency_info`;
/*!40101 SET @saved_cs_client     = @@character_set_client */;
/*!40101 SET character_set_client = utf8 */;
CREATE TABLE `vtiger_currency_info` (
  `id` int(11) NOT NULL AUTO_INCREMENT,
  `currency_name` varchar(100) DEFAULT NULL,
  `currency_code` varchar(100) DEFAULT NULL,
  `currency_symbol` varchar(30) DEFAULT NULL,
  `conversion_rate` decimal(12,5) DEFAULT NULL,
  `currency_status` varchar(25) DEFAULT NULL,
  `defaultid` varchar(10) NOT NULL DEFAULT '0',
  `deleted` int(1) NOT NULL DEFAULT '0',
  PRIMARY KEY (`id`)
) ENGINE=InnoDB AUTO_INCREMENT=2 DEFAULT CHARSET=utf8;
/*!40101 SET character_set_client = @saved_cs_client */;

--
-- Dumping data for table `vtiger_currency_info`
--

LOCK TABLES `vtiger_currency_info` WRITE;
/*!40000 ALTER TABLE `vtiger_currency_info` DISABLE KEYS */;
INSERT INTO `vtiger_currency_info` VALUES (1,'USA, Dollars','USD','$',1.00000,'Active','-11',0);
/*!40000 ALTER TABLE `vtiger_currency_info` ENABLE KEYS */;
UNLOCK TABLES;

--
-- Table structure for table `vtiger_currency_info_seq`
--

DROP TABLE IF EXISTS `vtiger_currency_info_seq`;
/*!40101 SET @saved_cs_client     = @@character_set_client */;
/*!40101 SET character_set_client = utf8 */;
CREATE TABLE `vtiger_currency_info_seq` (
  `id` int(11) NOT NULL
) ENGINE=InnoDB DEFAULT CHARSET=utf8;
/*!40101 SET character_set_client = @saved_cs_client */;

--
-- Dumping data for table `vtiger_currency_info_seq`
--

LOCK TABLES `vtiger_currency_info_seq` WRITE;
/*!40000 ALTER TABLE `vtiger_currency_info_seq` DISABLE KEYS */;
INSERT INTO `vtiger_currency_info_seq` VALUES (1);
/*!40000 ALTER TABLE `vtiger_currency_info_seq` ENABLE KEYS */;
UNLOCK TABLES;

--
-- Table structure for table `vtiger_currency_symbol_placement`
--

DROP TABLE IF EXISTS `vtiger_currency_symbol_placement`;
/*!40101 SET @saved_cs_client     = @@character_set_client */;
/*!40101 SET character_set_client = utf8 */;
CREATE TABLE `vtiger_currency_symbol_placement` (
  `currency_symbol_placementid` int(19) NOT NULL AUTO_INCREMENT,
  `currency_symbol_placement` varchar(30) NOT NULL,
  `sortorderid` int(19) NOT NULL DEFAULT '0',
  `presence` int(1) NOT NULL DEFAULT '1',
  PRIMARY KEY (`currency_symbol_placementid`)
) ENGINE=InnoDB AUTO_INCREMENT=3 DEFAULT CHARSET=utf8;
/*!40101 SET character_set_client = @saved_cs_client */;

--
-- Dumping data for table `vtiger_currency_symbol_placement`
--

LOCK TABLES `vtiger_currency_symbol_placement` WRITE;
/*!40000 ALTER TABLE `vtiger_currency_symbol_placement` DISABLE KEYS */;
INSERT INTO `vtiger_currency_symbol_placement` VALUES (1,'$1.0',0,1),(2,'1.0$',1,1);
/*!40000 ALTER TABLE `vtiger_currency_symbol_placement` ENABLE KEYS */;
UNLOCK TABLES;

--
-- Table structure for table `vtiger_currency_symbol_placement_seq`
--

DROP TABLE IF EXISTS `vtiger_currency_symbol_placement_seq`;
/*!40101 SET @saved_cs_client     = @@character_set_client */;
/*!40101 SET character_set_client = utf8 */;
CREATE TABLE `vtiger_currency_symbol_placement_seq` (
  `id` int(11) NOT NULL
) ENGINE=InnoDB DEFAULT CHARSET=utf8;
/*!40101 SET character_set_client = @saved_cs_client */;

--
-- Dumping data for table `vtiger_currency_symbol_placement_seq`
--

LOCK TABLES `vtiger_currency_symbol_placement_seq` WRITE;
/*!40000 ALTER TABLE `vtiger_currency_symbol_placement_seq` DISABLE KEYS */;
INSERT INTO `vtiger_currency_symbol_placement_seq` VALUES (2);
/*!40000 ALTER TABLE `vtiger_currency_symbol_placement_seq` ENABLE KEYS */;
UNLOCK TABLES;

--
-- Table structure for table `vtiger_customaction`
--

DROP TABLE IF EXISTS `vtiger_customaction`;
/*!40101 SET @saved_cs_client     = @@character_set_client */;
/*!40101 SET character_set_client = utf8 */;
CREATE TABLE `vtiger_customaction` (
  `cvid` int(19) NOT NULL,
  `subject` varchar(250) NOT NULL,
  `module` varchar(50) NOT NULL,
  `content` text,
  KEY `customaction_cvid_idx` (`cvid`)
) ENGINE=InnoDB DEFAULT CHARSET=utf8;
/*!40101 SET character_set_client = @saved_cs_client */;

--
-- Dumping data for table `vtiger_customaction`
--

LOCK TABLES `vtiger_customaction` WRITE;
/*!40000 ALTER TABLE `vtiger_customaction` DISABLE KEYS */;
/*!40000 ALTER TABLE `vtiger_customaction` ENABLE KEYS */;
UNLOCK TABLES;

--
-- Table structure for table `vtiger_customerdetails`
--

DROP TABLE IF EXISTS `vtiger_customerdetails`;
/*!40101 SET @saved_cs_client     = @@character_set_client */;
/*!40101 SET character_set_client = utf8 */;
CREATE TABLE `vtiger_customerdetails` (
  `customerid` int(19) NOT NULL,
  `portal` varchar(3) DEFAULT NULL,
  `support_start_date` date DEFAULT NULL,
  `support_end_date` date DEFAULT NULL,
  PRIMARY KEY (`customerid`)
) ENGINE=InnoDB DEFAULT CHARSET=utf8;
/*!40101 SET character_set_client = @saved_cs_client */;

--
-- Dumping data for table `vtiger_customerdetails`
--

LOCK TABLES `vtiger_customerdetails` WRITE;
/*!40000 ALTER TABLE `vtiger_customerdetails` DISABLE KEYS */;
INSERT INTO `vtiger_customerdetails` VALUES (3,'0','2015-03-13','2016-03-13'),(7,'0','2015-03-31','2016-03-31'),(24,'0','2015-04-26','2016-04-26'),(28,'0','2015-04-14','2016-04-14'),(32,'0','2015-04-26','2016-04-26'),(37,'0',NULL,NULL),(44,'0',NULL,NULL),(79,'0',NULL,NULL),(88,'0','2015-05-06','2016-05-06'),(95,'0',NULL,NULL);
/*!40000 ALTER TABLE `vtiger_customerdetails` ENABLE KEYS */;
UNLOCK TABLES;

--
-- Table structure for table `vtiger_customerportal_fields`
--

DROP TABLE IF EXISTS `vtiger_customerportal_fields`;
/*!40101 SET @saved_cs_client     = @@character_set_client */;
/*!40101 SET character_set_client = utf8 */;
CREATE TABLE `vtiger_customerportal_fields` (
  `tabid` int(19) NOT NULL,
  `fieldid` int(19) DEFAULT NULL,
  `visible` int(1) DEFAULT NULL
) ENGINE=InnoDB DEFAULT CHARSET=utf8;
/*!40101 SET character_set_client = @saved_cs_client */;

--
-- Dumping data for table `vtiger_customerportal_fields`
--

LOCK TABLES `vtiger_customerportal_fields` WRITE;
/*!40000 ALTER TABLE `vtiger_customerportal_fields` DISABLE KEYS */;
/*!40000 ALTER TABLE `vtiger_customerportal_fields` ENABLE KEYS */;
UNLOCK TABLES;

--
-- Table structure for table `vtiger_customerportal_prefs`
--

DROP TABLE IF EXISTS `vtiger_customerportal_prefs`;
/*!40101 SET @saved_cs_client     = @@character_set_client */;
/*!40101 SET character_set_client = utf8 */;
CREATE TABLE `vtiger_customerportal_prefs` (
  `tabid` int(19) NOT NULL,
  `prefkey` varchar(100) NOT NULL,
  `prefvalue` int(20) DEFAULT NULL,
  PRIMARY KEY (`tabid`,`prefkey`)
) ENGINE=InnoDB DEFAULT CHARSET=utf8;
/*!40101 SET character_set_client = @saved_cs_client */;

--
-- Dumping data for table `vtiger_customerportal_prefs`
--

LOCK TABLES `vtiger_customerportal_prefs` WRITE;
/*!40000 ALTER TABLE `vtiger_customerportal_prefs` DISABLE KEYS */;
INSERT INTO `vtiger_customerportal_prefs` VALUES (0,'defaultassignee',1),(0,'userid',1),(4,'showrelatedinfo',1),(6,'showrelatedinfo',1),(8,'showrelatedinfo',1),(13,'showrelatedinfo',1),(14,'showrelatedinfo',1),(15,'showrelatedinfo',1),(20,'showrelatedinfo',1),(23,'showrelatedinfo',1),(36,'showrelatedinfo',1),(38,'showrelatedinfo',1),(43,'showrelatedinfo',1),(44,'showrelatedinfo',1),(45,'showrelatedinfo',1);
/*!40000 ALTER TABLE `vtiger_customerportal_prefs` ENABLE KEYS */;
UNLOCK TABLES;

--
-- Table structure for table `vtiger_customerportal_tabs`
--

DROP TABLE IF EXISTS `vtiger_customerportal_tabs`;
/*!40101 SET @saved_cs_client     = @@character_set_client */;
/*!40101 SET character_set_client = utf8 */;
CREATE TABLE `vtiger_customerportal_tabs` (
  `tabid` int(19) NOT NULL,
  `visible` int(1) DEFAULT '1',
  `sequence` int(1) DEFAULT NULL,
  PRIMARY KEY (`tabid`)
) ENGINE=InnoDB DEFAULT CHARSET=utf8;
/*!40101 SET character_set_client = @saved_cs_client */;

--
-- Dumping data for table `vtiger_customerportal_tabs`
--

LOCK TABLES `vtiger_customerportal_tabs` WRITE;
/*!40000 ALTER TABLE `vtiger_customerportal_tabs` DISABLE KEYS */;
INSERT INTO `vtiger_customerportal_tabs` VALUES (4,1,9),(6,1,10),(8,1,8),(13,1,2),(14,1,6),(15,1,3),(20,1,5),(23,1,4),(36,1,7),(38,1,11),(43,1,12),(44,1,13),(45,1,14);
/*!40000 ALTER TABLE `vtiger_customerportal_tabs` ENABLE KEYS */;
UNLOCK TABLES;

--
-- Table structure for table `vtiger_customview`
--

DROP TABLE IF EXISTS `vtiger_customview`;
/*!40101 SET @saved_cs_client     = @@character_set_client */;
/*!40101 SET character_set_client = utf8 */;
CREATE TABLE `vtiger_customview` (
  `cvid` int(19) NOT NULL,
  `viewname` varchar(100) NOT NULL,
  `setdefault` int(1) DEFAULT '0',
  `setmetrics` int(1) DEFAULT '0',
  `entitytype` varchar(25) NOT NULL,
  `status` int(1) DEFAULT '1',
  `userid` int(19) DEFAULT '1',
  PRIMARY KEY (`cvid`),
  KEY `customview_entitytype_idx` (`entitytype`)
) ENGINE=InnoDB DEFAULT CHARSET=utf8;
/*!40101 SET character_set_client = @saved_cs_client */;

--
-- Dumping data for table `vtiger_customview`
--

LOCK TABLES `vtiger_customview` WRITE;
/*!40000 ALTER TABLE `vtiger_customview` DISABLE KEYS */;
INSERT INTO `vtiger_customview` VALUES (1,'All',1,0,'Leads',0,1),(2,'Hot Leads',0,1,'Leads',3,1),(3,'This Month Leads',0,0,'Leads',3,1),(4,'All',1,0,'Accounts',0,1),(5,'Prospect Accounts',0,1,'Accounts',3,1),(6,'New This Week',0,0,'Accounts',3,1),(7,'All',1,0,'Contacts',0,1),(8,'Contacts Address',0,0,'Contacts',3,1),(9,'Todays Birthday',0,0,'Contacts',3,1),(10,'All',1,0,'Potentials',0,1),(11,'Potentials Won',0,1,'Potentials',3,1),(12,'Prospecting',0,0,'Potentials',3,1),(13,'All',1,0,'HelpDesk',0,1),(14,'Open Tickets',0,1,'HelpDesk',3,1),(15,'High Prioriy Tickets',0,0,'HelpDesk',3,1),(16,'All',1,0,'Quotes',0,1),(17,'Open Quotes',0,1,'Quotes',3,1),(18,'Rejected Quotes',0,0,'Quotes',3,1),(19,'All',1,0,'Calendar',0,1),(20,'All',1,0,'Emails',0,1),(21,'All',1,0,'Invoice',0,1),(22,'All',1,0,'Documents',0,1),(23,'All',1,0,'PriceBooks',0,1),(24,'All',1,0,'Products',0,1),(25,'All',1,0,'PurchaseOrder',0,1),(26,'All',1,0,'SalesOrder',0,1),(27,'All',1,0,'Vendors',0,1),(28,'All',1,0,'Faq',0,1),(29,'All',1,0,'Campaigns',0,1),(30,'All',1,0,'Webmails',0,1),(31,'Drafted FAQ',0,0,'Faq',3,1),(32,'Published FAQ',0,0,'Faq',3,1),(33,'Open Purchase Orders',0,0,'PurchaseOrder',3,1),(34,'Received Purchase Orders',0,0,'PurchaseOrder',3,1),(35,'Open Invoices',0,0,'Invoice',3,1),(36,'Paid Invoices',0,0,'Invoice',3,1),(37,'Pending Sales Orders',0,0,'SalesOrder',3,1),(38,'All',1,0,'PBXManager',0,1),(39,'All',1,0,'ServiceContracts',0,1),(40,'All',1,0,'Services',0,1),(41,'All',1,0,'Assets',0,1),(42,'All',0,0,'ModComments',0,1),(46,'All',0,0,'SMSNotifier',0,1),(47,'All',1,0,'ProjectMilestone',0,1),(48,'All',1,0,'ProjectTask',0,1),(49,'All',1,0,'Project',0,1);
/*!40000 ALTER TABLE `vtiger_customview` ENABLE KEYS */;
UNLOCK TABLES;

--
-- Table structure for table `vtiger_customview_seq`
--

DROP TABLE IF EXISTS `vtiger_customview_seq`;
/*!40101 SET @saved_cs_client     = @@character_set_client */;
/*!40101 SET character_set_client = utf8 */;
CREATE TABLE `vtiger_customview_seq` (
  `id` int(11) NOT NULL
) ENGINE=InnoDB DEFAULT CHARSET=utf8;
/*!40101 SET character_set_client = @saved_cs_client */;

--
-- Dumping data for table `vtiger_customview_seq`
--

LOCK TABLES `vtiger_customview_seq` WRITE;
/*!40000 ALTER TABLE `vtiger_customview_seq` DISABLE KEYS */;
INSERT INTO `vtiger_customview_seq` VALUES (49);
/*!40000 ALTER TABLE `vtiger_customview_seq` ENABLE KEYS */;
UNLOCK TABLES;

--
-- Table structure for table `vtiger_cvadvfilter`
--

DROP TABLE IF EXISTS `vtiger_cvadvfilter`;
/*!40101 SET @saved_cs_client     = @@character_set_client */;
/*!40101 SET character_set_client = utf8 */;
CREATE TABLE `vtiger_cvadvfilter` (
  `cvid` int(19) NOT NULL,
  `columnindex` int(11) NOT NULL,
  `columnname` varchar(250) DEFAULT '',
  `comparator` varchar(20) DEFAULT NULL,
  `value` varchar(512) DEFAULT NULL,
  `groupid` int(11) DEFAULT '1',
  `column_condition` varchar(255) DEFAULT 'and',
  PRIMARY KEY (`cvid`,`columnindex`),
  KEY `cvadvfilter_cvid_idx` (`cvid`)
) ENGINE=InnoDB DEFAULT CHARSET=utf8;
/*!40101 SET character_set_client = @saved_cs_client */;

--
-- Dumping data for table `vtiger_cvadvfilter`
--

LOCK TABLES `vtiger_cvadvfilter` WRITE;
/*!40000 ALTER TABLE `vtiger_cvadvfilter` DISABLE KEYS */;
INSERT INTO `vtiger_cvadvfilter` VALUES (2,0,'vtiger_leaddetails:leadstatus:leadstatus:Leads_Lead_Status:V','e','Hot',1,'and'),(5,0,'vtiger_account:account_type:accounttype:Accounts_Type:V','e','Prospect',1,'and'),(11,0,'vtiger_potential:sales_stage:sales_stage:Potentials_Sales_Stage:V','e','Closed Won',1,'and'),(12,0,'vtiger_potential:sales_stage:sales_stage:Potentials_Sales_Stage:V','e','Prospecting',1,'and'),(14,0,'vtiger_troubletickets:status:ticketstatus:HelpDesk_Status:V','n','Closed',1,'and'),(15,0,'vtiger_troubletickets:priority:ticketpriorities:HelpDesk_Priority:V','e','High',1,'and'),(17,0,'vtiger_quotes:quotestage:quotestage:Quotes_Quote_Stage:V','n','Accepted',1,'and'),(17,1,'vtiger_quotes:quotestage:quotestage:Quotes_Quote_Stage:V','n','Rejected',1,'and'),(18,0,'vtiger_quotes:quotestage:quotestage:Quotes_Quote_Stage:V','e','Rejected',1,'and'),(31,0,'vtiger_faq:status:faqstatus:Faq_Status:V','e','Draft',1,'and'),(32,0,'vtiger_faq:status:faqstatus:Faq_Status:V','e','Published',1,'and'),(33,0,'vtiger_purchaseorder:postatus:postatus:PurchaseOrder_Status:V','e','Created, Approved, Delivered',1,'and'),(34,0,'vtiger_purchaseorder:postatus:postatus:PurchaseOrder_Status:V','e','Received Shipment',1,'and'),(35,0,'vtiger_invoice:invoicestatus:invoicestatus:Invoice_Status:V','e','Created, Approved, Sent',1,'and'),(36,0,'vtiger_invoice:invoicestatus:invoicestatus:Invoice_Status:V','e','Paid',1,'and'),(37,0,'vtiger_salesorder:sostatus:sostatus:SalesOrder_Status:V','e','Created, Approved',1,'and');
/*!40000 ALTER TABLE `vtiger_cvadvfilter` ENABLE KEYS */;
UNLOCK TABLES;

--
-- Table structure for table `vtiger_cvadvfilter_grouping`
--

DROP TABLE IF EXISTS `vtiger_cvadvfilter_grouping`;
/*!40101 SET @saved_cs_client     = @@character_set_client */;
/*!40101 SET character_set_client = utf8 */;
CREATE TABLE `vtiger_cvadvfilter_grouping` (
  `groupid` int(11) NOT NULL,
  `cvid` int(19) NOT NULL,
  `group_condition` varchar(255) DEFAULT NULL,
  `condition_expression` text,
  PRIMARY KEY (`groupid`,`cvid`)
) ENGINE=InnoDB DEFAULT CHARSET=utf8;
/*!40101 SET character_set_client = @saved_cs_client */;

--
-- Dumping data for table `vtiger_cvadvfilter_grouping`
--

LOCK TABLES `vtiger_cvadvfilter_grouping` WRITE;
/*!40000 ALTER TABLE `vtiger_cvadvfilter_grouping` DISABLE KEYS */;
INSERT INTO `vtiger_cvadvfilter_grouping` VALUES (1,2,'',''),(1,5,'',''),(1,11,'',''),(1,12,'',''),(1,14,'',''),(1,15,'',''),(1,17,'',''),(1,18,'',''),(1,31,'',''),(1,32,'',''),(1,33,'',''),(1,34,'',''),(1,35,'',''),(1,36,'',''),(1,37,'','');
/*!40000 ALTER TABLE `vtiger_cvadvfilter_grouping` ENABLE KEYS */;
UNLOCK TABLES;

--
-- Table structure for table `vtiger_cvcolumnlist`
--

DROP TABLE IF EXISTS `vtiger_cvcolumnlist`;
/*!40101 SET @saved_cs_client     = @@character_set_client */;
/*!40101 SET character_set_client = utf8 */;
CREATE TABLE `vtiger_cvcolumnlist` (
  `cvid` int(19) NOT NULL,
  `columnindex` int(11) NOT NULL,
  `columnname` varchar(250) DEFAULT '',
  PRIMARY KEY (`cvid`,`columnindex`),
  KEY `cvcolumnlist_columnindex_idx` (`columnindex`),
  KEY `cvcolumnlist_cvid_idx` (`cvid`)
) ENGINE=InnoDB DEFAULT CHARSET=utf8;
/*!40101 SET character_set_client = @saved_cs_client */;

--
-- Dumping data for table `vtiger_cvcolumnlist`
--

LOCK TABLES `vtiger_cvcolumnlist` WRITE;
/*!40000 ALTER TABLE `vtiger_cvcolumnlist` DISABLE KEYS */;
INSERT INTO `vtiger_cvcolumnlist` VALUES (1,1,'vtiger_leaddetails:firstname:firstname:Leads_First_Name:V'),(1,2,'vtiger_leaddetails:lastname:lastname:Leads_Last_Name:V'),(1,3,'vtiger_leaddetails:company:company:Leads_Company:V'),(1,4,'vtiger_leadaddress:phone:phone:Leads_Phone:V'),(1,5,'vtiger_leadsubdetails:website:website:Leads_Website:V'),(1,6,'vtiger_leaddetails:email:email:Leads_Email:E'),(1,7,'vtiger_crmentity:smownerid:assigned_user_id:Leads_Assigned_To:V'),(2,0,'vtiger_leaddetails:firstname:firstname:Leads_First_Name:V'),(2,1,'vtiger_leaddetails:lastname:lastname:Leads_Last_Name:V'),(2,2,'vtiger_leaddetails:company:company:Leads_Company:V'),(2,3,'vtiger_leaddetails:leadsource:leadsource:Leads_Lead_Source:V'),(2,4,'vtiger_leadsubdetails:website:website:Leads_Website:V'),(2,5,'vtiger_leaddetails:email:email:Leads_Email:E'),(3,0,'vtiger_leaddetails:firstname:firstname:Leads_First_Name:V'),(3,1,'vtiger_leaddetails:lastname:lastname:Leads_Last_Name:V'),(3,2,'vtiger_leaddetails:company:company:Leads_Company:V'),(3,3,'vtiger_leaddetails:leadsource:leadsource:Leads_Lead_Source:V'),(3,4,'vtiger_leadsubdetails:website:website:Leads_Website:V'),(3,5,'vtiger_leaddetails:email:email:Leads_Email:E'),(4,1,'vtiger_account:accountname:accountname:Accounts_Account_Name:V'),(4,2,'vtiger_accountbillads:bill_city:bill_city:Accounts_City:V'),(4,3,'vtiger_account:website:website:Accounts_Website:V'),(4,4,'vtiger_account:phone:phone:Accounts_Phone:V'),(4,5,'vtiger_crmentity:smownerid:assigned_user_id:Accounts_Assigned_To:V'),(5,0,'vtiger_account:accountname:accountname:Accounts_Account_Name:V'),(5,1,'vtiger_account:phone:phone:Accounts_Phone:V'),(5,2,'vtiger_account:website:website:Accounts_Website:V'),(5,3,'vtiger_account:rating:rating:Accounts_Rating:V'),(5,4,'vtiger_crmentity:smownerid:assigned_user_id:Accounts_Assigned_To:V'),(6,0,'vtiger_account:accountname:accountname:Accounts_Account_Name:V'),(6,1,'vtiger_account:phone:phone:Accounts_Phone:V'),(6,2,'vtiger_account:website:website:Accounts_Website:V'),(6,3,'vtiger_accountbillads:bill_city:bill_city:Accounts_City:V'),(6,4,'vtiger_crmentity:smownerid:assigned_user_id:Accounts_Assigned_To:V'),(7,1,'vtiger_contactdetails:firstname:firstname:Contacts_First_Name:V'),(7,2,'vtiger_contactdetails:lastname:lastname:Contacts_Last_Name:V'),(7,3,'vtiger_contactdetails:title:title:Contacts_Title:V'),(7,4,'vtiger_contactdetails:accountid:account_id:Contacts_Account_Name:I'),(7,5,'vtiger_contactdetails:email:email:Contacts_Email:E'),(7,6,'vtiger_contactdetails:phone:phone:Contacts_Office_Phone:V'),(7,7,'vtiger_crmentity:smownerid:assigned_user_id:Contacts_Assigned_To:V'),(8,0,'vtiger_contactdetails:firstname:firstname:Contacts_First_Name:V'),(8,1,'vtiger_contactdetails:lastname:lastname:Contacts_Last_Name:V'),(8,2,'vtiger_contactaddress:mailingstreet:mailingstreet:Contacts_Mailing_Street:V'),(8,3,'vtiger_contactaddress:mailingcity:mailingcity:Contacts_Mailing_City:V'),(8,4,'vtiger_contactaddress:mailingstate:mailingstate:Contacts_Mailing_State:V'),(8,5,'vtiger_contactaddress:mailingzip:mailingzip:Contacts_Mailing_Zip:V'),(8,6,'vtiger_contactaddress:mailingcountry:mailingcountry:Contacts_Mailing_Country:V'),(9,0,'vtiger_contactdetails:firstname:firstname:Contacts_First_Name:V'),(9,1,'vtiger_contactdetails:lastname:lastname:Contacts_Last_Name:V'),(9,2,'vtiger_contactdetails:title:title:Contacts_Title:V'),(9,3,'vtiger_contactdetails:accountid:account_id:Contacts_Account_Name:I'),(9,4,'vtiger_contactdetails:email:email:Contacts_Email:E'),(9,5,'vtiger_contactsubdetails:otherphone:otherphone:Contacts_Phone:V'),(9,6,'vtiger_crmentity:smownerid:assigned_user_id:Contacts_Assigned_To:V'),(10,1,'vtiger_potential:potentialname:potentialname:Potentials_Potential_Name:V'),(10,2,'vtiger_potential:related_to:related_to:Potentials_Related_To:V'),(10,3,'vtiger_potential:sales_stage:sales_stage:Potentials_Sales_Stage:V'),(10,4,'vtiger_potential:leadsource:leadsource:Potentials_Lead_Source:V'),(10,5,'vtiger_potential:closingdate:closingdate:Potentials_Expected_Close_Date:D'),(10,6,'vtiger_potential:amount:amount:Potentials_Amount:N'),(10,7,'vtiger_crmentity:smownerid:assigned_user_id:Potentials_Assigned_To:V'),(10,8,'vtiger_potential:contact_id:contact_id:Potentials_Contact_Name:V'),(11,0,'vtiger_potential:potentialname:potentialname:Potentials_Potential_Name:V'),(11,1,'vtiger_potential:related_to:related_to:Potentials_Related_To:V'),(11,2,'vtiger_potential:amount:amount:Potentials_Amount:N'),(11,3,'vtiger_potential:closingdate:closingdate:Potentials_Expected_Close_Date:D'),(11,4,'vtiger_crmentity:smownerid:assigned_user_id:Potentials_Assigned_To:V'),(11,5,'vtiger_potential:contact_id:contact_id:Potentials_Contact_Name:V'),(12,0,'vtiger_potential:potentialname:potentialname:Potentials_Potential_Name:V'),(12,1,'vtiger_potential:related_to:related_to:Potentials_Related_To:V'),(12,2,'vtiger_potential:amount:amount:Potentials_Amount:N'),(12,3,'vtiger_potential:leadsource:leadsource:Potentials_Lead_Source:V'),(12,4,'vtiger_potential:closingdate:closingdate:Potentials_Expected_Close_Date:D'),(12,5,'vtiger_crmentity:smownerid:assigned_user_id:Potentials_Assigned_To:V'),(12,6,'vtiger_potential:contact_id:contact_id:Potentials_Contact_Name:V'),(13,1,'vtiger_troubletickets:title:ticket_title:HelpDesk_Title:V'),(13,2,'vtiger_troubletickets:parent_id:parent_id:HelpDesk_Related_To:I'),(13,3,'vtiger_troubletickets:status:ticketstatus:HelpDesk_Status:V'),(13,4,'vtiger_troubletickets:priority:ticketpriorities:HelpDesk_Priority:V'),(13,5,'vtiger_crmentity:smownerid:assigned_user_id:HelpDesk_Assigned_To:V'),(13,6,'vtiger_troubletickets:contact_id:contact_id:HelpDesk_Contact_Name:V'),(14,0,'vtiger_troubletickets:title:ticket_title:HelpDesk_Title:V'),(14,1,'vtiger_troubletickets:parent_id:parent_id:HelpDesk_Related_To:I'),(14,2,'vtiger_troubletickets:priority:ticketpriorities:HelpDesk_Priority:V'),(14,3,'vtiger_troubletickets:product_id:product_id:HelpDesk_Product_Name:I'),(14,4,'vtiger_crmentity:smownerid:assigned_user_id:HelpDesk_Assigned_To:V'),(14,5,'vtiger_troubletickets:contact_id:contact_id:HelpDesk_Contact_Name:V'),(15,0,'vtiger_troubletickets:title:ticket_title:HelpDesk_Title:V'),(15,1,'vtiger_troubletickets:parent_id:parent_id:HelpDesk_Related_To:I'),(15,2,'vtiger_troubletickets:status:ticketstatus:HelpDesk_Status:V'),(15,3,'vtiger_troubletickets:product_id:product_id:HelpDesk_Product_Name:I'),(15,4,'vtiger_crmentity:smownerid:assigned_user_id:HelpDesk_Assigned_To:V'),(15,5,'vtiger_troubletickets:contact_id:contact_id:HelpDesk_Contact_Name:V'),(16,1,'vtiger_quotes:subject:subject:Quotes_Subject:V'),(16,2,'vtiger_quotes:quotestage:quotestage:Quotes_Quote_Stage:V'),(16,3,'vtiger_quotes:potentialid:potential_id:Quotes_Potential_Name:I'),(16,4,'vtiger_quotes:accountid:account_id:Quotes_Account_Name:I'),(16,5,'vtiger_quotes:total:hdnGrandTotal:Quotes_Total:I'),(16,6,'vtiger_crmentity:smownerid:assigned_user_id:Quotes_Assigned_To:V'),(17,0,'vtiger_quotes:subject:subject:Quotes_Subject:V'),(17,1,'vtiger_quotes:quotestage:quotestage:Quotes_Quote_Stage:V'),(17,2,'vtiger_quotes:potentialid:potential_id:Quotes_Potential_Name:I'),(17,3,'vtiger_quotes:accountid:account_id:Quotes_Account_Name:I'),(17,4,'vtiger_quotes:validtill:validtill:Quotes_Valid_Till:D'),(17,5,'vtiger_crmentity:smownerid:assigned_user_id:Quotes_Assigned_To:V'),(18,0,'vtiger_quotes:subject:subject:Quotes_Subject:V'),(18,1,'vtiger_quotes:potentialid:potential_id:Quotes_Potential_Name:I'),(18,2,'vtiger_quotes:accountid:account_id:Quotes_Account_Name:I'),(18,3,'vtiger_quotes:validtill:validtill:Quotes_Valid_Till:D'),(18,4,'vtiger_crmentity:smownerid:assigned_user_id:Quotes_Assigned_To:V'),(19,0,'vtiger_activity:status:taskstatus:Calendar_Status:V'),(19,1,'vtiger_activity:activitytype:activitytype:Calendar_Type:V'),(19,2,'vtiger_activity:subject:subject:Calendar_Subject:V'),(19,3,'vtiger_seactivityrel:crmid:parent_id:Calendar_Related_to:V'),(19,4,'vtiger_activity:date_start:date_start:Calendar_Start_Date:D'),(19,5,'vtiger_activity:due_date:due_date:Calendar_End_Date:D'),(19,6,'vtiger_crmentity:smownerid:assigned_user_id:Calendar_Assigned_To:V'),(20,0,'vtiger_activity:subject:subject:Emails_Subject:V'),(20,1,'vtiger_emaildetails:to_email:saved_toid:Emails_To:V'),(20,2,'vtiger_activity:date_start:date_start:Emails_Date_Sent:D'),(21,1,'vtiger_invoice:subject:subject:Invoice_Subject:V'),(21,2,'vtiger_invoice:salesorderid:salesorder_id:Invoice_Sales_Order:I'),(21,3,'vtiger_invoice:invoicestatus:invoicestatus:Invoice_Status:V'),(21,4,'vtiger_invoice:total:hdnGrandTotal:Invoice_Total:I'),(21,5,'vtiger_crmentity:smownerid:assigned_user_id:Invoice_Assigned_To:V'),(22,1,'vtiger_notes:title:notes_title:Notes_Title:V'),(22,2,'vtiger_notes:filename:filename:Notes_File:V'),(22,3,'vtiger_crmentity:modifiedtime:modifiedtime:Notes_Modified_Time:DT'),(22,4,'vtiger_crmentity:smownerid:assigned_user_id:Notes_Assigned_To:V'),(23,1,'vtiger_pricebook:bookname:bookname:PriceBooks_Price_Book_Name:V'),(23,2,'vtiger_pricebook:active:active:PriceBooks_Active:V'),(23,3,'vtiger_pricebook:currency_id:currency_id:PriceBooks_Currency:I'),(24,1,'vtiger_products:productname:productname:Products_Product_Name:V'),(24,2,'vtiger_products:productcode:productcode:Products_Part_Number:V'),(24,3,'vtiger_products:commissionrate:commissionrate:Products_Commission_Rate:V'),(24,4,'vtiger_products:qtyinstock:qtyinstock:Products_Quantity_In_Stock:V'),(24,5,'vtiger_products:qty_per_unit:qty_per_unit:Products_Qty/Unit:V'),(24,6,'vtiger_products:unit_price:unit_price:Products_Unit_Price:V'),(25,1,'vtiger_purchaseorder:subject:subject:PurchaseOrder_Subject:V'),(25,2,'vtiger_purchaseorder:vendorid:vendor_id:PurchaseOrder_Vendor_Name:I'),(25,3,'vtiger_purchaseorder:tracking_no:tracking_no:PurchaseOrder_Tracking_Number:V'),(25,4,'vtiger_purchaseorder:total:hdnGrandTotal:PurchaseOrder_Total:V'),(25,5,'vtiger_crmentity:smownerid:assigned_user_id:PurchaseOrder_Assigned_To:V'),(26,1,'vtiger_salesorder:subject:subject:SalesOrder_Subject:V'),(26,2,'vtiger_salesorder:accountid:account_id:SalesOrder_Account_Name:I'),(26,3,'vtiger_salesorder:quoteid:quote_id:SalesOrder_Quote_Name:I'),(26,4,'vtiger_salesorder:total:hdnGrandTotal:SalesOrder_Total:V'),(26,5,'vtiger_crmentity:smownerid:assigned_user_id:SalesOrder_Assigned_To:V'),(27,1,'vtiger_vendor:vendorname:vendorname:Vendors_Vendor_Name:V'),(27,2,'vtiger_vendor:phone:phone:Vendors_Phone:V'),(27,3,'vtiger_vendor:email:email:Vendors_Email:E'),(27,4,'vtiger_vendor:category:category:Vendors_Category:V'),(27,5,'vtiger_crmentity:smownerid:assigned_user_id:Vendors_Assigned_To:V'),(28,1,'vtiger_faq:question:question:Faq_Question:V'),(28,2,'vtiger_faq:category:faqcategories:Faq_Category:V'),(28,3,'vtiger_faq:product_id:product_id:Faq_Product_Name:I'),(28,4,'vtiger_crmentity:createdtime:createdtime:Faq_Created_Time:DT'),(28,5,'vtiger_crmentity:modifiedtime:modifiedtime:Faq_Modified_Time:DT'),(29,1,'vtiger_campaign:campaignname:campaignname:Campaigns_Campaign_Name:V'),(29,2,'vtiger_campaign:campaigntype:campaigntype:Campaigns_Campaign_Type:N'),(29,3,'vtiger_campaign:campaignstatus:campaignstatus:Campaigns_Campaign_Status:N'),(29,4,'vtiger_campaign:expectedrevenue:expectedrevenue:Campaigns_Expected_Revenue:V'),(29,5,'vtiger_campaign:closingdate:closingdate:Campaigns_Expected_Close_Date:D'),(29,6,'vtiger_crmentity:smownerid:assigned_user_id:Campaigns_Assigned_To:V'),(30,0,'subject:subject:subject:Subject:V'),(30,1,'from:fromname:fromname:From:N'),(30,2,'to:tpname:toname:To:N'),(30,3,'body:body:body:Body:V'),(31,0,'vtiger_faq:question:question:Faq_Question:V'),(31,1,'vtiger_faq:status:faqstatus:Faq_Status:V'),(31,2,'vtiger_faq:product_id:product_id:Faq_Product_Name:I'),(31,3,'vtiger_faq:category:faqcategories:Faq_Category:V'),(31,4,'vtiger_crmentity:createdtime:createdtime:Faq_Created_Time:DT'),(32,0,'vtiger_faq:question:question:Faq_Question:V'),(32,1,'vtiger_faq:answer:faq_answer:Faq_Answer:V'),(32,2,'vtiger_faq:status:faqstatus:Faq_Status:V'),(32,3,'vtiger_faq:product_id:product_id:Faq_Product_Name:I'),(32,4,'vtiger_faq:category:faqcategories:Faq_Category:V'),(32,5,'vtiger_crmentity:createdtime:createdtime:Faq_Created_Time:DT'),(33,0,'vtiger_purchaseorder:subject:subject:PurchaseOrder_Subject:V'),(33,1,'vtiger_purchaseorder:postatus:postatus:PurchaseOrder_Status:V'),(33,2,'vtiger_purchaseorder:vendorid:vendor_id:PurchaseOrder_Vendor_Name:I'),(33,3,'vtiger_crmentity:smownerid:assigned_user_id:PurchaseOrder_Assigned_To:V'),(33,4,'vtiger_purchaseorder:duedate:duedate:PurchaseOrder_Due_Date:V'),(34,0,'vtiger_purchaseorder:subject:subject:PurchaseOrder_Subject:V'),(34,1,'vtiger_purchaseorder:vendorid:vendor_id:PurchaseOrder_Vendor_Name:I'),(34,2,'vtiger_crmentity:smownerid:assigned_user_id:PurchaseOrder_Assigned_To:V'),(34,3,'vtiger_purchaseorder:postatus:postatus:PurchaseOrder_Status:V'),(34,4,'vtiger_purchaseorder:carrier:carrier:PurchaseOrder_Carrier:V'),(34,5,'vtiger_poshipads:ship_street:ship_street:PurchaseOrder_Shipping_Address:V'),(35,0,'vtiger_invoice:invoice_no:invoice_no:Invoice_Invoice_No:V'),(35,1,'vtiger_invoice:subject:subject:Invoice_Subject:V'),(35,2,'vtiger_invoice:accountid:account_id:Invoice_Account_Name:I'),(35,3,'vtiger_invoice:salesorderid:salesorder_id:Invoice_Sales_Order:I'),(35,4,'vtiger_invoice:invoicestatus:invoicestatus:Invoice_Status:V'),(35,5,'vtiger_crmentity:smownerid:assigned_user_id:Invoice_Assigned_To:V'),(35,6,'vtiger_crmentity:createdtime:createdtime:Invoice_Created_Time:DT'),(36,0,'vtiger_invoice:invoice_no:invoice_no:Invoice_Invoice_No:V'),(36,1,'vtiger_invoice:subject:subject:Invoice_Subject:V'),(36,2,'vtiger_invoice:accountid:account_id:Invoice_Account_Name:I'),(36,3,'vtiger_invoice:salesorderid:salesorder_id:Invoice_Sales_Order:I'),(36,4,'vtiger_invoice:invoicestatus:invoicestatus:Invoice_Status:V'),(36,5,'vtiger_invoiceshipads:ship_street:ship_street:Invoice_Shipping_Address:V'),(36,6,'vtiger_crmentity:smownerid:assigned_user_id:Invoice_Assigned_To:V'),(37,0,'vtiger_salesorder:subject:subject:SalesOrder_Subject:V'),(37,1,'vtiger_salesorder:accountid:account_id:SalesOrder_Account_Name:I'),(37,2,'vtiger_salesorder:sostatus:sostatus:SalesOrder_Status:V'),(37,3,'vtiger_crmentity:smownerid:assigned_user_id:SalesOrder_Assigned_To:V'),(37,4,'vtiger_soshipads:ship_street:ship_street:SalesOrder_Shipping_Address:V'),(37,5,'vtiger_salesorder:carrier:carrier:SalesOrder_Carrier:V'),(38,0,'vtiger_pbxmanager:callstatus:callstatus:PBXManager_Call_Status:V'),(38,1,'vtiger_pbxmanager:customernumber:customernumber:PBXManager_Customer_Number:V'),(38,2,'vtiger_pbxmanager:customer:customer:PBXManager_Customer:V'),(38,3,'vtiger_pbxmanager:user:user:PBXManager_User:V'),(38,4,'vtiger_pbxmanager:recordingurl:recordingurl:PBXManager_Recording_URL:V'),(38,5,'vtiger_pbxmanager:totalduration:totalduration:PBXManager_Total_Duration:I'),(38,6,'vtiger_pbxmanager:starttime:starttime:PBXManager_Start_Time:DT'),(39,1,'vtiger_servicecontracts:subject:subject:ServiceContracts_Subject:V'),(39,2,'vtiger_servicecontracts:sc_related_to:sc_related_to:ServiceContracts_Related_to:V'),(39,3,'vtiger_crmentity:smownerid:assigned_user_id:ServiceContracts_Assigned_To:V'),(39,4,'vtiger_servicecontracts:start_date:start_date:ServiceContracts_Start_Date:D'),(39,5,'vtiger_servicecontracts:due_date:due_date:ServiceContracts_Due_date:D'),(39,7,'vtiger_servicecontracts:progress:progress:ServiceContracts_Progress:N'),(39,8,'vtiger_servicecontracts:contract_status:contract_status:ServiceContracts_Status:V'),(40,1,'vtiger_service:servicename:servicename:Services_Service_Name:V'),(40,2,'vtiger_service:service_usageunit:service_usageunit:Services_Usage_Unit:V'),(40,3,'vtiger_service:unit_price:unit_price:Services_Price:N'),(40,4,'vtiger_service:qty_per_unit:qty_per_unit:Services_No_of_Units:N'),(40,5,'vtiger_service:servicecategory:servicecategory:Services_Service_Category:V'),(40,6,'vtiger_crmentity:smownerid:assigned_user_id:Services_Owner:I'),(41,1,'vtiger_assets:assetname:assetname:Assets_Asset_Name:V'),(41,2,'vtiger_assets:account:account:Assets_Customer_Name:V'),(41,3,'vtiger_assets:product:product:Assets_Product_Name:V'),(42,0,'vtiger_modcomments:commentcontent:commentcontent:ModComments_Comment:V'),(42,1,'vtiger_modcomments:related_to:related_to:ModComments_Related_To:V'),(42,2,'vtiger_crmentity:modifiedtime:modifiedtime:ModComments_Modified_Time:DT'),(42,3,'vtiger_crmentity:smownerid:assigned_user_id:ModComments_Assigned_To:V'),(46,0,'vtiger_smsnotifier:message:message:SMSNotifier_message:V'),(46,2,'vtiger_crmentity:smownerid:assigned_user_id:SMSNotifier_Assigned_To:V'),(46,3,'vtiger_crmentity:createdtime:createdtime:SMSNotifier_Created_Time:DT'),(46,4,'vtiger_crmentity:modifiedtime:modifiedtime:SMSNotifier_Modified_Time:DT'),(47,0,'vtiger_projectmilestone:projectmilestonename:projectmilestonename:ProjectMilestone_Project_Milestone_Name:V'),(47,1,'vtiger_projectmilestone:projectmilestonedate:projectmilestonedate:ProjectMilestone_Milestone_Date:D'),(47,3,'vtiger_crmentity:description:description:ProjectMilestone_description:V'),(47,4,'vtiger_crmentity:createdtime:createdtime:ProjectMilestone_Created_Time:T'),(47,5,'vtiger_crmentity:modifiedtime:modifiedtime:ProjectMilestone_Modified_Time:T'),(48,2,'vtiger_projecttask:projecttaskname:projecttaskname:ProjectTask_Project_Task_Name:V'),(48,3,'vtiger_projecttask:projectid:projectid:ProjectTask_Related_to:V'),(48,4,'vtiger_projecttask:projecttaskpriority:projecttaskpriority:ProjectTask_Priority:V'),(48,5,'vtiger_projecttask:projecttaskprogress:projecttaskprogress:ProjectTask_Progress:V'),(48,6,'vtiger_projecttask:projecttaskhours:projecttaskhours:ProjectTask_Worked_Hours:V'),(48,7,'vtiger_projecttask:startdate:startdate:ProjectTask_Start_Date:D'),(48,8,'vtiger_projecttask:enddate:enddate:ProjectTask_End_Date:D'),(48,9,'vtiger_crmentity:smownerid:assigned_user_id:ProjectTask_Assigned_To:V'),(49,0,'vtiger_project:projectname:projectname:Project_Project_Name:V'),(49,1,'vtiger_project:linktoaccountscontacts:linktoaccountscontacts:Project_Related_to:V'),(49,2,'vtiger_project:startdate:startdate:Project_Start_Date:D'),(49,3,'vtiger_project:targetenddate:targetenddate:Project_Target_End_Date:D'),(49,4,'vtiger_project:actualenddate:actualenddate:Project_Actual_End_Date:D'),(49,5,'vtiger_project:targetbudget:targetbudget:Project_Target_Budget:V'),(49,6,'vtiger_project:progress:progress:Project_Progress:V'),(49,7,'vtiger_project:projectstatus:projectstatus:Project_Status:V'),(49,8,'vtiger_crmentity:smownerid:assigned_user_id:Project_Assigned_To:V');
/*!40000 ALTER TABLE `vtiger_cvcolumnlist` ENABLE KEYS */;
UNLOCK TABLES;

--
-- Table structure for table `vtiger_cvstdfilter`
--

DROP TABLE IF EXISTS `vtiger_cvstdfilter`;
/*!40101 SET @saved_cs_client     = @@character_set_client */;
/*!40101 SET character_set_client = utf8 */;
CREATE TABLE `vtiger_cvstdfilter` (
  `cvid` int(19) NOT NULL,
  `columnname` varchar(250) DEFAULT '',
  `stdfilter` varchar(250) DEFAULT '',
  `startdate` date DEFAULT NULL,
  `enddate` date DEFAULT NULL,
  PRIMARY KEY (`cvid`),
  KEY `cvstdfilter_cvid_idx` (`cvid`)
) ENGINE=InnoDB DEFAULT CHARSET=utf8;
/*!40101 SET character_set_client = @saved_cs_client */;

--
-- Dumping data for table `vtiger_cvstdfilter`
--

LOCK TABLES `vtiger_cvstdfilter` WRITE;
/*!40000 ALTER TABLE `vtiger_cvstdfilter` DISABLE KEYS */;
INSERT INTO `vtiger_cvstdfilter` VALUES (3,'vtiger_crmentity:modifiedtime:modifiedtime:Leads_Modified_Time','thismonth','2005-06-01','2005-06-30'),(6,'vtiger_crmentity:createdtime:createdtime:Accounts_Created_Time','thisweek','2005-06-19','2005-06-25'),(9,'vtiger_contactsubdetails:birthday:birthday:Contacts_Birthdate','today','2005-06-25','2005-06-25');
/*!40000 ALTER TABLE `vtiger_cvstdfilter` ENABLE KEYS */;
UNLOCK TABLES;

--
-- Table structure for table `vtiger_datashare_grp2grp`
--

DROP TABLE IF EXISTS `vtiger_datashare_grp2grp`;
/*!40101 SET @saved_cs_client     = @@character_set_client */;
/*!40101 SET character_set_client = utf8 */;
CREATE TABLE `vtiger_datashare_grp2grp` (
  `shareid` int(19) NOT NULL,
  `share_groupid` int(19) DEFAULT NULL,
  `to_groupid` int(19) DEFAULT NULL,
  `permission` int(19) DEFAULT NULL,
  PRIMARY KEY (`shareid`),
  KEY `datashare_grp2grp_share_groupid_idx` (`share_groupid`),
  KEY `datashare_grp2grp_to_groupid_idx` (`to_groupid`)
) ENGINE=InnoDB DEFAULT CHARSET=utf8;
/*!40101 SET character_set_client = @saved_cs_client */;

--
-- Dumping data for table `vtiger_datashare_grp2grp`
--

LOCK TABLES `vtiger_datashare_grp2grp` WRITE;
/*!40000 ALTER TABLE `vtiger_datashare_grp2grp` DISABLE KEYS */;
/*!40000 ALTER TABLE `vtiger_datashare_grp2grp` ENABLE KEYS */;
UNLOCK TABLES;

--
-- Table structure for table `vtiger_datashare_grp2role`
--

DROP TABLE IF EXISTS `vtiger_datashare_grp2role`;
/*!40101 SET @saved_cs_client     = @@character_set_client */;
/*!40101 SET character_set_client = utf8 */;
CREATE TABLE `vtiger_datashare_grp2role` (
  `shareid` int(19) NOT NULL,
  `share_groupid` int(19) DEFAULT NULL,
  `to_roleid` varchar(255) DEFAULT NULL,
  `permission` int(19) DEFAULT NULL,
  PRIMARY KEY (`shareid`),
  KEY `idx_datashare_grp2role_share_groupid` (`share_groupid`),
  KEY `idx_datashare_grp2role_to_roleid` (`to_roleid`)
) ENGINE=InnoDB DEFAULT CHARSET=utf8;
/*!40101 SET character_set_client = @saved_cs_client */;

--
-- Dumping data for table `vtiger_datashare_grp2role`
--

LOCK TABLES `vtiger_datashare_grp2role` WRITE;
/*!40000 ALTER TABLE `vtiger_datashare_grp2role` DISABLE KEYS */;
/*!40000 ALTER TABLE `vtiger_datashare_grp2role` ENABLE KEYS */;
UNLOCK TABLES;

--
-- Table structure for table `vtiger_datashare_grp2rs`
--

DROP TABLE IF EXISTS `vtiger_datashare_grp2rs`;
/*!40101 SET @saved_cs_client     = @@character_set_client */;
/*!40101 SET character_set_client = utf8 */;
CREATE TABLE `vtiger_datashare_grp2rs` (
  `shareid` int(19) NOT NULL,
  `share_groupid` int(19) DEFAULT NULL,
  `to_roleandsubid` varchar(255) DEFAULT NULL,
  `permission` int(19) DEFAULT NULL,
  PRIMARY KEY (`shareid`),
  KEY `datashare_grp2rs_share_groupid_idx` (`share_groupid`),
  KEY `datashare_grp2rs_to_roleandsubid_idx` (`to_roleandsubid`)
) ENGINE=InnoDB DEFAULT CHARSET=utf8;
/*!40101 SET character_set_client = @saved_cs_client */;

--
-- Dumping data for table `vtiger_datashare_grp2rs`
--

LOCK TABLES `vtiger_datashare_grp2rs` WRITE;
/*!40000 ALTER TABLE `vtiger_datashare_grp2rs` DISABLE KEYS */;
/*!40000 ALTER TABLE `vtiger_datashare_grp2rs` ENABLE KEYS */;
UNLOCK TABLES;

--
-- Table structure for table `vtiger_datashare_module_rel`
--

DROP TABLE IF EXISTS `vtiger_datashare_module_rel`;
/*!40101 SET @saved_cs_client     = @@character_set_client */;
/*!40101 SET character_set_client = utf8 */;
CREATE TABLE `vtiger_datashare_module_rel` (
  `shareid` int(19) NOT NULL,
  `tabid` int(19) NOT NULL,
  `relationtype` varchar(200) DEFAULT NULL,
  PRIMARY KEY (`shareid`),
  KEY `idx_datashare_module_rel_tabid` (`tabid`)
) ENGINE=InnoDB DEFAULT CHARSET=utf8;
/*!40101 SET character_set_client = @saved_cs_client */;

--
-- Dumping data for table `vtiger_datashare_module_rel`
--

LOCK TABLES `vtiger_datashare_module_rel` WRITE;
/*!40000 ALTER TABLE `vtiger_datashare_module_rel` DISABLE KEYS */;
INSERT INTO `vtiger_datashare_module_rel` VALUES (1,2,'RS::RS'),(2,2,'RS::RS'),(3,2,'RS::RS'),(4,6,'RS::RS'),(5,6,'RS::RS'),(6,6,'RS::RS'),(7,7,'RS::RS'),(8,7,'RS::RS'),(9,7,'RS::RS'),(10,20,'RS::RS'),(11,20,'RS::RS'),(12,20,'RS::RS'),(13,22,'RS::RS'),(14,22,'RS::RS'),(15,22,'RS::RS');
/*!40000 ALTER TABLE `vtiger_datashare_module_rel` ENABLE KEYS */;
UNLOCK TABLES;

--
-- Table structure for table `vtiger_datashare_module_rel_seq`
--

DROP TABLE IF EXISTS `vtiger_datashare_module_rel_seq`;
/*!40101 SET @saved_cs_client     = @@character_set_client */;
/*!40101 SET character_set_client = utf8 */;
CREATE TABLE `vtiger_datashare_module_rel_seq` (
  `id` int(11) NOT NULL
) ENGINE=InnoDB DEFAULT CHARSET=utf8;
/*!40101 SET character_set_client = @saved_cs_client */;

--
-- Dumping data for table `vtiger_datashare_module_rel_seq`
--

LOCK TABLES `vtiger_datashare_module_rel_seq` WRITE;
/*!40000 ALTER TABLE `vtiger_datashare_module_rel_seq` DISABLE KEYS */;
INSERT INTO `vtiger_datashare_module_rel_seq` VALUES (15);
/*!40000 ALTER TABLE `vtiger_datashare_module_rel_seq` ENABLE KEYS */;
UNLOCK TABLES;

--
-- Table structure for table `vtiger_datashare_relatedmodule_permission`
--

DROP TABLE IF EXISTS `vtiger_datashare_relatedmodule_permission`;
/*!40101 SET @saved_cs_client     = @@character_set_client */;
/*!40101 SET character_set_client = utf8 */;
CREATE TABLE `vtiger_datashare_relatedmodule_permission` (
  `shareid` int(19) NOT NULL,
  `datashare_relatedmodule_id` int(19) NOT NULL,
  `permission` int(19) DEFAULT NULL,
  PRIMARY KEY (`shareid`,`datashare_relatedmodule_id`),
  KEY `datashare_relatedmodule_permission_shareid_permissions_idx` (`shareid`,`permission`)
) ENGINE=InnoDB DEFAULT CHARSET=utf8;
/*!40101 SET character_set_client = @saved_cs_client */;

--
-- Dumping data for table `vtiger_datashare_relatedmodule_permission`
--

LOCK TABLES `vtiger_datashare_relatedmodule_permission` WRITE;
/*!40000 ALTER TABLE `vtiger_datashare_relatedmodule_permission` DISABLE KEYS */;
/*!40000 ALTER TABLE `vtiger_datashare_relatedmodule_permission` ENABLE KEYS */;
UNLOCK TABLES;

--
-- Table structure for table `vtiger_datashare_relatedmodules`
--

DROP TABLE IF EXISTS `vtiger_datashare_relatedmodules`;
/*!40101 SET @saved_cs_client     = @@character_set_client */;
/*!40101 SET character_set_client = utf8 */;
CREATE TABLE `vtiger_datashare_relatedmodules` (
  `datashare_relatedmodule_id` int(19) NOT NULL,
  `tabid` int(19) DEFAULT NULL,
  `relatedto_tabid` int(19) DEFAULT NULL,
  PRIMARY KEY (`datashare_relatedmodule_id`),
  KEY `datashare_relatedmodules_tabid_idx` (`tabid`),
  KEY `datashare_relatedmodules_relatedto_tabid_idx` (`relatedto_tabid`)
) ENGINE=InnoDB DEFAULT CHARSET=utf8;
/*!40101 SET character_set_client = @saved_cs_client */;

--
-- Dumping data for table `vtiger_datashare_relatedmodules`
--

LOCK TABLES `vtiger_datashare_relatedmodules` WRITE;
/*!40000 ALTER TABLE `vtiger_datashare_relatedmodules` DISABLE KEYS */;
INSERT INTO `vtiger_datashare_relatedmodules` VALUES (1,6,2),(2,6,13),(3,6,20),(4,6,22),(5,6,23),(6,2,20),(7,2,22),(8,20,22),(9,22,23);
/*!40000 ALTER TABLE `vtiger_datashare_relatedmodules` ENABLE KEYS */;
UNLOCK TABLES;

--
-- Table structure for table `vtiger_datashare_relatedmodules_seq`
--

DROP TABLE IF EXISTS `vtiger_datashare_relatedmodules_seq`;
/*!40101 SET @saved_cs_client     = @@character_set_client */;
/*!40101 SET character_set_client = utf8 */;
CREATE TABLE `vtiger_datashare_relatedmodules_seq` (
  `id` int(11) NOT NULL
) ENGINE=InnoDB DEFAULT CHARSET=utf8;
/*!40101 SET character_set_client = @saved_cs_client */;

--
-- Dumping data for table `vtiger_datashare_relatedmodules_seq`
--

LOCK TABLES `vtiger_datashare_relatedmodules_seq` WRITE;
/*!40000 ALTER TABLE `vtiger_datashare_relatedmodules_seq` DISABLE KEYS */;
INSERT INTO `vtiger_datashare_relatedmodules_seq` VALUES (9);
/*!40000 ALTER TABLE `vtiger_datashare_relatedmodules_seq` ENABLE KEYS */;
UNLOCK TABLES;

--
-- Table structure for table `vtiger_datashare_role2group`
--

DROP TABLE IF EXISTS `vtiger_datashare_role2group`;
/*!40101 SET @saved_cs_client     = @@character_set_client */;
/*!40101 SET character_set_client = utf8 */;
CREATE TABLE `vtiger_datashare_role2group` (
  `shareid` int(19) NOT NULL,
  `share_roleid` varchar(255) DEFAULT NULL,
  `to_groupid` int(19) DEFAULT NULL,
  `permission` int(19) DEFAULT NULL,
  PRIMARY KEY (`shareid`),
  KEY `idx_datashare_role2group_share_roleid` (`share_roleid`),
  KEY `idx_datashare_role2group_to_groupid` (`to_groupid`)
) ENGINE=InnoDB DEFAULT CHARSET=utf8;
/*!40101 SET character_set_client = @saved_cs_client */;

--
-- Dumping data for table `vtiger_datashare_role2group`
--

LOCK TABLES `vtiger_datashare_role2group` WRITE;
/*!40000 ALTER TABLE `vtiger_datashare_role2group` DISABLE KEYS */;
/*!40000 ALTER TABLE `vtiger_datashare_role2group` ENABLE KEYS */;
UNLOCK TABLES;

--
-- Table structure for table `vtiger_datashare_role2role`
--

DROP TABLE IF EXISTS `vtiger_datashare_role2role`;
/*!40101 SET @saved_cs_client     = @@character_set_client */;
/*!40101 SET character_set_client = utf8 */;
CREATE TABLE `vtiger_datashare_role2role` (
  `shareid` int(19) NOT NULL,
  `share_roleid` varchar(255) DEFAULT NULL,
  `to_roleid` varchar(255) DEFAULT NULL,
  `permission` int(19) DEFAULT NULL,
  PRIMARY KEY (`shareid`),
  KEY `datashare_role2role_share_roleid_idx` (`share_roleid`),
  KEY `datashare_role2role_to_roleid_idx` (`to_roleid`)
) ENGINE=InnoDB DEFAULT CHARSET=utf8;
/*!40101 SET character_set_client = @saved_cs_client */;

--
-- Dumping data for table `vtiger_datashare_role2role`
--

LOCK TABLES `vtiger_datashare_role2role` WRITE;
/*!40000 ALTER TABLE `vtiger_datashare_role2role` DISABLE KEYS */;
/*!40000 ALTER TABLE `vtiger_datashare_role2role` ENABLE KEYS */;
UNLOCK TABLES;

--
-- Table structure for table `vtiger_datashare_role2rs`
--

DROP TABLE IF EXISTS `vtiger_datashare_role2rs`;
/*!40101 SET @saved_cs_client     = @@character_set_client */;
/*!40101 SET character_set_client = utf8 */;
CREATE TABLE `vtiger_datashare_role2rs` (
  `shareid` int(19) NOT NULL,
  `share_roleid` varchar(255) DEFAULT NULL,
  `to_roleandsubid` varchar(255) DEFAULT NULL,
  `permission` int(19) DEFAULT NULL,
  PRIMARY KEY (`shareid`),
  KEY `datashare_role2s_share_roleid_idx` (`share_roleid`),
  KEY `datashare_role2s_to_roleandsubid_idx` (`to_roleandsubid`)
) ENGINE=InnoDB DEFAULT CHARSET=utf8;
/*!40101 SET character_set_client = @saved_cs_client */;

--
-- Dumping data for table `vtiger_datashare_role2rs`
--

LOCK TABLES `vtiger_datashare_role2rs` WRITE;
/*!40000 ALTER TABLE `vtiger_datashare_role2rs` DISABLE KEYS */;
/*!40000 ALTER TABLE `vtiger_datashare_role2rs` ENABLE KEYS */;
UNLOCK TABLES;

--
-- Table structure for table `vtiger_datashare_rs2grp`
--

DROP TABLE IF EXISTS `vtiger_datashare_rs2grp`;
/*!40101 SET @saved_cs_client     = @@character_set_client */;
/*!40101 SET character_set_client = utf8 */;
CREATE TABLE `vtiger_datashare_rs2grp` (
  `shareid` int(19) NOT NULL,
  `share_roleandsubid` varchar(255) DEFAULT NULL,
  `to_groupid` int(19) DEFAULT NULL,
  `permission` int(19) DEFAULT NULL,
  PRIMARY KEY (`shareid`),
  KEY `datashare_rs2grp_share_roleandsubid_idx` (`share_roleandsubid`),
  KEY `datashare_rs2grp_to_groupid_idx` (`to_groupid`)
) ENGINE=InnoDB DEFAULT CHARSET=utf8;
/*!40101 SET character_set_client = @saved_cs_client */;

--
-- Dumping data for table `vtiger_datashare_rs2grp`
--

LOCK TABLES `vtiger_datashare_rs2grp` WRITE;
/*!40000 ALTER TABLE `vtiger_datashare_rs2grp` DISABLE KEYS */;
/*!40000 ALTER TABLE `vtiger_datashare_rs2grp` ENABLE KEYS */;
UNLOCK TABLES;

--
-- Table structure for table `vtiger_datashare_rs2role`
--

DROP TABLE IF EXISTS `vtiger_datashare_rs2role`;
/*!40101 SET @saved_cs_client     = @@character_set_client */;
/*!40101 SET character_set_client = utf8 */;
CREATE TABLE `vtiger_datashare_rs2role` (
  `shareid` int(19) NOT NULL,
  `share_roleandsubid` varchar(255) DEFAULT NULL,
  `to_roleid` varchar(255) DEFAULT NULL,
  `permission` int(19) DEFAULT NULL,
  PRIMARY KEY (`shareid`),
  KEY `datashare_rs2role_share_roleandsubid_idx` (`share_roleandsubid`),
  KEY `datashare_rs2role_to_roleid_idx` (`to_roleid`)
) ENGINE=InnoDB DEFAULT CHARSET=utf8;
/*!40101 SET character_set_client = @saved_cs_client */;

--
-- Dumping data for table `vtiger_datashare_rs2role`
--

LOCK TABLES `vtiger_datashare_rs2role` WRITE;
/*!40000 ALTER TABLE `vtiger_datashare_rs2role` DISABLE KEYS */;
/*!40000 ALTER TABLE `vtiger_datashare_rs2role` ENABLE KEYS */;
UNLOCK TABLES;

--
-- Table structure for table `vtiger_datashare_rs2rs`
--

DROP TABLE IF EXISTS `vtiger_datashare_rs2rs`;
/*!40101 SET @saved_cs_client     = @@character_set_client */;
/*!40101 SET character_set_client = utf8 */;
CREATE TABLE `vtiger_datashare_rs2rs` (
  `shareid` int(19) NOT NULL,
  `share_roleandsubid` varchar(255) DEFAULT NULL,
  `to_roleandsubid` varchar(255) DEFAULT NULL,
  `permission` int(19) DEFAULT NULL,
  PRIMARY KEY (`shareid`),
  KEY `datashare_rs2rs_share_roleandsubid_idx` (`share_roleandsubid`),
  KEY `idx_datashare_rs2rs_to_roleandsubid_idx` (`to_roleandsubid`)
) ENGINE=InnoDB DEFAULT CHARSET=utf8;
/*!40101 SET character_set_client = @saved_cs_client */;

--
-- Dumping data for table `vtiger_datashare_rs2rs`
--

LOCK TABLES `vtiger_datashare_rs2rs` WRITE;
/*!40000 ALTER TABLE `vtiger_datashare_rs2rs` DISABLE KEYS */;
INSERT INTO `vtiger_datashare_rs2rs` VALUES (1,'H4','H4',1),(2,'H7','H7',1),(3,'H9','H9',1),(4,'H4','H4',1),(5,'H7','H7',1),(6,'H9','H9',1),(7,'H4','H4',1),(8,'H7','H7',1),(9,'H9','H9',1),(10,'H4','H4',1),(11,'H7','H7',1),(12,'H9','H9',1),(13,'H4','H4',1),(14,'H7','H7',1),(15,'H9','H9',1);
/*!40000 ALTER TABLE `vtiger_datashare_rs2rs` ENABLE KEYS */;
UNLOCK TABLES;

--
-- Table structure for table `vtiger_date_format`
--

DROP TABLE IF EXISTS `vtiger_date_format`;
/*!40101 SET @saved_cs_client     = @@character_set_client */;
/*!40101 SET character_set_client = utf8 */;
CREATE TABLE `vtiger_date_format` (
  `date_formatid` int(19) NOT NULL AUTO_INCREMENT,
  `date_format` varchar(200) NOT NULL,
  `sortorderid` int(19) NOT NULL DEFAULT '0',
  `presence` int(1) NOT NULL DEFAULT '1',
  PRIMARY KEY (`date_formatid`)
) ENGINE=InnoDB AUTO_INCREMENT=4 DEFAULT CHARSET=utf8;
/*!40101 SET character_set_client = @saved_cs_client */;

--
-- Dumping data for table `vtiger_date_format`
--

LOCK TABLES `vtiger_date_format` WRITE;
/*!40000 ALTER TABLE `vtiger_date_format` DISABLE KEYS */;
INSERT INTO `vtiger_date_format` VALUES (1,'dd-mm-yyyy',0,1),(2,'mm-dd-yyyy',1,1),(3,'yyyy-mm-dd',2,1);
/*!40000 ALTER TABLE `vtiger_date_format` ENABLE KEYS */;
UNLOCK TABLES;

--
-- Table structure for table `vtiger_date_format_seq`
--

DROP TABLE IF EXISTS `vtiger_date_format_seq`;
/*!40101 SET @saved_cs_client     = @@character_set_client */;
/*!40101 SET character_set_client = utf8 */;
CREATE TABLE `vtiger_date_format_seq` (
  `id` int(11) NOT NULL
) ENGINE=InnoDB DEFAULT CHARSET=utf8;
/*!40101 SET character_set_client = @saved_cs_client */;

--
-- Dumping data for table `vtiger_date_format_seq`
--

LOCK TABLES `vtiger_date_format_seq` WRITE;
/*!40000 ALTER TABLE `vtiger_date_format_seq` DISABLE KEYS */;
INSERT INTO `vtiger_date_format_seq` VALUES (3);
/*!40000 ALTER TABLE `vtiger_date_format_seq` ENABLE KEYS */;
UNLOCK TABLES;

--
-- Table structure for table `vtiger_dayoftheweek`
--

DROP TABLE IF EXISTS `vtiger_dayoftheweek`;
/*!40101 SET @saved_cs_client     = @@character_set_client */;
/*!40101 SET character_set_client = utf8 */;
CREATE TABLE `vtiger_dayoftheweek` (
  `dayoftheweekid` int(11) NOT NULL AUTO_INCREMENT,
  `dayoftheweek` varchar(200) NOT NULL,
  `sortorderid` int(11) DEFAULT NULL,
  `presence` int(11) NOT NULL DEFAULT '1',
  PRIMARY KEY (`dayoftheweekid`)
) ENGINE=InnoDB AUTO_INCREMENT=8 DEFAULT CHARSET=utf8;
/*!40101 SET character_set_client = @saved_cs_client */;

--
-- Dumping data for table `vtiger_dayoftheweek`
--

LOCK TABLES `vtiger_dayoftheweek` WRITE;
/*!40000 ALTER TABLE `vtiger_dayoftheweek` DISABLE KEYS */;
INSERT INTO `vtiger_dayoftheweek` VALUES (1,'Sunday',1,1),(2,'Monday',2,1),(3,'Tuesday',3,1),(4,'Wednesday',4,1),(5,'Thursday',5,1),(6,'Friday',6,1),(7,'Saturday',7,1);
/*!40000 ALTER TABLE `vtiger_dayoftheweek` ENABLE KEYS */;
UNLOCK TABLES;

--
-- Table structure for table `vtiger_dayoftheweek_seq`
--

DROP TABLE IF EXISTS `vtiger_dayoftheweek_seq`;
/*!40101 SET @saved_cs_client     = @@character_set_client */;
/*!40101 SET character_set_client = utf8 */;
CREATE TABLE `vtiger_dayoftheweek_seq` (
  `id` int(11) NOT NULL
) ENGINE=InnoDB DEFAULT CHARSET=utf8;
/*!40101 SET character_set_client = @saved_cs_client */;

--
-- Dumping data for table `vtiger_dayoftheweek_seq`
--

LOCK TABLES `vtiger_dayoftheweek_seq` WRITE;
/*!40000 ALTER TABLE `vtiger_dayoftheweek_seq` DISABLE KEYS */;
INSERT INTO `vtiger_dayoftheweek_seq` VALUES (7);
/*!40000 ALTER TABLE `vtiger_dayoftheweek_seq` ENABLE KEYS */;
UNLOCK TABLES;

--
-- Table structure for table `vtiger_def_org_field`
--

DROP TABLE IF EXISTS `vtiger_def_org_field`;
/*!40101 SET @saved_cs_client     = @@character_set_client */;
/*!40101 SET character_set_client = utf8 */;
CREATE TABLE `vtiger_def_org_field` (
  `tabid` int(10) DEFAULT NULL,
  `fieldid` int(19) NOT NULL,
  `visible` int(19) DEFAULT NULL,
  `readonly` int(19) DEFAULT NULL,
  PRIMARY KEY (`fieldid`),
  KEY `def_org_field_tabid_fieldid_idx` (`tabid`,`fieldid`),
  KEY `def_org_field_tabid_idx` (`tabid`),
  KEY `def_org_field_visible_fieldid_idx` (`visible`,`fieldid`)
) ENGINE=InnoDB DEFAULT CHARSET=utf8;
/*!40101 SET character_set_client = @saved_cs_client */;

--
-- Dumping data for table `vtiger_def_org_field`
--

LOCK TABLES `vtiger_def_org_field` WRITE;
/*!40000 ALTER TABLE `vtiger_def_org_field` DISABLE KEYS */;
INSERT INTO `vtiger_def_org_field` VALUES (6,1,0,0),(6,2,0,0),(6,3,0,0),(6,4,0,0),(6,5,0,0),(6,6,0,0),(6,7,0,0),(6,8,0,0),(6,9,0,0),(6,10,0,0),(6,11,0,0),(6,12,0,0),(6,13,0,0),(6,14,0,0),(6,15,0,0),(6,16,0,0),(6,17,0,0),(6,18,0,0),(6,19,0,0),(6,20,0,0),(6,21,0,0),(6,22,0,0),(6,23,0,0),(6,24,0,0),(6,25,0,0),(6,26,0,0),(6,27,0,0),(6,28,0,0),(6,29,0,0),(6,30,0,0),(6,31,0,0),(6,32,0,0),(6,33,0,0),(6,34,0,0),(6,35,0,0),(6,36,0,0),(7,37,0,0),(7,38,0,0),(7,39,0,0),(7,40,0,0),(7,41,0,0),(7,42,0,0),(7,43,0,0),(7,44,0,0),(7,45,0,0),(7,46,0,0),(7,47,0,0),(7,48,0,0),(7,49,0,0),(7,50,0,0),(7,51,0,0),(7,52,0,0),(7,53,0,0),(7,54,0,0),(7,55,0,0),(7,56,0,0),(7,57,0,0),(7,58,0,0),(7,59,0,0),(7,60,0,0),(7,61,0,0),(7,62,0,0),(7,63,0,0),(7,64,0,0),(7,65,0,0),(4,66,0,0),(4,67,0,0),(4,68,0,0),(4,69,0,0),(4,70,0,0),(4,71,0,0),(4,72,0,0),(4,73,0,0),(4,74,0,0),(4,75,0,0),(4,76,0,0),(4,77,0,0),(4,78,0,0),(4,79,0,0),(4,80,0,0),(4,81,0,0),(4,82,0,0),(4,83,0,0),(4,84,0,0),(4,85,0,0),(4,86,0,0),(4,87,0,0),(4,88,0,0),(4,89,0,0),(4,90,0,0),(4,91,0,0),(4,92,0,0),(4,93,0,0),(4,94,0,0),(4,95,0,0),(4,96,0,0),(4,97,0,0),(4,98,0,0),(4,99,0,0),(4,100,0,0),(4,101,0,0),(4,102,0,0),(4,103,0,0),(4,104,0,0),(4,105,0,0),(4,106,0,0),(4,107,0,0),(4,108,0,0),(4,109,0,0),(2,110,0,0),(2,111,0,0),(2,112,0,0),(2,113,0,0),(2,114,0,0),(2,115,0,0),(2,116,0,0),(2,117,0,0),(2,118,0,0),(2,119,0,0),(2,120,0,0),(2,121,0,0),(2,122,0,0),(2,123,0,0),(2,124,0,0),(2,125,0,0),(26,126,0,0),(26,127,0,0),(26,128,0,0),(26,129,0,0),(26,130,0,0),(26,131,0,0),(26,132,0,0),(26,133,0,0),(26,134,0,0),(26,135,0,0),(26,136,0,0),(26,137,0,0),(26,138,0,0),(26,139,0,0),(26,140,0,0),(26,141,0,0),(26,142,0,0),(26,143,0,0),(26,144,0,0),(26,145,0,0),(26,146,0,0),(26,147,0,0),(26,148,0,0),(26,149,0,0),(26,150,0,0),(4,151,0,0),(6,152,0,0),(7,153,0,0),(26,154,0,0),(13,155,0,0),(13,156,0,0),(13,157,0,0),(13,158,0,0),(13,159,0,0),(13,160,0,0),(13,161,0,0),(13,162,0,0),(13,163,0,0),(13,164,0,0),(13,165,0,0),(13,166,0,0),(13,167,0,0),(13,168,0,0),(13,169,0,0),(13,170,0,0),(13,171,0,0),(13,172,0,0),(14,173,0,0),(14,174,0,0),(14,175,0,0),(14,176,0,0),(14,177,0,0),(14,178,0,0),(14,179,0,0),(14,180,0,0),(14,181,0,0),(14,182,0,0),(14,183,0,0),(14,184,0,0),(14,185,0,0),(14,186,0,0),(14,187,0,0),(14,188,0,0),(14,189,0,0),(14,190,0,0),(14,191,0,0),(14,192,0,0),(14,193,0,0),(14,194,0,0),(14,195,0,0),(14,196,0,0),(14,197,0,0),(14,198,0,0),(14,199,0,0),(14,200,0,0),(14,201,0,0),(14,202,0,0),(14,203,0,0),(8,204,0,0),(8,205,0,0),(8,206,0,0),(8,207,0,0),(8,208,0,0),(8,209,0,0),(8,210,0,0),(8,211,0,0),(8,212,0,0),(8,213,0,0),(8,214,0,0),(8,215,0,0),(8,216,0,0),(8,217,0,0),(8,218,0,0),(10,219,0,0),(10,220,0,0),(10,221,0,0),(10,222,0,0),(10,223,0,0),(10,224,0,0),(10,225,0,0),(10,226,0,0),(10,227,0,0),(10,228,0,0),(10,229,0,0),(10,230,0,0),(9,231,0,0),(9,232,0,0),(9,233,0,0),(9,234,0,0),(9,235,0,0),(9,236,0,0),(9,237,0,0),(9,238,0,0),(9,239,0,0),(9,240,0,0),(9,241,0,0),(9,242,0,0),(9,243,0,0),(9,244,0,0),(9,245,0,0),(9,246,0,0),(9,247,0,0),(9,248,0,0),(9,249,0,0),(9,250,0,0),(9,251,0,0),(9,252,0,0),(9,253,0,0),(9,254,0,0),(16,255,0,0),(16,256,0,0),(16,257,0,0),(16,258,0,0),(16,259,0,0),(16,260,0,0),(16,261,0,0),(16,262,0,0),(16,263,0,0),(16,264,0,0),(16,265,0,0),(16,266,0,0),(16,267,0,0),(16,268,0,0),(16,269,0,0),(16,270,0,0),(16,271,0,0),(16,272,0,0),(16,273,0,0),(16,274,0,0),(16,275,0,0),(16,276,0,0),(16,277,0,0),(15,278,0,0),(15,279,0,0),(15,280,0,0),(15,281,0,0),(15,282,0,0),(15,283,0,0),(15,284,0,0),(15,285,0,0),(15,286,0,0),(15,287,0,0),(18,288,0,0),(18,289,0,0),(18,290,0,0),(18,291,0,0),(18,292,0,0),(18,293,0,0),(18,294,0,0),(18,295,0,0),(18,296,0,0),(18,297,0,0),(18,298,0,0),(18,299,0,0),(18,300,0,0),(18,301,0,0),(18,302,0,0),(18,303,0,0),(18,304,0,0),(19,305,0,0),(19,306,0,0),(19,307,0,0),(19,308,0,0),(19,309,0,0),(19,310,0,0),(19,311,0,0),(19,312,0,0),(20,313,0,0),(20,314,0,0),(20,315,0,0),(20,316,0,0),(20,317,0,0),(20,318,0,0),(20,319,0,0),(20,320,0,0),(20,321,0,0),(20,322,0,0),(20,323,0,0),(20,324,0,0),(20,325,0,0),(20,326,0,0),(20,327,0,0),(20,328,0,0),(20,329,0,0),(20,330,0,0),(20,331,0,0),(20,332,0,0),(20,333,0,0),(20,334,0,0),(20,335,0,0),(20,336,0,0),(20,337,0,0),(20,338,0,0),(20,339,0,0),(20,340,0,0),(20,341,0,0),(20,342,0,0),(20,343,0,0),(20,344,0,0),(20,345,0,0),(20,346,0,0),(20,347,0,0),(20,348,0,0),(20,349,0,0),(21,350,0,0),(21,351,0,0),(21,352,0,0),(21,353,0,0),(21,354,0,0),(21,355,0,0),(21,356,0,0),(21,357,0,0),(21,358,0,0),(21,359,0,0),(21,360,0,0),(21,361,0,0),(21,362,0,0),(21,363,0,0),(21,364,0,0),(21,365,0,0),(21,366,0,0),(21,367,0,0),(21,368,0,0),(21,369,0,0),(21,370,0,0),(21,371,0,0),(21,372,0,0),(21,373,0,0),(21,374,0,0),(21,375,0,0),(21,376,0,0),(21,377,0,0),(21,378,0,0),(21,379,0,0),(21,380,0,0),(21,381,0,0),(21,382,0,0),(21,383,0,0),(21,384,0,0),(21,385,0,0),(21,386,0,0),(21,387,0,0),(22,388,0,0),(22,389,0,0),(22,390,0,0),(22,391,0,0),(22,392,0,0),(22,393,0,0),(22,394,0,0),(22,395,0,0),(22,396,0,0),(22,397,0,0),(22,398,0,0),(22,399,0,0),(22,400,0,0),(22,401,0,0),(22,402,0,0),(22,403,0,0),(22,404,0,0),(22,405,0,0),(22,406,0,0),(22,407,0,0),(22,408,0,0),(22,409,0,0),(22,410,0,0),(22,411,0,0),(22,412,0,0),(22,413,0,0),(22,414,0,0),(22,415,0,0),(22,416,0,0),(22,417,0,0),(22,418,0,0),(22,419,0,0),(22,420,0,0),(22,421,0,0),(22,422,0,0),(22,423,0,0),(22,424,0,0),(22,425,0,0),(22,426,0,0),(22,427,0,0),(22,428,0,0),(22,429,0,0),(22,430,0,0),(22,431,0,0),(22,432,0,0),(22,433,0,0),(22,434,0,0),(23,435,0,0),(23,436,0,0),(23,437,0,0),(23,438,0,0),(23,439,0,0),(23,440,0,0),(23,441,0,0),(23,442,0,0),(23,443,0,0),(23,444,0,0),(23,445,0,0),(23,446,0,0),(23,447,0,0),(23,448,0,0),(23,449,0,0),(23,450,0,0),(23,451,0,0),(23,452,0,0),(23,453,0,0),(23,454,0,0),(23,455,0,0),(23,456,0,0),(23,457,0,0),(23,458,0,0),(23,459,0,0),(23,460,0,0),(23,461,0,0),(23,462,0,0),(23,463,0,0),(23,464,0,0),(23,465,0,0),(23,466,0,0),(23,467,0,0),(23,468,0,0),(23,469,0,0),(23,470,0,0),(23,471,0,0),(23,472,0,0),(23,473,0,0),(29,474,0,0),(29,478,0,0),(29,479,0,0),(29,481,0,0),(29,488,0,0),(29,489,0,0),(29,490,0,0),(29,491,0,0),(29,493,0,0),(29,494,0,0),(29,495,0,0),(29,496,0,0),(29,497,0,0),(29,502,0,0),(29,503,0,0),(29,504,0,0),(29,505,0,0),(29,513,0,0),(10,518,0,0),(10,519,0,0),(10,520,0,0),(10,521,0,0),(10,522,0,0),(10,523,0,0),(34,524,0,0),(34,525,0,0),(34,526,0,0),(34,527,0,0),(34,528,0,0),(34,529,0,0),(34,530,0,0),(34,531,0,0),(34,532,0,0),(34,533,0,0),(34,534,0,0),(34,535,0,0),(34,536,0,0),(34,537,0,0),(34,538,0,0),(34,539,0,0),(29,540,0,0),(35,541,0,0),(35,542,0,0),(35,543,0,0),(35,544,0,0),(35,545,0,0),(35,546,0,0),(35,547,0,0),(35,548,0,0),(35,549,0,0),(35,550,0,0),(35,551,0,0),(35,552,0,0),(35,553,0,0),(35,554,0,0),(35,555,0,0),(35,556,0,0),(35,557,0,0),(35,558,0,0),(35,559,0,0),(36,560,0,0),(36,561,0,0),(36,562,0,0),(36,563,0,0),(36,564,0,0),(36,565,0,0),(36,566,0,0),(36,567,0,0),(36,568,0,0),(36,569,0,0),(36,570,0,0),(36,571,0,0),(36,572,0,0),(36,573,0,0),(36,574,0,0),(36,575,0,0),(36,576,0,0),(36,577,0,0),(36,578,0,0),(38,579,0,0),(38,580,0,0),(38,581,0,0),(38,582,0,0),(38,583,0,0),(38,584,0,0),(38,585,0,0),(38,586,0,0),(38,587,0,0),(38,588,0,0),(38,589,0,0),(38,590,0,0),(38,591,0,0),(38,592,0,0),(38,593,0,0),(38,594,0,0),(38,595,0,0),(38,596,0,0),(42,597,0,0),(42,598,0,0),(42,599,0,0),(42,600,0,0),(42,601,0,0),(42,602,0,0),(42,603,0,0),(43,604,0,0),(43,605,0,0),(43,606,0,0),(43,607,0,0),(43,608,0,0),(43,609,0,0),(43,610,0,0),(43,611,0,0),(43,612,0,0),(43,613,0,0),(44,614,0,0),(44,615,0,0),(44,616,0,0),(44,617,0,0),(44,618,0,0),(44,619,0,0),(44,620,0,0),(44,621,0,0),(44,622,0,0),(44,623,0,0),(44,624,0,0),(44,625,0,0),(44,626,0,0),(44,627,0,0),(44,628,0,0),(45,629,0,0),(45,630,0,0),(45,631,0,0),(45,632,0,0),(45,633,0,0),(45,634,0,0),(45,635,0,0),(45,636,0,0),(45,637,0,0),(45,638,0,0),(45,639,0,0),(45,640,0,0),(45,641,0,0),(45,642,0,0),(45,643,0,0),(45,644,0,0),(45,645,0,0),(47,646,0,0),(47,647,0,0),(47,648,0,0),(47,649,0,0),(47,650,0,0),(2,651,0,0),(29,652,0,0),(23,653,0,0),(23,654,0,0),(23,655,0,0),(23,656,0,0),(23,657,0,0),(23,658,0,0),(23,659,0,0),(23,660,0,0),(23,661,0,0),(22,662,0,0),(22,663,0,0),(22,664,0,0),(22,665,0,0),(22,666,0,0),(22,667,0,0),(22,668,0,0),(22,669,0,0),(22,670,0,0),(21,671,0,0),(21,672,0,0),(21,673,0,0),(21,674,0,0),(21,675,0,0),(21,676,0,0),(21,677,0,0),(21,678,0,0),(21,679,0,0),(20,680,0,0),(20,681,0,0),(20,682,0,0),(20,683,0,0),(20,684,0,0),(20,685,0,0),(20,686,0,0),(20,687,0,0),(20,688,0,0),(29,689,0,0),(44,690,0,0),(42,691,0,0),(29,692,0,0),(29,693,0,0),(29,694,0,0),(23,695,0,0),(22,696,0,0),(21,697,0,0),(20,698,0,0),(29,699,0,0),(6,700,0,0),(4,701,0,0),(2,702,0,0),(29,703,0,0),(23,704,0,0),(23,705,0,0),(21,706,0,0),(21,707,0,0),(18,708,0,0),(7,709,0,0),(42,710,0,0),(42,711,0,0),(23,712,0,0),(20,713,0,0),(21,714,0,0),(22,715,0,0),(29,716,0,0),(2,717,0,0),(13,718,0,0),(29,719,0,0),(13,720,0,0),(29,721,0,0),(29,722,0,0),(29,723,0,0),(2,724,0,0),(4,725,0,0),(6,726,0,0),(7,727,0,0),(9,729,0,0),(13,730,0,0),(18,734,0,0),(21,737,0,0),(23,739,0,0),(42,745,0,0),(43,746,0,0),(44,747,0,0),(45,748,0,0),(29,750,0,0),(7,754,0,0);
/*!40000 ALTER TABLE `vtiger_def_org_field` ENABLE KEYS */;
UNLOCK TABLES;

--
-- Table structure for table `vtiger_def_org_share`
--

DROP TABLE IF EXISTS `vtiger_def_org_share`;
/*!40101 SET @saved_cs_client     = @@character_set_client */;
/*!40101 SET character_set_client = utf8 */;
CREATE TABLE `vtiger_def_org_share` (
  `ruleid` int(11) NOT NULL AUTO_INCREMENT,
  `tabid` int(11) NOT NULL,
  `permission` int(19) DEFAULT NULL,
  `editstatus` int(19) DEFAULT NULL,
  PRIMARY KEY (`ruleid`)
) ENGINE=InnoDB AUTO_INCREMENT=26 DEFAULT CHARSET=utf8;
/*!40101 SET character_set_client = @saved_cs_client */;

--
-- Dumping data for table `vtiger_def_org_share`
--

LOCK TABLES `vtiger_def_org_share` WRITE;
/*!40000 ALTER TABLE `vtiger_def_org_share` DISABLE KEYS */;
INSERT INTO `vtiger_def_org_share` VALUES (1,2,3,0),(2,4,3,2),(3,6,3,0),(4,7,3,0),(5,9,3,1),(6,13,2,0),(7,16,3,2),(8,20,3,0),(9,21,2,0),(10,22,3,0),(11,23,3,0),(12,26,2,0),(13,8,2,0),(14,14,3,0),(15,34,3,0),(16,35,2,0),(17,36,2,0),(18,38,2,0),(19,42,2,0),(20,43,2,0),(21,44,2,0),(22,45,2,0),(23,47,2,0),(24,18,2,0),(25,10,3,0);
/*!40000 ALTER TABLE `vtiger_def_org_share` ENABLE KEYS */;
UNLOCK TABLES;

--
-- Table structure for table `vtiger_def_org_share_seq`
--

DROP TABLE IF EXISTS `vtiger_def_org_share_seq`;
/*!40101 SET @saved_cs_client     = @@character_set_client */;
/*!40101 SET character_set_client = utf8 */;
CREATE TABLE `vtiger_def_org_share_seq` (
  `id` int(11) NOT NULL
) ENGINE=InnoDB DEFAULT CHARSET=utf8;
/*!40101 SET character_set_client = @saved_cs_client */;

--
-- Dumping data for table `vtiger_def_org_share_seq`
--

LOCK TABLES `vtiger_def_org_share_seq` WRITE;
/*!40000 ALTER TABLE `vtiger_def_org_share_seq` DISABLE KEYS */;
INSERT INTO `vtiger_def_org_share_seq` VALUES (25);
/*!40000 ALTER TABLE `vtiger_def_org_share_seq` ENABLE KEYS */;
UNLOCK TABLES;

--
-- Table structure for table `vtiger_default_record_view`
--

DROP TABLE IF EXISTS `vtiger_default_record_view`;
/*!40101 SET @saved_cs_client     = @@character_set_client */;
/*!40101 SET character_set_client = utf8 */;
CREATE TABLE `vtiger_default_record_view` (
  `default_record_viewid` int(11) NOT NULL AUTO_INCREMENT,
  `default_record_view` varchar(200) NOT NULL,
  `sortorderid` int(11) DEFAULT NULL,
  `presence` int(11) NOT NULL DEFAULT '1',
  PRIMARY KEY (`default_record_viewid`)
) ENGINE=InnoDB AUTO_INCREMENT=3 DEFAULT CHARSET=utf8;
/*!40101 SET character_set_client = @saved_cs_client */;

--
-- Dumping data for table `vtiger_default_record_view`
--

LOCK TABLES `vtiger_default_record_view` WRITE;
/*!40000 ALTER TABLE `vtiger_default_record_view` DISABLE KEYS */;
INSERT INTO `vtiger_default_record_view` VALUES (1,'Summary',1,1),(2,'Detail',2,1);
/*!40000 ALTER TABLE `vtiger_default_record_view` ENABLE KEYS */;
UNLOCK TABLES;

--
-- Table structure for table `vtiger_default_record_view_seq`
--

DROP TABLE IF EXISTS `vtiger_default_record_view_seq`;
/*!40101 SET @saved_cs_client     = @@character_set_client */;
/*!40101 SET character_set_client = utf8 */;
CREATE TABLE `vtiger_default_record_view_seq` (
  `id` int(11) NOT NULL
) ENGINE=InnoDB DEFAULT CHARSET=utf8;
/*!40101 SET character_set_client = @saved_cs_client */;

--
-- Dumping data for table `vtiger_default_record_view_seq`
--

LOCK TABLES `vtiger_default_record_view_seq` WRITE;
/*!40000 ALTER TABLE `vtiger_default_record_view_seq` DISABLE KEYS */;
INSERT INTO `vtiger_default_record_view_seq` VALUES (2);
/*!40000 ALTER TABLE `vtiger_default_record_view_seq` ENABLE KEYS */;
UNLOCK TABLES;

--
-- Table structure for table `vtiger_defaultactivitytype`
--

DROP TABLE IF EXISTS `vtiger_defaultactivitytype`;
/*!40101 SET @saved_cs_client     = @@character_set_client */;
/*!40101 SET character_set_client = utf8 */;
CREATE TABLE `vtiger_defaultactivitytype` (
  `defaultactivitytypeid` int(11) NOT NULL AUTO_INCREMENT,
  `defaultactivitytype` varchar(200) NOT NULL,
  `presence` int(1) NOT NULL DEFAULT '1',
  `picklist_valueid` int(11) NOT NULL DEFAULT '0',
  `sortorderid` int(11) DEFAULT '0',
  PRIMARY KEY (`defaultactivitytypeid`)
) ENGINE=InnoDB AUTO_INCREMENT=3 DEFAULT CHARSET=utf8;
/*!40101 SET character_set_client = @saved_cs_client */;

--
-- Dumping data for table `vtiger_defaultactivitytype`
--

LOCK TABLES `vtiger_defaultactivitytype` WRITE;
/*!40000 ALTER TABLE `vtiger_defaultactivitytype` DISABLE KEYS */;
INSERT INTO `vtiger_defaultactivitytype` VALUES (1,'Call',1,325,1),(2,'Meeting',1,326,2);
/*!40000 ALTER TABLE `vtiger_defaultactivitytype` ENABLE KEYS */;
UNLOCK TABLES;

--
-- Table structure for table `vtiger_defaultactivitytype_seq`
--

DROP TABLE IF EXISTS `vtiger_defaultactivitytype_seq`;
/*!40101 SET @saved_cs_client     = @@character_set_client */;
/*!40101 SET character_set_client = utf8 */;
CREATE TABLE `vtiger_defaultactivitytype_seq` (
  `id` int(11) NOT NULL
) ENGINE=InnoDB DEFAULT CHARSET=utf8;
/*!40101 SET character_set_client = @saved_cs_client */;

--
-- Dumping data for table `vtiger_defaultactivitytype_seq`
--

LOCK TABLES `vtiger_defaultactivitytype_seq` WRITE;
/*!40000 ALTER TABLE `vtiger_defaultactivitytype_seq` DISABLE KEYS */;
INSERT INTO `vtiger_defaultactivitytype_seq` VALUES (2);
/*!40000 ALTER TABLE `vtiger_defaultactivitytype_seq` ENABLE KEYS */;
UNLOCK TABLES;

--
-- Table structure for table `vtiger_defaultcv`
--

DROP TABLE IF EXISTS `vtiger_defaultcv`;
/*!40101 SET @saved_cs_client     = @@character_set_client */;
/*!40101 SET character_set_client = utf8 */;
CREATE TABLE `vtiger_defaultcv` (
  `tabid` int(19) NOT NULL,
  `defaultviewname` varchar(50) NOT NULL,
  `query` text,
  PRIMARY KEY (`tabid`)
) ENGINE=InnoDB DEFAULT CHARSET=utf8;
/*!40101 SET character_set_client = @saved_cs_client */;

--
-- Dumping data for table `vtiger_defaultcv`
--

LOCK TABLES `vtiger_defaultcv` WRITE;
/*!40000 ALTER TABLE `vtiger_defaultcv` DISABLE KEYS */;
/*!40000 ALTER TABLE `vtiger_defaultcv` ENABLE KEYS */;
UNLOCK TABLES;

--
-- Table structure for table `vtiger_defaulteventstatus`
--

DROP TABLE IF EXISTS `vtiger_defaulteventstatus`;
/*!40101 SET @saved_cs_client     = @@character_set_client */;
/*!40101 SET character_set_client = utf8 */;
CREATE TABLE `vtiger_defaulteventstatus` (
  `defaulteventstatusid` int(11) NOT NULL AUTO_INCREMENT,
  `defaulteventstatus` varchar(200) NOT NULL,
  `presence` int(1) NOT NULL DEFAULT '1',
  `picklist_valueid` int(11) NOT NULL DEFAULT '0',
  `sortorderid` int(11) DEFAULT '0',
  PRIMARY KEY (`defaulteventstatusid`)
) ENGINE=InnoDB AUTO_INCREMENT=4 DEFAULT CHARSET=utf8;
/*!40101 SET character_set_client = @saved_cs_client */;

--
-- Dumping data for table `vtiger_defaulteventstatus`
--

LOCK TABLES `vtiger_defaulteventstatus` WRITE;
/*!40000 ALTER TABLE `vtiger_defaulteventstatus` DISABLE KEYS */;
INSERT INTO `vtiger_defaulteventstatus` VALUES (1,'Planned',1,322,1),(2,'Held',1,323,2),(3,'Not Held',1,324,3);
/*!40000 ALTER TABLE `vtiger_defaulteventstatus` ENABLE KEYS */;
UNLOCK TABLES;

--
-- Table structure for table `vtiger_defaulteventstatus_seq`
--

DROP TABLE IF EXISTS `vtiger_defaulteventstatus_seq`;
/*!40101 SET @saved_cs_client     = @@character_set_client */;
/*!40101 SET character_set_client = utf8 */;
CREATE TABLE `vtiger_defaulteventstatus_seq` (
  `id` int(11) NOT NULL
) ENGINE=InnoDB DEFAULT CHARSET=utf8;
/*!40101 SET character_set_client = @saved_cs_client */;

--
-- Dumping data for table `vtiger_defaulteventstatus_seq`
--

LOCK TABLES `vtiger_defaulteventstatus_seq` WRITE;
/*!40000 ALTER TABLE `vtiger_defaulteventstatus_seq` DISABLE KEYS */;
INSERT INTO `vtiger_defaulteventstatus_seq` VALUES (3);
/*!40000 ALTER TABLE `vtiger_defaulteventstatus_seq` ENABLE KEYS */;
UNLOCK TABLES;

--
-- Table structure for table `vtiger_duration_minutes`
--

DROP TABLE IF EXISTS `vtiger_duration_minutes`;
/*!40101 SET @saved_cs_client     = @@character_set_client */;
/*!40101 SET character_set_client = utf8 */;
CREATE TABLE `vtiger_duration_minutes` (
  `minutesid` int(19) NOT NULL AUTO_INCREMENT,
  `duration_minutes` varchar(200) NOT NULL,
  `sortorderid` int(19) NOT NULL DEFAULT '0',
  `presence` int(1) NOT NULL DEFAULT '1',
  PRIMARY KEY (`minutesid`)
) ENGINE=InnoDB AUTO_INCREMENT=5 DEFAULT CHARSET=utf8;
/*!40101 SET character_set_client = @saved_cs_client */;

--
-- Dumping data for table `vtiger_duration_minutes`
--

LOCK TABLES `vtiger_duration_minutes` WRITE;
/*!40000 ALTER TABLE `vtiger_duration_minutes` DISABLE KEYS */;
INSERT INTO `vtiger_duration_minutes` VALUES (1,'00',0,1),(2,'15',1,1),(3,'30',2,1),(4,'45',3,1);
/*!40000 ALTER TABLE `vtiger_duration_minutes` ENABLE KEYS */;
UNLOCK TABLES;

--
-- Table structure for table `vtiger_duration_minutes_seq`
--

DROP TABLE IF EXISTS `vtiger_duration_minutes_seq`;
/*!40101 SET @saved_cs_client     = @@character_set_client */;
/*!40101 SET character_set_client = utf8 */;
CREATE TABLE `vtiger_duration_minutes_seq` (
  `id` int(11) NOT NULL
) ENGINE=InnoDB DEFAULT CHARSET=utf8;
/*!40101 SET character_set_client = @saved_cs_client */;

--
-- Dumping data for table `vtiger_duration_minutes_seq`
--

LOCK TABLES `vtiger_duration_minutes_seq` WRITE;
/*!40000 ALTER TABLE `vtiger_duration_minutes_seq` DISABLE KEYS */;
INSERT INTO `vtiger_duration_minutes_seq` VALUES (4);
/*!40000 ALTER TABLE `vtiger_duration_minutes_seq` ENABLE KEYS */;
UNLOCK TABLES;

--
-- Table structure for table `vtiger_durationhrs`
--

DROP TABLE IF EXISTS `vtiger_durationhrs`;
/*!40101 SET @saved_cs_client     = @@character_set_client */;
/*!40101 SET character_set_client = utf8 */;
CREATE TABLE `vtiger_durationhrs` (
  `hrsid` int(19) NOT NULL AUTO_INCREMENT,
  `hrs` varchar(50) DEFAULT NULL,
  `sortorderid` int(19) NOT NULL DEFAULT '0',
  `presence` int(1) NOT NULL DEFAULT '1',
  PRIMARY KEY (`hrsid`)
) ENGINE=InnoDB DEFAULT CHARSET=utf8;
/*!40101 SET character_set_client = @saved_cs_client */;

--
-- Dumping data for table `vtiger_durationhrs`
--

LOCK TABLES `vtiger_durationhrs` WRITE;
/*!40000 ALTER TABLE `vtiger_durationhrs` DISABLE KEYS */;
/*!40000 ALTER TABLE `vtiger_durationhrs` ENABLE KEYS */;
UNLOCK TABLES;

--
-- Table structure for table `vtiger_durationmins`
--

DROP TABLE IF EXISTS `vtiger_durationmins`;
/*!40101 SET @saved_cs_client     = @@character_set_client */;
/*!40101 SET character_set_client = utf8 */;
CREATE TABLE `vtiger_durationmins` (
  `minsid` int(19) NOT NULL AUTO_INCREMENT,
  `mins` varchar(50) DEFAULT NULL,
  `sortorderid` int(19) NOT NULL DEFAULT '0',
  `presence` int(1) NOT NULL DEFAULT '1',
  PRIMARY KEY (`minsid`)
) ENGINE=InnoDB DEFAULT CHARSET=utf8;
/*!40101 SET character_set_client = @saved_cs_client */;

--
-- Dumping data for table `vtiger_durationmins`
--

LOCK TABLES `vtiger_durationmins` WRITE;
/*!40000 ALTER TABLE `vtiger_durationmins` DISABLE KEYS */;
/*!40000 ALTER TABLE `vtiger_durationmins` ENABLE KEYS */;
UNLOCK TABLES;

--
-- Table structure for table `vtiger_email_access`
--

DROP TABLE IF EXISTS `vtiger_email_access`;
/*!40101 SET @saved_cs_client     = @@character_set_client */;
/*!40101 SET character_set_client = utf8 */;
CREATE TABLE `vtiger_email_access` (
  `crmid` int(11) DEFAULT NULL,
  `mailid` int(11) DEFAULT NULL,
  `accessdate` date DEFAULT NULL,
  `accesstime` datetime DEFAULT NULL
) ENGINE=InnoDB DEFAULT CHARSET=utf8;
/*!40101 SET character_set_client = @saved_cs_client */;

--
-- Dumping data for table `vtiger_email_access`
--

LOCK TABLES `vtiger_email_access` WRITE;
/*!40000 ALTER TABLE `vtiger_email_access` DISABLE KEYS */;
/*!40000 ALTER TABLE `vtiger_email_access` ENABLE KEYS */;
UNLOCK TABLES;

--
-- Table structure for table `vtiger_email_track`
--

DROP TABLE IF EXISTS `vtiger_email_track`;
/*!40101 SET @saved_cs_client     = @@character_set_client */;
/*!40101 SET character_set_client = utf8 */;
CREATE TABLE `vtiger_email_track` (
  `crmid` int(11) DEFAULT NULL,
  `mailid` int(11) DEFAULT NULL,
  `access_count` int(11) DEFAULT NULL,
  UNIQUE KEY `link_tabidtype_idx` (`crmid`,`mailid`)
) ENGINE=InnoDB DEFAULT CHARSET=utf8;
/*!40101 SET character_set_client = @saved_cs_client */;

--
-- Dumping data for table `vtiger_email_track`
--

LOCK TABLES `vtiger_email_track` WRITE;
/*!40000 ALTER TABLE `vtiger_email_track` DISABLE KEYS */;
INSERT INTO `vtiger_email_track` VALUES (3,48,0),(4,49,0),(3,50,0),(7,51,0),(24,52,0),(25,53,0),(24,54,0),(24,55,0),(28,56,0),(32,57,0),(33,58,0),(32,59,0),(37,60,0),(38,61,0),(44,62,0),(45,63,0);
/*!40000 ALTER TABLE `vtiger_email_track` ENABLE KEYS */;
UNLOCK TABLES;

--
-- Table structure for table `vtiger_emaildetails`
--

DROP TABLE IF EXISTS `vtiger_emaildetails`;
/*!40101 SET @saved_cs_client     = @@character_set_client */;
/*!40101 SET character_set_client = utf8 */;
CREATE TABLE `vtiger_emaildetails` (
  `emailid` int(19) NOT NULL,
  `from_email` varchar(50) NOT NULL DEFAULT '',
  `to_email` text,
  `cc_email` text,
  `bcc_email` text,
  `assigned_user_email` varchar(50) NOT NULL DEFAULT '',
  `idlists` text,
  `email_flag` varchar(50) NOT NULL DEFAULT '',
  PRIMARY KEY (`emailid`)
) ENGINE=InnoDB DEFAULT CHARSET=utf8;
/*!40101 SET character_set_client = @saved_cs_client */;

--
-- Dumping data for table `vtiger_emaildetails`
--

LOCK TABLES `vtiger_emaildetails` WRITE;
/*!40000 ALTER TABLE `vtiger_emaildetails` DISABLE KEYS */;
INSERT INTO `vtiger_emaildetails` VALUES (48,'administrator@a.com','[\"administrator@a.com\"]','[\"\"]','[\"\"]','','3@1|','SENT'),(49,'administrator@a.com','[\"administrator@a.com\"]','[\"\"]','[\"\"]','','4@1|','SENT'),(50,'d2user1@a.com','[\"d2user1@a.com\"]','[\"\"]','[\"\"]','','3@1|','SENT'),(51,'dealer1@a.com','[\"dealer1@a.com\"]','[\"\"]','[\"\"]','','7@1|','SENT'),(52,'d2user2@a.com','[\"d2user2@a.com\"]','[\"\"]','[\"\"]','','24@1|','SENT'),(53,'d2user2@a.com','[\"d2user2@a.com\"]','[\"\"]','[\"\"]','','25@1|','SENT'),(54,'d2user2@a.com','[\"d2user2@a.com\"]','[\"\"]','[\"\"]','','24@1|','SENT'),(55,'d2user2@a.com','[\"d2user2@a.com\"]','[\"\"]','[\"\"]','','24@1|','SENT'),(56,'administrator@a.com','[\"administrator@a.com\"]','[\"\"]','[\"\"]','','28@1|','SENT'),(57,'officer@a.com','[\"officer@a.com\"]','[\"\"]','[\"\"]','','32@1|','SENT'),(58,'officer@a.com','[\"officer@a.com\"]','[\"\"]','[\"\"]','','33@1|','SENT'),(59,'d2user1@a.com','[\"d2user1@a.com\"]','[\"\"]','[\"\"]','','32@1|','SENT'),(60,'d2user1@a.com','[\"d2user1@a.com\"]','[\"\"]','[\"\"]','','37@1|','SENT'),(61,'d2user1@a.com','[\"d2user1@a.com\"]','[\"\"]','[\"\"]','','38@1|','SENT'),(62,'d2user1@a.com','[\"d2user1@a.com\"]','[\"\"]','[\"\"]','','44@1|','SENT'),(63,'d2user1@a.com','[\"d2user1@a.com\"]','[\"\"]','[\"\"]','','45@1|','SENT'),(64,'glorykk318@gmail.com','[\"glorykk318@gmail.com\"]','[\"\"]','[\"\"]','','','SENT'),(65,'glorykk318@gmail.com','[\"glorykk318@gmail.com\"]','[\"\"]','[\"\"]','','','SENT'),(67,'administrator@a.com','[\"glorykk318@gmail.com\"]','[\"\"]','[\"\"]','','','SENT'),(69,'administrator@a.com','[\"glorykk318@gmail.com\"]','[\"\"]','[\"\"]','','','SENT'),(71,'administrator@a.com','[\"glorykk318@gmail.com\"]','[\"\"]','[\"\"]','','','SAVED'),(74,'administrator@a.com','[\"glorykk318@gmail.com\"]','[\"\"]','[\"\"]','','','SENT'),(91,'glorykk318@gmail.com','[\"glorykk318@gmail.com\"]','[\"\"]','[\"\"]','','','SENT');
/*!40000 ALTER TABLE `vtiger_emaildetails` ENABLE KEYS */;
UNLOCK TABLES;

--
-- Table structure for table `vtiger_emailtemplates`
--

DROP TABLE IF EXISTS `vtiger_emailtemplates`;
/*!40101 SET @saved_cs_client     = @@character_set_client */;
/*!40101 SET character_set_client = utf8 */;
CREATE TABLE `vtiger_emailtemplates` (
  `foldername` varchar(100) DEFAULT NULL,
  `templatename` varchar(100) DEFAULT NULL,
  `subject` varchar(100) DEFAULT NULL,
  `description` text,
  `body` text,
  `deleted` int(1) NOT NULL DEFAULT '0',
  `templateid` int(19) NOT NULL AUTO_INCREMENT,
  PRIMARY KEY (`templateid`),
  KEY `emailtemplates_foldernamd_templatename_subject_idx` (`foldername`,`templatename`,`subject`)
) ENGINE=InnoDB AUTO_INCREMENT=13 DEFAULT CHARSET=utf8;
/*!40101 SET character_set_client = @saved_cs_client */;

--
-- Dumping data for table `vtiger_emailtemplates`
--

LOCK TABLES `vtiger_emailtemplates` WRITE;
/*!40000 ALTER TABLE `vtiger_emailtemplates` DISABLE KEYS */;
INSERT INTO `vtiger_emailtemplates` VALUES ('Public','Announcement for Release','Announcement for Release','Announcement of a release','Hello!   <br />\n	<br />\n	On behalf of the vtiger team,  I am pleased to announce the release of vtiger crm4.2 . This is a feature packed release including the mass email template handling, custom view feature, vtiger_reports feature and a host of other utilities. vtiger runs on all platforms.    <br />\n        <br />\n	Notable Features of vtiger are :   <br />\n	<br />\n	-Email Client Integration    <br />\n	-Trouble Ticket Integration   <br />\n	-Invoice Management Integration   <br />\n	-Reports Integration   <br />\n	-Portal Integration   <br />\n	-Enhanced Word Plugin Support   <br />\n	-Custom View Integration   <br />\n	<br />\n	Known Issues:   <br />\n	-ABCD   <br />\n	-EFGH   <br />\n	-IJKL   <br />\n	-MNOP   <br />\n	-QRST',0,1),('Public','Pending Invoices','Invoices Pending','Payment Due','name <br />\nstreet, <br />\ncity, <br />\nstate, <br />\n zip) <br />\n  <br />\n Dear <br />\n <br />\n Please check the following invoices that are yet to be paid by you: <br />\n <br />\n No. Date      Amount <br />\n 1   1/1/01    $4000 <br />\n 2   2/2//01   $5000 <br />\n 3   3/3/01    $10000 <br />\n 4   7/4/01    $23560 <br />\n <br />\n Kindly let us know if there are any issues that you feel are pending to be discussed. <br />\n We will be more than happy to give you a call. <br />\n We would like to continue our business with you.',0,2),('Public','Acceptance Proposal','Acceptance Proposal','Acceptance of Proposal',' Dear <br />\n <br />\nYour proposal on the project XYZW has been reviewed by us <br />\nand is acceptable in its entirety. <br />\n <br />\nWe are eagerly looking forward to this project <br />\nand are pleased about having the opportunity to work <br />\ntogether. We look forward to a long standing relationship <br />\nwith your esteemed firm. <br />\n<br />\nI would like to take this opportunity to invite you <br />\nto a game of golf on Wednesday morning 9am at the <br />\nCuff Links Ground. We will be waiting for you in the <br />\nExecutive Lounge. <br />\n<br />\nLooking forward to seeing you there.',0,3),('Public','Goods received acknowledgement','Goods received acknowledgement','Acknowledged Receipt of Goods',' The undersigned hereby acknowledges receipt and delivery of the goods. <br />\nThe undersigned will release the payment subject to the goods being discovered not satisfactory. <br />\n<br />\nSigned under seal this <date>',0,4),('Public','Accept Order','Accept Order','Acknowledgement/Acceptance of Order',' Dear <br />\n         We are in receipt of your order as contained in the <br />\n   purchase order form.We consider this to be final and binding on both sides. <br />\nIf there be any exceptions noted, we shall consider them <br />\nonly if the objection is received within ten days of receipt of <br />\nthis notice. <br />\n <br />\nThank you for your patronage.',0,5),('Public','Address Change','Change of Address','Address Change','Dear <br />\n <br />\nWe are relocating our office to <br />\n11111,XYZDEF Cross, <br />\nUVWWX Circle <br />\nThe telephone number for this new location is (101) 1212-1328. <br />\n<br />\nOur Manufacturing Division will continue operations <br />\nat 3250 Lovedale Square Avenue, in Frankfurt. <br />\n<br />\nWe hope to keep in touch with you all. <br />\nPlease update your addressbooks.',0,6),('Public','Follow Up','Follow Up','Follow Up of meeting','Dear <br />\n<br />\nThank you for extending us the opportunity to meet with <br />\nyou and members of your staff. <br />\n<br />\nI know that John Doe serviced your account <br />\nfor many years and made many friends at your firm. He has personally <br />\ndiscussed with me the deep relationship that he had with your firm. <br />\nWhile his presence will be missed, I can promise that we will <br />\ncontinue to provide the fine service that was accorded by <br />\nJohn to your firm. <br />\n<br />\nI was genuinely touched to receive such fine hospitality. <br />\n<br />\nThank you once again.',0,7),('Public','Target Crossed!','Target Crossed!','Fantastic Sales Spree!','Congratulations! <br />\n<br />\nThe numbers are in and I am proud to inform you that our <br />\ntotal sales for the previous quarter <br />\namounts to $100,000,00.00!. This is the first time <br />\nwe have exceeded the target by almost 30%. <br />\nWe have also beat the previous quarter record by a <br />\nwhopping 75%! <br />\n<br />\nLet us meet at Smoking Joe for a drink in the evening! <br />\n\nC you all there guys!',0,8),('Public','Thanks Note','Thanks Note','Note of thanks','Dear <br />\n<br />\nThank you for your confidence in our ability to serve you. <br />\nWe are glad to be given the chance to serve you.I look <br />\nforward to establishing a long term partnership with you. <br />\nConsider me as a friend. <br />\nShould any need arise,please do give us a call.',0,9),('Public','Customer Login Details','Customer Portal Login Details','Send Portal login details to customer','<table width=\"700\" cellspacing=\"0\" cellpadding=\"0\" border=\"0\" align=\"center\" style=\"font-family: Arial,Helvetica,sans-serif; font-size: 12px; font-weight: normal; text-decoration: none; background-color: rgb(122, 122, 254);\">\n        <tr>\n            <td> </td>\n            <td> </td>\n            <td> </td>\n        </tr>\n        <tr>\n            <td> </td>\n            <td> </td>\n            <td> </td>\n        </tr>\n        <tr>\n            <td> </td>\n            <td> </td>\n            <td> </td>\n        </tr>\n        <tr>\n            <td width=\"50\"> </td>\n            <td>\n            <table width=\"100%\" cellspacing=\"0\" cellpadding=\"0\" border=\"0\">\n                    <tr>\n                        <td>\n                        <table width=\"100%\" cellspacing=\"0\" cellpadding=\"0\" border=\"0\" style=\"background-color: rgb(27, 77, 140); font-family: Arial,Helvetica,sans-serif; font-size: 14px; color: rgb(255, 255, 255); font-weight: normal; line-height: 25px;\">\n                                <tr>\n                                    <td align=\"center\" rowspan=\"4\">$logo$</td>\n                                    <td align=\"center\"> </td>\n                                </tr>\n                                <tr>\n                                    <td align=\"left\" style=\"background-color: rgb(27, 77, 140); font-family: Arial,Helvetica,sans-serif; font-size: 24px; color: rgb(255, 255, 255); font-weight: bolder; line-height: 35px;\">vtiger CRM<br /> </td>\n                                </tr>\n                                <tr>\n                                    <td align=\"right\" style=\"padding-right: 100px;\">The honest Open Source CRM </td>\n                                </tr>\n                                <tr>\n                                    <td> </td>\n                                </tr>\n                        </table>\n                        </td>\n                    </tr>\n                    <tr>\n                        <td>\n                        <table width=\"100%\" cellspacing=\"0\" cellpadding=\"0\" border=\"0\" style=\"font-family: Arial,Helvetica,sans-serif; font-size: 12px; font-weight: normal; color: rgb(0, 0, 0); background-color: rgb(255, 255, 255);\">\n                                <tr>\n                                    <td valign=\"top\">\n                                    <table width=\"100%\" cellspacing=\"0\" cellpadding=\"5\" border=\"0\">\n                                            <tr>\n                                                <td align=\"right\" style=\"font-family: Arial,Helvetica,sans-serif; font-size: 12px; font-weight: bolder; text-decoration: none; color: rgb(66, 66, 253);\"> </td>\n                                            </tr>\n                                            <tr>\n                                                <td> </td>\n                                            </tr>\n                                            <tr>\n                                                <td style=\"font-family: Arial,Helvetica,sans-serif; font-size: 14px; color: rgb(22, 72, 134); font-weight: bolder; line-height: 15px;\">Dear $contact_name$, </td>\n                                            </tr>\n                                            <tr>\n                                                <td style=\"font-family: Arial,Helvetica,sans-serif; font-size: 12px; color: rgb(0, 0, 0); font-weight: normal; text-align: justify; line-height: 20px;\"> Thank you very much for subscribing to the vtiger CRM - annual support service.<br />Here is your self service portal login details:</td>\n                                            </tr>\n                                            <tr>\n                                                <td align=\"center\">\n                                                <table width=\"75%\" cellspacing=\"0\" cellpadding=\"10\" border=\"0\" style=\"border: 2px solid rgb(180, 180, 179); background-color: rgb(226, 226, 225); font-family: Arial,Helvetica,sans-serif; font-size: 12px; color: rgb(0, 0, 0); font-weight: normal;\">\n                                                        <tr>\n                                                            <td><br />User ID     : <font color=\"#990000\"><strong> $login_name$</strong></font> </td>\n                                                        </tr>\n                                                        <tr>\n                                                            <td>Password: <font color=\"#990000\"><strong> $password$</strong></font> </td>\n                                                        </tr>\n                                                        <tr>\n                                                            <td align=\"center\"> <strong>  $URL$<br /> </strong> </td>\n                                                        </tr>\n                                                </table>\n                                                </td>\n                                            </tr>\n                                            <tr>\n                                                <td style=\"font-family: Arial,Helvetica,sans-serif; font-size: 12px; color: rgb(0, 0, 0); font-weight: normal; text-align: justify; line-height: 20px;\"><strong>NOTE:</strong> We suggest you to change your password after logging in first time. <br /><br /> <strong><u>Help Documentation</u></strong><br />  <br /> After logging in to vtiger Self-service Portal first time, you can access the vtiger CRM documents from the <strong>Documents</strong> tab. Following documents are available for your reference:<br />\n                                                <ul>\n                                                    <li>Installation Manual (Windows &amp; Linux OS)<br /> </li>\n                                                    <li>User &amp; Administrator Manual<br /> </li>\n                                                    <li>vtiger Customer Portal - User Manual<br /> </li>\n                                                    <li>vtiger Outlook Plugin - User Manual<br /> </li>\n                                                    <li>vtiger Office Plug-in - User Manual<br /> </li>\n                                                    <li>vtiger Thunderbird Extension - User Manual<br /> </li>\n                                                    <li>vtiger Web Forms - User Manual<br /> </li>\n                                                    <li>vtiger Firefox Tool bar - User Manual<br /> </li>\n                                                </ul>\n                                                <br />  <br /> <strong><u>Knowledge Base</u></strong><br /> <br /> Periodically we update frequently asked question based on our customer experiences. You can access the latest articles from the <strong>FAQ</strong> tab.<br /> <br /> <strong><u>vtiger CRM - Details</u></strong><br /> <br /> Kindly let us know your current vtiger CRM version and system specification so that we can provide you necessary guidelines to enhance your vtiger CRM system performance. Based on your system specification we alert you about the latest security &amp; upgrade patches.<br />  <br />			 Thank you once again and wish you a wonderful experience with vtiger CRM.<br /> </td>\n                                            </tr>\n                                            <tr>\n                                                <td align=\"right\"><strong style=\"padding: 2px; font-family: Arial,Helvetica,sans-serif; font-size: 12px; color: rgb(0, 0, 0); font-weight: bold;\"><br /><br />Best Regards</strong></td>\n                                            </tr>\n                                            <tr>\n                                                <td align=\"right\" style=\"font-family: Arial,Helvetica,sans-serif; font-size: 12px; color: rgb(0, 0, 0); font-weight: normal; line-height: 20px;\">$support_team$ </td>\n                                            </tr>\n                                            <tr>\n                                                <td align=\"right\"><a style=\"font-family: Arial,Helvetica,sans-serif; font-size: 12px; font-weight: bolder; text-decoration: none; color: rgb(66, 66, 253);\" href=\"http://www.vtiger.com\">www.vtiger.com</a></td>\n                                            </tr>\n                                            <tr>\n                                                <td> </td>\n                                            </tr>\n                                    </table>\n                                    </td>\n                                    <td width=\"1%\" valign=\"top\"> </td>\n                                </tr>\n                        </table>\n                        </td>\n                    </tr>\n                    <tr>\n                        <td>\n                        <table width=\"100%\" cellspacing=\"0\" cellpadding=\"5\" border=\"0\" style=\"font-family: Arial,Helvetica,sans-serif; font-size: 12px; color: rgb(255, 255, 255); font-weight: normal; line-height: 15px; background-color: rgb(51, 51, 51);\">\n                                <tr>\n                                    <td align=\"center\">Shree Narayana Complex, No 11 Sarathy Nagar, Vijaya Nagar , Velachery, Chennai - 600 042 India </td>\n                                </tr>\n                                <tr>\n                                    <td align=\"center\">Telephone No: +91 - 44 - 4202 - 1990     Toll Free No: +1 877 788 4437</td>\n                                </tr>\n                                <tr>\n                                    <td align=\"center\">Email Id: <a style=\"font-family: Arial,Helvetica,sans-serif; font-size: 12px; font-weight: bolder; text-decoration: none; color: rgb(255, 255, 255);\" href=\"mailto:support@vtiger.com\">support@vtiger.com</a></td>\n                                </tr>\n                        </table>\n                        </td>\n                    </tr>\n            </table>\n            </td>\n            <td width=\"50\"> </td>\n        </tr>\n        <tr>\n            <td> </td>\n            <td> </td>\n            <td> </td>\n        </tr>\n        <tr>\n            <td> </td>\n            <td> </td>\n            <td> </td>\n        </tr>\n        <tr>\n            <td> </td>\n            <td> </td>\n            <td> </td>\n        </tr>\n</table>',0,10),('Public','Support end notification before a week','VtigerCRM Support Notification','Send Notification mail to customer before a week of support end date','<table width=\"700\" cellspacing=\"0\" cellpadding=\"0\" border=\"0\" align=\"center\" style=\"font-family: Arial,Helvetica,sans-serif; font-size: 12px; font-weight: normal; text-decoration: none; background-color: rgb(122, 122, 254);\">\n        <tr>\n            <td> </td>\n            <td> </td>\n            <td> </td>\n        </tr>\n        <tr>\n            <td> </td>\n            <td> </td>\n            <td> </td>\n        </tr>\n        <tr>\n            <td> </td>\n            <td> </td>\n            <td> </td>\n        </tr>\n        <tr>\n            <td width=\"50\"> </td>\n            <td>\n            <table width=\"100%\" cellspacing=\"0\" cellpadding=\"0\" border=\"0\">\n                    <tr>\n                        <td>\n                        <table width=\"100%\" cellspacing=\"0\" cellpadding=\"0\" border=\"0\" style=\"background-color: rgb(27, 77, 140); font-family: Arial,Helvetica,sans-serif; font-size: 14px; color: rgb(255, 255, 255); font-weight: normal; line-height: 25px;\">\n                                <tr>\n                                    <td align=\"center\" rowspan=\"4\">$logo$</td>\n                                    <td align=\"center\"> </td>\n                                </tr>\n                                <tr>\n                                    <td align=\"left\" style=\"background-color: rgb(27, 77, 140); font-family: Arial,Helvetica,sans-serif; font-size: 24px; color: rgb(255, 255, 255); font-weight: bolder; line-height: 35px;\">vtiger CRM </td>\n                                </tr>\n                                <tr>\n                                    <td align=\"right\" style=\"padding-right: 100px;\">The honest Open Source CRM </td>\n                                </tr>\n                                <tr>\n                                    <td> </td>\n                                </tr>\n                        </table>\n                        </td>\n                    </tr>\n                    <tr>\n                        <td>\n                        <table width=\"100%\" cellspacing=\"0\" cellpadding=\"0\" border=\"0\" style=\"font-family: Arial,Helvetica,sans-serif; font-size: 12px; font-weight: normal; color: rgb(0, 0, 0); background-color: rgb(255, 255, 255);\">\n                                <tr>\n                                    <td valign=\"top\">\n                                    <table width=\"100%\" cellspacing=\"0\" cellpadding=\"5\" border=\"0\">\n                                            <tr>\n                                                <td align=\"right\" style=\"font-family: Arial,Helvetica,sans-serif; font-size: 12px; font-weight: bolder; text-decoration: none; color: rgb(66, 66, 253);\"> </td>\n                                            </tr>\n                                            <tr>\n                                                <td> </td>\n                                            </tr>\n                                            <tr>\n                                                <td style=\"font-family: Arial,Helvetica,sans-serif; font-size: 14px; color: rgb(22, 72, 134); font-weight: bolder; line-height: 15px;\">Dear $contacts-lastname$, </td>\n                                            </tr>\n                                            <tr>\n                                                <td style=\"font-family: Arial,Helvetica,sans-serif; font-size: 12px; color: rgb(0, 0, 0); font-weight: normal; text-align: justify; line-height: 20px;\">This is just a notification mail regarding your support end.<br /><span style=\"font-weight: bold;\">Priority:</span> Urgent<br />Your Support is going to expire on next week<br />Please contact support@vtiger.com.<br /><br /><br /></td>\n                                            </tr>\n                                            <tr>\n                                                <td align=\"center\"><br /></td>\n                                            </tr>\n                                            <tr>\n                                                <td align=\"right\"><strong style=\"padding: 2px; font-family: Arial,Helvetica,sans-serif; font-size: 12px; color: rgb(0, 0, 0); font-weight: bold;\"><br /><br />Sincerly</strong></td>\n                                            </tr>\n                                            <tr>\n                                                <td align=\"right\" style=\"font-family: Arial,Helvetica,sans-serif; font-size: 12px; color: rgb(0, 0, 0); font-weight: normal; line-height: 20px;\">Support Team </td>\n                                            </tr>\n                                            <tr>\n                                                <td align=\"right\"><a style=\"font-family: Arial,Helvetica,sans-serif; font-size: 12px; font-weight: bolder; text-decoration: none; color: rgb(66, 66, 253);\" href=\"http://www.vtiger.com\">www.vtiger.com</a></td>\n                                            </tr>\n                                            <tr>\n                                                <td> </td>\n                                            </tr>\n                                    </table>\n                                    </td>\n                                    <td width=\"1%\" valign=\"top\"> </td>\n                                </tr>\n                        </table>\n                        </td>\n                    </tr>\n                    <tr>\n                        <td>\n                        <table width=\"100%\" cellspacing=\"0\" cellpadding=\"5\" border=\"0\" style=\"font-family: Arial,Helvetica,sans-serif; font-size: 12px; color: rgb(255, 255, 255); font-weight: normal; line-height: 15px; background-color: rgb(51, 51, 51);\">\n                                <tr>\n                                    <td align=\"center\">Shree Narayana Complex, No 11 Sarathy Nagar, Vijaya Nagar , Velachery, Chennai - 600 042 India </td>\n                                </tr>\n                                <tr>\n                                    <td align=\"center\">Telephone No: +91 - 44 - 4202 - 1990     Toll Free No: +1 877 788 4437</td>\n                                </tr>\n                                <tr>\n                                    <td align=\"center\">Email Id: <a style=\"font-family: Arial,Helvetica,sans-serif; font-size: 12px; font-weight: bolder; text-decoration: none; color: rgb(255, 255, 255);\" href=\"mailto:info@vtiger.com\">info@vtiger.com</a></td>\n                                </tr>\n                        </table>\n                        </td>\n                    </tr>\n            </table>\n            </td>\n            <td width=\"50\"> </td>\n        </tr>\n        <tr>\n            <td> </td>\n            <td> </td>\n            <td> </td>\n        </tr>\n        <tr>\n            <td> </td>\n            <td> </td>\n            <td> </td>\n        </tr>\n        <tr>\n            <td> </td>\n            <td> </td>\n            <td> </td>\n        </tr>\n</table>',0,11),('Public','Support end notification before a month','VtigerCRM Support Notification','Send Notification mail to customer before a month of support end date','<table width=\"700\" cellspacing=\"0\" cellpadding=\"0\" border=\"0\" align=\"center\" style=\"font-family: Arial,Helvetica,sans-serif; font-size: 12px; font-weight: normal; text-decoration: none; background-color: rgb(122, 122, 254);\">\n        <tr>\n            <td> </td>\n            <td> </td>\n            <td> </td>\n        </tr>\n        <tr>\n            <td> </td>\n            <td> </td>\n            <td> </td>\n        </tr>\n        <tr>\n            <td> </td>\n            <td> </td>\n            <td> </td>\n        </tr>\n        <tr>\n            <td width=\"50\"> </td>\n            <td>\n            <table width=\"100%\" cellspacing=\"0\" cellpadding=\"0\" border=\"0\">\n                    <tr>\n                        <td>\n                        <table width=\"100%\" cellspacing=\"0\" cellpadding=\"0\" border=\"0\" style=\"background-color: rgb(27, 77, 140); font-family: Arial,Helvetica,sans-serif; font-size: 14px; color: rgb(255, 255, 255); font-weight: normal; line-height: 25px;\">\n                                <tr>\n                                    <td align=\"center\" rowspan=\"4\">$logo$</td>\n                                    <td align=\"center\"> </td>\n                                </tr>\n                                <tr>\n                                    <td align=\"left\" style=\"background-color: rgb(27, 77, 140); font-family: Arial,Helvetica,sans-serif; font-size: 24px; color: rgb(255, 255, 255); font-weight: bolder; line-height: 35px;\">vtiger CRM </td>\n                                </tr>\n                                <tr>\n                                    <td align=\"right\" style=\"padding-right: 100px;\">The honest Open Source CRM </td>\n                                </tr>\n                                <tr>\n                                    <td> </td>\n                                </tr>\n                        </table>\n                        </td>\n                    </tr>\n                    <tr>\n                        <td>\n                        <table width=\"100%\" cellspacing=\"0\" cellpadding=\"0\" border=\"0\" style=\"font-family: Arial,Helvetica,sans-serif; font-size: 12px; font-weight: normal; color: rgb(0, 0, 0); background-color: rgb(255, 255, 255);\">\n                                <tr>\n                                    <td valign=\"top\">\n                                    <table width=\"100%\" cellspacing=\"0\" cellpadding=\"5\" border=\"0\">\n                                            <tr>\n                                                <td align=\"right\" style=\"font-family: Arial,Helvetica,sans-serif; font-size: 12px; font-weight: bolder; text-decoration: none; color: rgb(66, 66, 253);\"> </td>\n                                            </tr>\n                                            <tr>\n                                                <td> </td>\n                                            </tr>\n                                            <tr>\n                                                <td style=\"font-family: Arial,Helvetica,sans-serif; font-size: 14px; color: rgb(22, 72, 134); font-weight: bolder; line-height: 15px;\">Dear $contacts-lastname$, </td>\n                                            </tr>\n                                            <tr>\n                                                <td style=\"font-family: Arial,Helvetica,sans-serif; font-size: 12px; color: rgb(0, 0, 0); font-weight: normal; text-align: justify; line-height: 20px;\">This is just a notification mail regarding your support end.<br /><span style=\"font-weight: bold;\">Priority:</span> Normal<br />Your Support is going to expire on next month.<br />Please contact support@vtiger.com<br /><br /><br /></td>\n                                            </tr>\n                                            <tr>\n                                                <td align=\"center\"><br /></td>\n                                            </tr>\n                                            <tr>\n                                                <td align=\"right\"><strong style=\"padding: 2px; font-family: Arial,Helvetica,sans-serif; font-size: 12px; color: rgb(0, 0, 0); font-weight: bold;\"><br /><br />Sincerly</strong></td>\n                                            </tr>\n                                            <tr>\n                                                <td align=\"right\" style=\"font-family: Arial,Helvetica,sans-serif; font-size: 12px; color: rgb(0, 0, 0); font-weight: normal; line-height: 20px;\">Support Team </td>\n                                            </tr>\n                                            <tr>\n                                                <td align=\"right\"><a href=\"http://www.vtiger.com\" style=\"font-family: Arial,Helvetica,sans-serif; font-size: 12px; font-weight: bolder; text-decoration: none; color: rgb(66, 66, 253);\">www.vtiger.com</a></td>\n                                            </tr>\n                                            <tr>\n                                                <td> </td>\n                                            </tr>\n                                    </table>\n                                    </td>\n                                    <td width=\"1%\" valign=\"top\"> </td>\n                                </tr>\n                        </table>\n                        </td>\n                    </tr>\n                    <tr>\n                        <td>\n                        <table width=\"100%\" cellspacing=\"0\" cellpadding=\"5\" border=\"0\" style=\"font-family: Arial,Helvetica,sans-serif; font-size: 12px; color: rgb(255, 255, 255); font-weight: normal; line-height: 15px; background-color: rgb(51, 51, 51);\">\n                                <tr>\n                                    <td align=\"center\">Shree Narayana Complex, No 11 Sarathy Nagar, Vijaya Nagar , Velachery, Chennai - 600 042 India </td>\n                                </tr>\n                                <tr>\n                                    <td align=\"center\">Telephone No: +91 - 44 - 4202 - 1990     Toll Free No: +1 877 788 4437</td>\n                                </tr>\n                                <tr>\n                                    <td align=\"center\">Email Id: <a href=\"mailto:info@vtiger.com\" style=\"font-family: Arial,Helvetica,sans-serif; font-size: 12px; font-weight: bolder; text-decoration: none; color: rgb(255, 255, 255);\">info@vtiger.com</a></td>\n                                </tr>\n                        </table>\n                        </td>\n                    </tr>\n            </table>\n            </td>\n            <td width=\"50\"> </td>\n        </tr>\n        <tr>\n            <td> </td>\n            <td> </td>\n            <td> </td>\n        </tr>\n        <tr>\n            <td> </td>\n            <td> </td>\n            <td> </td>\n        </tr>\n        <tr>\n            <td> </td>\n            <td> </td>\n            <td> </td>\n        </tr>\n</table>',0,12);
/*!40000 ALTER TABLE `vtiger_emailtemplates` ENABLE KEYS */;
UNLOCK TABLES;

--
-- Table structure for table `vtiger_emailtemplates_seq`
--

DROP TABLE IF EXISTS `vtiger_emailtemplates_seq`;
/*!40101 SET @saved_cs_client     = @@character_set_client */;
/*!40101 SET character_set_client = utf8 */;
CREATE TABLE `vtiger_emailtemplates_seq` (
  `id` int(11) NOT NULL
) ENGINE=InnoDB DEFAULT CHARSET=utf8;
/*!40101 SET character_set_client = @saved_cs_client */;

--
-- Dumping data for table `vtiger_emailtemplates_seq`
--

LOCK TABLES `vtiger_emailtemplates_seq` WRITE;
/*!40000 ALTER TABLE `vtiger_emailtemplates_seq` DISABLE KEYS */;
INSERT INTO `vtiger_emailtemplates_seq` VALUES (13);
/*!40000 ALTER TABLE `vtiger_emailtemplates_seq` ENABLE KEYS */;
UNLOCK TABLES;

--
-- Table structure for table `vtiger_entityname`
--

DROP TABLE IF EXISTS `vtiger_entityname`;
/*!40101 SET @saved_cs_client     = @@character_set_client */;
/*!40101 SET character_set_client = utf8 */;
CREATE TABLE `vtiger_entityname` (
  `tabid` int(19) NOT NULL DEFAULT '0',
  `modulename` varchar(50) NOT NULL,
  `tablename` varchar(100) NOT NULL,
  `fieldname` varchar(150) NOT NULL,
  `entityidfield` varchar(150) NOT NULL,
  `entityidcolumn` varchar(150) NOT NULL,
  PRIMARY KEY (`tabid`),
  KEY `entityname_tabid_idx` (`tabid`)
) ENGINE=InnoDB DEFAULT CHARSET=utf8;
/*!40101 SET character_set_client = @saved_cs_client */;

--
-- Dumping data for table `vtiger_entityname`
--

LOCK TABLES `vtiger_entityname` WRITE;
/*!40000 ALTER TABLE `vtiger_entityname` DISABLE KEYS */;
INSERT INTO `vtiger_entityname` VALUES (2,'Potentials','vtiger_potential','potentialname','potentialid','potential_id'),(4,'Contacts','vtiger_contactdetails','firstname,lastname','contactid','contact_id'),(6,'Accounts','vtiger_account','accountname','accountid','account_id'),(7,'Leads','vtiger_leaddetails','firstname,lastname','leadid','leadid'),(8,'Documents','vtiger_notes','title','notesid','notesid'),(9,'Calendar','vtiger_activity','subject','activityid','activityid'),(10,'Emails','vtiger_activity','subject','activityid','activityid'),(13,'HelpDesk','vtiger_troubletickets','title','ticketid','ticketid'),(14,'Products','vtiger_products','productname','productid','product_id'),(15,'Faq','vtiger_faq','question','id','id'),(18,'Vendors','vtiger_vendor','vendorname','vendorid','vendor_id'),(19,'PriceBooks','vtiger_pricebook','bookname','pricebookid','pricebookid'),(20,'Quotes','vtiger_quotes','subject','quoteid','quote_id'),(21,'PurchaseOrder','vtiger_purchaseorder','subject','purchaseorderid','purchaseorderid'),(22,'SalesOrder','vtiger_salesorder','subject','salesorderid','salesorder_id'),(23,'Invoice','vtiger_invoice','subject','invoiceid','invoiceid'),(26,'Campaigns','vtiger_campaign','campaignname','campaignid','campaignid'),(29,'Users','vtiger_users','first_name,last_name','id','id'),(34,'PBXManager','vtiger_pbxmanager','customernumber','pbxmanagerid','pbxmanagerid'),(35,'ServiceContracts','vtiger_servicecontracts','subject','servicecontractsid','servicecontractsid'),(36,'Services','vtiger_service','servicename','serviceid','serviceid'),(38,'Assets','vtiger_assets','assetname','assetsid','assetsid'),(42,'ModComments','vtiger_modcomments','commentcontent','modcommentsid','modcommentsid'),(43,'ProjectMilestone','vtiger_projectmilestone','projectmilestonename','projectmilestoneid','projectmilestoneid'),(44,'ProjectTask','vtiger_projecttask','projecttaskname','projecttaskid','projecttaskid'),(45,'Project','vtiger_project','projectname','projectid','projectid'),(47,'SMSNotifier','vtiger_smsnotifier','message','smsnotifierid','smsnotifierid');
/*!40000 ALTER TABLE `vtiger_entityname` ENABLE KEYS */;
UNLOCK TABLES;

--
-- Table structure for table `vtiger_eventhandler_module`
--

DROP TABLE IF EXISTS `vtiger_eventhandler_module`;
/*!40101 SET @saved_cs_client     = @@character_set_client */;
/*!40101 SET character_set_client = utf8 */;
CREATE TABLE `vtiger_eventhandler_module` (
  `eventhandler_module_id` int(11) NOT NULL AUTO_INCREMENT,
  `module_name` varchar(100) DEFAULT NULL,
  `handler_class` varchar(100) DEFAULT NULL,
  PRIMARY KEY (`eventhandler_module_id`)
) ENGINE=InnoDB AUTO_INCREMENT=6 DEFAULT CHARSET=utf8;
/*!40101 SET character_set_client = @saved_cs_client */;

--
-- Dumping data for table `vtiger_eventhandler_module`
--

LOCK TABLES `vtiger_eventhandler_module` WRITE;
/*!40000 ALTER TABLE `vtiger_eventhandler_module` DISABLE KEYS */;
INSERT INTO `vtiger_eventhandler_module` VALUES (1,'ModTracker','ModTrackerHandler'),(2,'ServiceContracts','ServiceContractsHandler'),(3,'Home','Vtiger_RecordLabelUpdater_Handler'),(4,'Invoice','InvoiceHandler'),(5,'PurchaseOrder','PurchaseOrderHandler');
/*!40000 ALTER TABLE `vtiger_eventhandler_module` ENABLE KEYS */;
UNLOCK TABLES;

--
-- Table structure for table `vtiger_eventhandler_module_seq`
--

DROP TABLE IF EXISTS `vtiger_eventhandler_module_seq`;
/*!40101 SET @saved_cs_client     = @@character_set_client */;
/*!40101 SET character_set_client = utf8 */;
CREATE TABLE `vtiger_eventhandler_module_seq` (
  `id` int(11) NOT NULL
) ENGINE=InnoDB DEFAULT CHARSET=utf8;
/*!40101 SET character_set_client = @saved_cs_client */;

--
-- Dumping data for table `vtiger_eventhandler_module_seq`
--

LOCK TABLES `vtiger_eventhandler_module_seq` WRITE;
/*!40000 ALTER TABLE `vtiger_eventhandler_module_seq` DISABLE KEYS */;
INSERT INTO `vtiger_eventhandler_module_seq` VALUES (5);
/*!40000 ALTER TABLE `vtiger_eventhandler_module_seq` ENABLE KEYS */;
UNLOCK TABLES;

--
-- Table structure for table `vtiger_eventhandlers`
--

DROP TABLE IF EXISTS `vtiger_eventhandlers`;
/*!40101 SET @saved_cs_client     = @@character_set_client */;
/*!40101 SET character_set_client = utf8 */;
CREATE TABLE `vtiger_eventhandlers` (
  `eventhandler_id` int(11) NOT NULL AUTO_INCREMENT,
  `event_name` varchar(100) NOT NULL,
  `handler_path` varchar(400) NOT NULL,
  `handler_class` varchar(100) NOT NULL,
  `cond` text,
  `is_active` int(1) NOT NULL,
  `dependent_on` varchar(255) DEFAULT '[]',
  PRIMARY KEY (`eventhandler_id`,`event_name`,`handler_class`),
  UNIQUE KEY `eventhandler_idx` (`eventhandler_id`)
) ENGINE=InnoDB AUTO_INCREMENT=24 DEFAULT CHARSET=utf8;
/*!40101 SET character_set_client = @saved_cs_client */;

--
-- Dumping data for table `vtiger_eventhandlers`
--

LOCK TABLES `vtiger_eventhandlers` WRITE;
/*!40000 ALTER TABLE `vtiger_eventhandlers` DISABLE KEYS */;
INSERT INTO `vtiger_eventhandlers` VALUES (1,'vtiger.entity.aftersave','modules/SalesOrder/RecurringInvoiceHandler.php','RecurringInvoiceHandler','',1,'[]'),(2,'vtiger.entity.beforesave','data/VTEntityDelta.php','VTEntityDelta','',1,'[]'),(3,'vtiger.entity.aftersave','data/VTEntityDelta.php','VTEntityDelta','',1,'[]'),(4,'vtiger.entity.aftersave','modules/com_vtiger_workflow/VTEventHandler.inc','VTWorkflowEventHandler','',1,'[\"VTEntityDelta\"]'),(5,'vtiger.entity.afterrestore','modules/com_vtiger_workflow/VTEventHandler.inc','VTWorkflowEventHandler','',1,'[]'),(6,'vtiger.entity.aftersave.final','modules/HelpDesk/HelpDeskHandler.php','HelpDeskHandler','',1,'[]'),(7,'vtiger.entity.aftersave.final','modules/ModTracker/ModTrackerHandler.php','ModTrackerHandler','',1,'[]'),(8,'vtiger.entity.beforedelete','modules/ModTracker/ModTrackerHandler.php','ModTrackerHandler','',1,'[]'),(9,'vtiger.entity.afterrestore','modules/ModTracker/ModTrackerHandler.php','ModTrackerHandler','',1,'[]'),(15,'vtiger.entity.beforesave','modules/ServiceContracts/ServiceContractsHandler.php','ServiceContractsHandler','',1,'[]'),(16,'vtiger.entity.aftersave','modules/ServiceContracts/ServiceContractsHandler.php','ServiceContractsHandler','',1,'[]'),(17,'vtiger.entity.aftersave','modules/WSAPP/WorkFlowHandlers/WSAPPAssignToTracker.php','WSAPPAssignToTracker','',1,'[\"VTEntityDelta\"]'),(18,'vtiger.entity.aftersave','modules/Vtiger/handlers/RecordLabelUpdater.php','Vtiger_RecordLabelUpdater_Handler','',1,'[]'),(19,'vtiger.entity.aftersave','modules/Invoice/InvoiceHandler.php','InvoiceHandler','',1,'[]'),(20,'vtiger.entity.aftersave','modules/PurchaseOrder/PurchaseOrderHandler.php','PurchaseOrderHandler','',1,'[]'),(21,'vtiger.entity.aftersave','modules/ModComments/ModCommentsHandler.php','ModCommentsHandler','',1,'[]'),(22,'vtiger.picklist.afterrename','modules/Settings/Picklist/handlers/PickListHandler.php','PickListHandler','',1,'[]'),(23,'vtiger.picklist.afterdelete','modules/Settings/Picklist/handlers/PickListHandler.php','PickListHandler','',1,'[]');
/*!40000 ALTER TABLE `vtiger_eventhandlers` ENABLE KEYS */;
UNLOCK TABLES;

--
-- Table structure for table `vtiger_eventhandlers_seq`
--

DROP TABLE IF EXISTS `vtiger_eventhandlers_seq`;
/*!40101 SET @saved_cs_client     = @@character_set_client */;
/*!40101 SET character_set_client = utf8 */;
CREATE TABLE `vtiger_eventhandlers_seq` (
  `id` int(11) NOT NULL
) ENGINE=InnoDB DEFAULT CHARSET=utf8;
/*!40101 SET character_set_client = @saved_cs_client */;

--
-- Dumping data for table `vtiger_eventhandlers_seq`
--

LOCK TABLES `vtiger_eventhandlers_seq` WRITE;
/*!40000 ALTER TABLE `vtiger_eventhandlers_seq` DISABLE KEYS */;
INSERT INTO `vtiger_eventhandlers_seq` VALUES (23);
/*!40000 ALTER TABLE `vtiger_eventhandlers_seq` ENABLE KEYS */;
UNLOCK TABLES;

--
-- Table structure for table `vtiger_eventstatus`
--

DROP TABLE IF EXISTS `vtiger_eventstatus`;
/*!40101 SET @saved_cs_client     = @@character_set_client */;
/*!40101 SET character_set_client = utf8 */;
CREATE TABLE `vtiger_eventstatus` (
  `eventstatusid` int(19) NOT NULL AUTO_INCREMENT,
  `eventstatus` varchar(200) NOT NULL,
  `presence` int(1) NOT NULL DEFAULT '1',
  `picklist_valueid` int(19) NOT NULL DEFAULT '0',
  `sortorderid` int(11) DEFAULT NULL,
  PRIMARY KEY (`eventstatusid`)
) ENGINE=InnoDB AUTO_INCREMENT=4 DEFAULT CHARSET=utf8;
/*!40101 SET character_set_client = @saved_cs_client */;

--
-- Dumping data for table `vtiger_eventstatus`
--

LOCK TABLES `vtiger_eventstatus` WRITE;
/*!40000 ALTER TABLE `vtiger_eventstatus` DISABLE KEYS */;
INSERT INTO `vtiger_eventstatus` VALUES (1,'Planned',0,38,0),(2,'Held',0,39,1),(3,'Not Held',0,40,2);
/*!40000 ALTER TABLE `vtiger_eventstatus` ENABLE KEYS */;
UNLOCK TABLES;

--
-- Table structure for table `vtiger_eventstatus_seq`
--

DROP TABLE IF EXISTS `vtiger_eventstatus_seq`;
/*!40101 SET @saved_cs_client     = @@character_set_client */;
/*!40101 SET character_set_client = utf8 */;
CREATE TABLE `vtiger_eventstatus_seq` (
  `id` int(11) NOT NULL
) ENGINE=InnoDB DEFAULT CHARSET=utf8;
/*!40101 SET character_set_client = @saved_cs_client */;

--
-- Dumping data for table `vtiger_eventstatus_seq`
--

LOCK TABLES `vtiger_eventstatus_seq` WRITE;
/*!40000 ALTER TABLE `vtiger_eventstatus_seq` DISABLE KEYS */;
INSERT INTO `vtiger_eventstatus_seq` VALUES (3);
/*!40000 ALTER TABLE `vtiger_eventstatus_seq` ENABLE KEYS */;
UNLOCK TABLES;

--
-- Table structure for table `vtiger_expectedresponse`
--

DROP TABLE IF EXISTS `vtiger_expectedresponse`;
/*!40101 SET @saved_cs_client     = @@character_set_client */;
/*!40101 SET character_set_client = utf8 */;
CREATE TABLE `vtiger_expectedresponse` (
  `expectedresponseid` int(19) NOT NULL AUTO_INCREMENT,
  `expectedresponse` varchar(200) NOT NULL,
  `presence` int(1) NOT NULL DEFAULT '1',
  `picklist_valueid` int(19) NOT NULL DEFAULT '0',
  `sortorderid` int(11) DEFAULT NULL,
  PRIMARY KEY (`expectedresponseid`),
  UNIQUE KEY `CampaignExpRes_UK01` (`expectedresponse`)
) ENGINE=InnoDB AUTO_INCREMENT=6 DEFAULT CHARSET=utf8;
/*!40101 SET character_set_client = @saved_cs_client */;

--
-- Dumping data for table `vtiger_expectedresponse`
--

LOCK TABLES `vtiger_expectedresponse` WRITE;
/*!40000 ALTER TABLE `vtiger_expectedresponse` DISABLE KEYS */;
INSERT INTO `vtiger_expectedresponse` VALUES (2,'Excellent',1,42,1),(3,'Good',1,43,2),(4,'Average',1,44,3),(5,'Poor',1,45,4);
/*!40000 ALTER TABLE `vtiger_expectedresponse` ENABLE KEYS */;
UNLOCK TABLES;

--
-- Table structure for table `vtiger_expectedresponse_seq`
--

DROP TABLE IF EXISTS `vtiger_expectedresponse_seq`;
/*!40101 SET @saved_cs_client     = @@character_set_client */;
/*!40101 SET character_set_client = utf8 */;
CREATE TABLE `vtiger_expectedresponse_seq` (
  `id` int(11) NOT NULL
) ENGINE=InnoDB DEFAULT CHARSET=utf8;
/*!40101 SET character_set_client = @saved_cs_client */;

--
-- Dumping data for table `vtiger_expectedresponse_seq`
--

LOCK TABLES `vtiger_expectedresponse_seq` WRITE;
/*!40000 ALTER TABLE `vtiger_expectedresponse_seq` DISABLE KEYS */;
INSERT INTO `vtiger_expectedresponse_seq` VALUES (5);
/*!40000 ALTER TABLE `vtiger_expectedresponse_seq` ENABLE KEYS */;
UNLOCK TABLES;

--
-- Table structure for table `vtiger_extnstore_users`
--

DROP TABLE IF EXISTS `vtiger_extnstore_users`;
/*!40101 SET @saved_cs_client     = @@character_set_client */;
/*!40101 SET character_set_client = utf8 */;
CREATE TABLE `vtiger_extnstore_users` (
  `id` int(11) NOT NULL AUTO_INCREMENT,
  `username` varchar(50) DEFAULT NULL,
  `password` varchar(75) DEFAULT NULL,
  `instanceurl` varchar(255) DEFAULT NULL,
  `createdon` datetime DEFAULT NULL,
  `deleted` int(1) NOT NULL DEFAULT '0',
  PRIMARY KEY (`id`)
) ENGINE=InnoDB DEFAULT CHARSET=utf8;
/*!40101 SET character_set_client = @saved_cs_client */;

--
-- Dumping data for table `vtiger_extnstore_users`
--

LOCK TABLES `vtiger_extnstore_users` WRITE;
/*!40000 ALTER TABLE `vtiger_extnstore_users` DISABLE KEYS */;
/*!40000 ALTER TABLE `vtiger_extnstore_users` ENABLE KEYS */;
UNLOCK TABLES;

--
-- Table structure for table `vtiger_faq`
--

DROP TABLE IF EXISTS `vtiger_faq`;
/*!40101 SET @saved_cs_client     = @@character_set_client */;
/*!40101 SET character_set_client = utf8 */;
CREATE TABLE `vtiger_faq` (
  `id` int(11) NOT NULL AUTO_INCREMENT,
  `faq_no` varchar(100) NOT NULL,
  `product_id` varchar(100) DEFAULT NULL,
  `question` text,
  `answer` text,
  `category` varchar(200) NOT NULL,
  `status` varchar(200) NOT NULL,
  PRIMARY KEY (`id`),
  KEY `faq_id_idx` (`id`)
) ENGINE=InnoDB DEFAULT CHARSET=utf8;
/*!40101 SET character_set_client = @saved_cs_client */;

--
-- Dumping data for table `vtiger_faq`
--

LOCK TABLES `vtiger_faq` WRITE;
/*!40000 ALTER TABLE `vtiger_faq` DISABLE KEYS */;
/*!40000 ALTER TABLE `vtiger_faq` ENABLE KEYS */;
UNLOCK TABLES;

--
-- Table structure for table `vtiger_faqcategories`
--

DROP TABLE IF EXISTS `vtiger_faqcategories`;
/*!40101 SET @saved_cs_client     = @@character_set_client */;
/*!40101 SET character_set_client = utf8 */;
CREATE TABLE `vtiger_faqcategories` (
  `faqcategories_id` int(19) NOT NULL AUTO_INCREMENT,
  `faqcategories` varchar(200) DEFAULT NULL,
  `presence` int(1) NOT NULL DEFAULT '1',
  `picklist_valueid` int(19) NOT NULL DEFAULT '0',
  `sortorderid` int(11) DEFAULT NULL,
  PRIMARY KEY (`faqcategories_id`)
) ENGINE=InnoDB AUTO_INCREMENT=2 DEFAULT CHARSET=utf8;
/*!40101 SET character_set_client = @saved_cs_client */;

--
-- Dumping data for table `vtiger_faqcategories`
--

LOCK TABLES `vtiger_faqcategories` WRITE;
/*!40000 ALTER TABLE `vtiger_faqcategories` DISABLE KEYS */;
INSERT INTO `vtiger_faqcategories` VALUES (1,'General',1,46,0);
/*!40000 ALTER TABLE `vtiger_faqcategories` ENABLE KEYS */;
UNLOCK TABLES;

--
-- Table structure for table `vtiger_faqcategories_seq`
--

DROP TABLE IF EXISTS `vtiger_faqcategories_seq`;
/*!40101 SET @saved_cs_client     = @@character_set_client */;
/*!40101 SET character_set_client = utf8 */;
CREATE TABLE `vtiger_faqcategories_seq` (
  `id` int(11) NOT NULL
) ENGINE=InnoDB DEFAULT CHARSET=utf8;
/*!40101 SET character_set_client = @saved_cs_client */;

--
-- Dumping data for table `vtiger_faqcategories_seq`
--

LOCK TABLES `vtiger_faqcategories_seq` WRITE;
/*!40000 ALTER TABLE `vtiger_faqcategories_seq` DISABLE KEYS */;
INSERT INTO `vtiger_faqcategories_seq` VALUES (1);
/*!40000 ALTER TABLE `vtiger_faqcategories_seq` ENABLE KEYS */;
UNLOCK TABLES;

--
-- Table structure for table `vtiger_faqcf`
--

DROP TABLE IF EXISTS `vtiger_faqcf`;
/*!40101 SET @saved_cs_client     = @@character_set_client */;
/*!40101 SET character_set_client = utf8 */;
CREATE TABLE `vtiger_faqcf` (
  `faqid` int(19) NOT NULL DEFAULT '0',
  PRIMARY KEY (`faqid`)
) ENGINE=InnoDB DEFAULT CHARSET=utf8;
/*!40101 SET character_set_client = @saved_cs_client */;

--
-- Dumping data for table `vtiger_faqcf`
--

LOCK TABLES `vtiger_faqcf` WRITE;
/*!40000 ALTER TABLE `vtiger_faqcf` DISABLE KEYS */;
/*!40000 ALTER TABLE `vtiger_faqcf` ENABLE KEYS */;
UNLOCK TABLES;

--
-- Table structure for table `vtiger_faqcomments`
--

DROP TABLE IF EXISTS `vtiger_faqcomments`;
/*!40101 SET @saved_cs_client     = @@character_set_client */;
/*!40101 SET character_set_client = utf8 */;
CREATE TABLE `vtiger_faqcomments` (
  `commentid` int(19) NOT NULL AUTO_INCREMENT,
  `faqid` int(19) DEFAULT NULL,
  `comments` text,
  `createdtime` datetime NOT NULL,
  PRIMARY KEY (`commentid`),
  KEY `faqcomments_faqid_idx` (`faqid`)
) ENGINE=InnoDB DEFAULT CHARSET=utf8;
/*!40101 SET character_set_client = @saved_cs_client */;

--
-- Dumping data for table `vtiger_faqcomments`
--

LOCK TABLES `vtiger_faqcomments` WRITE;
/*!40000 ALTER TABLE `vtiger_faqcomments` DISABLE KEYS */;
/*!40000 ALTER TABLE `vtiger_faqcomments` ENABLE KEYS */;
UNLOCK TABLES;

--
-- Table structure for table `vtiger_faqstatus`
--

DROP TABLE IF EXISTS `vtiger_faqstatus`;
/*!40101 SET @saved_cs_client     = @@character_set_client */;
/*!40101 SET character_set_client = utf8 */;
CREATE TABLE `vtiger_faqstatus` (
  `faqstatus_id` int(19) NOT NULL AUTO_INCREMENT,
  `faqstatus` varchar(200) DEFAULT NULL,
  `presence` int(1) NOT NULL DEFAULT '1',
  `picklist_valueid` int(19) NOT NULL DEFAULT '0',
  `sortorderid` int(11) DEFAULT NULL,
  PRIMARY KEY (`faqstatus_id`)
) ENGINE=InnoDB AUTO_INCREMENT=5 DEFAULT CHARSET=utf8;
/*!40101 SET character_set_client = @saved_cs_client */;

--
-- Dumping data for table `vtiger_faqstatus`
--

LOCK TABLES `vtiger_faqstatus` WRITE;
/*!40000 ALTER TABLE `vtiger_faqstatus` DISABLE KEYS */;
INSERT INTO `vtiger_faqstatus` VALUES (1,'Draft',0,47,0),(2,'Reviewed',0,48,1),(3,'Published',0,49,2),(4,'Obsolete',0,50,3);
/*!40000 ALTER TABLE `vtiger_faqstatus` ENABLE KEYS */;
UNLOCK TABLES;

--
-- Table structure for table `vtiger_faqstatus_seq`
--

DROP TABLE IF EXISTS `vtiger_faqstatus_seq`;
/*!40101 SET @saved_cs_client     = @@character_set_client */;
/*!40101 SET character_set_client = utf8 */;
CREATE TABLE `vtiger_faqstatus_seq` (
  `id` int(11) NOT NULL
) ENGINE=InnoDB DEFAULT CHARSET=utf8;
/*!40101 SET character_set_client = @saved_cs_client */;

--
-- Dumping data for table `vtiger_faqstatus_seq`
--

LOCK TABLES `vtiger_faqstatus_seq` WRITE;
/*!40000 ALTER TABLE `vtiger_faqstatus_seq` DISABLE KEYS */;
INSERT INTO `vtiger_faqstatus_seq` VALUES (4);
/*!40000 ALTER TABLE `vtiger_faqstatus_seq` ENABLE KEYS */;
UNLOCK TABLES;

--
-- Table structure for table `vtiger_feedback`
--

DROP TABLE IF EXISTS `vtiger_feedback`;
/*!40101 SET @saved_cs_client     = @@character_set_client */;
/*!40101 SET character_set_client = utf8 */;
CREATE TABLE `vtiger_feedback` (
  `userid` int(19) DEFAULT NULL,
  `dontshow` varchar(19) DEFAULT 'false'
) ENGINE=InnoDB DEFAULT CHARSET=utf8;
/*!40101 SET character_set_client = @saved_cs_client */;

--
-- Dumping data for table `vtiger_feedback`
--

LOCK TABLES `vtiger_feedback` WRITE;
/*!40000 ALTER TABLE `vtiger_feedback` DISABLE KEYS */;
/*!40000 ALTER TABLE `vtiger_feedback` ENABLE KEYS */;
UNLOCK TABLES;

--
-- Table structure for table `vtiger_field`
--

DROP TABLE IF EXISTS `vtiger_field`;
/*!40101 SET @saved_cs_client     = @@character_set_client */;
/*!40101 SET character_set_client = utf8 */;
CREATE TABLE `vtiger_field` (
  `tabid` int(19) NOT NULL,
  `fieldid` int(19) NOT NULL AUTO_INCREMENT,
  `columnname` varchar(30) NOT NULL,
  `tablename` varchar(50) NOT NULL,
  `generatedtype` int(19) NOT NULL DEFAULT '0',
  `uitype` varchar(30) NOT NULL,
  `fieldname` varchar(50) NOT NULL,
  `fieldlabel` varchar(50) NOT NULL,
  `readonly` int(1) NOT NULL,
  `presence` int(19) NOT NULL DEFAULT '1',
  `defaultvalue` text,
  `maximumlength` int(19) DEFAULT NULL,
  `sequence` int(19) DEFAULT NULL,
  `block` int(19) DEFAULT NULL,
  `displaytype` int(19) DEFAULT NULL,
  `typeofdata` varchar(100) DEFAULT NULL,
  `quickcreate` int(10) NOT NULL DEFAULT '1',
  `quickcreatesequence` int(19) DEFAULT NULL,
  `info_type` varchar(20) DEFAULT NULL,
  `masseditable` int(10) NOT NULL DEFAULT '1',
  `helpinfo` text,
  `summaryfield` int(10) NOT NULL DEFAULT '0',
  PRIMARY KEY (`fieldid`),
  KEY `field_tabid_idx` (`tabid`),
  KEY `field_fieldname_idx` (`fieldname`),
  KEY `field_block_idx` (`block`),
  KEY `field_displaytype_idx` (`displaytype`)
) ENGINE=InnoDB AUTO_INCREMENT=795 DEFAULT CHARSET=utf8;
/*!40101 SET character_set_client = @saved_cs_client */;

--
-- Dumping data for table `vtiger_field`
--

LOCK TABLES `vtiger_field` WRITE;
/*!40000 ALTER TABLE `vtiger_field` DISABLE KEYS */;
INSERT INTO `vtiger_field` VALUES (6,1,'accountname','vtiger_account',1,'2','accountname','Account Name',1,0,'',100,1,9,1,'V~M',0,1,'BAS',1,NULL,1),(6,2,'account_no','vtiger_account',1,'4','account_no','Account No',1,0,'',100,2,9,1,'V~O',3,NULL,'BAS',0,NULL,0),(6,3,'phone','vtiger_account',1,'11','phone','Phone',1,2,'',100,4,9,1,'V~O',2,2,'BAS',1,NULL,1),(6,4,'website','vtiger_account',1,'17','website','Website',1,2,'',100,3,9,1,'V~O',2,3,'BAS',1,NULL,1),(6,5,'fax','vtiger_account',1,'11','fax','Fax',1,2,'',100,6,9,1,'V~O',1,NULL,'BAS',1,NULL,0),(6,6,'tickersymbol','vtiger_account',1,'1','tickersymbol','Ticker Symbol',1,2,'',100,5,9,1,'V~O',1,NULL,'BAS',1,NULL,0),(6,7,'otherphone','vtiger_account',1,'11','otherphone','Other Phone',1,2,'',100,8,9,1,'V~O',1,NULL,'ADV',1,NULL,0),(6,8,'parentid','vtiger_account',1,'51','account_id','Member Of',1,2,'',100,7,9,1,'I~O',1,NULL,'BAS',0,NULL,0),(6,9,'email1','vtiger_account',1,'13','email1','Email',1,2,'',100,10,9,1,'E~O',1,NULL,'BAS',1,NULL,1),(6,10,'employees','vtiger_account',1,'7','employees','Employees',1,2,'',100,9,9,1,'I~O',1,NULL,'ADV',1,NULL,0),(6,11,'email2','vtiger_account',1,'13','email2','Other Email',1,2,'',100,11,9,1,'E~O',1,NULL,'ADV',1,NULL,0),(6,12,'ownership','vtiger_account',1,'1','ownership','Ownership',1,2,'',100,12,9,1,'V~O',1,NULL,'ADV',1,NULL,0),(6,13,'rating','vtiger_account',1,'15','rating','Rating',1,2,'',100,14,9,1,'V~O',1,NULL,'ADV',1,NULL,0),(6,14,'industry','vtiger_account',1,'15','industry','industry',1,2,'',100,13,9,1,'V~O',1,NULL,'ADV',1,NULL,0),(6,15,'siccode','vtiger_account',1,'1','siccode','SIC Code',1,2,'',100,16,9,1,'V~O',1,NULL,'ADV',1,NULL,0),(6,16,'account_type','vtiger_account',1,'15','accounttype','Type',1,2,'',100,15,9,1,'V~O',1,NULL,'ADV',1,NULL,0),(6,17,'annualrevenue','vtiger_account',1,'71','annual_revenue','Annual Revenue',1,2,'',100,18,9,1,'N~O',1,NULL,'ADV',1,NULL,0),(6,18,'emailoptout','vtiger_account',1,'56','emailoptout','Email Opt Out',1,2,'',100,17,9,1,'C~O',1,NULL,'ADV',1,NULL,0),(6,19,'notify_owner','vtiger_account',1,'56','notify_owner','Notify Owner',1,2,'',10,20,9,1,'C~O',1,NULL,'ADV',1,NULL,0),(6,20,'smownerid','vtiger_crmentity',1,'53','assigned_user_id','Assigned To',1,0,'',100,19,9,1,'V~M',0,4,'BAS',1,NULL,1),(6,21,'createdtime','vtiger_crmentity',1,'70','createdtime','Created Time',1,0,'',100,22,9,2,'DT~O',3,NULL,'BAS',0,NULL,0),(6,22,'modifiedtime','vtiger_crmentity',1,'70','modifiedtime','Modified Time',1,0,'',100,21,9,2,'DT~O',3,NULL,'BAS',0,NULL,0),(6,23,'modifiedby','vtiger_crmentity',1,'52','modifiedby','Last Modified By',1,0,'',100,23,9,3,'V~O',3,NULL,'BAS',0,NULL,0),(6,24,'bill_street','vtiger_accountbillads',1,'21','bill_street','Billing Address',1,2,'',100,1,11,1,'V~O',1,NULL,'BAS',1,NULL,0),(6,25,'ship_street','vtiger_accountshipads',1,'21','ship_street','Shipping Address',1,2,'',100,2,11,1,'V~O',1,NULL,'BAS',1,NULL,0),(6,26,'bill_city','vtiger_accountbillads',1,'1','bill_city','Billing City',1,2,'',100,5,11,1,'V~O',1,NULL,'BAS',1,NULL,1),(6,27,'ship_city','vtiger_accountshipads',1,'1','ship_city','Shipping City',1,2,'',100,6,11,1,'V~O',1,NULL,'BAS',1,NULL,0),(6,28,'bill_state','vtiger_accountbillads',1,'1','bill_state','Billing State',1,2,'',100,7,11,1,'V~O',1,NULL,'BAS',1,NULL,0),(6,29,'ship_state','vtiger_accountshipads',1,'1','ship_state','Shipping State',1,2,'',100,8,11,1,'V~O',1,NULL,'BAS',1,NULL,0),(6,30,'bill_code','vtiger_accountbillads',1,'1','bill_code','Billing Code',1,2,'',100,9,11,1,'V~O',1,NULL,'BAS',1,NULL,0),(6,31,'ship_code','vtiger_accountshipads',1,'1','ship_code','Shipping Code',1,2,'',100,10,11,1,'V~O',1,NULL,'BAS',1,NULL,0),(6,32,'bill_country','vtiger_accountbillads',1,'1','bill_country','Billing Country',1,2,'',100,11,11,1,'V~O',1,NULL,'BAS',1,NULL,1),(6,33,'ship_country','vtiger_accountshipads',1,'1','ship_country','Shipping Country',1,2,'',100,12,11,1,'V~O',1,NULL,'BAS',1,NULL,0),(6,34,'bill_pobox','vtiger_accountbillads',1,'1','bill_pobox','Billing Po Box',1,2,'',100,3,11,1,'V~O',1,NULL,'BAS',1,NULL,0),(6,35,'ship_pobox','vtiger_accountshipads',1,'1','ship_pobox','Shipping Po Box',1,2,'',100,4,11,1,'V~O',1,NULL,'BAS',1,NULL,0),(6,36,'description','vtiger_crmentity',1,'19','description','Description',1,2,'',100,1,12,1,'V~O',1,NULL,'BAS',1,NULL,0),(7,37,'salutation','vtiger_leaddetails',1,'55','salutationtype','Salutation',1,0,'',100,1,13,3,'V~O',1,NULL,'BAS',1,NULL,0),(7,38,'firstname','vtiger_leaddetails',1,'55','firstname','First Name',1,2,'',100,1,13,1,'V~M',2,1,'BAS',1,NULL,1),(7,39,'lead_no','vtiger_leaddetails',1,'4','lead_no','Lead No',1,0,'',100,23,13,1,'V~O',3,NULL,'BAS',0,NULL,0),(7,40,'phone','vtiger_leadaddress',1,'11','phone','Phone',1,2,'',100,9,13,1,'V~O',2,4,'BAS',1,NULL,1),(7,41,'lastname','vtiger_leaddetails',1,'255','lastname','Last Name',1,0,'',100,3,13,1,'V~M',0,2,'BAS',1,NULL,1),(7,42,'mobile','vtiger_leadaddress',1,'11','mobile','Mobile',1,2,'',100,11,13,1,'V~O',1,NULL,'BAS',1,NULL,1),(7,43,'company','vtiger_leaddetails',1,'2','company','Company',1,2,'',100,5,13,1,'V~O',2,3,'BAS',1,NULL,1),(7,44,'fax','vtiger_leadaddress',1,'11','fax','Fax',1,2,'',100,17,13,1,'V~O',1,NULL,'BAS',1,NULL,0),(7,45,'designation','vtiger_leaddetails',1,'1','designation','Title',1,2,'',100,7,13,1,'V~O',1,NULL,'BAS',1,NULL,0),(7,46,'email','vtiger_leaddetails',1,'13','email','Email',1,2,'',100,13,13,1,'E~O',2,5,'BAS',1,NULL,1),(7,47,'leadsource','vtiger_leaddetails',1,'15','leadsource','Lead Source',1,2,'',100,6,13,1,'V~O',1,NULL,'BAS',1,NULL,0),(7,48,'website','vtiger_leadsubdetails',1,'17','website','Website',1,2,'',100,21,13,1,'V~O',1,NULL,'ADV',1,NULL,0),(7,49,'industry','vtiger_leaddetails',1,'15','industry','Industry',1,2,'',100,8,13,1,'V~O',1,NULL,'ADV',1,NULL,0),(7,50,'leadstatus','vtiger_leaddetails',1,'15','leadstatus','Lead Status',1,2,'',100,2,13,1,'V~O',1,NULL,'BAS',1,NULL,0),(7,51,'annualrevenue','vtiger_leaddetails',1,'71','annualrevenue','Annual Revenue',1,2,'',100,10,13,1,'N~O',1,NULL,'ADV',1,NULL,0),(7,52,'rating','vtiger_leaddetails',1,'15','rating','Lead Rating',1,2,'',100,4,13,1,'V~O',1,NULL,'ADV',1,NULL,0),(7,53,'noofemployees','vtiger_leaddetails',1,'1','noofemployees','No Of Employees',1,2,'',100,12,13,1,'I~O',1,NULL,'ADV',1,NULL,0),(7,54,'smownerid','vtiger_crmentity',1,'53','assigned_user_id','Assigned To',1,0,'',100,19,13,1,'V~M',0,6,'BAS',1,NULL,1),(7,55,'secondaryemail','vtiger_leaddetails',1,'13','secondaryemail','Secondary Email',1,2,'',100,15,13,1,'E~O',1,NULL,'ADV',1,NULL,0),(7,56,'createdtime','vtiger_crmentity',1,'70','createdtime','Created Time',1,0,'',100,20,13,2,'DT~O',3,NULL,'BAS',0,NULL,0),(7,57,'modifiedtime','vtiger_crmentity',1,'70','modifiedtime','Modified Time',1,0,'',100,22,13,2,'DT~O',3,NULL,'BAS',0,NULL,0),(7,58,'modifiedby','vtiger_crmentity',1,'52','modifiedby','Last Modified By',1,0,'',100,23,13,3,'V~O',3,NULL,'BAS',0,NULL,0),(7,59,'lane','vtiger_leadaddress',1,'21','lane','Street',1,2,'',100,1,15,1,'V~O',1,NULL,'BAS',1,NULL,0),(7,60,'code','vtiger_leadaddress',1,'1','code','Postal Code',1,2,'',100,3,15,1,'V~O',1,NULL,'BAS',1,NULL,0),(7,61,'city','vtiger_leadaddress',1,'1','city','City',1,2,'',100,4,15,1,'V~O',1,NULL,'BAS',1,NULL,1),(7,62,'country','vtiger_leadaddress',1,'1','country','Country',1,2,'',100,5,15,1,'V~O',1,NULL,'BAS',1,NULL,1),(7,63,'state','vtiger_leadaddress',1,'1','state','State',1,2,'',100,6,15,1,'V~O',1,NULL,'BAS',1,NULL,0),(7,64,'pobox','vtiger_leadaddress',1,'1','pobox','Po Box',1,2,'',100,2,15,1,'V~O',1,NULL,'BAS',1,NULL,0),(7,65,'description','vtiger_crmentity',1,'19','description','Description',1,2,'',100,1,16,1,'V~O',1,NULL,'BAS',1,NULL,0),(4,66,'salutation','vtiger_contactdetails',1,'55','salutationtype','Salutation',1,0,'',100,1,4,3,'V~O',1,NULL,'BAS',1,NULL,0),(4,67,'firstname','vtiger_contactdetails',1,'55','firstname','First Name',1,0,'',100,2,4,1,'V~O',2,1,'BAS',1,NULL,1),(4,68,'contact_no','vtiger_contactdetails',1,'4','contact_no','Contact Id',1,0,'',100,3,4,1,'V~O',3,NULL,'BAS',0,NULL,0),(4,69,'phone','vtiger_contactdetails',1,'11','phone','Office Phone',1,2,'',100,5,4,1,'V~O',2,4,'BAS',1,NULL,1),(4,70,'lastname','vtiger_contactdetails',1,'255','lastname','Last Name',1,0,'',100,4,4,1,'V~M',0,2,'BAS',1,NULL,1),(4,71,'mobile','vtiger_contactdetails',1,'11','mobile','Mobile',1,2,'',100,7,4,1,'V~O',1,NULL,'BAS',1,NULL,0),(4,72,'accountid','vtiger_contactdetails',1,'51','account_id','Account Name',1,0,'',100,6,4,1,'I~O',2,3,'BAS',1,NULL,1),(4,73,'homephone','vtiger_contactsubdetails',1,'11','homephone','Home Phone',1,2,'',100,9,4,1,'V~O',1,NULL,'ADV',1,NULL,0),(4,74,'leadsource','vtiger_contactsubdetails',1,'15','leadsource','Lead Source',1,2,'',100,8,4,1,'V~O',1,NULL,'BAS',1,NULL,0),(4,75,'otherphone','vtiger_contactsubdetails',1,'11','otherphone','Other Phone',1,2,'',100,11,4,1,'V~O',1,NULL,'ADV',1,NULL,0),(4,76,'title','vtiger_contactdetails',1,'1','title','Title',1,2,'',100,10,4,1,'V~O',1,NULL,'BAS',1,NULL,1),(4,77,'fax','vtiger_contactdetails',1,'11','fax','Fax',1,2,'',100,13,4,1,'V~O',1,NULL,'BAS',1,NULL,0),(4,78,'department','vtiger_contactdetails',1,'1','department','Department',1,2,'',100,12,4,1,'V~O',1,NULL,'ADV',1,NULL,0),(4,79,'birthday','vtiger_contactsubdetails',1,'5','birthday','Birthdate',1,2,'',100,16,4,1,'D~O',1,NULL,'ADV',1,NULL,0),(4,80,'email','vtiger_contactdetails',1,'13','email','Email',1,2,'',100,15,4,1,'E~O',2,5,'BAS',1,NULL,1),(4,81,'reportsto','vtiger_contactdetails',1,'57','contact_id','Reports To',1,2,'',100,18,4,1,'V~O',1,NULL,'ADV',0,NULL,0),(4,82,'assistant','vtiger_contactsubdetails',1,'1','assistant','Assistant',1,2,'',100,17,4,1,'V~O',1,NULL,'ADV',1,NULL,0),(4,83,'secondaryemail','vtiger_contactdetails',1,'13','secondaryemail','Secondary Email',1,2,'',100,20,4,1,'E~O',1,NULL,'ADV',1,NULL,0),(4,84,'assistantphone','vtiger_contactsubdetails',1,'11','assistantphone','Assistant Phone',1,2,'',100,19,4,1,'V~O',1,NULL,'ADV',1,NULL,0),(4,85,'donotcall','vtiger_contactdetails',1,'56','donotcall','Do Not Call',1,2,'',100,22,4,1,'C~O',1,NULL,'ADV',1,NULL,0),(4,86,'emailoptout','vtiger_contactdetails',1,'56','emailoptout','Email Opt Out',1,2,'',100,21,4,1,'C~O',1,NULL,'ADV',1,NULL,0),(4,87,'smownerid','vtiger_crmentity',1,'53','assigned_user_id','Assigned To',1,0,'',100,24,4,1,'V~M',0,6,'BAS',1,NULL,1),(4,88,'reference','vtiger_contactdetails',1,'56','reference','Reference',1,2,'',10,23,4,1,'C~O',1,NULL,'ADV',1,NULL,0),(4,89,'notify_owner','vtiger_contactdetails',1,'56','notify_owner','Notify Owner',1,2,'',10,26,4,1,'C~O',1,NULL,'ADV',1,NULL,0),(4,90,'createdtime','vtiger_crmentity',1,'70','createdtime','Created Time',1,0,'',100,25,4,2,'DT~O',3,NULL,'BAS',0,NULL,0),(4,91,'modifiedtime','vtiger_crmentity',1,'70','modifiedtime','Modified Time',1,0,'',100,27,4,2,'DT~O',3,NULL,'BAS',0,NULL,0),(4,92,'modifiedby','vtiger_crmentity',1,'52','modifiedby','Last Modified By',1,0,'',100,28,4,3,'V~O',3,NULL,'BAS',0,NULL,0),(4,93,'portal','vtiger_customerdetails',1,'56','portal','Portal User',1,2,'',100,1,6,1,'C~O',1,NULL,'ADV',0,NULL,0),(4,94,'support_start_date','vtiger_customerdetails',1,'5','support_start_date','Support Start Date',1,2,'',100,2,6,1,'D~O',1,NULL,'ADV',1,NULL,0),(4,95,'support_end_date','vtiger_customerdetails',1,'5','support_end_date','Support End Date',1,2,'',100,3,6,1,'D~O~OTH~GE~support_start_date~Support Start Date',1,NULL,'ADV',1,NULL,0),(4,96,'mailingstreet','vtiger_contactaddress',1,'21','mailingstreet','Mailing Street',1,2,'',100,1,7,1,'V~O',1,NULL,'BAS',1,NULL,0),(4,97,'otherstreet','vtiger_contactaddress',1,'21','otherstreet','Other Street',1,2,'',100,2,7,1,'V~O',1,NULL,'BAS',1,NULL,0),(4,98,'mailingcity','vtiger_contactaddress',1,'1','mailingcity','Mailing City',1,2,'',100,5,7,1,'V~O',1,NULL,'BAS',1,NULL,1),(4,99,'othercity','vtiger_contactaddress',1,'1','othercity','Other City',1,2,'',100,6,7,1,'V~O',1,NULL,'BAS',1,NULL,0),(4,100,'mailingstate','vtiger_contactaddress',1,'1','mailingstate','Mailing State',1,2,'',100,7,7,1,'V~O',1,NULL,'BAS',1,NULL,0),(4,101,'otherstate','vtiger_contactaddress',1,'1','otherstate','Other State',1,2,'',100,8,7,1,'V~O',1,NULL,'BAS',1,NULL,0),(4,102,'mailingzip','vtiger_contactaddress',1,'1','mailingzip','Mailing Zip',1,2,'',100,9,7,1,'V~O',1,NULL,'BAS',1,NULL,0),(4,103,'otherzip','vtiger_contactaddress',1,'1','otherzip','Other Zip',1,2,'',100,10,7,1,'V~O',1,NULL,'BAS',1,NULL,0),(4,104,'mailingcountry','vtiger_contactaddress',1,'1','mailingcountry','Mailing Country',1,2,'',100,11,7,1,'V~O',1,NULL,'BAS',1,NULL,1),(4,105,'othercountry','vtiger_contactaddress',1,'1','othercountry','Other Country',1,2,'',100,12,7,1,'V~O',1,NULL,'BAS',1,NULL,0),(4,106,'mailingpobox','vtiger_contactaddress',1,'1','mailingpobox','Mailing Po Box',1,2,'',100,3,7,1,'V~O',1,NULL,'BAS',1,NULL,0),(4,107,'otherpobox','vtiger_contactaddress',1,'1','otherpobox','Other Po Box',1,2,'',100,4,7,1,'V~O',1,NULL,'BAS',1,NULL,0),(4,108,'imagename','vtiger_contactdetails',1,'69','imagename','Contact Image',1,2,'',100,1,73,1,'V~O',3,NULL,'ADV',0,NULL,0),(4,109,'description','vtiger_crmentity',1,'19','description','Description',1,2,'',100,1,8,1,'V~O',1,NULL,'BAS',1,NULL,0),(2,110,'potentialname','vtiger_potential',1,'2','potentialname','Potential Name',1,0,'',100,1,1,1,'V~M',0,1,'BAS',1,NULL,1),(2,111,'potential_no','vtiger_potential',1,'4','potential_no','Potential No',1,0,'',100,2,1,1,'V~O',3,NULL,'BAS',0,NULL,0),(2,112,'amount','vtiger_potential',1,'71','amount','Amount',1,2,'',100,4,1,1,'N~O',2,5,'BAS',1,NULL,0),(2,113,'related_to','vtiger_potential',1,'10','related_to','Related To',1,0,'',100,3,1,1,'V~O',0,2,'BAS',1,NULL,1),(2,114,'closingdate','vtiger_potential',1,'23','closingdate','Expected Close Date',1,2,'',100,6,1,1,'D~M',2,3,'BAS',1,NULL,1),(2,115,'potentialtype','vtiger_potential',1,'15','opportunity_type','Type',1,2,'',100,7,1,1,'V~O',1,NULL,'BAS',1,NULL,0),(2,116,'nextstep','vtiger_potential',1,'1','nextstep','Next Step',1,2,'',100,8,1,1,'V~O',1,NULL,'BAS',1,NULL,0),(2,117,'leadsource','vtiger_potential',1,'15','leadsource','Lead Source',1,2,'',100,9,1,1,'V~O',1,NULL,'BAS',1,NULL,0),(2,118,'sales_stage','vtiger_potential',1,'15','sales_stage','Sales Stage',1,2,'',100,10,1,1,'V~M',2,4,'BAS',1,NULL,1),(2,119,'smownerid','vtiger_crmentity',1,'53','assigned_user_id','Assigned To',1,2,'',100,11,1,1,'V~M',0,6,'BAS',1,NULL,1),(2,120,'probability','vtiger_potential',1,'9','probability','Probability',1,2,'',100,12,1,1,'N~O',1,NULL,'BAS',1,NULL,0),(2,121,'campaignid','vtiger_potential',1,'58','campaignid','Campaign Source',1,2,'',100,13,1,1,'N~O',1,NULL,'BAS',1,NULL,0),(2,122,'createdtime','vtiger_crmentity',1,'70','createdtime','Created Time',1,0,'',100,14,1,2,'DT~O',3,NULL,'BAS',0,NULL,0),(2,123,'modifiedtime','vtiger_crmentity',1,'70','modifiedtime','Modified Time',1,0,'',100,15,1,2,'DT~O',3,NULL,'BAS',0,NULL,0),(2,124,'modifiedby','vtiger_crmentity',1,'52','modifiedby','Last Modified By',1,0,'',100,17,1,3,'V~O',3,NULL,'BAS',0,NULL,0),(2,125,'description','vtiger_crmentity',1,'19','description','Description',1,2,'',100,1,3,1,'V~O',1,NULL,'BAS',1,NULL,0),(26,126,'campaignname','vtiger_campaign',1,'2','campaignname','Campaign Name',1,0,'',100,1,74,1,'V~M',0,1,'BAS',1,NULL,1),(26,127,'campaign_no','vtiger_campaign',1,'4','campaign_no','Campaign No',1,0,'',100,2,74,1,'V~O',3,NULL,'BAS',0,NULL,0),(26,128,'campaigntype','vtiger_campaign',1,'15','campaigntype','Campaign Type',1,2,'',100,5,74,1,'V~O',2,3,'BAS',1,NULL,1),(26,129,'product_id','vtiger_campaign',1,'59','product_id','Product',1,2,'',100,6,74,1,'I~O',2,5,'BAS',1,NULL,0),(26,130,'campaignstatus','vtiger_campaign',1,'15','campaignstatus','Campaign Status',1,2,'',100,4,74,1,'V~O',2,6,'BAS',1,NULL,1),(26,131,'closingdate','vtiger_campaign',1,'23','closingdate','Expected Close Date',1,2,'',100,8,74,1,'D~M',2,2,'BAS',1,NULL,1),(26,132,'smownerid','vtiger_crmentity',1,'53','assigned_user_id','Assigned To',1,0,'',100,3,74,1,'V~M',0,7,'BAS',1,NULL,1),(26,133,'numsent','vtiger_campaign',1,'9','numsent','Num Sent',1,2,'',100,12,74,1,'N~O',1,NULL,'BAS',1,NULL,0),(26,134,'sponsor','vtiger_campaign',1,'1','sponsor','Sponsor',1,2,'',100,9,74,1,'V~O',1,NULL,'BAS',1,NULL,0),(26,135,'targetaudience','vtiger_campaign',1,'1','targetaudience','Target Audience',1,2,'',100,7,74,1,'V~O',1,NULL,'BAS',1,NULL,0),(26,136,'targetsize','vtiger_campaign',1,'1','targetsize','TargetSize',1,2,'',100,10,74,1,'I~O',1,NULL,'BAS',1,NULL,0),(26,137,'createdtime','vtiger_crmentity',1,'70','createdtime','Created Time',1,0,'',100,11,74,2,'DT~O',3,NULL,'BAS',0,NULL,0),(26,138,'modifiedtime','vtiger_crmentity',1,'70','modifiedtime','Modified Time',1,0,'',100,13,74,2,'DT~O',3,NULL,'BAS',0,NULL,0),(26,139,'modifiedby','vtiger_crmentity',1,'52','modifiedby','Last Modified By',1,0,'',100,16,74,3,'V~O',3,NULL,'BAS',0,NULL,0),(26,140,'expectedresponse','vtiger_campaign',1,'15','expectedresponse','Expected Response',1,2,'',100,3,76,1,'V~O',2,4,'BAS',1,NULL,0),(26,141,'expectedrevenue','vtiger_campaign',1,'71','expectedrevenue','Expected Revenue',1,2,'',100,4,76,1,'N~O',1,NULL,'BAS',1,NULL,1),(26,142,'budgetcost','vtiger_campaign',1,'71','budgetcost','Budget Cost',1,2,'',100,1,76,1,'N~O',1,NULL,'BAS',1,NULL,0),(26,143,'actualcost','vtiger_campaign',1,'71','actualcost','Actual Cost',1,2,'',100,2,76,1,'N~O',1,NULL,'BAS',1,NULL,0),(26,144,'expectedresponsecount','vtiger_campaign',1,'1','expectedresponsecount','Expected Response Count',1,2,'',100,7,76,1,'I~O',1,NULL,'BAS',1,NULL,0),(26,145,'expectedsalescount','vtiger_campaign',1,'1','expectedsalescount','Expected Sales Count',1,2,'',100,5,76,1,'I~O',1,NULL,'BAS',1,NULL,0),(26,146,'expectedroi','vtiger_campaign',1,'71','expectedroi','Expected ROI',1,2,'',100,9,76,1,'N~O',1,NULL,'BAS',1,NULL,0),(26,147,'actualresponsecount','vtiger_campaign',1,'1','actualresponsecount','Actual Response Count',1,2,'',100,8,76,1,'I~O',1,NULL,'BAS',1,NULL,0),(26,148,'actualsalescount','vtiger_campaign',1,'1','actualsalescount','Actual Sales Count',1,2,'',100,6,76,1,'I~O',1,NULL,'BAS',1,NULL,0),(26,149,'actualroi','vtiger_campaign',1,'71','actualroi','Actual ROI',1,2,'',100,10,76,1,'N~O',1,NULL,'BAS',1,NULL,0),(26,150,'description','vtiger_crmentity',1,'19','description','Description',1,2,'',100,1,81,1,'V~O',1,NULL,'BAS',1,NULL,0),(4,151,'campaignrelstatus','vtiger_campaignrelstatus',1,'16','campaignrelstatus','Status',1,0,'0',100,1,NULL,1,'V~O',1,NULL,'BAS',0,NULL,0),(6,152,'campaignrelstatus','vtiger_campaignrelstatus',1,'16','campaignrelstatus','Status',1,0,'0',100,1,NULL,1,'V~O',1,NULL,'BAS',0,NULL,0),(7,153,'campaignrelstatus','vtiger_campaignrelstatus',1,'16','campaignrelstatus','Status',1,0,'0',100,1,NULL,1,'V~O',1,NULL,'BAS',0,NULL,0),(26,154,'campaignrelstatus','vtiger_campaignrelstatus',1,'16','campaignrelstatus','Status',1,0,'0',100,1,NULL,1,'V~O',1,NULL,'BAS',0,NULL,0),(13,155,'ticket_no','vtiger_troubletickets',1,'4','ticket_no','Ticket No',1,0,'',100,14,25,1,'V~O',3,NULL,'BAS',0,NULL,1),(13,156,'smownerid','vtiger_crmentity',1,'53','assigned_user_id','Assigned To',1,0,'',100,5,25,1,'V~M',0,4,'BAS',1,NULL,1),(13,157,'parent_id','vtiger_troubletickets',1,'10','parent_id','Related To',1,0,'',100,2,25,1,'I~O',1,NULL,'BAS',1,NULL,1),(13,158,'priority','vtiger_troubletickets',1,'15','ticketpriorities','Priority',1,2,'',100,7,25,1,'V~O',2,3,'BAS',1,NULL,1),(13,159,'product_id','vtiger_troubletickets',1,'59','product_id','Product Name',1,2,'',100,6,25,1,'I~O',1,NULL,'BAS',1,NULL,0),(13,160,'severity','vtiger_troubletickets',1,'15','ticketseverities','Severity',1,2,'',100,9,25,1,'V~O',1,NULL,'BAS',1,NULL,1),(13,161,'status','vtiger_troubletickets',1,'15','ticketstatus','Status',1,2,'',100,8,25,1,'V~M',1,2,'BAS',1,NULL,1),(13,162,'category','vtiger_troubletickets',1,'15','ticketcategories','Category',1,2,'',100,11,25,1,'V~O',1,NULL,'BAS',1,NULL,0),(13,163,'update_log','vtiger_troubletickets',1,'19','update_log','Update History',1,0,'',100,12,25,3,'V~O',1,NULL,'BAS',0,NULL,0),(13,164,'hours','vtiger_troubletickets',1,'1','hours','Hours',1,2,'',100,10,25,1,'N~O',1,NULL,'BAS',1,'This gives the estimated hours for the Ticket.<br>When the same ticket is added to a Service Contract,based on the Tracking Unit of the Service Contract,Used units is updated whenever a ticket is Closed.',0),(13,165,'days','vtiger_troubletickets',1,'1','days','Days',1,2,'',100,11,25,1,'N~O',1,NULL,'BAS',1,'This gives the estimated days for the Ticket.<br>When the same ticket is added to a Service Contract,based on the Tracking Unit of the Service Contract,Used units is updated whenever a ticket is Closed.',0),(13,166,'createdtime','vtiger_crmentity',1,'70','createdtime','Created Time',1,0,'',100,10,25,2,'DT~O',3,NULL,'BAS',0,NULL,0),(13,167,'modifiedtime','vtiger_crmentity',1,'70','modifiedtime','Modified Time',1,0,'',100,13,25,2,'DT~O',3,NULL,'BAS',0,NULL,0),(13,168,'modifiedby','vtiger_crmentity',1,'52','modifiedby','Last Modified By',1,0,'',100,17,25,3,'V~O',3,NULL,'BAS',0,NULL,0),(13,169,'title','vtiger_troubletickets',1,'22','ticket_title','Title',1,0,'',100,1,25,1,'V~M',0,1,'BAS',1,NULL,1),(13,170,'description','vtiger_crmentity',1,'19','description','Description',1,2,'',100,1,28,1,'V~O',2,4,'BAS',1,NULL,1),(13,171,'solution','vtiger_troubletickets',1,'19','solution','Solution',1,0,'',100,1,29,1,'V~O',3,NULL,'BAS',0,NULL,0),(13,172,'comments','vtiger_ticketcomments',1,'19','comments','Add Comment',1,1,'',100,1,30,1,'V~O',3,NULL,'BAS',0,NULL,0),(14,173,'productname','vtiger_products',1,'2','productname','Product Name',1,0,'',100,1,31,1,'V~M',0,1,'BAS',1,NULL,1),(14,174,'product_no','vtiger_products',1,'4','product_no','Product No',1,0,'',100,2,31,1,'V~O',3,NULL,'BAS',0,NULL,0),(14,175,'productcode','vtiger_products',1,'1','productcode','Part Number',1,2,'',100,4,31,1,'V~O',1,NULL,'BAS',1,NULL,1),(14,176,'discontinued','vtiger_products',1,'56','discontinued','Product Active',1,2,'',100,3,31,1,'V~O',2,2,'BAS',1,NULL,0),(14,177,'manufacturer','vtiger_products',1,'15','manufacturer','Manufacturer',1,2,'',100,6,31,1,'V~O',1,NULL,'BAS',1,NULL,0),(14,178,'productcategory','vtiger_products',1,'15','productcategory','Product Category',1,2,'',100,6,31,1,'V~O',1,NULL,'BAS',1,NULL,0),(14,179,'sales_start_date','vtiger_products',1,'5','sales_start_date','Sales Start Date',1,2,'',100,5,31,1,'D~O',1,NULL,'BAS',1,NULL,0),(14,180,'sales_end_date','vtiger_products',1,'5','sales_end_date','Sales End Date',1,2,'',100,8,31,1,'D~O~OTH~GE~sales_start_date~Sales Start Date',1,NULL,'BAS',1,NULL,0),(14,181,'start_date','vtiger_products',1,'5','start_date','Support Start Date',1,2,'',100,7,31,1,'D~O',1,NULL,'BAS',1,NULL,0),(14,182,'expiry_date','vtiger_products',1,'5','expiry_date','Support Expiry Date',1,2,'',100,10,31,1,'D~O~OTH~GE~start_date~Start Date',1,NULL,'BAS',1,NULL,0),(14,183,'website','vtiger_products',1,'17','website','Website',1,2,'',100,14,31,1,'V~O',1,NULL,'BAS',1,NULL,0),(14,184,'vendor_id','vtiger_products',1,'75','vendor_id','Vendor Name',1,2,'',100,13,31,1,'I~O',1,NULL,'BAS',1,NULL,0),(14,185,'mfr_part_no','vtiger_products',1,'1','mfr_part_no','Mfr PartNo',1,2,'',100,16,31,1,'V~O',1,NULL,'BAS',1,NULL,0),(14,186,'vendor_part_no','vtiger_products',1,'1','vendor_part_no','Vendor PartNo',1,2,'',100,15,31,1,'V~O',1,NULL,'BAS',1,NULL,0),(14,187,'serialno','vtiger_products',1,'1','serial_no','Serial No',1,2,'',100,18,31,1,'V~O',1,NULL,'BAS',1,NULL,0),(14,188,'productsheet','vtiger_products',1,'1','productsheet','Product Sheet',1,2,'',100,17,31,1,'V~O',1,NULL,'BAS',1,NULL,0),(14,189,'glacct','vtiger_products',1,'15','glacct','GL Account',1,2,'',100,20,31,1,'V~O',1,NULL,'BAS',1,NULL,0),(14,190,'createdtime','vtiger_crmentity',1,'70','createdtime','Created Time',1,0,'',100,19,31,2,'DT~O',3,NULL,'BAS',0,NULL,0),(14,191,'modifiedtime','vtiger_crmentity',1,'70','modifiedtime','Modified Time',1,0,'',100,21,31,2,'DT~O',3,NULL,'BAS',0,NULL,0),(14,192,'modifiedby','vtiger_crmentity',1,'52','modifiedby','Last Modified By',1,0,'',100,22,31,3,'V~O',3,NULL,'BAS',0,NULL,0),(14,193,'unit_price','vtiger_products',1,'72','unit_price','Unit Price',1,0,'',100,1,32,1,'N~O',2,3,'BAS',0,NULL,1),(14,194,'commissionrate','vtiger_products',1,'9','commissionrate','Commission Rate',1,2,'',100,2,32,1,'N~O',1,NULL,'BAS',1,NULL,1),(14,195,'taxclass','vtiger_products',1,'83','taxclass','Tax Class',1,2,'',100,4,32,1,'V~O',3,NULL,'BAS',1,NULL,0),(14,196,'usageunit','vtiger_products',1,'15','usageunit','Usage Unit',1,2,'',100,1,33,1,'V~O',1,NULL,'ADV',1,NULL,0),(14,197,'qty_per_unit','vtiger_products',1,'1','qty_per_unit','Qty/Unit',1,2,'',100,2,33,1,'N~O',1,NULL,'ADV',1,NULL,1),(14,198,'qtyinstock','vtiger_products',1,'1','qtyinstock','Qty In Stock',1,2,'',100,3,33,1,'NN~O',0,4,'ADV',1,NULL,0),(14,199,'reorderlevel','vtiger_products',1,'1','reorderlevel','Reorder Level',1,2,'',100,4,33,1,'I~O',1,NULL,'ADV',1,NULL,0),(14,200,'smownerid','vtiger_crmentity',1,'53','assigned_user_id','Handler',1,0,'',100,5,33,1,'V~M',0,5,'BAS',1,NULL,0),(14,201,'qtyindemand','vtiger_products',1,'1','qtyindemand','Qty In Demand',1,2,'',100,6,33,1,'I~O',1,NULL,'ADV',1,NULL,0),(14,202,'imagename','vtiger_products',1,'69','imagename','Product Image',1,2,'',100,1,35,1,'V~O',3,NULL,'ADV',0,NULL,0),(14,203,'description','vtiger_crmentity',1,'19','description','Description',1,2,'',100,1,36,1,'V~O',1,NULL,'BAS',1,NULL,0),(8,204,'title','vtiger_notes',1,'2','notes_title','Title',1,0,'',100,1,17,1,'V~M',0,1,'BAS',1,NULL,1),(8,205,'createdtime','vtiger_crmentity',1,'70','createdtime','Created Time',1,0,'',100,5,17,2,'DT~O',3,NULL,'BAS',0,NULL,0),(8,206,'modifiedtime','vtiger_crmentity',1,'70','modifiedtime','Modified Time',1,0,'',100,6,17,2,'DT~O',3,NULL,'BAS',0,NULL,1),(8,207,'filename','vtiger_notes',1,'28','filename','File Name',1,2,'',100,3,18,1,'V~O',0,NULL,'BAS',0,NULL,1),(8,208,'smownerid','vtiger_crmentity',1,'53','assigned_user_id','Assigned To',1,0,'',100,4,17,1,'V~M',0,3,'BAS',1,NULL,1),(8,209,'notecontent','vtiger_notes',1,'19','notecontent','Note',1,2,'',100,1,84,1,'V~O',1,NULL,'BAS',1,NULL,0),(8,210,'filetype','vtiger_notes',1,'1','filetype','File Type',1,2,'',100,5,18,2,'V~O',3,0,'BAS',0,NULL,0),(8,211,'filesize','vtiger_notes',1,'1','filesize','File Size',1,2,'',100,4,18,2,'I~O',3,0,'BAS',0,NULL,0),(8,212,'filelocationtype','vtiger_notes',1,'27','filelocationtype','Download Type',1,0,'',100,1,18,1,'V~O',0,0,'BAS',0,NULL,0),(8,213,'fileversion','vtiger_notes',1,'1','fileversion','Version',1,2,'',100,6,18,1,'V~O',1,0,'BAS',1,NULL,0),(8,214,'filestatus','vtiger_notes',1,'56','filestatus','Active',1,2,'1',100,2,18,1,'V~O',1,0,'BAS',1,NULL,0),(8,215,'filedownloadcount','vtiger_notes',1,'1','filedownloadcount','Download Count',1,2,'',100,7,18,2,'I~O',3,0,'BAS',0,NULL,0),(8,216,'folderid','vtiger_notes',1,'26','folderid','Folder Name',1,2,'',100,2,17,1,'V~O',2,2,'BAS',1,NULL,1),(8,217,'note_no','vtiger_notes',1,'4','note_no','Document No',1,0,'',100,3,17,1,'V~O',3,NULL,'BAS',0,NULL,0),(8,218,'modifiedby','vtiger_crmentity',1,'52','modifiedby','Last Modified By',1,0,'',100,12,17,3,'V~O',3,NULL,'BAS',0,NULL,0),(10,219,'date_start','vtiger_activity',1,'6','date_start','Date & Time Sent',1,0,'',100,1,21,1,'DT~M~time_start~Time Start',1,NULL,'BAS',1,NULL,0),(10,220,'semodule','vtiger_activity',1,'2','parent_type','Sales Enity Module',1,0,'',100,2,21,3,'',1,NULL,'BAS',1,NULL,0),(10,221,'activitytype','vtiger_activity',1,'2','activitytype','Activtiy Type',1,0,'',100,3,21,3,'V~O',1,NULL,'BAS',1,NULL,0),(10,222,'smownerid','vtiger_crmentity',1,'53','assigned_user_id','Assigned To',1,0,'',100,5,21,1,'V~M',1,NULL,'BAS',1,NULL,0),(10,223,'subject','vtiger_activity',1,'2','subject','Subject',1,0,'',100,1,23,1,'V~M',1,NULL,'BAS',1,NULL,0),(10,224,'name','vtiger_attachments',1,'61','filename','Attachment',1,0,'',100,2,23,1,'V~O',1,NULL,'BAS',1,NULL,0),(10,225,'description','vtiger_crmentity',1,'19','description','Description',1,0,'',100,1,24,1,'V~O',1,NULL,'BAS',1,NULL,0),(10,226,'time_start','vtiger_activity',1,'2','time_start','Time Start',1,0,'',100,9,23,1,'T~O',1,NULL,'BAS',1,NULL,0),(10,227,'createdtime','vtiger_crmentity',1,'70','createdtime','Created Time',1,0,'',100,10,22,1,'DT~O',3,NULL,'BAS',0,NULL,0),(10,228,'modifiedtime','vtiger_crmentity',1,'70','modifiedtime','Modified Time',1,0,'',100,11,21,2,'DT~O',3,NULL,'BAS',0,NULL,0),(10,229,'access_count','vtiger_email_track',1,'25','access_count','Access Count',1,0,'0',100,6,21,3,'V~O',1,NULL,'BAS',0,NULL,0),(10,230,'modifiedby','vtiger_crmentity',1,'52','modifiedby','Last Modified By',1,0,'',100,12,21,3,'V~O',3,NULL,'BAS',0,NULL,0),(9,231,'subject','vtiger_activity',1,'2','subject','Subject',1,0,'',100,1,19,1,'V~M',0,1,'BAS',1,NULL,1),(9,232,'smownerid','vtiger_crmentity',1,'53','assigned_user_id','Assigned To',1,0,'',100,2,19,1,'V~M',0,4,'BAS',1,NULL,1),(9,233,'date_start','vtiger_activity',1,'6','date_start','Start Date & Time',1,0,'',100,3,19,1,'DT~M~time_start',0,2,'BAS',1,NULL,1),(9,234,'time_start','vtiger_activity',1,'2','time_start','Time Start',1,0,'',100,4,19,3,'T~O',1,NULL,'BAS',1,NULL,1),(9,235,'time_end','vtiger_activity',1,'2','time_end','End Time',1,0,'',100,4,19,3,'T~O',1,NULL,'BAS',1,NULL,1),(9,236,'due_date','vtiger_activity',1,'23','due_date','Due Date',1,0,'',100,5,19,1,'D~M~OTH~GE~date_start~Start Date & Time',1,NULL,'BAS',1,NULL,1),(9,237,'crmid','vtiger_seactivityrel',1,'66','parent_id','Related To',1,0,'',100,7,19,1,'I~O',1,NULL,'BAS',1,NULL,1),(9,238,'contactid','vtiger_cntactivityrel',1,'57','contact_id','Contact Name',1,0,'',100,8,19,1,'I~O',1,NULL,'BAS',1,NULL,0),(9,239,'status','vtiger_activity',1,'15','taskstatus','Status',1,0,'',100,8,19,1,'V~M',0,3,'BAS',1,NULL,0),(9,240,'eventstatus','vtiger_activity',1,'15','eventstatus','Status',1,0,'',100,9,19,3,'V~O',1,NULL,'BAS',1,NULL,0),(9,241,'priority','vtiger_activity',1,'15','taskpriority','Priority',1,0,'',100,10,19,1,'V~O',1,NULL,'BAS',1,NULL,0),(9,242,'sendnotification','vtiger_activity',1,'56','sendnotification','Send Notification',1,0,'',100,11,19,1,'C~O',1,NULL,'BAS',1,NULL,0),(9,243,'createdtime','vtiger_crmentity',1,'70','createdtime','Created Time',1,0,'',100,14,19,2,'DT~O',3,NULL,'BAS',0,NULL,0),(9,244,'modifiedtime','vtiger_crmentity',1,'70','modifiedtime','Modified Time',1,0,'',100,15,19,2,'DT~O',3,NULL,'BAS',0,NULL,0),(9,245,'activitytype','vtiger_activity',1,'15','activitytype','Activity Type',1,0,'',100,16,19,3,'V~O',1,NULL,'BAS',1,NULL,1),(9,246,'visibility','vtiger_activity',1,'16','visibility','Visibility',1,0,'',100,17,19,3,'V~O',1,NULL,'BAS',1,NULL,0),(9,247,'description','vtiger_crmentity',1,'19','description','Description',1,0,'',100,1,20,1,'V~O',1,NULL,'BAS',1,NULL,0),(9,248,'duration_hours','vtiger_activity',1,'63','duration_hours','Duration',1,0,'',100,17,19,3,'T~O',1,NULL,'BAS',1,NULL,0),(9,249,'duration_minutes','vtiger_activity',1,'16','duration_minutes','Duration Minutes',1,0,'',100,18,19,3,'T~O',1,NULL,'BAS',1,NULL,0),(9,250,'location','vtiger_activity',1,'1','location','Location',1,0,'',100,19,19,1,'V~O',1,NULL,'BAS',1,NULL,0),(9,251,'reminder_time','vtiger_activity_reminder',1,'30','reminder_time','Send Reminder',1,0,'',100,1,19,3,'I~O',1,NULL,'BAS',1,NULL,0),(9,252,'recurringtype','vtiger_activity',1,'16','recurringtype','Recurrence',1,0,'',100,6,19,3,'O~O',1,NULL,'BAS',1,NULL,1),(9,253,'notime','vtiger_activity',1,'56','notime','No Time',1,0,'',100,20,19,3,'C~O',1,NULL,'BAS',1,NULL,0),(9,254,'modifiedby','vtiger_crmentity',1,'52','modifiedby','Last Modified By',1,0,'',100,22,19,3,'V~O',3,NULL,'BAS',0,NULL,0),(16,255,'subject','vtiger_activity',1,'2','subject','Subject',1,0,'',100,1,39,1,'V~M',0,1,'BAS',1,NULL,1),(16,256,'smownerid','vtiger_crmentity',1,'53','assigned_user_id','Assigned To',1,0,'',100,2,39,1,'V~M',0,6,'BAS',1,NULL,1),(16,257,'date_start','vtiger_activity',1,'6','date_start','Start Date & Time',1,0,'',100,3,39,1,'DT~M~time_start',0,2,'BAS',1,NULL,1),(16,258,'time_start','vtiger_activity',1,'2','time_start','Time Start',1,0,'',100,4,39,3,'T~M',1,NULL,'BAS',1,NULL,1),(16,259,'due_date','vtiger_activity',1,'23','due_date','End Date',1,0,'',100,5,39,1,'D~M~OTH~GE~date_start~Start Date & Time',0,5,'BAS',1,NULL,1),(16,260,'time_end','vtiger_activity',1,'2','time_end','End Time',1,0,'',100,5,39,3,'T~M',1,NULL,'BAS',1,NULL,1),(16,261,'recurringtype','vtiger_activity',1,'16','recurringtype','Recurrence',1,0,'',100,6,117,1,'O~O',1,NULL,'BAS',1,NULL,1),(16,262,'duration_hours','vtiger_activity',1,'63','duration_hours','Duration',1,0,'',100,7,39,3,'I~M',1,NULL,'BAS',1,NULL,0),(16,263,'duration_minutes','vtiger_activity',1,'16','duration_minutes','Duration Minutes',1,0,'',100,8,39,3,'O~O',1,NULL,'BAS',1,NULL,0),(16,264,'crmid','vtiger_seactivityrel',1,'66','parent_id','Related To',1,0,'',100,9,119,1,'I~O',1,NULL,'BAS',1,NULL,1),(16,265,'eventstatus','vtiger_activity',1,'15','eventstatus','Status',1,0,'',100,10,39,1,'V~M',0,3,'BAS',1,NULL,0),(16,266,'sendnotification','vtiger_activity',1,'56','sendnotification','Send Notification',1,0,'',100,11,39,1,'C~O',1,NULL,'BAS',1,NULL,0),(16,267,'activitytype','vtiger_activity',1,'15','activitytype','Activity Type',1,0,'',100,12,39,1,'V~M',0,4,'BAS',1,NULL,1),(16,268,'location','vtiger_activity',1,'1','location','Location',1,0,'',100,13,39,1,'V~O',1,NULL,'BAS',1,NULL,0),(16,269,'createdtime','vtiger_crmentity',1,'70','createdtime','Created Time',1,0,'',100,14,39,2,'DT~O',3,NULL,'BAS',0,NULL,0),(16,270,'modifiedtime','vtiger_crmentity',1,'70','modifiedtime','Modified Time',1,0,'',100,15,39,2,'DT~O',3,NULL,'BAS',0,NULL,0),(16,271,'priority','vtiger_activity',1,'15','taskpriority','Priority',1,0,'',100,16,39,1,'V~O',1,NULL,'BAS',1,NULL,0),(16,272,'notime','vtiger_activity',1,'56','notime','No Time',1,0,'',100,17,39,3,'C~O',1,NULL,'BAS',1,NULL,0),(16,273,'visibility','vtiger_activity',1,'16','visibility','Visibility',1,0,'',100,18,39,1,'V~O',1,NULL,'BAS',1,NULL,0),(16,274,'modifiedby','vtiger_crmentity',1,'52','modifiedby','Last Modified By',1,0,'',100,22,39,3,'V~O',3,NULL,'BAS',0,NULL,0),(16,275,'description','vtiger_crmentity',1,'19','description','Description',1,0,'',100,1,41,1,'V~O',1,NULL,'BAS',1,NULL,0),(16,276,'reminder_time','vtiger_activity_reminder',1,'30','reminder_time','Send Reminder',1,0,'',100,1,40,1,'I~O',1,NULL,'BAS',1,NULL,0),(16,277,'contactid','vtiger_cntactivityrel',1,'57','contact_id','Contact Name',1,0,'',100,1,119,1,'I~O',1,NULL,'BAS',1,NULL,0),(15,278,'product_id','vtiger_faq',1,'59','product_id','Product Name',1,2,'',100,1,37,1,'I~O',3,NULL,'BAS',1,NULL,1),(15,279,'faq_no','vtiger_faq',1,'4','faq_no','Faq No',1,0,'',100,2,37,1,'V~O',3,NULL,'BAS',0,NULL,0),(15,280,'category','vtiger_faq',1,'15','faqcategories','Category',1,2,'',100,4,37,1,'V~O',3,NULL,'BAS',1,NULL,1),(15,281,'status','vtiger_faq',1,'15','faqstatus','Status',1,2,'',100,3,37,1,'V~M',3,NULL,'BAS',1,NULL,0),(15,282,'question','vtiger_faq',1,'20','question','Question',1,2,'',100,7,37,1,'V~M',3,NULL,'BAS',1,NULL,1),(15,283,'answer','vtiger_faq',1,'20','faq_answer','Answer',1,2,'',100,8,37,1,'V~M',3,NULL,'BAS',1,NULL,0),(15,284,'comments','vtiger_faqcomments',1,'19','comments','Add Comment',1,1,'',100,1,38,1,'V~O',3,NULL,'BAS',0,NULL,0),(15,285,'createdtime','vtiger_crmentity',1,'70','createdtime','Created Time',1,0,'',100,5,37,2,'DT~O',3,NULL,'BAS',0,NULL,1),(15,286,'modifiedtime','vtiger_crmentity',1,'70','modifiedtime','Modified Time',1,0,'',100,6,37,2,'DT~O',3,NULL,'BAS',0,NULL,1),(15,287,'modifiedby','vtiger_crmentity',1,'52','modifiedby','Last Modified By',1,0,'',100,7,37,3,'V~O',3,NULL,'BAS',0,NULL,0),(18,288,'vendorname','vtiger_vendor',1,'2','vendorname','Vendor Name',1,0,'',100,1,42,1,'V~M',0,1,'BAS',1,NULL,1),(18,289,'vendor_no','vtiger_vendor',1,'4','vendor_no','Vendor No',1,0,'',100,2,42,1,'V~O',3,NULL,'BAS',0,NULL,0),(18,290,'phone','vtiger_vendor',1,'1','phone','Phone',1,2,'',100,4,42,1,'V~O',2,2,'BAS',1,NULL,1),(18,291,'email','vtiger_vendor',1,'13','email','Email',1,2,'',100,3,42,1,'E~O',2,3,'BAS',1,NULL,1),(18,292,'website','vtiger_vendor',1,'17','website','Website',1,2,'',100,6,42,1,'V~O',1,NULL,'BAS',1,NULL,0),(18,293,'glacct','vtiger_vendor',1,'15','glacct','GL Account',1,2,'',100,5,42,1,'V~O',1,NULL,'BAS',1,NULL,0),(18,294,'category','vtiger_vendor',1,'1','category','Category',1,2,'',100,8,42,1,'V~O',1,NULL,'BAS',1,NULL,1),(18,295,'createdtime','vtiger_crmentity',1,'70','createdtime','Created Time',1,0,'',100,7,42,2,'DT~O',3,NULL,'BAS',0,NULL,0),(18,296,'modifiedtime','vtiger_crmentity',1,'70','modifiedtime','Modified Time',1,0,'',100,9,42,2,'DT~O',3,NULL,'BAS',0,NULL,0),(18,297,'modifiedby','vtiger_crmentity',1,'52','modifiedby','Last Modified By',1,0,'',100,12,42,3,'V~O',3,NULL,'BAS',0,NULL,0),(18,298,'street','vtiger_vendor',1,'21','street','Street',1,2,'',100,1,44,1,'V~O',1,NULL,'ADV',1,NULL,0),(18,299,'pobox','vtiger_vendor',1,'1','pobox','Po Box',1,2,'',100,2,44,1,'V~O',1,NULL,'ADV',1,NULL,0),(18,300,'city','vtiger_vendor',1,'1','city','City',1,2,'',100,3,44,1,'V~O',1,NULL,'ADV',1,NULL,0),(18,301,'state','vtiger_vendor',1,'1','state','State',1,2,'',100,4,44,1,'V~O',1,NULL,'ADV',1,NULL,0),(18,302,'postalcode','vtiger_vendor',1,'1','postalcode','Postal Code',1,2,'',100,5,44,1,'V~O',1,NULL,'ADV',1,NULL,0),(18,303,'country','vtiger_vendor',1,'1','country','Country',1,2,'',100,6,44,1,'V~O',1,NULL,'ADV',1,NULL,0),(18,304,'description','vtiger_crmentity',1,'19','description','Description',1,2,'',100,1,45,1,'V~O',1,NULL,'ADV',1,NULL,0),(19,305,'bookname','vtiger_pricebook',1,'2','bookname','Price Book Name',1,0,'',100,1,46,1,'V~M',0,1,'BAS',1,NULL,1),(19,306,'pricebook_no','vtiger_pricebook',1,'4','pricebook_no','PriceBook No',1,0,'',100,3,46,1,'V~O',3,NULL,'BAS',0,NULL,0),(19,307,'active','vtiger_pricebook',1,'56','active','Active',1,2,'1',100,2,46,1,'C~O',2,2,'BAS',1,NULL,1),(19,308,'createdtime','vtiger_crmentity',1,'70','createdtime','Created Time',1,0,'',100,4,46,2,'DT~O',3,NULL,'BAS',0,NULL,0),(19,309,'modifiedtime','vtiger_crmentity',1,'70','modifiedtime','Modified Time',1,0,'',100,5,46,2,'DT~O',3,NULL,'BAS',0,NULL,0),(19,310,'currency_id','vtiger_pricebook',1,'117','currency_id','Currency',1,0,'',100,5,46,1,'I~M',0,3,'BAS',0,NULL,0),(19,311,'modifiedby','vtiger_crmentity',1,'52','modifiedby','Last Modified By',1,0,'',100,7,46,3,'V~O',3,NULL,'BAS',0,NULL,0),(19,312,'description','vtiger_crmentity',1,'19','description','Description',1,2,'',100,1,48,1,'V~O',1,NULL,'BAS',1,NULL,0),(20,313,'quote_no','vtiger_quotes',1,'4','quote_no','Quote No',1,0,'',100,3,49,1,'V~O',3,NULL,'BAS',0,NULL,1),(20,314,'subject','vtiger_quotes',1,'2','subject','Subject',1,0,'',100,1,49,1,'V~M',1,NULL,'BAS',1,NULL,1),(20,315,'potentialid','vtiger_quotes',1,'76','potential_id','Potential Name',1,2,'',100,2,49,1,'I~O',3,NULL,'BAS',1,NULL,1),(20,316,'quotestage','vtiger_quotes',1,'15','quotestage','Quote Stage',1,2,'',100,4,49,1,'V~M',3,NULL,'BAS',1,NULL,1),(20,317,'validtill','vtiger_quotes',1,'5','validtill','Valid Till',1,2,'',100,5,49,1,'D~O',3,NULL,'BAS',1,NULL,0),(20,318,'contactid','vtiger_quotes',1,'57','contact_id','Contact Name',1,2,'',100,6,49,1,'V~O',3,NULL,'BAS',1,NULL,0),(20,319,'carrier','vtiger_quotes',1,'15','carrier','Carrier',1,2,'',100,8,49,1,'V~O',3,NULL,'BAS',1,NULL,0),(20,320,'subtotal','vtiger_quotes',1,'72','hdnSubTotal','Sub Total',1,2,'',100,9,49,3,'N~O',3,NULL,'BAS',1,NULL,0),(20,321,'shipping','vtiger_quotes',1,'1','shipping','Shipping',1,1,'',100,10,49,1,'V~O',1,NULL,'BAS',1,NULL,0),(20,322,'inventorymanager','vtiger_quotes',1,'77','assigned_user_id1','Inventory Manager',1,2,'',100,11,49,1,'I~O',3,NULL,'BAS',1,NULL,0),(20,323,'adjustment','vtiger_quotes',1,'72','txtAdjustment','Adjustment',1,2,'',100,20,49,3,'NN~O',3,NULL,'BAS',1,NULL,0),(20,324,'total','vtiger_quotes',1,'72','hdnGrandTotal','Total',1,2,'',100,14,49,3,'N~O',3,NULL,'BAS',1,NULL,1),(20,325,'taxtype','vtiger_quotes',1,'16','hdnTaxType','Tax Type',1,2,'',100,14,49,3,'V~O',3,NULL,'BAS',1,NULL,0),(20,326,'discount_percent','vtiger_quotes',1,'1','hdnDiscountPercent','Discount Percent',1,2,'',100,14,49,3,'N~O',3,NULL,'BAS',1,NULL,0),(20,327,'discount_amount','vtiger_quotes',1,'72','hdnDiscountAmount','Discount Amount',1,2,'',100,14,49,3,'N~O',3,NULL,'BAS',1,NULL,0),(20,328,'s_h_amount','vtiger_quotes',1,'72','hdnS_H_Amount','S&H Amount',1,2,'',100,14,49,3,'N~O',3,NULL,'BAS',1,NULL,0),(20,329,'accountid','vtiger_quotes',1,'73','account_id','Account Name',1,2,'',100,16,49,1,'I~M',3,NULL,'BAS',1,NULL,1),(20,330,'smownerid','vtiger_crmentity',1,'53','assigned_user_id','Assigned To',1,0,'',100,17,49,1,'V~M',3,NULL,'BAS',1,NULL,1),(20,331,'createdtime','vtiger_crmentity',1,'70','createdtime','Created Time',1,0,'',100,18,49,2,'DT~O',3,NULL,'BAS',0,NULL,0),(20,332,'modifiedtime','vtiger_crmentity',1,'70','modifiedtime','Modified Time',1,0,'',100,19,49,2,'DT~O',3,NULL,'BAS',0,NULL,0),(20,333,'modifiedby','vtiger_crmentity',1,'52','modifiedby','Last Modified By',1,0,'',100,22,49,3,'V~O',3,NULL,'BAS',0,NULL,0),(20,334,'currency_id','vtiger_quotes',1,'117','currency_id','Currency',1,2,'1',100,20,49,3,'I~O',3,NULL,'BAS',1,NULL,0),(20,335,'conversion_rate','vtiger_quotes',1,'1','conversion_rate','Conversion Rate',1,2,'1',100,21,49,3,'N~O',3,NULL,'BAS',1,NULL,0),(20,336,'bill_street','vtiger_quotesbillads',1,'24','bill_street','Billing Address',1,2,'',100,1,51,1,'V~M',3,NULL,'BAS',1,NULL,0),(20,337,'ship_street','vtiger_quotesshipads',1,'24','ship_street','Shipping Address',1,2,'',100,2,51,1,'V~M',3,NULL,'BAS',1,NULL,0),(20,338,'bill_city','vtiger_quotesbillads',1,'1','bill_city','Billing City',1,2,'',100,5,51,1,'V~O',3,NULL,'BAS',1,NULL,0),(20,339,'ship_city','vtiger_quotesshipads',1,'1','ship_city','Shipping City',1,2,'',100,6,51,1,'V~O',3,NULL,'BAS',1,NULL,0),(20,340,'bill_state','vtiger_quotesbillads',1,'1','bill_state','Billing State',1,2,'',100,7,51,1,'V~O',3,NULL,'BAS',1,NULL,0),(20,341,'ship_state','vtiger_quotesshipads',1,'1','ship_state','Shipping State',1,2,'',100,8,51,1,'V~O',3,NULL,'BAS',1,NULL,0),(20,342,'bill_code','vtiger_quotesbillads',1,'1','bill_code','Billing Code',1,2,'',100,9,51,1,'V~O',3,NULL,'BAS',1,NULL,0),(20,343,'ship_code','vtiger_quotesshipads',1,'1','ship_code','Shipping Code',1,2,'',100,10,51,1,'V~O',3,NULL,'BAS',1,NULL,0),(20,344,'bill_country','vtiger_quotesbillads',1,'1','bill_country','Billing Country',1,2,'',100,11,51,1,'V~O',3,NULL,'BAS',1,NULL,0),(20,345,'ship_country','vtiger_quotesshipads',1,'1','ship_country','Shipping Country',1,2,'',100,12,51,1,'V~O',3,NULL,'BAS',1,NULL,0),(20,346,'bill_pobox','vtiger_quotesbillads',1,'1','bill_pobox','Billing Po Box',1,2,'',100,3,51,1,'V~O',3,NULL,'BAS',1,NULL,0),(20,347,'ship_pobox','vtiger_quotesshipads',1,'1','ship_pobox','Shipping Po Box',1,2,'',100,4,51,1,'V~O',3,NULL,'BAS',1,NULL,0),(20,348,'description','vtiger_crmentity',1,'19','description','Description',1,2,'',100,1,54,1,'V~O',3,NULL,'ADV',1,NULL,0),(20,349,'terms_conditions','vtiger_quotes',1,'19','terms_conditions','Terms & Conditions',1,2,'',100,1,53,1,'V~O',3,NULL,'ADV',1,NULL,0),(21,350,'purchaseorder_no','vtiger_purchaseorder',1,'4','purchaseorder_no','PurchaseOrder No',1,0,'',100,2,55,1,'V~O',3,NULL,'BAS',0,NULL,1),(21,351,'subject','vtiger_purchaseorder',1,'2','subject','Subject',1,0,'',100,1,55,1,'V~M',3,NULL,'BAS',1,NULL,1),(21,352,'vendorid','vtiger_purchaseorder',1,'81','vendor_id','Vendor Name',1,0,'',100,3,55,1,'I~M',3,NULL,'BAS',1,NULL,1),(21,353,'requisition_no','vtiger_purchaseorder',1,'1','requisition_no','Requisition No',1,2,'',100,4,55,1,'V~O',3,NULL,'BAS',1,NULL,0),(21,354,'tracking_no','vtiger_purchaseorder',1,'1','tracking_no','Tracking Number',1,2,'',100,5,55,1,'V~O',3,NULL,'BAS',1,NULL,1),(21,355,'contactid','vtiger_purchaseorder',1,'57','contact_id','Contact Name',1,2,'',100,6,55,1,'I~O',3,NULL,'BAS',1,NULL,0),(21,356,'duedate','vtiger_purchaseorder',1,'5','duedate','Due Date',1,2,'',100,7,55,1,'D~O',3,NULL,'BAS',1,NULL,0),(21,357,'carrier','vtiger_purchaseorder',1,'15','carrier','Carrier',1,2,'',100,8,55,1,'V~O',3,NULL,'BAS',1,NULL,0),(21,358,'adjustment','vtiger_purchaseorder',1,'72','txtAdjustment','Adjustment',1,2,'',100,10,55,3,'NN~O',3,NULL,'BAS',1,NULL,0),(21,359,'salescommission','vtiger_purchaseorder',1,'1','salescommission','Sales Commission',1,2,'',100,11,55,1,'N~O',3,NULL,'BAS',1,NULL,0),(21,360,'exciseduty','vtiger_purchaseorder',1,'1','exciseduty','Excise Duty',1,2,'',100,12,55,1,'N~O',3,NULL,'BAS',1,NULL,0),(21,361,'total','vtiger_purchaseorder',1,'72','hdnGrandTotal','Total',1,2,'',100,13,55,3,'N~O',3,NULL,'BAS',1,NULL,1),(21,362,'subtotal','vtiger_purchaseorder',1,'72','hdnSubTotal','Sub Total',1,2,'',100,14,55,3,'N~O',3,NULL,'BAS',1,NULL,0),(21,363,'taxtype','vtiger_purchaseorder',1,'16','hdnTaxType','Tax Type',1,2,'',100,14,55,3,'V~O',3,NULL,'BAS',1,NULL,0),(21,364,'discount_percent','vtiger_purchaseorder',1,'1','hdnDiscountPercent','Discount Percent',1,2,'',100,14,55,3,'N~O',3,NULL,'BAS',1,NULL,0),(21,365,'discount_amount','vtiger_purchaseorder',1,'72','hdnDiscountAmount','Discount Amount',1,0,'',100,14,55,3,'N~O',3,NULL,'BAS',1,NULL,0),(21,366,'s_h_amount','vtiger_purchaseorder',1,'72','hdnS_H_Amount','S&H Amount',1,2,'',100,14,55,3,'N~O',3,NULL,'BAS',1,NULL,0),(21,367,'postatus','vtiger_purchaseorder',1,'15','postatus','Status',1,2,'',100,15,55,1,'V~M',3,NULL,'BAS',1,NULL,0),(21,368,'smownerid','vtiger_crmentity',1,'53','assigned_user_id','Assigned To',1,0,'',100,16,55,1,'V~M',3,NULL,'BAS',1,NULL,1),(21,369,'createdtime','vtiger_crmentity',1,'70','createdtime','Created Time',1,0,'',100,17,55,2,'DT~O',3,NULL,'BAS',0,NULL,0),(21,370,'modifiedtime','vtiger_crmentity',1,'70','modifiedtime','Modified Time',1,0,'',100,18,55,2,'DT~O',3,NULL,'BAS',0,NULL,0),(21,371,'modifiedby','vtiger_crmentity',1,'52','modifiedby','Last Modified By',1,0,'',100,22,55,3,'V~O',3,NULL,'BAS',0,NULL,0),(21,372,'currency_id','vtiger_purchaseorder',1,'117','currency_id','Currency',1,2,'1',100,19,55,3,'I~O',3,NULL,'BAS',1,NULL,0),(21,373,'conversion_rate','vtiger_purchaseorder',1,'1','conversion_rate','Conversion Rate',1,2,'1',100,20,55,3,'N~O',3,NULL,'BAS',1,NULL,0),(21,374,'bill_street','vtiger_pobillads',1,'24','bill_street','Billing Address',1,2,'',100,1,57,1,'V~M',3,NULL,'BAS',1,NULL,0),(21,375,'ship_street','vtiger_poshipads',1,'24','ship_street','Shipping Address',1,2,'',100,2,57,1,'V~M',3,NULL,'BAS',1,NULL,0),(21,376,'bill_city','vtiger_pobillads',1,'1','bill_city','Billing City',1,2,'',100,5,57,1,'V~O',3,NULL,'BAS',1,NULL,0),(21,377,'ship_city','vtiger_poshipads',1,'1','ship_city','Shipping City',1,2,'',100,6,57,1,'V~O',3,NULL,'BAS',1,NULL,0),(21,378,'bill_state','vtiger_pobillads',1,'1','bill_state','Billing State',1,2,'',100,7,57,1,'V~O',3,NULL,'BAS',1,NULL,0),(21,379,'ship_state','vtiger_poshipads',1,'1','ship_state','Shipping State',1,2,'',100,8,57,1,'V~O',3,NULL,'BAS',1,NULL,0),(21,380,'bill_code','vtiger_pobillads',1,'1','bill_code','Billing Code',1,2,'',100,9,57,1,'V~O',3,NULL,'BAS',1,NULL,0),(21,381,'ship_code','vtiger_poshipads',1,'1','ship_code','Shipping Code',1,2,'',100,10,57,1,'V~O',3,NULL,'BAS',1,NULL,0),(21,382,'bill_country','vtiger_pobillads',1,'1','bill_country','Billing Country',1,2,'',100,11,57,1,'V~O',3,NULL,'BAS',1,NULL,0),(21,383,'ship_country','vtiger_poshipads',1,'1','ship_country','Shipping Country',1,2,'',100,12,57,1,'V~O',3,NULL,'BAS',1,NULL,0),(21,384,'bill_pobox','vtiger_pobillads',1,'1','bill_pobox','Billing Po Box',1,2,'',100,3,57,1,'V~O',3,NULL,'BAS',1,NULL,0),(21,385,'ship_pobox','vtiger_poshipads',1,'1','ship_pobox','Shipping Po Box',1,2,'',100,4,57,1,'V~O',3,NULL,'BAS',1,NULL,0),(21,386,'description','vtiger_crmentity',1,'19','description','Description',1,2,'',100,1,60,1,'V~O',3,NULL,'ADV',1,NULL,0),(21,387,'terms_conditions','vtiger_purchaseorder',1,'19','terms_conditions','Terms & Conditions',1,2,'',100,1,59,1,'V~O',3,NULL,'ADV',1,NULL,0),(22,388,'salesorder_no','vtiger_salesorder',1,'4','salesorder_no','SalesOrder No',1,0,'',100,4,61,1,'V~O',3,NULL,'BAS',0,NULL,1),(22,389,'subject','vtiger_salesorder',1,'2','subject','Subject',1,0,'',100,1,61,1,'V~M',3,NULL,'BAS',1,NULL,1),(22,390,'potentialid','vtiger_salesorder',1,'76','potential_id','Potential Name',1,2,'',100,2,61,1,'I~O',3,NULL,'BAS',1,NULL,0),(22,391,'customerno','vtiger_salesorder',1,'1','customerno','Customer No',1,2,'',100,3,61,1,'V~O',3,NULL,'BAS',1,NULL,0),(22,392,'quoteid','vtiger_salesorder',1,'78','quote_id','Quote Name',1,2,'',100,5,61,1,'I~O',3,NULL,'BAS',0,NULL,1),(22,393,'purchaseorder','vtiger_salesorder',1,'1','vtiger_purchaseorder','Purchase Order',1,2,'',100,5,61,1,'V~O',3,NULL,'BAS',1,NULL,0),(22,394,'contactid','vtiger_salesorder',1,'57','contact_id','Contact Name',1,2,'',100,6,61,1,'I~O',3,NULL,'BAS',1,NULL,0),(22,395,'duedate','vtiger_salesorder',1,'5','duedate','Due Date',1,2,'',100,8,61,1,'D~O',3,NULL,'BAS',1,NULL,0),(22,396,'carrier','vtiger_salesorder',1,'15','carrier','Carrier',1,2,'',100,9,61,1,'V~O',3,NULL,'BAS',1,NULL,0),(22,397,'pending','vtiger_salesorder',1,'1','pending','Pending',1,2,'',100,10,61,1,'V~O',3,NULL,'BAS',1,NULL,0),(22,398,'sostatus','vtiger_salesorder',1,'15','sostatus','Status',1,2,'',100,11,61,1,'V~M',3,NULL,'BAS',1,NULL,0),(22,399,'adjustment','vtiger_salesorder',1,'72','txtAdjustment','Adjustment',1,2,'',100,12,61,3,'NN~O',3,NULL,'BAS',1,NULL,0),(22,400,'salescommission','vtiger_salesorder',1,'1','salescommission','Sales Commission',1,2,'',100,13,61,1,'N~O',3,NULL,'BAS',1,NULL,0),(22,401,'exciseduty','vtiger_salesorder',1,'1','exciseduty','Excise Duty',1,2,'',100,13,61,1,'N~O',3,NULL,'BAS',1,NULL,0),(22,402,'total','vtiger_salesorder',1,'72','hdnGrandTotal','Total',1,2,'',100,14,61,3,'N~O',3,NULL,'BAS',1,NULL,1),(22,403,'subtotal','vtiger_salesorder',1,'72','hdnSubTotal','Sub Total',1,2,'',100,15,61,3,'N~O',3,NULL,'BAS',1,NULL,0),(22,404,'taxtype','vtiger_salesorder',1,'16','hdnTaxType','Tax Type',1,2,'',100,15,61,3,'V~O',3,NULL,'BAS',1,NULL,0),(22,405,'discount_percent','vtiger_salesorder',1,'1','hdnDiscountPercent','Discount Percent',1,2,'',100,15,61,3,'N~O',3,NULL,'BAS',1,NULL,0),(22,406,'discount_amount','vtiger_salesorder',1,'72','hdnDiscountAmount','Discount Amount',1,0,'',100,15,61,3,'N~O',3,NULL,'BAS',1,NULL,0),(22,407,'s_h_amount','vtiger_salesorder',1,'72','hdnS_H_Amount','S&H Amount',1,2,'',100,15,61,3,'N~O',3,NULL,'BAS',1,NULL,0),(22,408,'accountid','vtiger_salesorder',1,'73','account_id','Account Name',1,2,'',100,16,61,1,'I~M',3,NULL,'BAS',1,NULL,1),(22,409,'smownerid','vtiger_crmentity',1,'53','assigned_user_id','Assigned To',1,0,'',100,17,61,1,'V~M',3,NULL,'BAS',1,NULL,1),(22,410,'createdtime','vtiger_crmentity',1,'70','createdtime','Created Time',1,0,'',100,18,61,2,'DT~O',3,NULL,'BAS',0,NULL,0),(22,411,'modifiedtime','vtiger_crmentity',1,'70','modifiedtime','Modified Time',1,0,'',100,19,61,2,'DT~O',3,NULL,'BAS',0,NULL,0),(22,412,'modifiedby','vtiger_crmentity',1,'52','modifiedby','Last Modified By',1,0,'',100,22,61,3,'V~O',3,NULL,'BAS',0,NULL,0),(22,413,'currency_id','vtiger_salesorder',1,'117','currency_id','Currency',1,2,'1',100,20,61,3,'I~O',3,NULL,'BAS',1,NULL,0),(22,414,'conversion_rate','vtiger_salesorder',1,'1','conversion_rate','Conversion Rate',1,2,'1',100,21,61,3,'N~O',3,NULL,'BAS',1,NULL,0),(22,415,'bill_street','vtiger_sobillads',1,'24','bill_street','Billing Address',1,2,'',100,1,63,1,'V~M',3,NULL,'BAS',1,NULL,0),(22,416,'ship_street','vtiger_soshipads',1,'24','ship_street','Shipping Address',1,2,'',100,2,63,1,'V~M',3,NULL,'BAS',1,NULL,0),(22,417,'bill_city','vtiger_sobillads',1,'1','bill_city','Billing City',1,2,'',100,5,63,1,'V~O',3,NULL,'BAS',1,NULL,0),(22,418,'ship_city','vtiger_soshipads',1,'1','ship_city','Shipping City',1,2,'',100,6,63,1,'V~O',3,NULL,'BAS',1,NULL,0),(22,419,'bill_state','vtiger_sobillads',1,'1','bill_state','Billing State',1,2,'',100,7,63,1,'V~O',3,NULL,'BAS',1,NULL,0),(22,420,'ship_state','vtiger_soshipads',1,'1','ship_state','Shipping State',1,2,'',100,8,63,1,'V~O',3,NULL,'BAS',1,NULL,0),(22,421,'bill_code','vtiger_sobillads',1,'1','bill_code','Billing Code',1,2,'',100,9,63,1,'V~O',3,NULL,'BAS',1,NULL,0),(22,422,'ship_code','vtiger_soshipads',1,'1','ship_code','Shipping Code',1,2,'',100,10,63,1,'V~O',3,NULL,'BAS',1,NULL,0),(22,423,'bill_country','vtiger_sobillads',1,'1','bill_country','Billing Country',1,2,'',100,11,63,1,'V~O',3,NULL,'BAS',1,NULL,0),(22,424,'ship_country','vtiger_soshipads',1,'1','ship_country','Shipping Country',1,2,'',100,12,63,1,'V~O',3,NULL,'BAS',1,NULL,0),(22,425,'bill_pobox','vtiger_sobillads',1,'1','bill_pobox','Billing Po Box',1,2,'',100,3,63,1,'V~O',3,NULL,'BAS',1,NULL,0),(22,426,'ship_pobox','vtiger_soshipads',1,'1','ship_pobox','Shipping Po Box',1,2,'',100,4,63,1,'V~O',3,NULL,'BAS',1,NULL,0),(22,427,'description','vtiger_crmentity',1,'19','description','Description',1,2,'',100,1,66,1,'V~O',3,NULL,'ADV',1,NULL,0),(22,428,'terms_conditions','vtiger_salesorder',1,'19','terms_conditions','Terms & Conditions',1,2,'',100,1,65,1,'V~O',3,NULL,'ADV',1,NULL,0),(22,429,'enable_recurring','vtiger_salesorder',1,'56','enable_recurring','Enable Recurring',1,0,'',100,1,85,1,'C~O',3,NULL,'BAS',0,NULL,0),(22,430,'recurring_frequency','vtiger_invoice_recurring_info',1,'16','recurring_frequency','Frequency',1,0,'',100,2,85,1,'V~O',3,NULL,'BAS',0,NULL,0),(22,431,'start_period','vtiger_invoice_recurring_info',1,'5','start_period','Start Period',1,0,'',100,3,85,1,'D~O',3,NULL,'BAS',0,NULL,0),(22,432,'end_period','vtiger_invoice_recurring_info',1,'5','end_period','End Period',1,0,'',100,4,85,1,'D~O~OTH~G~start_period~Start Period',3,NULL,'BAS',0,NULL,0),(22,433,'payment_duration','vtiger_invoice_recurring_info',1,'16','payment_duration','Payment Duration',1,0,'',100,5,85,1,'V~O',3,NULL,'BAS',0,NULL,0),(22,434,'invoice_status','vtiger_invoice_recurring_info',1,'15','invoicestatus','Invoice Status',1,0,'',100,6,85,1,'V~M',3,NULL,'BAS',0,NULL,0),(23,435,'subject','vtiger_invoice',1,'2','subject','Subject',1,0,'',100,1,67,1,'V~M',3,NULL,'BAS',1,NULL,1),(23,436,'salesorderid','vtiger_invoice',1,'80','salesorder_id','Sales Order',1,2,'',100,2,67,1,'I~O',3,NULL,'BAS',0,NULL,1),(23,437,'customerno','vtiger_invoice',1,'1','customerno','Customer No',1,2,'',100,3,67,1,'V~O',3,NULL,'BAS',1,NULL,0),(23,438,'contactid','vtiger_invoice',1,'57','contact_id','Contact Name',1,2,'',100,4,67,1,'I~O',3,NULL,'BAS',1,NULL,0),(23,439,'invoicedate','vtiger_invoice',1,'5','invoicedate','Invoice Date',1,2,'',100,5,67,1,'D~O',3,NULL,'BAS',1,NULL,0),(23,440,'duedate','vtiger_invoice',1,'5','duedate','Due Date',1,2,'',100,6,67,1,'D~O',3,NULL,'BAS',1,NULL,0),(23,441,'purchaseorder','vtiger_invoice',1,'1','vtiger_purchaseorder','Purchase Order',1,2,'',100,8,67,1,'V~O',3,NULL,'BAS',1,NULL,0),(23,442,'adjustment','vtiger_invoice',1,'72','txtAdjustment','Adjustment',1,2,'',100,9,67,3,'NN~O',3,NULL,'BAS',1,NULL,0),(23,443,'salescommission','vtiger_invoice',1,'1','salescommission','Sales Commission',1,2,'',10,13,67,1,'N~O',3,NULL,'BAS',1,NULL,0),(23,444,'exciseduty','vtiger_invoice',1,'1','exciseduty','Excise Duty',1,2,'',100,11,67,1,'N~O',3,NULL,'BAS',1,NULL,0),(23,445,'subtotal','vtiger_invoice',1,'72','hdnSubTotal','Sub Total',1,2,'',100,12,67,3,'N~O',3,NULL,'BAS',1,NULL,0),(23,446,'total','vtiger_invoice',1,'72','hdnGrandTotal','Total',1,2,'',100,13,67,3,'N~O',3,NULL,'BAS',1,NULL,1),(23,447,'taxtype','vtiger_invoice',1,'16','hdnTaxType','Tax Type',1,2,'',100,13,67,3,'V~O',3,NULL,'BAS',1,NULL,0),(23,448,'discount_percent','vtiger_invoice',1,'1','hdnDiscountPercent','Discount Percent',1,2,'',100,13,67,3,'N~O',3,NULL,'BAS',1,NULL,0),(23,449,'discount_amount','vtiger_invoice',1,'72','hdnDiscountAmount','Discount Amount',1,2,'',100,13,67,3,'N~O',3,NULL,'BAS',1,NULL,0),(23,450,'s_h_amount','vtiger_invoice',1,'72','hdnS_H_Amount','S&H Amount',1,2,'',100,14,67,3,'N~O',3,NULL,'BAS',1,NULL,0),(23,451,'accountid','vtiger_invoice',1,'73','account_id','Account Name',1,2,'',100,14,67,1,'I~M',3,NULL,'BAS',1,NULL,0),(23,452,'invoicestatus','vtiger_invoice',1,'15','invoicestatus','Status',1,2,'',100,15,67,1,'V~O',3,NULL,'BAS',1,NULL,1),(23,453,'smownerid','vtiger_crmentity',1,'53','assigned_user_id','Assigned To',1,0,'',100,16,67,1,'V~M',3,NULL,'BAS',1,NULL,1),(23,454,'createdtime','vtiger_crmentity',1,'70','createdtime','Created Time',1,0,'',100,17,67,2,'DT~O',3,NULL,'BAS',0,NULL,0),(23,455,'modifiedtime','vtiger_crmentity',1,'70','modifiedtime','Modified Time',1,0,'',100,18,67,2,'DT~O',3,NULL,'BAS',0,NULL,0),(23,456,'modifiedby','vtiger_crmentity',1,'52','modifiedby','Last Modified By',1,0,'',100,22,67,3,'V~O',3,NULL,'BAS',0,NULL,0),(23,457,'currency_id','vtiger_invoice',1,'117','currency_id','Currency',1,2,'1',100,19,67,3,'I~O',3,NULL,'BAS',1,NULL,0),(23,458,'conversion_rate','vtiger_invoice',1,'1','conversion_rate','Conversion Rate',1,2,'1',100,20,67,3,'N~O',3,NULL,'BAS',1,NULL,0),(23,459,'bill_street','vtiger_invoicebillads',1,'24','bill_street','Billing Address',1,2,'',100,1,69,1,'V~M',3,NULL,'BAS',1,NULL,0),(23,460,'ship_street','vtiger_invoiceshipads',1,'24','ship_street','Shipping Address',1,2,'',100,2,69,1,'V~M',3,NULL,'BAS',1,NULL,0),(23,461,'bill_city','vtiger_invoicebillads',1,'1','bill_city','Billing City',1,2,'',100,5,69,1,'V~O',3,NULL,'BAS',1,NULL,0),(23,462,'ship_city','vtiger_invoiceshipads',1,'1','ship_city','Shipping City',1,2,'',100,6,69,1,'V~O',3,NULL,'BAS',1,NULL,0),(23,463,'bill_state','vtiger_invoicebillads',1,'1','bill_state','Billing State',1,2,'',100,7,69,1,'V~O',3,NULL,'BAS',1,NULL,0),(23,464,'ship_state','vtiger_invoiceshipads',1,'1','ship_state','Shipping State',1,2,'',100,8,69,1,'V~O',3,NULL,'BAS',1,NULL,0),(23,465,'bill_code','vtiger_invoicebillads',1,'1','bill_code','Billing Code',1,2,'',100,9,69,1,'V~O',3,NULL,'BAS',1,NULL,0),(23,466,'ship_code','vtiger_invoiceshipads',1,'1','ship_code','Shipping Code',1,2,'',100,10,69,1,'V~O',3,NULL,'BAS',1,NULL,0),(23,467,'bill_country','vtiger_invoicebillads',1,'1','bill_country','Billing Country',1,2,'',100,11,69,1,'V~O',3,NULL,'BAS',1,NULL,0),(23,468,'ship_country','vtiger_invoiceshipads',1,'1','ship_country','Shipping Country',1,2,'',100,12,69,1,'V~O',3,NULL,'BAS',1,NULL,0),(23,469,'bill_pobox','vtiger_invoicebillads',1,'1','bill_pobox','Billing Po Box',1,2,'',100,3,69,1,'V~O',3,NULL,'BAS',1,NULL,0),(23,470,'ship_pobox','vtiger_invoiceshipads',1,'1','ship_pobox','Shipping Po Box',1,2,'',100,4,69,1,'V~O',3,NULL,'BAS',1,NULL,0),(23,471,'description','vtiger_crmentity',1,'19','description','Description',1,2,'',100,1,72,1,'V~O',3,NULL,'ADV',1,NULL,0),(23,472,'terms_conditions','vtiger_invoice',1,'19','terms_conditions','Terms & Conditions',1,2,'',100,1,71,1,'V~O',3,NULL,'ADV',1,NULL,0),(23,473,'invoice_no','vtiger_invoice',1,'4','invoice_no','Invoice No',1,0,'',100,3,67,1,'V~O',3,NULL,'BAS',0,NULL,1),(29,474,'user_name','vtiger_users',1,'106','user_name','User Name',1,0,'',11,1,77,1,'V~M',1,NULL,'BAS',1,NULL,0),(29,475,'is_admin','vtiger_users',1,'156','is_admin','Admin',1,0,'',3,7,77,1,'V~O',1,NULL,'BAS',1,NULL,0),(29,476,'user_password','vtiger_users',1,'99','user_password','Password',1,0,'',30,5,77,4,'P~M',1,NULL,'BAS',1,NULL,0),(29,477,'confirm_password','vtiger_users',1,'99','confirm_password','Confirm Password',1,0,'',30,6,77,4,'P~M',1,NULL,'BAS',1,NULL,0),(29,478,'first_name','vtiger_users',1,'1','first_name','First Name',1,0,'',30,3,77,1,'V~O',1,NULL,'BAS',1,NULL,0),(29,479,'last_name','vtiger_users',1,'2','last_name','Last Name',1,0,'',30,4,77,1,'V~M',1,NULL,'BAS',1,NULL,0),(29,480,'roleid','vtiger_user2role',1,'98','roleid','Role',1,0,'',200,8,77,1,'V~M',1,NULL,'BAS',1,NULL,0),(29,481,'email1','vtiger_users',1,'104','email1','Email',1,0,'',100,2,77,1,'E~M',1,NULL,'BAS',1,NULL,0),(29,482,'status','vtiger_users',1,'115','status','Status',1,0,'Active',100,10,77,1,'V~O',1,NULL,'BAS',1,NULL,0),(29,483,'activity_view','vtiger_users',1,'16','activity_view','Default Activity View',1,0,'',100,6,118,1,'V~O',1,NULL,'BAS',1,NULL,0),(29,484,'lead_view','vtiger_users',1,'16','lead_view','Default Lead View',1,0,'',100,9,77,1,'V~O',1,NULL,'BAS',1,NULL,0),(29,485,'hour_format','vtiger_users',1,'16','hour_format','Calendar Hour Format',1,0,'12',100,4,118,1,'V~O',1,NULL,'BAS',1,NULL,0),(29,486,'end_hour','vtiger_users',1,'116','end_hour','Day ends at',1,0,'',100,11,77,3,'V~O',1,NULL,'BAS',1,NULL,0),(29,487,'start_hour','vtiger_users',1,'16','start_hour','Day starts at',1,0,'',100,2,118,1,'V~O',1,NULL,'BAS',1,NULL,0),(29,488,'title','vtiger_users',1,'1','title','Title',1,0,'',50,1,79,1,'V~O',1,NULL,'BAS',1,NULL,0),(29,489,'phone_work','vtiger_users',1,'11','phone_work','Office Phone',1,0,'',50,5,79,1,'V~O',1,NULL,'BAS',1,NULL,0),(29,490,'department','vtiger_users',1,'1','department','Department',1,0,'',50,3,79,1,'V~O',1,NULL,'BAS',1,NULL,0),(29,491,'phone_mobile','vtiger_users',1,'11','phone_mobile','Mobile',1,0,'',50,7,79,1,'V~O',1,NULL,'BAS',1,NULL,0),(29,492,'reports_to_id','vtiger_users',1,'101','reports_to_id','Reports To',1,0,'',50,8,79,1,'V~O',1,NULL,'BAS',1,NULL,0),(29,493,'phone_other','vtiger_users',1,'11','phone_other','Other Phone',1,0,'',50,11,79,1,'V~O',1,NULL,'BAS',1,NULL,0),(29,494,'email2','vtiger_users',1,'13','email2','Other Email',1,0,'',100,4,79,1,'E~O',1,NULL,'BAS',1,NULL,0),(29,495,'phone_fax','vtiger_users',1,'11','phone_fax','Fax',1,0,'',50,2,79,1,'V~O',1,NULL,'BAS',1,NULL,0),(29,496,'secondaryemail','vtiger_users',1,'13','secondaryemail','Secondary Email',1,0,'',100,6,79,1,'E~O',1,NULL,'BAS',1,NULL,0),(29,497,'phone_home','vtiger_users',1,'11','phone_home','Home Phone',1,0,'',50,9,79,1,'V~O',1,NULL,'BAS',1,NULL,0),(29,498,'date_format','vtiger_users',1,'16','date_format','Date Format',1,0,'',30,3,118,1,'V~O',1,NULL,'BAS',1,NULL,0),(29,499,'signature','vtiger_users',1,'21','signature','Signature',1,0,'',250,13,79,1,'V~O',1,NULL,'BAS',1,NULL,0),(29,500,'description','vtiger_users',1,'21','description','Documents',1,0,'',250,14,79,1,'V~O',1,NULL,'BAS',1,NULL,0),(29,501,'address_street','vtiger_users',1,'21','address_street','Street Address',1,0,'',250,1,80,1,'V~O',1,NULL,'BAS',1,NULL,0),(29,502,'address_city','vtiger_users',1,'1','address_city','City',1,0,'',100,3,80,1,'V~O',1,NULL,'BAS',1,NULL,0),(29,503,'address_state','vtiger_users',1,'1','address_state','State',1,0,'',100,5,80,1,'V~O',1,NULL,'BAS',1,NULL,0),(29,504,'address_postalcode','vtiger_users',1,'1','address_postalcode','Postal Code',1,0,'',100,4,80,1,'V~O',1,NULL,'BAS',1,NULL,0),(29,505,'address_country','vtiger_users',1,'1','address_country','Country',1,0,'',100,2,80,1,'V~O',1,NULL,'BAS',1,NULL,0),(29,506,'accesskey','vtiger_users',1,'3','accesskey','Webservice Access Key',1,0,'',100,2,83,2,'V~O',1,NULL,'BAS',1,NULL,0),(29,507,'time_zone','vtiger_users',1,'16','time_zone','Time Zone',1,0,'',200,5,118,1,'V~O',1,NULL,'BAS',1,NULL,0),(29,508,'currency_id','vtiger_users',1,'117','currency_id','Currency',1,0,'',100,1,78,1,'I~O',1,NULL,'BAS',1,NULL,0),(29,509,'currency_grouping_pattern','vtiger_users',1,'16','currency_grouping_pattern','Digit Grouping Pattern',1,0,'',100,2,78,1,'V~O',1,NULL,'BAS',1,'<b>Currency - Digit Grouping Pattern</b> <br/><br/>This pattern specifies the format in which the currency separator will be placed.',0),(29,510,'currency_decimal_separator','vtiger_users',1,'16','currency_decimal_separator','Decimal Separator',1,0,'',2,3,78,1,'V~O',1,NULL,'BAS',1,'<b>Currency - Decimal Separator</b> <br/><br/>Decimal separator specifies the separator to be used to separate the fractional values from the whole number part. <br/><b>Eg:</b> <br/>. => 123.45 <br/>, => 123,45 <br/>\' => 123\'45 <br/>  => 123 45 <br/>$ => 123$45 <br/>',0),(29,511,'currency_grouping_separator','vtiger_users',1,'16','currency_grouping_separator','Digit Grouping Separator',1,0,'',2,4,78,1,'V~O',1,NULL,'BAS',1,'<b>Currency - Grouping Separator</b> <br/><br/>Grouping separator specifies the separator to be used to group the whole number part into hundreds, thousands etc. <br/><b>Eg:</b> <br/>. => 123.456.789 <br/>, => 123,456,789 <br/>\' => 123\'456\'789 <br/>  => 123 456 789 <br/>$ => 123$456$789 <br/>',0),(29,512,'currency_symbol_placement','vtiger_users',1,'16','currency_symbol_placement','Symbol Placement',1,0,'',20,5,78,1,'V~O',1,NULL,'BAS',1,'<b>Currency - Symbol Placement</b> <br/><br/>Symbol Placement allows you to configure the position of the currency symbol with respect to the currency value.<br/><b>Eg:</b> <br/>$1.0 => $123,456,789.50 <br/>1.0$ => 123,456,789.50$ <br/>',0),(29,513,'imagename','vtiger_users',1,'105','imagename','User Image',1,0,'',250,10,82,1,'V~O',1,NULL,'BAS',1,NULL,0),(29,514,'internal_mailer','vtiger_users',1,'56','internal_mailer','INTERNAL_MAIL_COMPOSER',1,0,'',50,15,79,1,'V~O',1,NULL,'BAS',1,NULL,0),(29,515,'theme','vtiger_users',1,'31','theme','Theme',1,0,'softed',100,16,79,1,'V~O',1,NULL,'BAS',1,NULL,0),(29,516,'language','vtiger_users',1,'32','language','Language',1,0,'',100,17,79,1,'V~O',1,NULL,'BAS',1,NULL,0),(29,517,'reminder_interval','vtiger_users',1,'16','reminder_interval','Reminder Interval',1,0,'',100,11,118,1,'V~O',1,NULL,'BAS',1,NULL,0),(10,518,'from_email','vtiger_emaildetails',1,'12','from_email','From',1,2,'',100,1,21,3,'V~M',3,NULL,'BAS',0,NULL,0),(10,519,'to_email','vtiger_emaildetails',1,'8','saved_toid','To',1,2,'',100,2,21,1,'V~M',3,NULL,'BAS',0,NULL,0),(10,520,'cc_email','vtiger_emaildetails',1,'8','ccmail','CC',1,2,'',1000,3,21,1,'V~O',3,NULL,'BAS',0,NULL,0),(10,521,'bcc_email','vtiger_emaildetails',1,'8','bccmail','BCC',1,2,'',1000,4,21,1,'V~O',3,NULL,'BAS',0,NULL,0),(10,522,'idlists','vtiger_emaildetails',1,'357','parent_id','Parent ID',1,2,'',1000,5,21,1,'V~O',3,NULL,'BAS',0,NULL,0),(10,523,'email_flag','vtiger_emaildetails',1,'16','email_flag','Email Flag',1,2,'',1000,6,21,3,'V~O',3,NULL,'BAS',0,NULL,0),(34,524,'direction','vtiger_pbxmanager',1,'1','direction','Direction',1,2,'',100,1,88,1,'V~O',1,NULL,'BAS',1,'',0),(34,525,'callstatus','vtiger_pbxmanager',1,'1','callstatus','Call Status',1,2,'',100,2,88,1,'V~O',1,NULL,'BAS',1,'',1),(34,526,'starttime','vtiger_pbxmanager',1,'70','starttime','Start Time',1,2,'',100,7,88,1,'DT~O',1,NULL,'BAS',1,'',1),(34,527,'endtime','vtiger_pbxmanager',1,'70','endtime','End Time',1,2,'',100,8,88,1,'DT~O',1,NULL,'BAS',1,'',0),(34,528,'totalduration','vtiger_pbxmanager',1,'7','totalduration','Total Duration',1,2,'',100,10,88,1,'I~O',1,NULL,'BAS',1,'',0),(34,529,'billduration','vtiger_pbxmanager',1,'7','billduration','Bill Duration',1,2,'',100,11,88,1,'I~O',1,NULL,'BAS',1,'',0),(34,530,'recordingurl','vtiger_pbxmanager',1,'17','recordingurl','Recording URL',1,2,'',100,9,88,1,'V~O',1,NULL,'BAS',1,'',1),(34,531,'sourceuuid','vtiger_pbxmanager',1,'1','sourceuuid','Source UUID',1,2,'',100,12,88,1,'V~O',1,NULL,'BAS',1,'',0),(34,532,'gateway','vtiger_pbxmanager',1,'1','gateway','Gateway',1,2,'',100,13,88,1,'V~O',1,NULL,'BAS',1,'',0),(34,533,'customer','vtiger_pbxmanager',1,'10','customer','Customer',1,2,'',100,3,88,1,'V~O',1,NULL,'BAS',1,'',1),(34,534,'user','vtiger_pbxmanager',1,'52','user','User',1,2,'',100,4,88,1,'V~O',1,NULL,'BAS',1,'',1),(34,535,'customernumber','vtiger_pbxmanager',1,'11','customernumber','Customer Number',1,2,'',100,5,88,1,'V~M',1,NULL,'BAS',1,'',0),(34,536,'customertype','vtiger_pbxmanager',1,'1','customertype','Customer Type',1,2,'',100,6,88,1,'V~O',1,NULL,'BAS',1,'',0),(34,537,'smownerid','vtiger_crmentity',1,'53','assigned_user_id','Assigned To',1,2,'',100,14,88,1,'V~M',1,NULL,'BAS',1,'',0),(34,538,'createdtime','vtiger_crmentity',1,'70','CreatedTime','Created Time',1,2,'',100,15,88,2,'DT~O',1,NULL,'BAS',1,'',0),(34,539,'modifiedtime','vtiger_crmentity',1,'70','ModifiedTime','Modified Time',1,2,'',100,16,88,2,'DT~O',1,NULL,'BAS',1,'',0),(29,540,'phone_crm_extension','vtiger_users',1,'11','phone_crm_extension','CRM Phone Extension',1,2,'',100,18,79,1,'V~O',1,NULL,'BAS',1,'',0),(35,541,'smownerid','vtiger_crmentity',1,'53','assigned_user_id','Assigned To',1,2,'',100,4,89,1,'V~M',2,2,'BAS',1,'',1),(35,542,'createdtime','vtiger_crmentity',1,'70','createdtime','Created Time',1,0,'',100,17,89,2,'DT~O',3,0,'BAS',0,'',0),(35,543,'modifiedtime','vtiger_crmentity',1,'70','modifiedtime','Modified Time',1,0,'',100,18,89,2,'DT~O',3,0,'BAS',0,'',0),(35,544,'start_date','vtiger_servicecontracts',1,'5','start_date','Start Date',1,2,'',100,7,89,1,'D~O',2,4,'BAS',1,'',0),(35,545,'end_date','vtiger_servicecontracts',1,'5','end_date','End Date',1,2,'',100,11,89,2,'D~O',3,0,'BAS',0,'',0),(35,546,'sc_related_to','vtiger_servicecontracts',1,'10','sc_related_to','Related to',1,2,'',100,3,89,1,'V~O',2,6,'BAS',1,'',0),(35,547,'tracking_unit','vtiger_servicecontracts',1,'15','tracking_unit','Tracking Unit',1,2,'',100,6,89,1,'V~O',2,7,'BAS',1,'',0),(35,548,'total_units','vtiger_servicecontracts',1,'7','total_units','Total Units',1,2,'',100,8,89,1,'V~O',2,8,'BAS',1,'',1),(35,549,'used_units','vtiger_servicecontracts',1,'7','used_units','Used Units',1,2,'',100,10,89,1,'V~O',2,9,'BAS',1,'',1),(35,550,'subject','vtiger_servicecontracts',1,'1','subject','Subject',1,0,'',100,1,89,1,'V~M',0,1,'BAS',1,'',1),(35,551,'due_date','vtiger_servicecontracts',1,'23','due_date','Due date',1,2,'',100,9,89,1,'D~O',2,5,'BAS',1,'',0),(35,552,'planned_duration','vtiger_servicecontracts',1,'1','planned_duration','Planned Duration',1,2,'',100,13,89,2,'V~O',3,0,'BAS',0,'',0),(35,553,'actual_duration','vtiger_servicecontracts',1,'1','actual_duration','Actual Duration',1,2,'',100,15,89,2,'V~O',3,0,'BAS',0,'',0),(35,554,'contract_status','vtiger_servicecontracts',1,'15','contract_status','Status',1,2,'',100,12,89,1,'V~O',1,NULL,'BAS',1,'',0),(35,555,'priority','vtiger_servicecontracts',1,'15','contract_priority','Priority',1,2,'',100,14,89,1,'V~O',1,NULL,'BAS',1,'',0),(35,556,'contract_type','vtiger_servicecontracts',1,'15','contract_type','Type',1,2,'',100,5,89,1,'V~O',1,NULL,'BAS',1,'',0),(35,557,'progress','vtiger_servicecontracts',1,'9','progress','Progress',1,2,'',100,16,89,2,'N~O~2~2',3,3,'BAS',0,'',0),(35,558,'contract_no','vtiger_servicecontracts',1,'4','contract_no','Contract No',1,0,'',100,2,89,1,'V~O',3,0,'BAS',0,'',1),(35,559,'modifiedby','vtiger_crmentity',1,'52','modifiedby','Last Modified By',1,0,'',100,17,89,3,'V~O',3,0,'BAS',0,'',0),(36,560,'servicename','vtiger_service',1,'2','servicename','Service Name',1,0,'',100,1,91,1,'V~M',0,1,'BAS',1,'',1),(36,561,'service_no','vtiger_service',1,'4','service_no','Service No',1,0,'',100,2,91,1,'V~O',3,0,'BAS',0,'',1),(36,562,'discontinued','vtiger_service',1,'56','discontinued','Service Active',1,2,'',100,4,91,1,'V~O',2,3,'BAS',1,'',0),(36,563,'sales_start_date','vtiger_service',1,'5','sales_start_date','Sales Start Date',1,2,'',100,9,91,1,'D~O',1,NULL,'BAS',1,'',0),(36,564,'sales_end_date','vtiger_service',1,'5','sales_end_date','Sales End Date',1,2,'',100,10,91,1,'D~O~OTH~GE~sales_start_date~Sales Start Date',1,NULL,'BAS',1,'',0),(36,565,'start_date','vtiger_service',1,'5','start_date','Support Start Date',1,2,'',100,11,91,1,'D~O',1,NULL,'BAS',1,'',0),(36,566,'expiry_date','vtiger_service',1,'5','expiry_date','Support Expiry Date',1,2,'',100,12,91,1,'D~O~OTH~GE~start_date~Start Date',1,NULL,'BAS',1,'',0),(36,567,'website','vtiger_service',1,'17','website','Website',1,2,'',100,6,91,1,'V~O',1,NULL,'BAS',1,'',0),(36,568,'createdtime','vtiger_crmentity',1,'70','createdtime','Created Time',1,0,'',100,13,91,2,'DT~O',3,0,'BAS',0,'',0),(36,569,'modifiedtime','vtiger_crmentity',1,'70','modifiedtime','Modified Time',1,0,'',100,14,91,2,'DT~O',3,0,'BAS',0,'',0),(36,570,'modifiedby','vtiger_crmentity',1,'52','modifiedby','Last Modified By',1,0,'',100,16,91,3,'V~O',3,0,'BAS',0,'',0),(36,571,'service_usageunit','vtiger_service',1,'15','service_usageunit','Usage Unit',1,2,'',100,3,91,1,'V~O',1,NULL,'BAS',1,'',0),(36,572,'qty_per_unit','vtiger_service',1,'1','qty_per_unit','No of Units',1,2,'',100,5,91,1,'N~O',1,NULL,'BAS',1,'',1),(36,573,'smownerid','vtiger_crmentity',1,'53','assigned_user_id','Owner',1,0,'',100,8,91,1,'I~O',1,NULL,'BAS',1,'',0),(36,574,'servicecategory','vtiger_service',1,'15','servicecategory','Service Category',1,2,'',100,7,91,1,'V~O',1,NULL,'BAS',1,'',0),(36,575,'unit_price','vtiger_service',1,'72','unit_price','Price',1,0,'',100,1,92,1,'N~O',2,2,'BAS',0,'',1),(36,576,'taxclass','vtiger_service',1,'83','taxclass','Tax Class',1,2,'',100,4,92,1,'V~O',1,NULL,'BAS',1,'',0),(36,577,'commissionrate','vtiger_service',1,'9','commissionrate','Commission Rate',1,2,'',100,2,92,1,'N~O',1,NULL,'BAS',1,'',1),(36,578,'description','vtiger_crmentity',1,'19','description','Description',1,2,'',100,1,94,1,'V~O',1,NULL,'BAS',1,'',0),(38,579,'asset_no','vtiger_assets',1,'4','asset_no','Asset No',1,0,'',100,2,95,1,'V~O',3,0,'BAS',0,'\n                    ',1),(38,580,'product','vtiger_assets',1,'10','product','Product Name',1,2,'',100,3,95,1,'V~M',0,3,'BAS',1,'\n                    ',1),(38,581,'serialnumber','vtiger_assets',1,'2','serialnumber','Serial Number',1,2,'',100,4,95,1,'V~M',0,5,'BAS',1,'\n                    ',0),(38,582,'datesold','vtiger_assets',1,'5','datesold','Date Sold',1,2,'',100,5,95,1,'D~M~OTH~GE~datesold~Date Sold',0,0,'BAS',1,'\n                    ',0),(38,583,'dateinservice','vtiger_assets',1,'5','dateinservice','Date in Service',1,2,'',100,6,95,1,'D~M~OTH~GE~dateinservice~Date in Service',0,4,'BAS',1,'\n                    ',0),(38,584,'assetstatus','vtiger_assets',1,'15','assetstatus','Status',1,2,'',100,7,95,1,'V~M',0,0,'BAS',1,'\n                    ',0),(38,585,'tagnumber','vtiger_assets',1,'2','tagnumber','Tag Number',1,2,'',100,8,95,1,'V~O',1,NULL,'BAS',1,'\n                    ',0),(38,586,'invoiceid','vtiger_assets',1,'10','invoiceid','Invoice Name',1,2,'',100,9,95,1,'V~O',1,NULL,'BAS',1,'\n                    ',0),(38,587,'shippingmethod','vtiger_assets',1,'2','shippingmethod','Shipping Method',1,2,'',100,10,95,1,'V~O',1,NULL,'BAS',1,'\n                    ',0),(38,588,'shippingtrackingnumber','vtiger_assets',1,'2','shippingtrackingnumber','Shipping Tracking Number',1,2,'',100,11,95,1,'V~O',1,NULL,'BAS',1,'\n                    ',0),(38,589,'smownerid','vtiger_crmentity',1,'53','assigned_user_id','Assigned To',1,2,'',100,4,95,1,'V~M',0,2,'BAS',1,'\n                    ',0),(38,590,'assetname','vtiger_assets',1,'1','assetname','Asset Name',1,0,'',100,12,95,1,'V~M',0,6,'BAS',1,'\n                    ',1),(38,591,'account','vtiger_assets',1,'10','account','Customer Name',1,2,'',100,13,95,1,'V~M',0,0,'BAS',1,'\n                    ',1),(38,592,'contact','vtiger_assets',1,'10','contact','Contact Name',1,2,'',100,14,95,1,'V~O',0,0,'BAS',1,'\n                    ',0),(38,593,'createdtime','vtiger_crmentity',1,'70','createdtime','Created Time',1,0,'',100,14,95,2,'DT~O',3,0,'BAS',0,'\n                    ',0),(38,594,'modifiedtime','vtiger_crmentity',1,'70','modifiedtime','Modified Time',1,0,'',100,15,95,2,'DT~O',3,0,'BAS',0,'\n                    ',0),(38,595,'modifiedby','vtiger_crmentity',1,'52','modifiedby','Last Modified By',1,0,'',100,16,95,3,'V~O',3,0,'BAS',0,'\n                    ',0),(38,596,'description','vtiger_crmentity',1,'19','description','Notes',1,2,'',100,1,97,1,'V~O',1,NULL,'BAS',1,'\n                    ',0),(42,597,'commentcontent','vtiger_modcomments',1,'19','commentcontent','Comment',1,0,'',100,4,98,1,'V~M',0,4,'BAS',2,'',1),(42,598,'smownerid','vtiger_crmentity',1,'53','assigned_user_id','Assigned To',1,0,'',100,1,99,1,'V~M',0,1,'BAS',2,'',1),(42,599,'createdtime','vtiger_crmentity',1,'70','createdtime','Created Time',1,0,'',100,5,99,2,'DT~O',0,2,'BAS',0,'',0),(42,600,'modifiedtime','vtiger_crmentity',1,'70','modifiedtime','Modified Time',1,0,'',100,6,99,2,'DT~O',0,3,'BAS',0,'',0),(42,601,'related_to','vtiger_modcomments',1,'10','related_to','Related To',1,2,'',100,2,99,1,'V~M',2,5,'BAS',2,'',0),(42,602,'smcreatorid','vtiger_crmentity',1,'52','creator','Creator',1,2,'',100,4,99,2,'V~O',1,NULL,'BAS',1,'',0),(42,603,'parent_comments','vtiger_modcomments',1,'10','parent_comments','Related To Comments',1,2,'',100,7,99,1,'V~O',1,NULL,'BAS',1,'',0),(43,604,'projectmilestonename','vtiger_projectmilestone',1,'2','projectmilestonename','Project Milestone Name',1,2,'',100,1,101,1,'V~M',0,1,'BAS',1,'',1),(43,605,'projectmilestonedate','vtiger_projectmilestone',1,'5','projectmilestonedate','Milestone Date',1,2,'',100,5,101,1,'D~O',0,3,'BAS',1,'',1),(43,606,'projectid','vtiger_projectmilestone',1,'10','projectid','Related to',1,0,'',100,4,101,1,'V~M',0,4,'BAS',1,'',0),(43,607,'projectmilestonetype','vtiger_projectmilestone',1,'15','projectmilestonetype','Type',1,2,'',100,7,101,1,'V~O',1,NULL,'BAS',1,'',1),(43,608,'smownerid','vtiger_crmentity',1,'53','assigned_user_id','Assigned To',1,2,'',100,6,101,1,'V~M',0,2,'BAS',1,'',0),(43,609,'projectmilestone_no','vtiger_projectmilestone',2,'4','projectmilestone_no','Project Milestone No',1,0,'',100,2,101,1,'V~O',3,4,'BAS',0,'',0),(43,610,'createdtime','vtiger_crmentity',1,'70','createdtime','Created Time',1,2,'',100,1,102,2,'T~O',1,NULL,'BAS',1,'',0),(43,611,'modifiedtime','vtiger_crmentity',1,'70','modifiedtime','Modified Time',1,2,'',100,2,102,2,'T~O',1,NULL,'BAS',1,'',0),(43,612,'modifiedby','vtiger_crmentity',1,'52','modifiedby','Last Modified By',1,0,'',100,3,102,3,'V~O',3,0,'BAS',0,'',0),(43,613,'description','vtiger_crmentity',1,'19','description','description',1,2,'',100,1,103,1,'V~O',1,NULL,'BAS',1,'',0),(44,614,'projecttaskname','vtiger_projecttask',1,'2','projecttaskname','Project Task Name',1,2,'',100,1,104,1,'V~M',0,1,'BAS',1,'',1),(44,615,'projecttasktype','vtiger_projecttask',1,'15','projecttasktype','Type',1,2,'',100,4,104,1,'V~O',1,NULL,'BAS',1,'',1),(44,616,'projecttaskpriority','vtiger_projecttask',1,'15','projecttaskpriority','Priority',1,2,'',100,3,104,1,'V~O',1,NULL,'BAS',1,'',0),(44,617,'projectid','vtiger_projecttask',1,'10','projectid','Related to',1,0,'',100,6,104,1,'V~M',0,5,'BAS',1,'',0),(44,618,'smownerid','vtiger_crmentity',1,'53','assigned_user_id','Assigned To',1,2,'',100,7,104,1,'V~M',0,2,'BAS',1,'',1),(44,619,'projecttasknumber','vtiger_projecttask',1,'7','projecttasknumber','Project Task Number',1,2,'',100,5,104,1,'I~O',1,NULL,'BAS',1,'',0),(44,620,'projecttask_no','vtiger_projecttask',2,'4','projecttask_no','Project Task No',1,0,'',100,2,104,1,'V~O',3,4,'BAS',0,'',0),(44,621,'projecttaskprogress','vtiger_projecttask',1,'15','projecttaskprogress','Progress',1,2,'',100,1,105,1,'V~O',1,NULL,'BAS',1,'',1),(44,622,'projecttaskhours','vtiger_projecttask',1,'7','projecttaskhours','Worked Hours',1,2,'',100,2,105,1,'V~O',1,NULL,'BAS',1,'',0),(44,623,'startdate','vtiger_projecttask',1,'5','startdate','Start Date',1,2,'',100,3,105,1,'D~O',0,3,'BAS',1,'',1),(44,624,'enddate','vtiger_projecttask',1,'5','enddate','End Date',1,2,'',100,4,105,1,'D~O~OTH~GE~startdate~Start Date',1,NULL,'BAS',1,'',1),(44,625,'createdtime','vtiger_crmentity',1,'70','createdtime','Created Time',1,2,'',100,5,105,2,'T~O',1,NULL,'BAS',1,'',0),(44,626,'modifiedtime','vtiger_crmentity',1,'70','modifiedtime','Modified Time',1,2,'',100,6,105,2,'T~O',1,NULL,'BAS',1,'',0),(44,627,'modifiedby','vtiger_crmentity',1,'52','modifiedby','Last Modified By',1,0,'',100,7,105,3,'V~O',3,0,'BAS',0,'',0),(44,628,'description','vtiger_crmentity',1,'19','description','description',1,2,'',100,1,106,1,'V~O',1,NULL,'BAS',1,'',0),(45,629,'projectname','vtiger_project',1,'2','projectname','Project Name',1,2,'',100,1,107,1,'V~M',0,1,'BAS',1,'',1),(45,630,'startdate','vtiger_project',1,'23','startdate','Start Date',1,2,'',100,3,107,1,'D~O',0,3,'BAS',1,'',1),(45,631,'targetenddate','vtiger_project',1,'23','targetenddate','Target End Date',1,2,'',100,5,107,1,'D~O~OTH~GE~startdate~Start Date',0,4,'BAS',1,'',1),(45,632,'actualenddate','vtiger_project',1,'23','actualenddate','Actual End Date',1,2,'',100,6,107,1,'D~O~OTH~GE~startdate~Start Date',1,NULL,'BAS',1,'',0),(45,633,'projectstatus','vtiger_project',1,'15','projectstatus','Status',1,2,'',100,7,107,1,'V~O',1,NULL,'BAS',1,'',1),(45,634,'projecttype','vtiger_project',1,'15','projecttype','Type',1,2,'',100,8,107,1,'V~O',1,NULL,'BAS',1,'',1),(45,635,'linktoaccountscontacts','vtiger_project',1,'10','linktoaccountscontacts','Related to',1,2,'',100,9,107,1,'V~O',1,NULL,'BAS',1,'',0),(45,636,'smownerid','vtiger_crmentity',1,'53','assigned_user_id','Assigned To',1,2,'',100,4,107,1,'V~M',0,2,'BAS',1,'',1),(45,637,'project_no','vtiger_project',2,'4','project_no','Project No',1,0,'',100,2,107,1,'V~O',3,0,'BAS',0,'',0),(45,638,'targetbudget','vtiger_project',1,'7','targetbudget','Target Budget',1,2,'',100,1,108,1,'V~O',1,NULL,'BAS',1,'',0),(45,639,'projecturl','vtiger_project',1,'17','projecturl','Project Url',1,2,'',100,2,108,1,'V~O',1,NULL,'BAS',1,'',0),(45,640,'projectpriority','vtiger_project',1,'15','projectpriority','Priority',1,2,'',100,3,108,1,'V~O',1,NULL,'BAS',1,'',0),(45,641,'progress','vtiger_project',1,'15','progress','Progress',1,2,'',100,4,108,1,'V~O',1,NULL,'BAS',1,'',0),(45,642,'createdtime','vtiger_crmentity',1,'70','createdtime','Created Time',1,2,'',100,5,108,2,'T~O',1,NULL,'BAS',1,'',0),(45,643,'modifiedtime','vtiger_crmentity',1,'70','modifiedtime','Modified Time',1,2,'',100,6,108,2,'T~O',1,NULL,'BAS',1,'',0),(45,644,'modifiedby','vtiger_crmentity',1,'52','modifiedby','Last Modified By',1,0,'',100,7,108,3,'V~O',3,0,'BAS',0,'',0),(45,645,'description','vtiger_crmentity',1,'19','description','description',1,2,'',100,1,109,1,'V~O',1,NULL,'BAS',1,'',0),(47,646,'smownerid','vtiger_crmentity',1,'53','assigned_user_id','Assigned To',1,0,'',100,2,110,1,'V~M',1,NULL,'BAS',1,'',1),(47,647,'createdtime','vtiger_crmentity',1,'70','createdtime','Created Time',1,0,'',100,5,110,2,'DT~O',1,NULL,'BAS',0,'',0),(47,648,'modifiedtime','vtiger_crmentity',1,'70','modifiedtime','Modified Time',1,0,'',100,6,110,2,'DT~O',1,NULL,'BAS',0,'',0),(47,649,'message','vtiger_smsnotifier',1,'21','message','message',1,0,'',100,1,110,1,'V~M',1,NULL,'BAS',1,'',1),(47,650,'modifiedby','vtiger_crmentity',1,'52','modifiedby','Last Modified By',1,0,'',100,7,110,3,'V~O',1,NULL,'BAS',0,'',0),(2,651,'forecast_amount','vtiger_potential',1,'71','forecast_amount','Forecast Amount',1,2,'',100,17,1,1,'N~O',1,NULL,'BAS',0,'',0),(29,652,'no_of_currency_decimals','vtiger_users',1,'16','no_of_currency_decimals','Number Of Currency Decimals',1,2,'2',100,6,78,1,'V~O',1,NULL,'BAS',1,'<b>Currency - Number of Decimal places</b> <br/><br/>Number of decimal places specifies how many number of decimals will be shown after decimal separator.<br/><b>Eg:</b> 123.00',0),(23,653,'productid','vtiger_inventoryproductrel',1,'10','productid','Item Name',0,2,'',100,1,113,5,'V~M',1,NULL,'BAS',0,'',0),(23,654,'quantity','vtiger_inventoryproductrel',1,'7','quantity','Quantity',0,2,'',100,2,113,5,'N~O',1,NULL,'BAS',0,'',0),(23,655,'listprice','vtiger_inventoryproductrel',1,'71','listprice','List Price',0,2,'',100,3,113,5,'N~O',1,NULL,'BAS',0,'',0),(23,656,'comment','vtiger_inventoryproductrel',1,'19','comment','Item Comment',0,2,'',100,4,113,5,'V~O',1,NULL,'BAS',0,'',0),(23,657,'discount_amount','vtiger_inventoryproductrel',1,'71','discount_amount','Discount',0,2,'',100,5,113,5,'N~O',1,NULL,'BAS',0,'',0),(23,658,'discount_percent','vtiger_inventoryproductrel',1,'7','discount_percent','Item Discount Percent',0,2,'',100,6,113,5,'V~O',1,NULL,'BAS',0,'',0),(23,659,'tax1','vtiger_inventoryproductrel',1,'83','tax1','Tax1',0,2,'',100,7,113,5,'V~O',1,NULL,'BAS',0,'',0),(23,660,'tax2','vtiger_inventoryproductrel',1,'83','tax2','Tax2',0,2,'',100,8,113,5,'V~O',1,NULL,'BAS',0,'',0),(23,661,'tax3','vtiger_inventoryproductrel',1,'83','tax3','Tax3',0,2,'',100,9,113,5,'V~O',1,NULL,'BAS',0,'',0),(22,662,'productid','vtiger_inventoryproductrel',1,'10','productid','Item Name',0,2,'',100,1,114,5,'V~M',1,NULL,'BAS',0,'',0),(22,663,'quantity','vtiger_inventoryproductrel',1,'7','quantity','Quantity',0,2,'',100,2,114,5,'N~O',1,NULL,'BAS',0,'',0),(22,664,'listprice','vtiger_inventoryproductrel',1,'71','listprice','List Price',0,2,'',100,3,114,5,'N~O',1,NULL,'BAS',0,'',0),(22,665,'comment','vtiger_inventoryproductrel',1,'19','comment','Item Comment',0,2,'',100,4,114,5,'V~O',1,NULL,'BAS',0,'',0),(22,666,'discount_amount','vtiger_inventoryproductrel',1,'71','discount_amount','Discount',0,2,'',100,5,114,5,'N~O',1,NULL,'BAS',0,'',0),(22,667,'discount_percent','vtiger_inventoryproductrel',1,'7','discount_percent','Item Discount Percent',0,2,'',100,6,114,5,'V~O',1,NULL,'BAS',0,'',0),(22,668,'tax1','vtiger_inventoryproductrel',1,'83','tax1','Tax1',0,2,'',100,7,114,5,'V~O',1,NULL,'BAS',0,'',0),(22,669,'tax2','vtiger_inventoryproductrel',1,'83','tax2','Tax2',0,2,'',100,8,114,5,'V~O',1,NULL,'BAS',0,'',0),(22,670,'tax3','vtiger_inventoryproductrel',1,'83','tax3','Tax3',0,2,'',100,9,114,5,'V~O',1,NULL,'BAS',0,'',0),(21,671,'productid','vtiger_inventoryproductrel',1,'10','productid','Item Name',0,2,'',100,1,115,5,'V~M',1,NULL,'BAS',0,'',0),(21,672,'quantity','vtiger_inventoryproductrel',1,'7','quantity','Quantity',0,2,'',100,2,115,5,'N~O',1,NULL,'BAS',0,'',0),(21,673,'listprice','vtiger_inventoryproductrel',1,'71','listprice','List Price',0,2,'',100,3,115,5,'N~O',1,NULL,'BAS',0,'',0),(21,674,'comment','vtiger_inventoryproductrel',1,'19','comment','Item Comment',0,2,'',100,4,115,5,'V~O',1,NULL,'BAS',0,'',0),(21,675,'discount_amount','vtiger_inventoryproductrel',1,'71','discount_amount','Discount',0,2,'',100,5,115,5,'N~O',1,NULL,'BAS',0,'',0),(21,676,'discount_percent','vtiger_inventoryproductrel',1,'7','discount_percent','Item Discount Percent',0,2,'',100,6,115,5,'V~O',1,NULL,'BAS',0,'',0),(21,677,'tax1','vtiger_inventoryproductrel',1,'83','tax1','Tax1',0,2,'',100,7,115,5,'V~O',1,NULL,'BAS',0,'',0),(21,678,'tax2','vtiger_inventoryproductrel',1,'83','tax2','Tax2',0,2,'',100,8,115,5,'V~O',1,NULL,'BAS',0,'',0),(21,679,'tax3','vtiger_inventoryproductrel',1,'83','tax3','Tax3',0,2,'',100,9,115,5,'V~O',1,NULL,'BAS',0,'',0),(20,680,'productid','vtiger_inventoryproductrel',1,'10','productid','Item Name',0,2,'',100,1,116,5,'V~M',1,NULL,'BAS',0,'',0),(20,681,'quantity','vtiger_inventoryproductrel',1,'7','quantity','Quantity',0,2,'',100,2,116,5,'N~O',1,NULL,'BAS',0,'',0),(20,682,'listprice','vtiger_inventoryproductrel',1,'71','listprice','List Price',0,2,'',100,3,116,5,'N~O',1,NULL,'BAS',0,'',0),(20,683,'comment','vtiger_inventoryproductrel',1,'19','comment','Item Comment',0,2,'',100,4,116,5,'V~O',1,NULL,'BAS',0,'',0),(20,684,'discount_amount','vtiger_inventoryproductrel',1,'71','discount_amount','Discount',0,2,'',100,5,116,5,'N~O',1,NULL,'BAS',0,'',0),(20,685,'discount_percent','vtiger_inventoryproductrel',1,'7','discount_percent','Item Discount Percent',0,2,'',100,6,116,5,'V~O',1,NULL,'BAS',0,'',0),(20,686,'tax1','vtiger_inventoryproductrel',1,'83','tax1','Tax1',0,2,'',100,7,116,5,'V~O',1,NULL,'BAS',0,'',0),(20,687,'tax2','vtiger_inventoryproductrel',1,'83','tax2','Tax2',0,2,'',100,8,116,5,'V~O',1,NULL,'BAS',0,'',0),(20,688,'tax3','vtiger_inventoryproductrel',1,'83','tax3','Tax3',0,2,'',100,9,116,5,'V~O',1,NULL,'BAS',0,'',0),(29,689,'truncate_trailing_zeros','vtiger_users',1,'56','truncate_trailing_zeros','Truncate Trailing Zeros',1,2,'0',100,7,78,1,'V~O',1,NULL,'BAS',1,'<b> Truncate Trailing Zeros </b> <br/><br/>It truncated trailing 0s in any of Currency, Decimal and Percentage Field types<br/><br/><b>Ex:</b><br/>If value is 89.00000 then <br/>decimal and Percentage fields were shows 89<br/>currency field type - shows 89.00<br/>',0),(44,690,'projecttaskstatus','vtiger_projecttask',1,'15','projecttaskstatus','Status',1,2,'',100,8,104,1,'V~O',0,6,'BAS',1,'',0),(42,691,'customer','vtiger_modcomments',1,'10','customer','Customer',1,2,'',100,5,98,3,'V~O',1,NULL,'BAS',1,'',0),(29,692,'dayoftheweek','vtiger_users',1,'16','dayoftheweek','Starting Day of the week',1,2,'Monday',100,1,118,1,'V~O',1,NULL,'BAS',1,'',0),(29,693,'callduration','vtiger_users',1,'16','callduration','Default Call Duration',1,2,'5',100,7,118,1,'V~O',1,NULL,'BAS',1,'',0),(29,694,'othereventduration','vtiger_users',1,'16','othereventduration','Other Event Duration',1,2,'5',100,8,118,1,'V~O',1,NULL,'BAS',1,'',0),(23,695,'pre_tax_total','vtiger_invoice',1,'72','pre_tax_total','Pre Tax Total',1,2,'',100,23,67,3,'N~O',1,NULL,'BAS',1,'',0),(22,696,'pre_tax_total','vtiger_salesorder',1,'72','pre_tax_total','Pre Tax Total',1,2,'',100,23,61,3,'N~O',1,NULL,'BAS',1,'',0),(21,697,'pre_tax_total','vtiger_purchaseorder',1,'72','pre_tax_total','Pre Tax Total',1,2,'',100,23,55,3,'N~O',1,NULL,'BAS',1,'',0),(20,698,'pre_tax_total','vtiger_quotes',1,'72','pre_tax_total','Pre Tax Total',1,2,'',100,23,49,3,'N~O',1,NULL,'BAS',1,'',0),(29,699,'calendarsharedtype','vtiger_users',1,'16','calendarsharedtype','Calendar Shared Type',1,2,'Public',100,12,118,3,'V~O',1,NULL,'BAS',1,'',0),(6,700,'isconvertedfromlead','vtiger_account',1,'56','isconvertedfromlead','Is Converted From Lead',1,2,'no',100,24,9,2,'C~O',1,NULL,'BAS',1,'',0),(4,701,'isconvertedfromlead','vtiger_contactdetails',1,'56','isconvertedfromlead','Is Converted From Lead',1,2,'no',100,29,4,2,'C~O',1,NULL,'BAS',1,'',0),(2,702,'isconvertedfromlead','vtiger_potential',1,'56','isconvertedfromlead','Is Converted From Lead',1,2,'no',100,16,1,2,'C~O',1,NULL,'BAS',1,'',0),(29,703,'default_record_view','vtiger_users',1,'16','default_record_view','Default Record View',1,2,'Summary',100,19,79,1,'V~O',1,NULL,'BAS',1,'',0),(23,704,'received','vtiger_invoice',1,'72','received','Received',1,2,'0',100,24,67,3,'N~O',1,NULL,'BAS',1,'',0),(23,705,'balance','vtiger_invoice',1,'72','balance','Balance',1,2,'0',100,25,67,3,'N~O',1,NULL,'BAS',1,'',0),(21,706,'paid','vtiger_purchaseorder',1,'72','paid','Paid',1,2,'0',100,24,55,3,'N~O',1,NULL,'BAS',1,'',0),(21,707,'balance','vtiger_purchaseorder',1,'72','balance','Balance',1,2,'0',100,25,55,3,'N~O',1,NULL,'BAS',1,'',0),(18,708,'smownerid','vtiger_crmentity',1,'53','assigned_user_id','Assigned To',1,2,'',100,13,42,1,'V~M',1,NULL,'BAS',1,'',0),(7,709,'emailoptout','vtiger_leaddetails',1,'56','emailoptout','Email Opt Out',1,2,'',100,14,13,1,'C~O',1,NULL,'BAS',1,'',0),(42,710,'userid','vtiger_modcomments',1,'10','userid','UserId',1,2,'',100,6,98,3,'V~O',1,NULL,'BAS',1,'',0),(42,711,'reasontoedit','vtiger_modcomments',1,'19','reasontoedit','ReasonToEdit',1,2,'',100,7,98,1,'V~O',1,NULL,'BAS',1,'',0),(23,712,'s_h_percent','vtiger_invoice',1,'1','hdnS_H_Percent','S&H Percent',0,2,'',100,10,113,5,'N~O',0,1,'BAS',0,'',0),(20,713,'s_h_percent','vtiger_quotes',1,'1','hdnS_H_Percent','S&H Percent',0,2,'',100,10,116,5,'N~O',0,1,'BAS',0,'',0),(21,714,'s_h_percent','vtiger_purchaseorder',1,'1','hdnS_H_Percent','S&H Percent',0,2,'',100,10,115,5,'N~O',0,1,'BAS',0,'',0),(22,715,'s_h_percent','vtiger_salesorder',1,'1','hdnS_H_Percent','S&H Percent',0,2,'',100,10,114,5,'N~O',0,1,'BAS',0,'',0),(29,716,'leftpanelhide','vtiger_users',1,'56','leftpanelhide','Left Panel Hide',1,2,'0',100,20,79,1,'V~O',1,NULL,'BAS',1,'',0),(2,717,'contact_id','vtiger_potential',1,'10','contact_id','Contact Name',1,2,'',100,5,1,1,'V~O',1,NULL,'BAS',1,'',1),(13,718,'contact_id','vtiger_troubletickets',1,'10','contact_id','Contact Name',1,2,'',100,18,25,1,'V~O',1,NULL,'BAS',1,'',1),(29,719,'rowheight','vtiger_users',1,'16','rowheight','Row Height',1,2,'medium',100,21,79,1,'V~O',1,NULL,'BAS',1,'',0),(13,720,'from_portal','vtiger_ticketcf',1,'56','from_portal','From Portal',1,0,'',100,19,25,3,'C~O',1,NULL,'BAS',1,'',0),(29,721,'defaulteventstatus','vtiger_users',1,'15','defaulteventstatus','Default Event Status',1,2,'',100,9,118,1,'V~O',1,NULL,'BAS',1,'',0),(29,722,'defaultactivitytype','vtiger_users',1,'15','defaultactivitytype','Default Activity Type',1,2,'',100,10,118,1,'V~O',1,NULL,'BAS',1,'',0),(29,723,'hidecompletedevents','vtiger_users',1,'56','hidecompletedevents','LBL_HIDE_COMPLETED_EVENTS',1,2,'0',100,13,118,1,'C~O',1,NULL,'BAS',1,'',0),(2,724,'smcreatorid','vtiger_crmentity',1,'52','created_user_id','Created By',1,2,'',100,18,1,2,'V~O',3,7,'BAS',0,'',0),(4,725,'smcreatorid','vtiger_crmentity',1,'52','created_user_id','Created By',1,2,'',100,30,4,2,'V~O',3,7,'BAS',0,'',0),(6,726,'smcreatorid','vtiger_crmentity',1,'52','created_user_id','Created By',1,2,'',100,25,9,2,'V~O',3,5,'BAS',0,'',0),(7,727,'smcreatorid','vtiger_crmentity',1,'52','created_user_id','Created By',1,2,'',100,18,13,2,'V~O',3,7,'BAS',0,'',0),(9,729,'smcreatorid','vtiger_crmentity',1,'52','created_user_id','Created By',1,2,'',100,23,19,2,'V~O',3,5,'BAS',0,'',0),(13,730,'smcreatorid','vtiger_crmentity',1,'52','created_user_id','Created By',1,2,'',100,20,25,2,'V~O',3,5,'BAS',0,'',0),(18,734,'smcreatorid','vtiger_crmentity',1,'52','created_user_id','Created By',1,2,'',100,14,42,2,'V~O',3,4,'BAS',0,'',0),(21,737,'smcreatorid','vtiger_crmentity',1,'52','created_user_id','Created By',1,2,'',100,26,55,2,'V~O',3,2,'BAS',0,'',0),(23,739,'smcreatorid','vtiger_crmentity',1,'52','created_user_id','Created By',1,2,'',100,26,67,2,'V~O',3,2,'BAS',0,'',0),(42,745,'smcreatorid','vtiger_crmentity',1,'52','created_user_id','Created By',1,2,'',100,8,98,2,'V~O',3,6,'BAS',0,'',0),(43,746,'smcreatorid','vtiger_crmentity',1,'52','created_user_id','Created By',1,2,'',100,8,101,2,'V~O',3,5,'BAS',0,'',0),(44,747,'smcreatorid','vtiger_crmentity',1,'52','created_user_id','Created By',1,2,'',100,9,104,2,'V~O',3,7,'BAS',0,'',0),(45,748,'smcreatorid','vtiger_crmentity',1,'52','created_user_id','Created By',1,2,'',100,10,107,2,'V~O',3,5,'BAS',0,'',0),(29,750,'is_owner','vtiger_users',1,'1','is_owner','Account Owner',0,2,'0',100,12,77,5,'V~O',0,1,'BAS',0,'',0),(7,754,'cf_753','vtiger_leadscf',2,'56','cf_753','SMS Opt Out',1,2,'',100,16,13,1,'C~O',1,NULL,'BAS',1,'',0),(20,755,'retail_subtotal','vtiger_quotes',1,'72','retail_hdnSubTotal','Retail Sub Total',0,2,'',100,99,49,5,'V~M',1,NULL,'BAS',1,'',0),(20,756,'retail_margin','vtiger_quotes',1,'72','retail_margin','Retail Sub Total',0,2,'',100,99,49,5,'V~M',1,NULL,'BAS',1,'',0),(20,757,'retail_discount_percent','vtiger_quotes',1,'1','retail_hdnDiscountPercent','Retail Discount Percent',0,2,'',100,99,49,5,'V~M',1,NULL,'BAS',1,'',0),(20,758,'retail_discount_amount','vtiger_quotes',1,'72','retail_hdnDiscountAmount','Retail Discount Amount',0,2,'',100,99,49,5,'V~M',1,NULL,'BAS',1,'',0),(20,759,'retail_s_h_amount','vtiger_quotes',1,'72','retail_hdnS_H_Amount','Retail S&H Amount',0,2,'',100,99,49,5,'V~M',1,NULL,'BAS',1,'',0),(20,760,'retail_adjustment','vtiger_quotes',1,'72','retail_txtAdjustment','Retail Adjustment',0,2,'',100,99,49,5,'NN~O',1,NULL,'BAS',1,'',0),(20,761,'retail_total','vtiger_quotes',1,'72','retail_hdnGrandTotal','Retail Total',0,2,'',100,99,49,5,'N~O',1,NULL,'BAS',1,'',0),(20,762,'retail_pre_tax_total','vtiger_quotes',1,'72','retail_pre_tax_total','Retail Pre Tax Total',0,2,'',100,99,49,5,'N~O',1,NULL,'BAS',1,'',0),(20,763,'retail_actual_margin','vtiger_quotes',1,'72','retail_actual_margin','Retail Actual Margin',0,2,'',100,99,49,5,'N~O',1,NULL,'BAS',1,'',0),(20,764,'retail_actual_discount','vtiger_quotes',1,'72','retail_actual_discount','Retail Actual Discount',0,2,'',100,99,49,5,'N~O',1,NULL,'BAS',1,'',0),(22,765,'retail_subtotal','vtiger_salesorder',1,'72','retail_hdnSubTotal','Retail Sub Total',0,2,'',100,99,49,5,'V~M',1,NULL,'BAS',1,'',0),(22,766,'retail_margin','vtiger_salesorder',1,'72','retail_margin','Retail Sub Total',0,2,'',100,99,49,5,'V~M',1,NULL,'BAS',1,'',0),(22,767,'retail_discount_percent','vtiger_salesorder',1,'1','retail_hdnDiscountPercent','Retail Discount Percent',0,2,'',100,99,49,5,'V~M',1,NULL,'BAS',1,'',0),(22,768,'retail_discount_amount','vtiger_salesorder',1,'72','retail_hdnDiscountAmount','Retail Discount Amount',0,2,'',100,99,49,5,'V~M',1,NULL,'BAS',1,'',0),(22,769,'retail_s_h_amount','vtiger_salesorder',1,'72','retail_hdnS_H_Amount','Retail S&H Amount',0,2,'',100,99,49,5,'V~M',1,NULL,'BAS',1,'',0),(22,770,'retail_adjustment','vtiger_salesorder',1,'72','retail_txtAdjustment','Retail Adjustment',0,2,'',100,99,49,5,'NN~O',1,NULL,'BAS',1,'',0),(22,771,'retail_total','vtiger_salesorder',1,'72','retail_hdnGrandTotal','Retail Total',0,2,'',100,99,49,5,'N~O',1,NULL,'BAS',1,'',0),(22,772,'retail_pre_tax_total','vtiger_salesorder',1,'72','retail_pre_tax_total','Retail Pre Tax Total',0,2,'',100,99,49,5,'N~O',1,NULL,'BAS',1,'',0),(22,773,'retail_actual_margin','vtiger_salesorder',1,'72','retail_actual_margin','Retail Actual Margin',0,2,'',100,99,49,5,'N~O',1,NULL,'BAS',1,'',0),(22,774,'retail_actual_discount','vtiger_salesorder',1,'72','retail_actual_discount','Retail Actual Discount',0,2,'',100,99,49,5,'N~O',1,NULL,'BAS',1,'',0),(23,775,'retail_subtotal','vtiger_invoice',1,'72','retail_hdnSubTotal','Retail Sub Total',0,2,'',100,99,49,5,'V~M',1,NULL,'BAS',1,'',0),(23,776,'retail_margin','vtiger_invoice',1,'72','retail_margin','Retail Sub Total',0,2,'',100,99,49,5,'V~M',1,NULL,'BAS',1,'',0),(23,777,'retail_discount_percent','vtiger_invoice',1,'1','retail_hdnDiscountPercent','Retail Discount Percent',0,2,'',100,99,49,5,'V~M',1,NULL,'BAS',1,'',0),(23,778,'retail_discount_amount','vtiger_invoice',1,'72','retail_hdnDiscountAmount','Retail Discount Amount',0,2,'',100,99,49,5,'V~M',1,NULL,'BAS',1,'',0),(23,779,'retail_s_h_amount','vvtiger_invoice',1,'72','retail_hdnS_H_Amount','Retail S&H Amount',0,2,'',100,99,49,5,'V~M',1,NULL,'BAS',1,'',0),(23,780,'retail_adjustment','vtiger_invoice',1,'72','retail_txtAdjustment','Retail Adjustment',0,2,'',100,99,49,5,'NN~O',1,NULL,'BAS',1,'',0),(23,781,'retail_total','vtiger_invoice',1,'72','retail_hdnGrandTotal','Retail Total',0,2,'',100,99,49,5,'N~O',1,NULL,'BAS',1,'',0),(23,782,'retail_pre_tax_total','vtiger_invoice',1,'72','retail_pre_tax_total','Retail Pre Tax Total',0,2,'',100,99,49,5,'N~O',1,NULL,'BAS',1,'',0),(23,783,'retail_actual_margin','vtiger_invoice',1,'72','retail_actual_margin','Retail Actual Margin',0,2,'',100,99,49,5,'N~O',1,NULL,'BAS',1,'',0),(23,784,'retail_actual_discount','vtiger_invoice',1,'72','retail_actual_discount','Retail Actual Discount',0,2,'',100,99,49,5,'N~O',1,NULL,'BAS',1,'',0),(21,785,'retail_subtotal','vtiger_purchaseorder',1,'72','retail_hdnSubTotal','Retail Sub Total',0,2,'',100,99,49,5,'V~M',1,NULL,'BAS',1,'',0),(21,786,'retail_margin','vtiger_purchaseorder',1,'72','retail_margin','Retail Sub Total',0,2,'',100,99,49,5,'V~M',1,NULL,'BAS',1,'',0),(21,787,'retail_discount_percent','vtiger_purchaseorder',1,'1','retail_hdnDiscountPercent','Retail Discount Percent',0,2,'',100,99,49,5,'V~M',1,NULL,'BAS',1,'',0),(21,788,'retail_discount_amount','vtiger_purchaseorder',1,'72','retail_hdnDiscountAmount','Retail Discount Amount',0,2,'',100,99,49,5,'V~M',1,NULL,'BAS',1,'',0),(21,789,'retail_s_h_amount','vtiger_purchaseorder',1,'72','retail_hdnS_H_Amount','Retail S&H Amount',0,2,'',100,99,49,5,'V~M',1,NULL,'BAS',1,'',0),(21,790,'retail_adjustment','vtiger_purchaseorder',1,'72','retail_txtAdjustment','Retail Adjustment',0,2,'',100,99,49,5,'NN~O',1,NULL,'BAS',1,'',0),(21,791,'retail_total','vtiger_purchaseorder',1,'72','retail_hdnGrandTotal','Retail Total',0,2,'',100,99,49,5,'N~O',1,NULL,'BAS',1,'',0),(21,792,'retail_pre_tax_total','vtiger_purchaseorder',1,'72','retail_pre_tax_total','Retail Pre Tax Total',0,2,'',100,99,49,5,'N~O',1,NULL,'BAS',1,'',0),(21,793,'retail_actual_margin','vtiger_purchaseorder',1,'72','retail_actual_margin','Retail Actual Margin',0,2,'',100,99,49,5,'N~O',1,NULL,'BAS',1,'',0),(21,794,'retail_actual_discount','vtiger_purchaseorder',1,'72','retail_actual_discount','Retail Actual Discount',0,2,'',100,99,49,5,'N~O',1,NULL,'BAS',1,'',0);
/*!40000 ALTER TABLE `vtiger_field` ENABLE KEYS */;
UNLOCK TABLES;

--
-- Table structure for table `vtiger_field_seq`
--

DROP TABLE IF EXISTS `vtiger_field_seq`;
/*!40101 SET @saved_cs_client     = @@character_set_client */;
/*!40101 SET character_set_client = utf8 */;
CREATE TABLE `vtiger_field_seq` (
  `id` int(11) NOT NULL
) ENGINE=InnoDB DEFAULT CHARSET=utf8;
/*!40101 SET character_set_client = @saved_cs_client */;

--
-- Dumping data for table `vtiger_field_seq`
--

LOCK TABLES `vtiger_field_seq` WRITE;
/*!40000 ALTER TABLE `vtiger_field_seq` DISABLE KEYS */;
INSERT INTO `vtiger_field_seq` VALUES (754);
/*!40000 ALTER TABLE `vtiger_field_seq` ENABLE KEYS */;
UNLOCK TABLES;

--
-- Table structure for table `vtiger_fieldmodulerel`
--

DROP TABLE IF EXISTS `vtiger_fieldmodulerel`;
/*!40101 SET @saved_cs_client     = @@character_set_client */;
/*!40101 SET character_set_client = utf8 */;
CREATE TABLE `vtiger_fieldmodulerel` (
  `fieldid` int(11) NOT NULL,
  `module` varchar(100) NOT NULL,
  `relmodule` varchar(100) NOT NULL,
  `status` varchar(10) DEFAULT NULL,
  `sequence` int(11) DEFAULT NULL
) ENGINE=InnoDB DEFAULT CHARSET=utf8;
/*!40101 SET character_set_client = @saved_cs_client */;

--
-- Dumping data for table `vtiger_fieldmodulerel`
--

LOCK TABLES `vtiger_fieldmodulerel` WRITE;
/*!40000 ALTER TABLE `vtiger_fieldmodulerel` DISABLE KEYS */;
INSERT INTO `vtiger_fieldmodulerel` VALUES (113,'Potentials','Accounts',NULL,0),(533,'PBXManager','Leads',NULL,NULL),(533,'PBXManager','Contacts',NULL,NULL),(533,'PBXManager','Accounts',NULL,NULL),(546,'ServiceContracts','Contacts',NULL,NULL),(546,'ServiceContracts','Accounts',NULL,NULL),(580,'Assets','Products',NULL,NULL),(586,'Assets','Invoice',NULL,NULL),(591,'Assets','Accounts',NULL,NULL),(592,'Assets','Contacts',NULL,NULL),(601,'ModComments','Leads',NULL,NULL),(601,'ModComments','Contacts',NULL,NULL),(601,'ModComments','Accounts',NULL,NULL),(603,'ModComments','ModComments',NULL,NULL),(601,'ModComments','Potentials',NULL,NULL),(606,'ProjectMilestone','Project',NULL,NULL),(617,'ProjectTask','Project',NULL,NULL),(601,'ModComments','ProjectTask',NULL,NULL),(635,'Project','Accounts',NULL,NULL),(635,'Project','Contacts',NULL,NULL),(601,'ModComments','Project',NULL,NULL),(653,'Invoice','Products',NULL,NULL),(653,'Invoice','Services',NULL,NULL),(662,'SalesOrder','Products',NULL,NULL),(662,'SalesOrder','Services',NULL,NULL),(671,'PurchaseOrder','Products',NULL,NULL),(671,'PurchaseOrder','Services',NULL,NULL),(680,'Quotes','Products',NULL,NULL),(680,'Quotes','Services',NULL,NULL),(601,'ModComments','HelpDesk',NULL,NULL),(601,'ModComments','Faq',NULL,NULL),(691,'ModComments','Contacts',NULL,NULL),(717,'Potentials','Contacts',NULL,NULL),(157,'HelpDesk','Accounts',NULL,NULL),(718,'HelpDesk','Contacts',NULL,NULL),(237,'Accounts','Calendar',NULL,NULL),(237,'Leads','Calendar',NULL,NULL),(237,'HelpDesk','Calendar',NULL,NULL),(237,'Campaigns','Calendar',NULL,NULL),(237,'Potentials','Calendar',NULL,NULL),(237,'PurchaseOrder','Calendar',NULL,NULL),(237,'SalesOrder','Calendar',NULL,NULL),(237,'Quotes','Calendar',NULL,NULL),(237,'Invoice','Calendar',NULL,NULL),(238,'Contacts','Calendar',NULL,NULL);
/*!40000 ALTER TABLE `vtiger_fieldmodulerel` ENABLE KEYS */;
UNLOCK TABLES;

--
-- Table structure for table `vtiger_freetagged_objects`
--

DROP TABLE IF EXISTS `vtiger_freetagged_objects`;
/*!40101 SET @saved_cs_client     = @@character_set_client */;
/*!40101 SET character_set_client = utf8 */;
CREATE TABLE `vtiger_freetagged_objects` (
  `tag_id` int(20) NOT NULL DEFAULT '0',
  `tagger_id` int(20) NOT NULL DEFAULT '0',
  `object_id` int(20) NOT NULL DEFAULT '0',
  `tagged_on` timestamp NOT NULL,
  `module` varchar(50) NOT NULL DEFAULT '',
  PRIMARY KEY (`tag_id`,`tagger_id`,`object_id`),
  KEY `freetagged_objects_tag_id_tagger_id_object_id_idx` (`tag_id`,`tagger_id`,`object_id`)
) ENGINE=InnoDB DEFAULT CHARSET=utf8;
/*!40101 SET character_set_client = @saved_cs_client */;

--
-- Dumping data for table `vtiger_freetagged_objects`
--

LOCK TABLES `vtiger_freetagged_objects` WRITE;
/*!40000 ALTER TABLE `vtiger_freetagged_objects` DISABLE KEYS */;
INSERT INTO `vtiger_freetagged_objects` VALUES (2,11,34,'2015-04-14 13:36:06','Quotes'),(3,11,32,'2015-04-14 13:36:53','Contacts'),(3,11,34,'2015-04-14 13:36:06','Quotes'),(4,11,32,'2015-04-14 13:36:49','Contacts');
/*!40000 ALTER TABLE `vtiger_freetagged_objects` ENABLE KEYS */;
UNLOCK TABLES;

--
-- Table structure for table `vtiger_freetags`
--

DROP TABLE IF EXISTS `vtiger_freetags`;
/*!40101 SET @saved_cs_client     = @@character_set_client */;
/*!40101 SET character_set_client = utf8 */;
CREATE TABLE `vtiger_freetags` (
  `id` int(19) NOT NULL,
  `tag` varchar(50) NOT NULL DEFAULT '',
  `raw_tag` varchar(50) NOT NULL DEFAULT '',
  PRIMARY KEY (`id`)
) ENGINE=InnoDB DEFAULT CHARSET=utf8;
/*!40101 SET character_set_client = @saved_cs_client */;

--
-- Dumping data for table `vtiger_freetags`
--

LOCK TABLES `vtiger_freetags` WRITE;
/*!40000 ALTER TABLE `vtiger_freetags` DISABLE KEYS */;
INSERT INTO `vtiger_freetags` VALUES (2,'test','test'),(3,'tag2','tag2'),(4,'test2','test2');
/*!40000 ALTER TABLE `vtiger_freetags` ENABLE KEYS */;
UNLOCK TABLES;

--
-- Table structure for table `vtiger_freetags_seq`
--

DROP TABLE IF EXISTS `vtiger_freetags_seq`;
/*!40101 SET @saved_cs_client     = @@character_set_client */;
/*!40101 SET character_set_client = utf8 */;
CREATE TABLE `vtiger_freetags_seq` (
  `id` int(11) NOT NULL
) ENGINE=InnoDB DEFAULT CHARSET=utf8;
/*!40101 SET character_set_client = @saved_cs_client */;

--
-- Dumping data for table `vtiger_freetags_seq`
--

LOCK TABLES `vtiger_freetags_seq` WRITE;
/*!40000 ALTER TABLE `vtiger_freetags_seq` DISABLE KEYS */;
INSERT INTO `vtiger_freetags_seq` VALUES (4);
/*!40000 ALTER TABLE `vtiger_freetags_seq` ENABLE KEYS */;
UNLOCK TABLES;

--
-- Table structure for table `vtiger_glacct`
--

DROP TABLE IF EXISTS `vtiger_glacct`;
/*!40101 SET @saved_cs_client     = @@character_set_client */;
/*!40101 SET character_set_client = utf8 */;
CREATE TABLE `vtiger_glacct` (
  `glacctid` int(19) NOT NULL AUTO_INCREMENT,
  `glacct` varchar(200) NOT NULL,
  `presence` int(1) NOT NULL DEFAULT '1',
  `picklist_valueid` int(19) NOT NULL DEFAULT '0',
  `sortorderid` int(11) DEFAULT NULL,
  PRIMARY KEY (`glacctid`),
  UNIQUE KEY `glacct_glacct_idx` (`glacct`)
) ENGINE=InnoDB AUTO_INCREMENT=10 DEFAULT CHARSET=utf8;
/*!40101 SET character_set_client = @saved_cs_client */;

--
-- Dumping data for table `vtiger_glacct`
--

LOCK TABLES `vtiger_glacct` WRITE;
/*!40000 ALTER TABLE `vtiger_glacct` DISABLE KEYS */;
INSERT INTO `vtiger_glacct` VALUES (1,'300-Sales-Software',1,51,0),(2,'301-Sales-Hardware',1,52,1),(3,'302-Rental-Income',1,53,2),(4,'303-Interest-Income',1,54,3),(5,'304-Sales-Software-Support',1,55,4),(6,'305-Sales Other',1,56,5),(7,'306-Internet Sales',1,57,6),(8,'307-Service-Hardware Labor',1,58,7),(9,'308-Sales-Books',1,59,8);
/*!40000 ALTER TABLE `vtiger_glacct` ENABLE KEYS */;
UNLOCK TABLES;

--
-- Table structure for table `vtiger_glacct_seq`
--

DROP TABLE IF EXISTS `vtiger_glacct_seq`;
/*!40101 SET @saved_cs_client     = @@character_set_client */;
/*!40101 SET character_set_client = utf8 */;
CREATE TABLE `vtiger_glacct_seq` (
  `id` int(11) NOT NULL
) ENGINE=InnoDB DEFAULT CHARSET=utf8;
/*!40101 SET character_set_client = @saved_cs_client */;

--
-- Dumping data for table `vtiger_glacct_seq`
--

LOCK TABLES `vtiger_glacct_seq` WRITE;
/*!40000 ALTER TABLE `vtiger_glacct_seq` DISABLE KEYS */;
INSERT INTO `vtiger_glacct_seq` VALUES (9);
/*!40000 ALTER TABLE `vtiger_glacct_seq` ENABLE KEYS */;
UNLOCK TABLES;

--
-- Table structure for table `vtiger_google_oauth2`
--

DROP TABLE IF EXISTS `vtiger_google_oauth2`;
/*!40101 SET @saved_cs_client     = @@character_set_client */;
/*!40101 SET character_set_client = utf8 */;
CREATE TABLE `vtiger_google_oauth2` (
  `service` varchar(20) DEFAULT NULL,
  `access_token` varchar(500) DEFAULT NULL,
  `refresh_token` varchar(500) DEFAULT NULL,
  `userid` int(19) DEFAULT NULL
) ENGINE=InnoDB DEFAULT CHARSET=utf8;
/*!40101 SET character_set_client = @saved_cs_client */;

--
-- Dumping data for table `vtiger_google_oauth2`
--

LOCK TABLES `vtiger_google_oauth2` WRITE;
/*!40000 ALTER TABLE `vtiger_google_oauth2` DISABLE KEYS */;
/*!40000 ALTER TABLE `vtiger_google_oauth2` ENABLE KEYS */;
UNLOCK TABLES;

--
-- Table structure for table `vtiger_google_sync_fieldmapping`
--

DROP TABLE IF EXISTS `vtiger_google_sync_fieldmapping`;
/*!40101 SET @saved_cs_client     = @@character_set_client */;
/*!40101 SET character_set_client = utf8 */;
CREATE TABLE `vtiger_google_sync_fieldmapping` (
  `vtiger_field` varchar(255) DEFAULT NULL,
  `google_field` varchar(255) DEFAULT NULL,
  `google_field_type` varchar(255) DEFAULT NULL,
  `google_custom_label` varchar(255) DEFAULT NULL,
  `user` int(11) DEFAULT NULL
) ENGINE=InnoDB DEFAULT CHARSET=utf8;
/*!40101 SET character_set_client = @saved_cs_client */;

--
-- Dumping data for table `vtiger_google_sync_fieldmapping`
--

LOCK TABLES `vtiger_google_sync_fieldmapping` WRITE;
/*!40000 ALTER TABLE `vtiger_google_sync_fieldmapping` DISABLE KEYS */;
/*!40000 ALTER TABLE `vtiger_google_sync_fieldmapping` ENABLE KEYS */;
UNLOCK TABLES;

--
-- Table structure for table `vtiger_google_sync_settings`
--

DROP TABLE IF EXISTS `vtiger_google_sync_settings`;
/*!40101 SET @saved_cs_client     = @@character_set_client */;
/*!40101 SET character_set_client = utf8 */;
CREATE TABLE `vtiger_google_sync_settings` (
  `user` int(11) DEFAULT NULL,
  `module` varchar(50) DEFAULT NULL,
  `clientgroup` varchar(255) DEFAULT NULL,
  `direction` varchar(50) DEFAULT NULL
) ENGINE=InnoDB DEFAULT CHARSET=utf8;
/*!40101 SET character_set_client = @saved_cs_client */;

--
-- Dumping data for table `vtiger_google_sync_settings`
--

LOCK TABLES `vtiger_google_sync_settings` WRITE;
/*!40000 ALTER TABLE `vtiger_google_sync_settings` DISABLE KEYS */;
/*!40000 ALTER TABLE `vtiger_google_sync_settings` ENABLE KEYS */;
UNLOCK TABLES;

--
-- Table structure for table `vtiger_group2grouprel`
--

DROP TABLE IF EXISTS `vtiger_group2grouprel`;
/*!40101 SET @saved_cs_client     = @@character_set_client */;
/*!40101 SET character_set_client = utf8 */;
CREATE TABLE `vtiger_group2grouprel` (
  `groupid` int(19) NOT NULL,
  `containsgroupid` int(19) NOT NULL,
  PRIMARY KEY (`groupid`,`containsgroupid`)
) ENGINE=InnoDB DEFAULT CHARSET=utf8;
/*!40101 SET character_set_client = @saved_cs_client */;

--
-- Dumping data for table `vtiger_group2grouprel`
--

LOCK TABLES `vtiger_group2grouprel` WRITE;
/*!40000 ALTER TABLE `vtiger_group2grouprel` DISABLE KEYS */;
/*!40000 ALTER TABLE `vtiger_group2grouprel` ENABLE KEYS */;
UNLOCK TABLES;

--
-- Table structure for table `vtiger_group2role`
--

DROP TABLE IF EXISTS `vtiger_group2role`;
/*!40101 SET @saved_cs_client     = @@character_set_client */;
/*!40101 SET character_set_client = utf8 */;
CREATE TABLE `vtiger_group2role` (
  `groupid` int(19) NOT NULL,
  `roleid` varchar(255) NOT NULL,
  PRIMARY KEY (`groupid`,`roleid`)
) ENGINE=InnoDB DEFAULT CHARSET=utf8;
/*!40101 SET character_set_client = @saved_cs_client */;

--
-- Dumping data for table `vtiger_group2role`
--

LOCK TABLES `vtiger_group2role` WRITE;
/*!40000 ALTER TABLE `vtiger_group2role` DISABLE KEYS */;
INSERT INTO `vtiger_group2role` VALUES (2,'H2'),(2,'H3'),(2,'H6'),(3,'H2'),(3,'H3'),(3,'H6'),(4,'H2'),(4,'H3'),(4,'H6');
/*!40000 ALTER TABLE `vtiger_group2role` ENABLE KEYS */;
UNLOCK TABLES;

--
-- Table structure for table `vtiger_group2rs`
--

DROP TABLE IF EXISTS `vtiger_group2rs`;
/*!40101 SET @saved_cs_client     = @@character_set_client */;
/*!40101 SET character_set_client = utf8 */;
CREATE TABLE `vtiger_group2rs` (
  `groupid` int(19) NOT NULL,
  `roleandsubid` varchar(255) NOT NULL,
  PRIMARY KEY (`groupid`,`roleandsubid`)
) ENGINE=InnoDB DEFAULT CHARSET=utf8;
/*!40101 SET character_set_client = @saved_cs_client */;

--
-- Dumping data for table `vtiger_group2rs`
--

LOCK TABLES `vtiger_group2rs` WRITE;
/*!40000 ALTER TABLE `vtiger_group2rs` DISABLE KEYS */;
INSERT INTO `vtiger_group2rs` VALUES (2,'H4'),(3,'H7'),(4,'H9');
/*!40000 ALTER TABLE `vtiger_group2rs` ENABLE KEYS */;
UNLOCK TABLES;

--
-- Table structure for table `vtiger_groups`
--

DROP TABLE IF EXISTS `vtiger_groups`;
/*!40101 SET @saved_cs_client     = @@character_set_client */;
/*!40101 SET character_set_client = utf8 */;
CREATE TABLE `vtiger_groups` (
  `groupid` int(19) NOT NULL,
  `groupname` varchar(100) DEFAULT NULL,
  `description` text,
  PRIMARY KEY (`groupid`),
  UNIQUE KEY `groups_groupname_idx` (`groupname`)
) ENGINE=InnoDB DEFAULT CHARSET=utf8;
/*!40101 SET character_set_client = @saved_cs_client */;

--
-- Dumping data for table `vtiger_groups`
--

LOCK TABLES `vtiger_groups` WRITE;
/*!40000 ALTER TABLE `vtiger_groups` DISABLE KEYS */;
INSERT INTO `vtiger_groups` VALUES (2,'Dealer1 Group',''),(3,'Dealer2 Group',''),(4,'Dealer3 Group','');
/*!40000 ALTER TABLE `vtiger_groups` ENABLE KEYS */;
UNLOCK TABLES;

--
-- Table structure for table `vtiger_home_layout`
--

DROP TABLE IF EXISTS `vtiger_home_layout`;
/*!40101 SET @saved_cs_client     = @@character_set_client */;
/*!40101 SET character_set_client = utf8 */;
CREATE TABLE `vtiger_home_layout` (
  `userid` int(19) NOT NULL,
  `layout` int(19) NOT NULL DEFAULT '4',
  PRIMARY KEY (`userid`)
) ENGINE=InnoDB DEFAULT CHARSET=utf8;
/*!40101 SET character_set_client = @saved_cs_client */;

--
-- Dumping data for table `vtiger_home_layout`
--

LOCK TABLES `vtiger_home_layout` WRITE;
/*!40000 ALTER TABLE `vtiger_home_layout` DISABLE KEYS */;
/*!40000 ALTER TABLE `vtiger_home_layout` ENABLE KEYS */;
UNLOCK TABLES;

--
-- Table structure for table `vtiger_homedashbd`
--

DROP TABLE IF EXISTS `vtiger_homedashbd`;
/*!40101 SET @saved_cs_client     = @@character_set_client */;
/*!40101 SET character_set_client = utf8 */;
CREATE TABLE `vtiger_homedashbd` (
  `stuffid` int(19) NOT NULL DEFAULT '0',
  `dashbdname` varchar(100) DEFAULT NULL,
  `dashbdtype` varchar(100) DEFAULT NULL,
  PRIMARY KEY (`stuffid`),
  KEY `stuff_stuffid_idx` (`stuffid`)
) ENGINE=InnoDB DEFAULT CHARSET=utf8;
/*!40101 SET character_set_client = @saved_cs_client */;

--
-- Dumping data for table `vtiger_homedashbd`
--

LOCK TABLES `vtiger_homedashbd` WRITE;
/*!40000 ALTER TABLE `vtiger_homedashbd` DISABLE KEYS */;
/*!40000 ALTER TABLE `vtiger_homedashbd` ENABLE KEYS */;
UNLOCK TABLES;

--
-- Table structure for table `vtiger_homedefault`
--

DROP TABLE IF EXISTS `vtiger_homedefault`;
/*!40101 SET @saved_cs_client     = @@character_set_client */;
/*!40101 SET character_set_client = utf8 */;
CREATE TABLE `vtiger_homedefault` (
  `stuffid` int(19) NOT NULL DEFAULT '0',
  `hometype` varchar(30) NOT NULL,
  `maxentries` int(19) DEFAULT NULL,
  `setype` varchar(30) DEFAULT NULL,
  PRIMARY KEY (`stuffid`),
  KEY `stuff_stuffid_idx` (`stuffid`)
) ENGINE=InnoDB DEFAULT CHARSET=utf8;
/*!40101 SET character_set_client = @saved_cs_client */;

--
-- Dumping data for table `vtiger_homedefault`
--

LOCK TABLES `vtiger_homedefault` WRITE;
/*!40000 ALTER TABLE `vtiger_homedefault` DISABLE KEYS */;
INSERT INTO `vtiger_homedefault` VALUES (1,'ALVT',5,'Accounts'),(2,'HDB',5,'Dashboard'),(3,'PLVT',5,'Potentials'),(4,'QLTQ',5,'Quotes'),(5,'CVLVT',5,'NULL'),(6,'HLT',5,'HelpDesk'),(7,'UA',5,'Calendar'),(8,'GRT',5,'NULL'),(9,'OLTSO',5,'SalesOrder'),(10,'ILTI',5,'Invoice'),(11,'MNL',5,'Leads'),(12,'OLTPO',5,'PurchaseOrder'),(13,'PA',5,'Calendar'),(14,'LTFAQ',5,'Faq'),(16,'ALVT',5,'Accounts'),(17,'HDB',5,'Dashboard'),(18,'PLVT',5,'Potentials'),(19,'QLTQ',5,'Quotes'),(20,'CVLVT',5,'NULL'),(21,'HLT',5,'HelpDesk'),(22,'UA',5,'Calendar'),(23,'GRT',5,'NULL'),(24,'OLTSO',5,'SalesOrder'),(25,'ILTI',5,'Invoice'),(26,'MNL',5,'Leads'),(27,'OLTPO',5,'PurchaseOrder'),(28,'PA',5,'Calendar'),(29,'LTFAQ',5,'Faq'),(31,'ALVT',5,'Accounts'),(32,'HDB',5,'Dashboard'),(33,'PLVT',5,'Potentials'),(34,'QLTQ',5,'Quotes'),(35,'CVLVT',5,'NULL'),(36,'HLT',5,'HelpDesk'),(37,'UA',5,'Calendar'),(38,'GRT',5,'NULL'),(39,'OLTSO',5,'SalesOrder'),(40,'ILTI',5,'Invoice'),(41,'MNL',5,'Leads'),(42,'OLTPO',5,'PurchaseOrder'),(43,'PA',5,'Calendar'),(44,'LTFAQ',5,'Faq'),(46,'ALVT',5,'Accounts'),(47,'HDB',5,'Dashboard'),(48,'PLVT',5,'Potentials'),(49,'QLTQ',5,'Quotes'),(50,'CVLVT',5,'NULL'),(51,'HLT',5,'HelpDesk'),(52,'UA',5,'Calendar'),(53,'GRT',5,'NULL'),(54,'OLTSO',5,'SalesOrder'),(55,'ILTI',5,'Invoice'),(56,'MNL',5,'Leads'),(57,'OLTPO',5,'PurchaseOrder'),(58,'PA',5,'Calendar'),(59,'LTFAQ',5,'Faq'),(61,'ALVT',5,'Accounts'),(62,'HDB',5,'Dashboard'),(63,'PLVT',5,'Potentials'),(64,'QLTQ',5,'Quotes'),(65,'CVLVT',5,'NULL'),(66,'HLT',5,'HelpDesk'),(67,'UA',5,'Calendar'),(68,'GRT',5,'NULL'),(69,'OLTSO',5,'SalesOrder'),(70,'ILTI',5,'Invoice'),(71,'MNL',5,'Leads'),(72,'OLTPO',5,'PurchaseOrder'),(73,'PA',5,'Calendar'),(74,'LTFAQ',5,'Faq'),(76,'ALVT',5,'Accounts'),(77,'HDB',5,'Dashboard'),(78,'PLVT',5,'Potentials'),(79,'QLTQ',5,'Quotes'),(80,'CVLVT',5,'NULL'),(81,'HLT',5,'HelpDesk'),(82,'UA',5,'Calendar'),(83,'GRT',5,'NULL'),(84,'OLTSO',5,'SalesOrder'),(85,'ILTI',5,'Invoice'),(86,'MNL',5,'Leads'),(87,'OLTPO',5,'PurchaseOrder'),(88,'PA',5,'Calendar'),(89,'LTFAQ',5,'Faq'),(91,'ALVT',5,'Accounts'),(92,'HDB',5,'Dashboard'),(93,'PLVT',5,'Potentials'),(94,'QLTQ',5,'Quotes'),(95,'CVLVT',5,'NULL'),(96,'HLT',5,'HelpDesk'),(97,'UA',5,'Calendar'),(98,'GRT',5,'NULL'),(99,'OLTSO',5,'SalesOrder'),(100,'ILTI',5,'Invoice'),(101,'MNL',5,'Leads'),(102,'OLTPO',5,'PurchaseOrder'),(103,'PA',5,'Calendar'),(104,'LTFAQ',5,'Faq'),(106,'ALVT',5,'Accounts'),(107,'HDB',5,'Dashboard'),(108,'PLVT',5,'Potentials'),(109,'QLTQ',5,'Quotes'),(110,'CVLVT',5,'NULL'),(111,'HLT',5,'HelpDesk'),(112,'UA',5,'Calendar'),(113,'GRT',5,'NULL'),(114,'OLTSO',5,'SalesOrder'),(115,'ILTI',5,'Invoice'),(116,'MNL',5,'Leads'),(117,'OLTPO',5,'PurchaseOrder'),(118,'PA',5,'Calendar'),(119,'LTFAQ',5,'Faq'),(121,'ALVT',5,'Accounts'),(122,'HDB',5,'Dashboard'),(123,'PLVT',5,'Potentials'),(124,'QLTQ',5,'Quotes'),(125,'CVLVT',5,'NULL'),(126,'HLT',5,'HelpDesk'),(127,'UA',5,'Calendar'),(128,'GRT',5,'NULL'),(129,'OLTSO',5,'SalesOrder'),(130,'ILTI',5,'Invoice'),(131,'MNL',5,'Leads'),(132,'OLTPO',5,'PurchaseOrder'),(133,'PA',5,'Calendar'),(134,'LTFAQ',5,'Faq'),(136,'ALVT',5,'Accounts'),(137,'HDB',5,'Dashboard'),(138,'PLVT',5,'Potentials'),(139,'QLTQ',5,'Quotes'),(140,'CVLVT',5,'NULL'),(141,'HLT',5,'HelpDesk'),(142,'UA',5,'Calendar'),(143,'GRT',5,'NULL'),(144,'OLTSO',5,'SalesOrder'),(145,'ILTI',5,'Invoice'),(146,'MNL',5,'Leads'),(147,'OLTPO',5,'PurchaseOrder'),(148,'PA',5,'Calendar'),(149,'LTFAQ',5,'Faq');
/*!40000 ALTER TABLE `vtiger_homedefault` ENABLE KEYS */;
UNLOCK TABLES;

--
-- Table structure for table `vtiger_homemodule`
--

DROP TABLE IF EXISTS `vtiger_homemodule`;
/*!40101 SET @saved_cs_client     = @@character_set_client */;
/*!40101 SET character_set_client = utf8 */;
CREATE TABLE `vtiger_homemodule` (
  `stuffid` int(19) NOT NULL,
  `modulename` varchar(100) DEFAULT NULL,
  `maxentries` int(19) NOT NULL,
  `customviewid` int(19) NOT NULL,
  `setype` varchar(30) NOT NULL,
  PRIMARY KEY (`stuffid`),
  KEY `stuff_stuffid_idx` (`stuffid`)
) ENGINE=InnoDB DEFAULT CHARSET=utf8;
/*!40101 SET character_set_client = @saved_cs_client */;

--
-- Dumping data for table `vtiger_homemodule`
--

LOCK TABLES `vtiger_homemodule` WRITE;
/*!40000 ALTER TABLE `vtiger_homemodule` DISABLE KEYS */;
/*!40000 ALTER TABLE `vtiger_homemodule` ENABLE KEYS */;
UNLOCK TABLES;

--
-- Table structure for table `vtiger_homemoduleflds`
--

DROP TABLE IF EXISTS `vtiger_homemoduleflds`;
/*!40101 SET @saved_cs_client     = @@character_set_client */;
/*!40101 SET character_set_client = utf8 */;
CREATE TABLE `vtiger_homemoduleflds` (
  `stuffid` int(19) DEFAULT NULL,
  `fieldname` varchar(100) DEFAULT NULL,
  KEY `stuff_stuffid_idx` (`stuffid`)
) ENGINE=InnoDB DEFAULT CHARSET=utf8;
/*!40101 SET character_set_client = @saved_cs_client */;

--
-- Dumping data for table `vtiger_homemoduleflds`
--

LOCK TABLES `vtiger_homemoduleflds` WRITE;
/*!40000 ALTER TABLE `vtiger_homemoduleflds` DISABLE KEYS */;
/*!40000 ALTER TABLE `vtiger_homemoduleflds` ENABLE KEYS */;
UNLOCK TABLES;

--
-- Table structure for table `vtiger_homereportchart`
--

DROP TABLE IF EXISTS `vtiger_homereportchart`;
/*!40101 SET @saved_cs_client     = @@character_set_client */;
/*!40101 SET character_set_client = utf8 */;
CREATE TABLE `vtiger_homereportchart` (
  `stuffid` int(11) NOT NULL,
  `reportid` int(19) DEFAULT NULL,
  `reportcharttype` varchar(100) DEFAULT NULL,
  PRIMARY KEY (`stuffid`)
) ENGINE=InnoDB DEFAULT CHARSET=utf8;
/*!40101 SET character_set_client = @saved_cs_client */;

--
-- Dumping data for table `vtiger_homereportchart`
--

LOCK TABLES `vtiger_homereportchart` WRITE;
/*!40000 ALTER TABLE `vtiger_homereportchart` DISABLE KEYS */;
/*!40000 ALTER TABLE `vtiger_homereportchart` ENABLE KEYS */;
UNLOCK TABLES;

--
-- Table structure for table `vtiger_homerss`
--

DROP TABLE IF EXISTS `vtiger_homerss`;
/*!40101 SET @saved_cs_client     = @@character_set_client */;
/*!40101 SET character_set_client = utf8 */;
CREATE TABLE `vtiger_homerss` (
  `stuffid` int(19) NOT NULL DEFAULT '0',
  `url` varchar(100) DEFAULT NULL,
  `maxentries` int(19) NOT NULL,
  PRIMARY KEY (`stuffid`),
  KEY `stuff_stuffid_idx` (`stuffid`)
) ENGINE=InnoDB DEFAULT CHARSET=utf8;
/*!40101 SET character_set_client = @saved_cs_client */;

--
-- Dumping data for table `vtiger_homerss`
--

LOCK TABLES `vtiger_homerss` WRITE;
/*!40000 ALTER TABLE `vtiger_homerss` DISABLE KEYS */;
/*!40000 ALTER TABLE `vtiger_homerss` ENABLE KEYS */;
UNLOCK TABLES;

--
-- Table structure for table `vtiger_homestuff`
--

DROP TABLE IF EXISTS `vtiger_homestuff`;
/*!40101 SET @saved_cs_client     = @@character_set_client */;
/*!40101 SET character_set_client = utf8 */;
CREATE TABLE `vtiger_homestuff` (
  `stuffid` int(19) NOT NULL DEFAULT '0',
  `stuffsequence` int(19) NOT NULL DEFAULT '0',
  `stufftype` varchar(100) DEFAULT NULL,
  `userid` int(19) NOT NULL,
  `visible` int(10) NOT NULL DEFAULT '0',
  `stufftitle` varchar(100) DEFAULT NULL,
  PRIMARY KEY (`stuffid`),
  KEY `stuff_stuffid_idx` (`stuffid`)
) ENGINE=InnoDB DEFAULT CHARSET=utf8;
/*!40101 SET character_set_client = @saved_cs_client */;

--
-- Dumping data for table `vtiger_homestuff`
--

LOCK TABLES `vtiger_homestuff` WRITE;
/*!40000 ALTER TABLE `vtiger_homestuff` DISABLE KEYS */;
INSERT INTO `vtiger_homestuff` VALUES (1,1,'Default',1,1,'Top Accounts'),(2,2,'Default',1,1,'Home Page Dashboard'),(3,3,'Default',1,1,'Top Potentials'),(4,4,'Default',1,1,'Top Quotes'),(5,5,'Default',1,1,'Key Metrics'),(6,6,'Default',1,1,'Top Trouble Tickets'),(7,7,'Default',1,1,'Upcoming Activities'),(8,8,'Default',1,1,'My Group Allocation'),(9,9,'Default',1,1,'Top Sales Orders'),(10,10,'Default',1,1,'Top Invoices'),(11,11,'Default',1,1,'My New Leads'),(12,12,'Default',1,1,'Top Purchase Orders'),(13,13,'Default',1,1,'Pending Activities'),(14,14,'Default',1,1,'My Recent FAQs'),(15,15,'Tag Cloud',1,0,'Tag Cloud'),(16,1,'Default',5,1,'Top Accounts'),(17,2,'Default',5,1,'Home Page Dashboard'),(18,3,'Default',5,1,'Top Potentials'),(19,4,'Default',5,1,'Top Quotes'),(20,5,'Default',5,1,'Key Metrics'),(21,6,'Default',5,1,'Top Trouble Tickets'),(22,7,'Default',5,1,'Upcoming Activities'),(23,8,'Default',5,1,'My Group Allocation'),(24,9,'Default',5,1,'Top Sales Orders'),(25,10,'Default',5,1,'Top Invoices'),(26,11,'Default',5,1,'My New Leads'),(27,12,'Default',5,1,'Top Purchase Orders'),(28,13,'Default',5,1,'Pending Activities'),(29,14,'Default',5,1,'My Recent FAQs'),(30,15,'Tag Cloud',5,0,'Tag Cloud'),(31,1,'Default',6,1,'Top Accounts'),(32,2,'Default',6,1,'Home Page Dashboard'),(33,3,'Default',6,1,'Top Potentials'),(34,4,'Default',6,1,'Top Quotes'),(35,5,'Default',6,1,'Key Metrics'),(36,6,'Default',6,1,'Top Trouble Tickets'),(37,7,'Default',6,1,'Upcoming Activities'),(38,8,'Default',6,1,'My Group Allocation'),(39,9,'Default',6,1,'Top Sales Orders'),(40,10,'Default',6,1,'Top Invoices'),(41,11,'Default',6,1,'My New Leads'),(42,12,'Default',6,1,'Top Purchase Orders'),(43,13,'Default',6,1,'Pending Activities'),(44,14,'Default',6,1,'My Recent FAQs'),(45,15,'Tag Cloud',6,0,'Tag Cloud'),(46,1,'Default',7,1,'Top Accounts'),(47,2,'Default',7,1,'Home Page Dashboard'),(48,3,'Default',7,1,'Top Potentials'),(49,4,'Default',7,1,'Top Quotes'),(50,5,'Default',7,1,'Key Metrics'),(51,6,'Default',7,1,'Top Trouble Tickets'),(52,7,'Default',7,1,'Upcoming Activities'),(53,8,'Default',7,1,'My Group Allocation'),(54,9,'Default',7,1,'Top Sales Orders'),(55,10,'Default',7,1,'Top Invoices'),(56,11,'Default',7,1,'My New Leads'),(57,12,'Default',7,1,'Top Purchase Orders'),(58,13,'Default',7,1,'Pending Activities'),(59,14,'Default',7,1,'My Recent FAQs'),(60,15,'Tag Cloud',7,0,'Tag Cloud'),(61,1,'Default',8,1,'Top Accounts'),(62,2,'Default',8,1,'Home Page Dashboard'),(63,3,'Default',8,0,'Top Potentials'),(64,4,'Default',8,1,'Top Quotes'),(65,5,'Default',8,0,'Key Metrics'),(66,6,'Default',8,1,'Top Trouble Tickets'),(67,7,'Default',8,0,'Upcoming Activities'),(68,8,'Default',8,1,'My Group Allocation'),(69,9,'Default',8,1,'Top Sales Orders'),(70,10,'Default',8,1,'Top Invoices'),(71,11,'Default',8,1,'My New Leads'),(72,12,'Default',8,1,'Top Purchase Orders'),(73,13,'Default',8,1,'Pending Activities'),(74,14,'Default',8,1,'My Recent FAQs'),(75,15,'Tag Cloud',8,0,'Tag Cloud'),(76,1,'Default',9,1,'Top Accounts'),(77,2,'Default',9,1,'Home Page Dashboard'),(78,3,'Default',9,1,'Top Potentials'),(79,4,'Default',9,1,'Top Quotes'),(80,5,'Default',9,1,'Key Metrics'),(81,6,'Default',9,1,'Top Trouble Tickets'),(82,7,'Default',9,1,'Upcoming Activities'),(83,8,'Default',9,1,'My Group Allocation'),(84,9,'Default',9,1,'Top Sales Orders'),(85,10,'Default',9,1,'Top Invoices'),(86,11,'Default',9,1,'My New Leads'),(87,12,'Default',9,1,'Top Purchase Orders'),(88,13,'Default',9,1,'Pending Activities'),(89,14,'Default',9,1,'My Recent FAQs'),(90,15,'Tag Cloud',9,0,'Tag Cloud'),(91,1,'Default',10,1,'Top Accounts'),(92,2,'Default',10,1,'Home Page Dashboard'),(93,3,'Default',10,1,'Top Potentials'),(94,4,'Default',10,1,'Top Quotes'),(95,5,'Default',10,1,'Key Metrics'),(96,6,'Default',10,1,'Top Trouble Tickets'),(97,7,'Default',10,1,'Upcoming Activities'),(98,8,'Default',10,1,'My Group Allocation'),(99,9,'Default',10,1,'Top Sales Orders'),(100,10,'Default',10,1,'Top Invoices'),(101,11,'Default',10,1,'My New Leads'),(102,12,'Default',10,1,'Top Purchase Orders'),(103,13,'Default',10,1,'Pending Activities'),(104,14,'Default',10,1,'My Recent FAQs'),(105,15,'Tag Cloud',10,0,'Tag Cloud'),(106,1,'Default',11,1,'Top Accounts'),(107,2,'Default',11,1,'Home Page Dashboard'),(108,3,'Default',11,1,'Top Potentials'),(109,4,'Default',11,1,'Top Quotes'),(110,5,'Default',11,1,'Key Metrics'),(111,6,'Default',11,1,'Top Trouble Tickets'),(112,7,'Default',11,1,'Upcoming Activities'),(113,8,'Default',11,1,'My Group Allocation'),(114,9,'Default',11,1,'Top Sales Orders'),(115,10,'Default',11,1,'Top Invoices'),(116,11,'Default',11,1,'My New Leads'),(117,12,'Default',11,1,'Top Purchase Orders'),(118,13,'Default',11,1,'Pending Activities'),(119,14,'Default',11,1,'My Recent FAQs'),(120,15,'Tag Cloud',11,0,'Tag Cloud'),(121,1,'Default',12,1,'Top Accounts'),(122,2,'Default',12,1,'Home Page Dashboard'),(123,3,'Default',12,1,'Top Potentials'),(124,4,'Default',12,1,'Top Quotes'),(125,5,'Default',12,1,'Key Metrics'),(126,6,'Default',12,1,'Top Trouble Tickets'),(127,7,'Default',12,1,'Upcoming Activities'),(128,8,'Default',12,1,'My Group Allocation'),(129,9,'Default',12,1,'Top Sales Orders'),(130,10,'Default',12,1,'Top Invoices'),(131,11,'Default',12,1,'My New Leads'),(132,12,'Default',12,1,'Top Purchase Orders'),(133,13,'Default',12,1,'Pending Activities'),(134,14,'Default',12,1,'My Recent FAQs'),(135,15,'Tag Cloud',12,0,'Tag Cloud'),(136,1,'Default',13,1,'Top Accounts'),(137,2,'Default',13,1,'Home Page Dashboard'),(138,3,'Default',13,1,'Top Potentials'),(139,4,'Default',13,1,'Top Quotes'),(140,5,'Default',13,1,'Key Metrics'),(141,6,'Default',13,1,'Top Trouble Tickets'),(142,7,'Default',13,1,'Upcoming Activities'),(143,8,'Default',13,1,'My Group Allocation'),(144,9,'Default',13,1,'Top Sales Orders'),(145,10,'Default',13,1,'Top Invoices'),(146,11,'Default',13,1,'My New Leads'),(147,12,'Default',13,1,'Top Purchase Orders'),(148,13,'Default',13,1,'Pending Activities'),(149,14,'Default',13,1,'My Recent FAQs'),(150,15,'Tag Cloud',13,0,'Tag Cloud');
/*!40000 ALTER TABLE `vtiger_homestuff` ENABLE KEYS */;
UNLOCK TABLES;

--
-- Table structure for table `vtiger_homestuff_seq`
--

DROP TABLE IF EXISTS `vtiger_homestuff_seq`;
/*!40101 SET @saved_cs_client     = @@character_set_client */;
/*!40101 SET character_set_client = utf8 */;
CREATE TABLE `vtiger_homestuff_seq` (
  `id` int(11) NOT NULL
) ENGINE=InnoDB DEFAULT CHARSET=utf8;
/*!40101 SET character_set_client = @saved_cs_client */;

--
-- Dumping data for table `vtiger_homestuff_seq`
--

LOCK TABLES `vtiger_homestuff_seq` WRITE;
/*!40000 ALTER TABLE `vtiger_homestuff_seq` DISABLE KEYS */;
INSERT INTO `vtiger_homestuff_seq` VALUES (150);
/*!40000 ALTER TABLE `vtiger_homestuff_seq` ENABLE KEYS */;
UNLOCK TABLES;

--
-- Table structure for table `vtiger_hour_format`
--

DROP TABLE IF EXISTS `vtiger_hour_format`;
/*!40101 SET @saved_cs_client     = @@character_set_client */;
/*!40101 SET character_set_client = utf8 */;
CREATE TABLE `vtiger_hour_format` (
  `hour_formatid` int(11) NOT NULL AUTO_INCREMENT,
  `hour_format` varchar(200) NOT NULL,
  `presence` int(1) NOT NULL DEFAULT '1',
  `picklist_valueid` int(11) NOT NULL DEFAULT '0',
  `sortorderid` int(11) DEFAULT '0',
  PRIMARY KEY (`hour_formatid`)
) ENGINE=InnoDB AUTO_INCREMENT=3 DEFAULT CHARSET=utf8;
/*!40101 SET character_set_client = @saved_cs_client */;

--
-- Dumping data for table `vtiger_hour_format`
--

LOCK TABLES `vtiger_hour_format` WRITE;
/*!40000 ALTER TABLE `vtiger_hour_format` DISABLE KEYS */;
INSERT INTO `vtiger_hour_format` VALUES (1,'12',1,295,1),(2,'24',1,296,2);
/*!40000 ALTER TABLE `vtiger_hour_format` ENABLE KEYS */;
UNLOCK TABLES;

--
-- Table structure for table `vtiger_hour_format_seq`
--

DROP TABLE IF EXISTS `vtiger_hour_format_seq`;
/*!40101 SET @saved_cs_client     = @@character_set_client */;
/*!40101 SET character_set_client = utf8 */;
CREATE TABLE `vtiger_hour_format_seq` (
  `id` int(11) NOT NULL
) ENGINE=InnoDB DEFAULT CHARSET=utf8;
/*!40101 SET character_set_client = @saved_cs_client */;

--
-- Dumping data for table `vtiger_hour_format_seq`
--

LOCK TABLES `vtiger_hour_format_seq` WRITE;
/*!40000 ALTER TABLE `vtiger_hour_format_seq` DISABLE KEYS */;
INSERT INTO `vtiger_hour_format_seq` VALUES (2);
/*!40000 ALTER TABLE `vtiger_hour_format_seq` ENABLE KEYS */;
UNLOCK TABLES;

--
-- Table structure for table `vtiger_import_locks`
--

DROP TABLE IF EXISTS `vtiger_import_locks`;
/*!40101 SET @saved_cs_client     = @@character_set_client */;
/*!40101 SET character_set_client = utf8 */;
CREATE TABLE `vtiger_import_locks` (
  `vtiger_import_lock_id` int(11) NOT NULL,
  `userid` int(11) NOT NULL,
  `tabid` int(11) NOT NULL,
  `importid` int(11) NOT NULL,
  `locked_since` datetime DEFAULT NULL,
  PRIMARY KEY (`vtiger_import_lock_id`)
) ENGINE=InnoDB DEFAULT CHARSET=utf8;
/*!40101 SET character_set_client = @saved_cs_client */;

--
-- Dumping data for table `vtiger_import_locks`
--

LOCK TABLES `vtiger_import_locks` WRITE;
/*!40000 ALTER TABLE `vtiger_import_locks` DISABLE KEYS */;
/*!40000 ALTER TABLE `vtiger_import_locks` ENABLE KEYS */;
UNLOCK TABLES;

--
-- Table structure for table `vtiger_import_maps`
--

DROP TABLE IF EXISTS `vtiger_import_maps`;
/*!40101 SET @saved_cs_client     = @@character_set_client */;
/*!40101 SET character_set_client = utf8 */;
CREATE TABLE `vtiger_import_maps` (
  `id` int(19) NOT NULL AUTO_INCREMENT,
  `name` varchar(36) NOT NULL,
  `module` varchar(36) NOT NULL,
  `content` longblob,
  `has_header` int(1) NOT NULL DEFAULT '1',
  `deleted` int(1) NOT NULL DEFAULT '0',
  `date_entered` timestamp NOT NULL,
  `date_modified` timestamp NOT NULL,
  `assigned_user_id` varchar(36) DEFAULT NULL,
  `is_published` varchar(3) NOT NULL DEFAULT 'no',
  PRIMARY KEY (`id`),
  KEY `import_maps_assigned_user_id_module_name_deleted_idx` (`assigned_user_id`,`module`,`name`,`deleted`)
) ENGINE=InnoDB DEFAULT CHARSET=utf8;
/*!40101 SET character_set_client = @saved_cs_client */;

--
-- Dumping data for table `vtiger_import_maps`
--

LOCK TABLES `vtiger_import_maps` WRITE;
/*!40000 ALTER TABLE `vtiger_import_maps` DISABLE KEYS */;
/*!40000 ALTER TABLE `vtiger_import_maps` ENABLE KEYS */;
UNLOCK TABLES;

--
-- Table structure for table `vtiger_import_queue`
--

DROP TABLE IF EXISTS `vtiger_import_queue`;
/*!40101 SET @saved_cs_client     = @@character_set_client */;
/*!40101 SET character_set_client = utf8 */;
CREATE TABLE `vtiger_import_queue` (
  `importid` int(11) NOT NULL,
  `userid` int(11) NOT NULL,
  `tabid` int(11) NOT NULL,
  `field_mapping` text,
  `default_values` text,
  `merge_type` int(11) DEFAULT NULL,
  `merge_fields` text,
  `status` int(11) DEFAULT '0',
  PRIMARY KEY (`importid`)
) ENGINE=InnoDB DEFAULT CHARSET=utf8;
/*!40101 SET character_set_client = @saved_cs_client */;

--
-- Dumping data for table `vtiger_import_queue`
--

LOCK TABLES `vtiger_import_queue` WRITE;
/*!40000 ALTER TABLE `vtiger_import_queue` DISABLE KEYS */;
/*!40000 ALTER TABLE `vtiger_import_queue` ENABLE KEYS */;
UNLOCK TABLES;

--
-- Table structure for table `vtiger_industry`
--

DROP TABLE IF EXISTS `vtiger_industry`;
/*!40101 SET @saved_cs_client     = @@character_set_client */;
/*!40101 SET character_set_client = utf8 */;
CREATE TABLE `vtiger_industry` (
  `industryid` int(19) NOT NULL AUTO_INCREMENT,
  `industry` varchar(200) NOT NULL,
  `presence` int(1) NOT NULL DEFAULT '1',
  `picklist_valueid` int(19) NOT NULL DEFAULT '0',
  `sortorderid` int(11) DEFAULT NULL,
  PRIMARY KEY (`industryid`),
  UNIQUE KEY `industry_industry_idx` (`industry`)
) ENGINE=InnoDB AUTO_INCREMENT=33 DEFAULT CHARSET=utf8;
/*!40101 SET character_set_client = @saved_cs_client */;

--
-- Dumping data for table `vtiger_industry`
--

LOCK TABLES `vtiger_industry` WRITE;
/*!40000 ALTER TABLE `vtiger_industry` DISABLE KEYS */;
INSERT INTO `vtiger_industry` VALUES (2,'Apparel',1,61,1),(3,'Banking',1,62,2),(4,'Biotechnology',1,63,3),(5,'Chemicals',1,64,4),(6,'Communications',1,65,5),(7,'Construction',1,66,6),(8,'Consulting',1,67,7),(9,'Education',1,68,8),(10,'Electronics',1,69,9),(11,'Energy',1,70,10),(12,'Engineering',1,71,11),(13,'Entertainment',1,72,12),(14,'Environmental',1,73,13),(15,'Finance',1,74,14),(16,'Food & Beverage',1,75,15),(17,'Government',1,76,16),(18,'Healthcare',1,77,17),(19,'Hospitality',1,78,18),(20,'Insurance',1,79,19),(21,'Machinery',1,80,20),(22,'Manufacturing',1,81,21),(23,'Media',1,82,22),(24,'Not For Profit',1,83,23),(25,'Recreation',1,84,24),(26,'Retail',1,85,25),(27,'Shipping',1,86,26),(28,'Technology',1,87,27),(29,'Telecommunications',1,88,28),(30,'Transportation',1,89,29),(31,'Utilities',1,90,30),(32,'Other',1,91,31);
/*!40000 ALTER TABLE `vtiger_industry` ENABLE KEYS */;
UNLOCK TABLES;

--
-- Table structure for table `vtiger_industry_seq`
--

DROP TABLE IF EXISTS `vtiger_industry_seq`;
/*!40101 SET @saved_cs_client     = @@character_set_client */;
/*!40101 SET character_set_client = utf8 */;
CREATE TABLE `vtiger_industry_seq` (
  `id` int(11) NOT NULL
) ENGINE=InnoDB DEFAULT CHARSET=utf8;
/*!40101 SET character_set_client = @saved_cs_client */;

--
-- Dumping data for table `vtiger_industry_seq`
--

LOCK TABLES `vtiger_industry_seq` WRITE;
/*!40000 ALTER TABLE `vtiger_industry_seq` DISABLE KEYS */;
INSERT INTO `vtiger_industry_seq` VALUES (32);
/*!40000 ALTER TABLE `vtiger_industry_seq` ENABLE KEYS */;
UNLOCK TABLES;

--
-- Table structure for table `vtiger_inventory_tandc`
--

DROP TABLE IF EXISTS `vtiger_inventory_tandc`;
/*!40101 SET @saved_cs_client     = @@character_set_client */;
/*!40101 SET character_set_client = utf8 */;
CREATE TABLE `vtiger_inventory_tandc` (
  `id` int(19) NOT NULL,
  `type` varchar(30) NOT NULL,
  `tandc` text,
  PRIMARY KEY (`id`)
) ENGINE=InnoDB DEFAULT CHARSET=utf8;
/*!40101 SET character_set_client = @saved_cs_client */;

--
-- Dumping data for table `vtiger_inventory_tandc`
--

LOCK TABLES `vtiger_inventory_tandc` WRITE;
/*!40000 ALTER TABLE `vtiger_inventory_tandc` DISABLE KEYS */;
INSERT INTO `vtiger_inventory_tandc` VALUES (1,'Inventory',' - Unless otherwise agreed in writing by the supplier all invoices are payable within thirty (30) days of the date of invoice.');
/*!40000 ALTER TABLE `vtiger_inventory_tandc` ENABLE KEYS */;
UNLOCK TABLES;

--
-- Table structure for table `vtiger_inventory_tandc_seq`
--

DROP TABLE IF EXISTS `vtiger_inventory_tandc_seq`;
/*!40101 SET @saved_cs_client     = @@character_set_client */;
/*!40101 SET character_set_client = utf8 */;
CREATE TABLE `vtiger_inventory_tandc_seq` (
  `id` int(11) NOT NULL
) ENGINE=InnoDB DEFAULT CHARSET=utf8;
/*!40101 SET character_set_client = @saved_cs_client */;

--
-- Dumping data for table `vtiger_inventory_tandc_seq`
--

LOCK TABLES `vtiger_inventory_tandc_seq` WRITE;
/*!40000 ALTER TABLE `vtiger_inventory_tandc_seq` DISABLE KEYS */;
INSERT INTO `vtiger_inventory_tandc_seq` VALUES (1);
/*!40000 ALTER TABLE `vtiger_inventory_tandc_seq` ENABLE KEYS */;
UNLOCK TABLES;

--
-- Table structure for table `vtiger_inventorynotification`
--

DROP TABLE IF EXISTS `vtiger_inventorynotification`;
/*!40101 SET @saved_cs_client     = @@character_set_client */;
/*!40101 SET character_set_client = utf8 */;
CREATE TABLE `vtiger_inventorynotification` (
  `notificationid` int(19) NOT NULL AUTO_INCREMENT,
  `notificationname` varchar(200) DEFAULT NULL,
  `notificationsubject` varchar(200) DEFAULT NULL,
  `notificationbody` text,
  `label` varchar(50) DEFAULT NULL,
  `status` varchar(30) DEFAULT NULL,
  PRIMARY KEY (`notificationid`)
) ENGINE=InnoDB AUTO_INCREMENT=4 DEFAULT CHARSET=utf8;
/*!40101 SET character_set_client = @saved_cs_client */;

--
-- Dumping data for table `vtiger_inventorynotification`
--

LOCK TABLES `vtiger_inventorynotification` WRITE;
/*!40000 ALTER TABLE `vtiger_inventorynotification` DISABLE KEYS */;
INSERT INTO `vtiger_inventorynotification` VALUES (1,'InvoiceNotification','{PRODUCTNAME} Stock Level is Low','Dear {HANDLER},\n\nThe current stock of {PRODUCTNAME} in our warehouse is {CURRENTSTOCK}. Kindly procure required number of units as the stock level is below reorder level {REORDERLEVELVALUE}.\n\nPlease treat this information as Urgent as the invoice is already sent  to the customer.\n\nSeverity: Critical\n\nThanks,\n{CURRENTUSER} ','InvoiceNotificationDescription',NULL),(2,'QuoteNotification','Quote given for {PRODUCTNAME}','Dear {HANDLER},\n\nQuote is generated for {QUOTEQUANTITY} units of {PRODUCTNAME}. The current stock of {PRODUCTNAME} in our warehouse is {CURRENTSTOCK}.\n\nSeverity: Minor\n\nThanks,\n{CURRENTUSER} ','QuoteNotificationDescription',NULL),(3,'SalesOrderNotification','Sales Order generated for {PRODUCTNAME}','Dear {HANDLER},\n\nSalesOrder is generated for {SOQUANTITY} units of {PRODUCTNAME}. The current stock of {PRODUCTNAME} in our warehouse is {CURRENTSTOCK}.\n\nPlease treat this information  with priority as the sales order is already generated.\n\nSeverity: Major\n\nThanks,\n{CURRENTUSER} ','SalesOrderNotificationDescription',NULL);
/*!40000 ALTER TABLE `vtiger_inventorynotification` ENABLE KEYS */;
UNLOCK TABLES;

--
-- Table structure for table `vtiger_inventorynotification_seq`
--

DROP TABLE IF EXISTS `vtiger_inventorynotification_seq`;
/*!40101 SET @saved_cs_client     = @@character_set_client */;
/*!40101 SET character_set_client = utf8 */;
CREATE TABLE `vtiger_inventorynotification_seq` (
  `id` int(11) NOT NULL
) ENGINE=InnoDB DEFAULT CHARSET=utf8;
/*!40101 SET character_set_client = @saved_cs_client */;

--
-- Dumping data for table `vtiger_inventorynotification_seq`
--

LOCK TABLES `vtiger_inventorynotification_seq` WRITE;
/*!40000 ALTER TABLE `vtiger_inventorynotification_seq` DISABLE KEYS */;
INSERT INTO `vtiger_inventorynotification_seq` VALUES (3);
/*!40000 ALTER TABLE `vtiger_inventorynotification_seq` ENABLE KEYS */;
UNLOCK TABLES;

--
-- Table structure for table `vtiger_inventoryproductrel`
--

DROP TABLE IF EXISTS `vtiger_inventoryproductrel`;
/*!40101 SET @saved_cs_client     = @@character_set_client */;
/*!40101 SET character_set_client = utf8 */;
CREATE TABLE `vtiger_inventoryproductrel` (
  `id` int(19) DEFAULT NULL,
  `productid` int(19) DEFAULT NULL,
  `sequence_no` int(4) DEFAULT NULL,
  `quantity` decimal(25,3) DEFAULT NULL,
  `listprice` decimal(27,8) DEFAULT NULL,
  `discount_percent` decimal(7,3) DEFAULT NULL,
  `discount_amount` decimal(27,8) DEFAULT NULL,
  `wholesaleprice` decimal(27,8) DEFAULT NULL,
  `retail_listprice` decimal(27,8) DEFAULT NULL,
  `retail_margin` decimal(7,3) DEFAULT NULL,
  `retail_discount_percent` decimal(7,3) DEFAULT NULL,
  `retail_discount_amount` decimal(27,8) DEFAULT NULL,
  `comment` varchar(500) DEFAULT NULL,
  `description` text,
  `incrementondel` int(11) NOT NULL DEFAULT '0',
  `lineitem_id` int(11) NOT NULL AUTO_INCREMENT,
  `tax1` decimal(7,3) DEFAULT NULL,
  `tax2` decimal(7,3) DEFAULT NULL,
  `tax3` decimal(7,3) DEFAULT NULL,
  `retail_tax1` decimal(7,3) DEFAULT NULL,
  `retail_tax2` decimal(7,3) DEFAULT NULL,
  `retail_tax3` decimal(7,3) DEFAULT NULL,
  `productwidth` varchar(45) DEFAULT NULL,
  `productdrop` varchar(45) DEFAULT NULL,
  `location` varchar(45) DEFAULT NULL,
  `fabric` varchar(45) DEFAULT NULL,
  `controltype` varchar(45) DEFAULT NULL,
  `rolldirection` varchar(45) DEFAULT NULL,
  `bottomrail` varchar(45) DEFAULT NULL,
  `railcolour` varchar(45) DEFAULT NULL,
  `controlside` varchar(45) DEFAULT NULL,
  `controlcolour` varchar(45) DEFAULT NULL,
  `chaincolour` varchar(45) DEFAULT NULL,
  `chainlength` varchar(45) DEFAULT NULL,
  `springassist` varchar(45) DEFAULT NULL,
  `bracketcovers` varchar(45) DEFAULT NULL,
  `railroad` varchar(45) DEFAULT NULL,
  `comments` varchar(45) DEFAULT NULL,
  PRIMARY KEY (`lineitem_id`),
  KEY `inventoryproductrel_id_idx` (`id`),
  KEY `inventoryproductrel_productid_idx` (`productid`)
) ENGINE=InnoDB AUTO_INCREMENT=54 DEFAULT CHARSET=utf8;
/*!40101 SET character_set_client = @saved_cs_client */;

--
-- Dumping data for table `vtiger_inventoryproductrel`
--

LOCK TABLES `vtiger_inventoryproductrel` WRITE;
/*!40000 ALTER TABLE `vtiger_inventoryproductrel` DISABLE KEYS */;
INSERT INTO `vtiger_inventoryproductrel` VALUES (9,8,1,1.000,286.00000000,NULL,NULL,NULL,NULL,NULL,NULL,NULL,'',NULL,0,3,4.500,10.000,12.500,NULL,NULL,NULL,'1500','1600','Bathroom','45.441.091','6','Ordinary','1','Pure White','Left','Barley','Black','1750','Yes','No','No',''),(9,8,2,1.000,440.00000000,NULL,NULL,NULL,NULL,NULL,NULL,NULL,'',NULL,0,4,4.500,10.000,12.500,NULL,NULL,NULL,'2000','2500','Bed1','42.001.999','6','Ordinary','1','Pure White','Left','Pure White','Stainless Steel','500','Yes','No','No',''),(10,8,1,2.000,563.00000000,NULL,NULL,NULL,NULL,NULL,NULL,NULL,'',NULL,0,7,4.500,10.000,12.500,NULL,NULL,NULL,'2300','2400','Bed1','45.441.091','6','Ordinary','1','Pure White','Left','Pure White','Stainless Steel','500','Yes','No','No',''),(10,8,2,3.000,141.00000000,NULL,NULL,NULL,NULL,NULL,NULL,NULL,'',NULL,0,8,4.500,10.000,12.500,NULL,NULL,NULL,'1500','2300','Study','45.387.715','6','Ordinary','1','Pure White','Left','Pure White','Stainless Steel','500','Yes','No','No',''),(11,8,1,2.000,563.00000000,NULL,NULL,NULL,NULL,NULL,NULL,NULL,'',NULL,0,9,4.500,10.000,12.500,NULL,NULL,NULL,'2300','2400','Bed1','45.441.091','6','Ordinary','1','Pure White','Left','Pure White','Stainless Steel','500','Yes','No','No',''),(11,8,2,3.000,141.00000000,NULL,NULL,NULL,NULL,NULL,NULL,NULL,'',NULL,0,10,4.500,10.000,12.500,NULL,NULL,NULL,'1500','2300','Study','45.387.715','6','Ordinary','1','Pure White','Left','Pure White','Stainless Steel','500','Yes','No','No',''),(20,8,1,1.000,593.00000000,NULL,NULL,NULL,NULL,NULL,NULL,NULL,'',NULL,0,13,4.500,10.000,12.500,NULL,NULL,NULL,'2500','2600','Activity','45.441.091','6','Ordinary','1','Pure White','Left','Barley','Black','1000','Yes','No','No',''),(21,8,1,1.000,286.00000000,NULL,NULL,NULL,NULL,NULL,NULL,NULL,'',NULL,0,14,4.500,10.000,12.500,NULL,NULL,NULL,'1500','1600','Bed1','45.441.091','6','Ordinary','1','Pure White','Left','Pure White','Stainless Steel','500','Yes','No','No',''),(26,8,1,1.000,151.00000000,NULL,NULL,NULL,NULL,NULL,NULL,NULL,'',NULL,0,15,4.500,10.000,12.500,NULL,NULL,NULL,'1900','1900','Bed1','45.085.171','6','Reverse','3','Pure White','Left','Pure White','Nickel Plate','500','Yes','No','No',''),(26,8,2,1.000,100.00000000,NULL,NULL,NULL,NULL,NULL,NULL,NULL,'',NULL,0,16,4.500,10.000,12.500,NULL,NULL,NULL,'1800','1500','Other','45.085.171','6','Ordinary','3','Pure White','Left','Pure White','Stainless Steel','500','No','No','No',''),(26,8,3,2.000,83.00000000,NULL,NULL,NULL,NULL,NULL,NULL,NULL,'',NULL,0,17,4.500,10.000,12.500,NULL,NULL,NULL,'1000','2250','Bed1','45.085.171','6','Ordinary','3','Pure White','Left','Pure White','Stainless Steel','500','No','No','No',''),(26,8,4,1.000,118.00000000,NULL,NULL,NULL,NULL,NULL,NULL,NULL,'',NULL,0,18,4.500,10.000,12.500,NULL,NULL,NULL,'1900','1900','Other','45.085.171','6','Ordinary','3','Pure White','Left','Pure White','Stainless Steel','500','No','No','No',''),(27,8,1,1.000,118.00000000,NULL,NULL,NULL,NULL,NULL,NULL,NULL,'',NULL,0,19,4.500,10.000,12.500,NULL,NULL,NULL,'1900','1900','Bed1','45.085.171','6','Ordinary','1','Pure White','Left','Pure White','Stainless Steel','500','No','No','No',''),(27,8,2,1.000,100.00000000,NULL,NULL,NULL,NULL,NULL,NULL,NULL,'',NULL,0,20,4.500,10.000,12.500,NULL,NULL,NULL,'1800','1500','Bed2','45.085.171','7','Reverse','3','Pure White','Left','Pure White','Stainless Steel','1000','No','No','No',''),(27,8,3,1.000,83.00000000,NULL,NULL,NULL,NULL,NULL,NULL,NULL,'',NULL,0,21,4.500,10.000,12.500,NULL,NULL,NULL,'1000','2250','Lounge','45.085.171','7','Reverse','3','Pure White','Left','Pure White','Stainless Steel','500','No','No','No',''),(27,8,4,1.000,83.00000000,NULL,NULL,NULL,NULL,NULL,NULL,NULL,'',NULL,0,22,4.500,10.000,12.500,NULL,NULL,NULL,'1000','2250','Lounge','45.085.171','7','Ordinary','3','Pure White','Left','Pure White','Stainless Steel','500','No','No','No',''),(27,8,5,1.000,151.00000000,NULL,NULL,NULL,NULL,NULL,NULL,NULL,'',NULL,0,23,4.500,10.000,12.500,NULL,NULL,NULL,'1900','1900','Lounge','45.085.171','7','Reverse','3','Pure White','Left','Pure White','Stainless Steel','500','Yes','No','No',''),(27,8,6,1.000,126.00000000,NULL,NULL,NULL,NULL,NULL,NULL,NULL,'',NULL,0,24,4.500,10.000,12.500,NULL,NULL,NULL,'1800','1200','Dining','45.085.171','7','Ordinary','3','Pure White','Left','Pure White','Stainless Steel','500','Yes','No','No',''),(27,8,7,1.000,69.00000000,NULL,NULL,NULL,NULL,NULL,NULL,NULL,'',NULL,0,25,4.500,10.000,12.500,NULL,NULL,NULL,'800','1200','Kitchen','45.085.171','7','Ordinary','3','Pure White','Left','Pure White','Stainless Steel','500','No','No','No',''),(39,8,1,1.000,109.00000000,NULL,NULL,NULL,NULL,NULL,NULL,NULL,'',NULL,0,31,4.500,10.000,12.500,NULL,NULL,NULL,'1000','1000','Bed1','45.441.153','6','Ordinary','1','Pure White','Left','Pure White','Stainless Steel','500','No','No','No',''),(40,8,1,1.000,109.00000000,NULL,NULL,NULL,NULL,NULL,NULL,NULL,'',NULL,0,34,4.500,10.000,12.500,NULL,NULL,NULL,'1000','1000','Bed1','45.441.153','6','Ordinary','1','Pure White','Left','Pure White','Stainless Steel','500','No','No','No',''),(34,8,1,1.000,92.00000000,10.000,NULL,NULL,NULL,NULL,NULL,NULL,'',NULL,0,43,4.500,10.000,12.500,NULL,NULL,NULL,'1000','1000','Bed1','45.085.980','6','Ordinary','1','Pure White','Left','Pure White','Stainless Steel','500','Yes','No','No',''),(34,8,2,1.000,123.00000000,5.000,NULL,NULL,NULL,NULL,NULL,NULL,'',NULL,0,44,4.500,10.000,12.500,NULL,NULL,NULL,'1500','1500','Bed1','45.085.603','6','Ordinary','1','Pure White','Left','Pure White','Stainless Steel','500','Yes','No','No',''),(46,8,1,1.000,141.00000000,NULL,NULL,NULL,NULL,NULL,NULL,NULL,'',NULL,0,45,4.500,10.000,12.500,NULL,NULL,NULL,'1000','1000','Bed1','45.040.551','7','Ordinary','1','Pure White','Left','Pure White','Stainless Steel','500','Yes','No','No','sdasdas'),(47,8,1,1.000,177.00000000,NULL,NULL,NULL,NULL,NULL,NULL,NULL,'',NULL,0,46,4.500,10.000,12.500,NULL,NULL,NULL,'1000','1000','Bed1','45.441.091','6','Ordinary','1','Pure White','Left','Pure White','Stainless Steel','500','Yes','No','No',''),(84,8,1,1.000,168.00000000,NULL,NULL,168.00000000,336.00000000,NULL,10.000,NULL,'',NULL,0,47,10.000,NULL,NULL,NULL,NULL,NULL,'1200','1200','Bed1','45.040.551','6','Ordinary','1','Pure White','Left','Pure White','Stainless Steel','500','Yes','No','No',''),(85,8,1,1.000,168.00000000,NULL,NULL,168.00000000,336.00000000,NULL,10.000,NULL,'',NULL,0,48,10.000,NULL,NULL,NULL,NULL,NULL,'1200','1200','Bed1','45.040.551','6','Ordinary','1','Pure White','Left','Pure White','Stainless Steel','500','Yes','No','No',''),(87,8,1,1.000,162.00000000,NULL,NULL,162.00000000,324.00000000,NULL,NULL,NULL,'',NULL,0,49,10.000,NULL,NULL,NULL,NULL,NULL,'1000','1000','Activity','42.001.999','6','Ordinary','1','Pure White','Left','Pure White','Stainless Steel','500','Yes','No','No','asdasdasdsad'),(87,8,2,3.000,182.00000000,NULL,NULL,182.00000000,364.00000000,NULL,NULL,NULL,'',NULL,0,50,10.000,NULL,NULL,NULL,NULL,NULL,'1500','1500','Bed1','45.040.739','6','Ordinary','1','Pure White','Left','Pure White','Stainless Steel','500','No','No','No',''),(89,8,1,1.000,177.00000000,NULL,NULL,177.00000000,354.00000000,NULL,NULL,NULL,'',NULL,0,52,10.000,NULL,NULL,NULL,NULL,NULL,'1000','1000','Bed room','45.441.091','6','Ordinary','3','','Left','','','500','Yes','No','No',''),(13,8,1,1.000,229.00000000,NULL,NULL,229.00000000,458.00000000,NULL,NULL,NULL,'',NULL,0,53,4.500,10.000,12.500,NULL,NULL,NULL,'1600','1500','Bed1','45.040.631','6','Ordinary','1','Pure White','Left','Pure White','Stainless Steel','500','Yes','No','No','');
/*!40000 ALTER TABLE `vtiger_inventoryproductrel` ENABLE KEYS */;
UNLOCK TABLES;

--
-- Table structure for table `vtiger_inventoryproductrel_seq`
--

DROP TABLE IF EXISTS `vtiger_inventoryproductrel_seq`;
/*!40101 SET @saved_cs_client     = @@character_set_client */;
/*!40101 SET character_set_client = utf8 */;
CREATE TABLE `vtiger_inventoryproductrel_seq` (
  `id` int(11) NOT NULL
) ENGINE=InnoDB DEFAULT CHARSET=utf8;
/*!40101 SET character_set_client = @saved_cs_client */;

--
-- Dumping data for table `vtiger_inventoryproductrel_seq`
--

LOCK TABLES `vtiger_inventoryproductrel_seq` WRITE;
/*!40000 ALTER TABLE `vtiger_inventoryproductrel_seq` DISABLE KEYS */;
INSERT INTO `vtiger_inventoryproductrel_seq` VALUES (0);
/*!40000 ALTER TABLE `vtiger_inventoryproductrel_seq` ENABLE KEYS */;
UNLOCK TABLES;

--
-- Table structure for table `vtiger_inventoryshippingrel`
--

DROP TABLE IF EXISTS `vtiger_inventoryshippingrel`;
/*!40101 SET @saved_cs_client     = @@character_set_client */;
/*!40101 SET character_set_client = utf8 */;
CREATE TABLE `vtiger_inventoryshippingrel` (
  `id` int(19) DEFAULT NULL,
  `shtax1` decimal(7,3) DEFAULT NULL,
  `shtax2` decimal(7,3) DEFAULT NULL,
  `shtax3` decimal(7,3) DEFAULT NULL,
  `retail_shtax1` decimal(7,3) DEFAULT NULL,
  `retail_shtax2` decimal(7,3) DEFAULT NULL,
  `retail_shtax3` decimal(7,3) DEFAULT NULL,
  KEY `inventoryishippingrel_id_idx` (`id`)
) ENGINE=InnoDB DEFAULT CHARSET=utf8;
/*!40101 SET character_set_client = @saved_cs_client */;

--
-- Dumping data for table `vtiger_inventoryshippingrel`
--

LOCK TABLES `vtiger_inventoryshippingrel` WRITE;
/*!40000 ALTER TABLE `vtiger_inventoryshippingrel` DISABLE KEYS */;
INSERT INTO `vtiger_inventoryshippingrel` VALUES (9,4.500,10.000,12.500,NULL,NULL,NULL),(10,4.500,10.000,12.500,NULL,NULL,NULL),(11,4.500,10.000,12.500,NULL,NULL,NULL),(20,4.500,10.000,12.500,NULL,NULL,NULL),(21,4.500,10.000,12.500,NULL,NULL,NULL),(26,4.500,10.000,12.500,NULL,NULL,NULL),(27,4.500,10.000,12.500,NULL,NULL,NULL),(39,4.500,10.000,12.500,NULL,NULL,NULL),(40,4.500,10.000,12.500,NULL,NULL,NULL),(34,4.500,10.000,12.500,NULL,NULL,NULL),(46,4.500,10.000,12.500,NULL,NULL,NULL),(47,4.500,10.000,12.500,NULL,NULL,NULL),(84,10.000,NULL,NULL,NULL,NULL,NULL),(85,10.000,NULL,NULL,NULL,NULL,NULL),(87,10.000,NULL,NULL,NULL,NULL,NULL),(89,10.000,NULL,NULL,NULL,NULL,NULL),(13,4.500,NULL,NULL,NULL,NULL,NULL);
/*!40000 ALTER TABLE `vtiger_inventoryshippingrel` ENABLE KEYS */;
UNLOCK TABLES;

--
-- Table structure for table `vtiger_inventorysubproductrel`
--

DROP TABLE IF EXISTS `vtiger_inventorysubproductrel`;
/*!40101 SET @saved_cs_client     = @@character_set_client */;
/*!40101 SET character_set_client = utf8 */;
CREATE TABLE `vtiger_inventorysubproductrel` (
  `id` int(19) NOT NULL,
  `sequence_no` int(10) NOT NULL,
  `productid` int(19) NOT NULL
) ENGINE=InnoDB DEFAULT CHARSET=utf8;
/*!40101 SET character_set_client = @saved_cs_client */;

--
-- Dumping data for table `vtiger_inventorysubproductrel`
--

LOCK TABLES `vtiger_inventorysubproductrel` WRITE;
/*!40000 ALTER TABLE `vtiger_inventorysubproductrel` DISABLE KEYS */;
/*!40000 ALTER TABLE `vtiger_inventorysubproductrel` ENABLE KEYS */;
UNLOCK TABLES;

--
-- Table structure for table `vtiger_inventorytaxinfo`
--

DROP TABLE IF EXISTS `vtiger_inventorytaxinfo`;
/*!40101 SET @saved_cs_client     = @@character_set_client */;
/*!40101 SET character_set_client = utf8 */;
CREATE TABLE `vtiger_inventorytaxinfo` (
  `taxid` int(3) NOT NULL,
  `taxname` varchar(50) DEFAULT NULL,
  `taxlabel` varchar(50) DEFAULT NULL,
  `percentage` decimal(7,3) DEFAULT NULL,
  `deleted` int(1) DEFAULT NULL,
  PRIMARY KEY (`taxid`),
  KEY `inventorytaxinfo_taxname_idx` (`taxname`)
) ENGINE=InnoDB DEFAULT CHARSET=utf8;
/*!40101 SET character_set_client = @saved_cs_client */;

--
-- Dumping data for table `vtiger_inventorytaxinfo`
--

LOCK TABLES `vtiger_inventorytaxinfo` WRITE;
/*!40000 ALTER TABLE `vtiger_inventorytaxinfo` DISABLE KEYS */;
INSERT INTO `vtiger_inventorytaxinfo` VALUES (1,'tax1','Sales Tax',10.000,0),(2,'tax2','Sales',0.000,1),(3,'tax3','Service',0.000,1);
/*!40000 ALTER TABLE `vtiger_inventorytaxinfo` ENABLE KEYS */;
UNLOCK TABLES;

--
-- Table structure for table `vtiger_inventorytaxinfo_seq`
--

DROP TABLE IF EXISTS `vtiger_inventorytaxinfo_seq`;
/*!40101 SET @saved_cs_client     = @@character_set_client */;
/*!40101 SET character_set_client = utf8 */;
CREATE TABLE `vtiger_inventorytaxinfo_seq` (
  `id` int(11) NOT NULL
) ENGINE=InnoDB DEFAULT CHARSET=utf8;
/*!40101 SET character_set_client = @saved_cs_client */;

--
-- Dumping data for table `vtiger_inventorytaxinfo_seq`
--

LOCK TABLES `vtiger_inventorytaxinfo_seq` WRITE;
/*!40000 ALTER TABLE `vtiger_inventorytaxinfo_seq` DISABLE KEYS */;
INSERT INTO `vtiger_inventorytaxinfo_seq` VALUES (3);
/*!40000 ALTER TABLE `vtiger_inventorytaxinfo_seq` ENABLE KEYS */;
UNLOCK TABLES;

--
-- Table structure for table `vtiger_invitees`
--

DROP TABLE IF EXISTS `vtiger_invitees`;
/*!40101 SET @saved_cs_client     = @@character_set_client */;
/*!40101 SET character_set_client = utf8 */;
CREATE TABLE `vtiger_invitees` (
  `activityid` int(19) NOT NULL,
  `inviteeid` int(19) NOT NULL,
  PRIMARY KEY (`activityid`,`inviteeid`)
) ENGINE=InnoDB DEFAULT CHARSET=utf8;
/*!40101 SET character_set_client = @saved_cs_client */;

--
-- Dumping data for table `vtiger_invitees`
--

LOCK TABLES `vtiger_invitees` WRITE;
/*!40000 ALTER TABLE `vtiger_invitees` DISABLE KEYS */;
/*!40000 ALTER TABLE `vtiger_invitees` ENABLE KEYS */;
UNLOCK TABLES;

--
-- Table structure for table `vtiger_invoice`
--

DROP TABLE IF EXISTS `vtiger_invoice`;
/*!40101 SET @saved_cs_client     = @@character_set_client */;
/*!40101 SET character_set_client = utf8 */;
CREATE TABLE `vtiger_invoice` (
  `invoiceid` int(19) NOT NULL DEFAULT '0',
  `subject` varchar(100) DEFAULT NULL,
  `salesorderid` int(19) DEFAULT NULL,
  `customerno` varchar(100) DEFAULT NULL,
  `contactid` int(19) DEFAULT NULL,
  `notes` varchar(100) DEFAULT NULL,
  `invoicedate` date DEFAULT NULL,
  `duedate` date DEFAULT NULL,
  `invoiceterms` varchar(100) DEFAULT NULL,
  `type` varchar(100) DEFAULT NULL,
  `adjustment` decimal(25,8) DEFAULT NULL,
  `salescommission` decimal(25,3) DEFAULT NULL,
  `exciseduty` decimal(25,3) DEFAULT NULL,
  `subtotal` decimal(25,8) DEFAULT NULL,
  `total` decimal(25,8) DEFAULT NULL,
  `retail_margin` decimal(25,3) DEFAULT NULL,
  `retail_actual_margin` decimal(25,3) DEFAULT NULL,
  `retail_actual_discount` decimal(25,3) DEFAULT NULL,
  `retail_notes` varchar(100) DEFAULT NULL,
  `retail_invoicedate` date DEFAULT NULL,
  `retail_duedate` date DEFAULT NULL,
  `retail_invoiceterms` varchar(100) DEFAULT NULL,
  `retail_type` varchar(100) DEFAULT NULL,
  `retail_adjustment` decimal(25,8) DEFAULT NULL,
  `retail_salescommission` decimal(25,3) DEFAULT NULL,
  `retail_exciseduty` decimal(25,3) DEFAULT NULL,
  `retail_subtotal` decimal(25,8) DEFAULT NULL,
  `retail_total` decimal(25,8) DEFAULT NULL,
  `taxtype` varchar(25) DEFAULT NULL,
  `discount_percent` decimal(25,3) DEFAULT NULL,
  `discount_amount` decimal(25,8) DEFAULT NULL,
  `s_h_amount` decimal(25,8) DEFAULT NULL,
  `retail_discount_percent` decimal(25,3) DEFAULT NULL,
  `retail_discount_amount` decimal(25,8) DEFAULT NULL,
  `retail_s_h_amount` decimal(25,8) DEFAULT NULL,
  `shipping` varchar(100) DEFAULT NULL,
  `accountid` int(19) DEFAULT NULL,
  `terms_conditions` text,
  `purchaseorder` varchar(200) DEFAULT NULL,
  `invoicestatus` varchar(200) DEFAULT NULL,
  `invoice_no` varchar(100) DEFAULT NULL,
  `currency_id` int(19) NOT NULL DEFAULT '1',
  `conversion_rate` decimal(10,3) NOT NULL DEFAULT '1.000',
  `pre_tax_total` decimal(25,8) DEFAULT NULL,
  `received` decimal(25,8) DEFAULT NULL,
  `balance` decimal(25,8) DEFAULT NULL,
  `s_h_percent` int(11) DEFAULT NULL,
  `retail_invoicestatus` varchar(200) DEFAULT NULL,
  `retail_invoice_no` varchar(100) DEFAULT NULL,
  `retail_currency_id` int(19) NOT NULL DEFAULT '1',
  `retail_conversion_rate` decimal(10,3) NOT NULL DEFAULT '1.000',
  `retail_pre_tax_total` decimal(25,8) DEFAULT NULL,
  `retail_received` decimal(25,8) DEFAULT NULL,
  `retail_balance` decimal(25,8) DEFAULT NULL,
  `retail_s_h_percent` int(11) DEFAULT NULL,
  PRIMARY KEY (`invoiceid`),
  KEY `invoice_purchaseorderid_idx` (`invoiceid`)
) ENGINE=InnoDB DEFAULT CHARSET=utf8;
/*!40101 SET character_set_client = @saved_cs_client */;

--
-- Dumping data for table `vtiger_invoice`
--

LOCK TABLES `vtiger_invoice` WRITE;
/*!40000 ALTER TABLE `vtiger_invoice` DISABLE KEYS */;
/*!40000 ALTER TABLE `vtiger_invoice` ENABLE KEYS */;
UNLOCK TABLES;

--
-- Table structure for table `vtiger_invoice_recurring_info`
--

DROP TABLE IF EXISTS `vtiger_invoice_recurring_info`;
/*!40101 SET @saved_cs_client     = @@character_set_client */;
/*!40101 SET character_set_client = utf8 */;
CREATE TABLE `vtiger_invoice_recurring_info` (
  `salesorderid` int(11) NOT NULL DEFAULT '0',
  `recurring_frequency` varchar(200) DEFAULT NULL,
  `start_period` date DEFAULT NULL,
  `end_period` date DEFAULT NULL,
  `last_recurring_date` date DEFAULT NULL,
  `payment_duration` varchar(200) DEFAULT NULL,
  `invoice_status` varchar(200) DEFAULT NULL,
  PRIMARY KEY (`salesorderid`)
) ENGINE=InnoDB DEFAULT CHARSET=utf8;
/*!40101 SET character_set_client = @saved_cs_client */;

--
-- Dumping data for table `vtiger_invoice_recurring_info`
--

LOCK TABLES `vtiger_invoice_recurring_info` WRITE;
/*!40000 ALTER TABLE `vtiger_invoice_recurring_info` DISABLE KEYS */;
/*!40000 ALTER TABLE `vtiger_invoice_recurring_info` ENABLE KEYS */;
UNLOCK TABLES;

--
-- Table structure for table `vtiger_invoicebillads`
--

DROP TABLE IF EXISTS `vtiger_invoicebillads`;
/*!40101 SET @saved_cs_client     = @@character_set_client */;
/*!40101 SET character_set_client = utf8 */;
CREATE TABLE `vtiger_invoicebillads` (
  `invoicebilladdressid` int(19) NOT NULL DEFAULT '0',
  `bill_city` varchar(30) DEFAULT NULL,
  `bill_code` varchar(30) DEFAULT NULL,
  `bill_country` varchar(30) DEFAULT NULL,
  `bill_state` varchar(30) DEFAULT NULL,
  `bill_street` varchar(250) DEFAULT NULL,
  `bill_pobox` varchar(30) DEFAULT NULL,
  PRIMARY KEY (`invoicebilladdressid`)
) ENGINE=InnoDB DEFAULT CHARSET=utf8;
/*!40101 SET character_set_client = @saved_cs_client */;

--
-- Dumping data for table `vtiger_invoicebillads`
--

LOCK TABLES `vtiger_invoicebillads` WRITE;
/*!40000 ALTER TABLE `vtiger_invoicebillads` DISABLE KEYS */;
/*!40000 ALTER TABLE `vtiger_invoicebillads` ENABLE KEYS */;
UNLOCK TABLES;

--
-- Table structure for table `vtiger_invoicecf`
--

DROP TABLE IF EXISTS `vtiger_invoicecf`;
/*!40101 SET @saved_cs_client     = @@character_set_client */;
/*!40101 SET character_set_client = utf8 */;
CREATE TABLE `vtiger_invoicecf` (
  `invoiceid` int(19) NOT NULL DEFAULT '0',
  PRIMARY KEY (`invoiceid`)
) ENGINE=InnoDB DEFAULT CHARSET=utf8;
/*!40101 SET character_set_client = @saved_cs_client */;

--
-- Dumping data for table `vtiger_invoicecf`
--

LOCK TABLES `vtiger_invoicecf` WRITE;
/*!40000 ALTER TABLE `vtiger_invoicecf` DISABLE KEYS */;
/*!40000 ALTER TABLE `vtiger_invoicecf` ENABLE KEYS */;
UNLOCK TABLES;

--
-- Table structure for table `vtiger_invoiceshipads`
--

DROP TABLE IF EXISTS `vtiger_invoiceshipads`;
/*!40101 SET @saved_cs_client     = @@character_set_client */;
/*!40101 SET character_set_client = utf8 */;
CREATE TABLE `vtiger_invoiceshipads` (
  `invoiceshipaddressid` int(19) NOT NULL DEFAULT '0',
  `ship_city` varchar(30) DEFAULT NULL,
  `ship_code` varchar(30) DEFAULT NULL,
  `ship_country` varchar(30) DEFAULT NULL,
  `ship_state` varchar(30) DEFAULT NULL,
  `ship_street` varchar(250) DEFAULT NULL,
  `ship_pobox` varchar(30) DEFAULT NULL,
  PRIMARY KEY (`invoiceshipaddressid`)
) ENGINE=InnoDB DEFAULT CHARSET=utf8;
/*!40101 SET character_set_client = @saved_cs_client */;

--
-- Dumping data for table `vtiger_invoiceshipads`
--

LOCK TABLES `vtiger_invoiceshipads` WRITE;
/*!40000 ALTER TABLE `vtiger_invoiceshipads` DISABLE KEYS */;
/*!40000 ALTER TABLE `vtiger_invoiceshipads` ENABLE KEYS */;
UNLOCK TABLES;

--
-- Table structure for table `vtiger_invoicestatus`
--

DROP TABLE IF EXISTS `vtiger_invoicestatus`;
/*!40101 SET @saved_cs_client     = @@character_set_client */;
/*!40101 SET character_set_client = utf8 */;
CREATE TABLE `vtiger_invoicestatus` (
  `invoicestatusid` int(19) NOT NULL AUTO_INCREMENT,
  `invoicestatus` varchar(200) NOT NULL,
  `presence` int(1) NOT NULL DEFAULT '1',
  `picklist_valueid` int(19) NOT NULL DEFAULT '0',
  `sortorderid` int(11) DEFAULT NULL,
  PRIMARY KEY (`invoicestatusid`),
  UNIQUE KEY `invoicestatus_invoiestatus_idx` (`invoicestatus`)
) ENGINE=InnoDB AUTO_INCREMENT=8 DEFAULT CHARSET=utf8;
/*!40101 SET character_set_client = @saved_cs_client */;

--
-- Dumping data for table `vtiger_invoicestatus`
--

LOCK TABLES `vtiger_invoicestatus` WRITE;
/*!40000 ALTER TABLE `vtiger_invoicestatus` DISABLE KEYS */;
INSERT INTO `vtiger_invoicestatus` VALUES (1,'AutoCreated',0,92,0),(2,'Created',0,93,1),(3,'Approved',0,94,2),(4,'Sent',0,95,3),(5,'Credit Invoice',0,96,4),(6,'Paid',0,97,5),(7,'Cancel',1,288,1);
/*!40000 ALTER TABLE `vtiger_invoicestatus` ENABLE KEYS */;
UNLOCK TABLES;

--
-- Table structure for table `vtiger_invoicestatus_seq`
--

DROP TABLE IF EXISTS `vtiger_invoicestatus_seq`;
/*!40101 SET @saved_cs_client     = @@character_set_client */;
/*!40101 SET character_set_client = utf8 */;
CREATE TABLE `vtiger_invoicestatus_seq` (
  `id` int(11) NOT NULL
) ENGINE=InnoDB DEFAULT CHARSET=utf8;
/*!40101 SET character_set_client = @saved_cs_client */;

--
-- Dumping data for table `vtiger_invoicestatus_seq`
--

LOCK TABLES `vtiger_invoicestatus_seq` WRITE;
/*!40000 ALTER TABLE `vtiger_invoicestatus_seq` DISABLE KEYS */;
INSERT INTO `vtiger_invoicestatus_seq` VALUES (7);
/*!40000 ALTER TABLE `vtiger_invoicestatus_seq` ENABLE KEYS */;
UNLOCK TABLES;

--
-- Table structure for table `vtiger_invoicestatushistory`
--

DROP TABLE IF EXISTS `vtiger_invoicestatushistory`;
/*!40101 SET @saved_cs_client     = @@character_set_client */;
/*!40101 SET character_set_client = utf8 */;
CREATE TABLE `vtiger_invoicestatushistory` (
  `historyid` int(19) NOT NULL AUTO_INCREMENT,
  `invoiceid` int(19) NOT NULL,
  `accountname` varchar(100) DEFAULT NULL,
  `total` decimal(10,0) DEFAULT NULL,
  `invoicestatus` varchar(200) DEFAULT NULL,
  `lastmodified` datetime DEFAULT NULL,
  PRIMARY KEY (`historyid`),
  KEY `invoicestatushistory_invoiceid_idx` (`invoiceid`)
) ENGINE=InnoDB DEFAULT CHARSET=utf8;
/*!40101 SET character_set_client = @saved_cs_client */;

--
-- Dumping data for table `vtiger_invoicestatushistory`
--

LOCK TABLES `vtiger_invoicestatushistory` WRITE;
/*!40000 ALTER TABLE `vtiger_invoicestatushistory` DISABLE KEYS */;
/*!40000 ALTER TABLE `vtiger_invoicestatushistory` ENABLE KEYS */;
UNLOCK TABLES;

--
-- Table structure for table `vtiger_language`
--

DROP TABLE IF EXISTS `vtiger_language`;
/*!40101 SET @saved_cs_client     = @@character_set_client */;
/*!40101 SET character_set_client = utf8 */;
CREATE TABLE `vtiger_language` (
  `id` int(11) NOT NULL AUTO_INCREMENT,
  `name` varchar(50) DEFAULT NULL,
  `prefix` varchar(10) DEFAULT NULL,
  `label` varchar(30) DEFAULT NULL,
  `lastupdated` datetime DEFAULT NULL,
  `sequence` int(11) DEFAULT NULL,
  `isdefault` int(1) DEFAULT NULL,
  `active` int(1) DEFAULT NULL,
  PRIMARY KEY (`id`)
) ENGINE=InnoDB AUTO_INCREMENT=17 DEFAULT CHARSET=utf8;
/*!40101 SET character_set_client = @saved_cs_client */;

--
-- Dumping data for table `vtiger_language`
--

LOCK TABLES `vtiger_language` WRITE;
/*!40000 ALTER TABLE `vtiger_language` DISABLE KEYS */;
INSERT INTO `vtiger_language` VALUES (1,'English','en_us','US English','2015-03-12 16:25:39',NULL,1,1),(2,'Arabic','ar_ae','Arabic','2015-03-12 16:26:36',NULL,0,0),(3,'Brazilian','pt_br','PT Brasil','2015-03-12 16:26:24',NULL,0,0),(4,'British English','en_gb','British English','2015-03-12 16:26:10',NULL,0,0),(5,'Deutsch','de_de','DE Deutsch','2015-03-12 16:26:11',NULL,0,0),(6,'Dutch','nl_nl','NL-Dutch','2015-03-12 16:26:12',NULL,0,0),(7,'Pack de langue franais','fr_fr','Pack de langue franais','2015-03-12 16:26:25',NULL,0,0),(8,'Hungarian','hu_hu','HU Magyar','2015-03-12 16:26:14',NULL,0,0),(9,'Italian','it_it','IT Italian','2015-03-12 16:26:14',NULL,0,0),(10,'Mexican Spanish','es_mx','ES Mexico','2015-03-12 16:26:15',NULL,0,0),(11,'Jzyk Polski','pl_pl','Jzyk Polski','2015-03-12 16:26:25',NULL,0,0),(12,'Romana','ro_ro','Romana','2015-03-12 16:26:25',NULL,0,0),(13,'Russian','ru_ru','Russian','2015-03-12 16:26:20',NULL,0,0),(14,'Spanish','es_es','ES Spanish','2015-03-12 16:26:22',NULL,0,0),(15,'Swedish','sv_se','Swedish','2015-03-12 16:26:37',NULL,0,0),(16,'Turkce','tr_tr','Turkce Dil Paketi','2015-03-12 16:26:23',NULL,0,0);
/*!40000 ALTER TABLE `vtiger_language` ENABLE KEYS */;
UNLOCK TABLES;

--
-- Table structure for table `vtiger_language_seq`
--

DROP TABLE IF EXISTS `vtiger_language_seq`;
/*!40101 SET @saved_cs_client     = @@character_set_client */;
/*!40101 SET character_set_client = utf8 */;
CREATE TABLE `vtiger_language_seq` (
  `id` int(11) NOT NULL
) ENGINE=InnoDB DEFAULT CHARSET=utf8;
/*!40101 SET character_set_client = @saved_cs_client */;

--
-- Dumping data for table `vtiger_language_seq`
--

LOCK TABLES `vtiger_language_seq` WRITE;
/*!40000 ALTER TABLE `vtiger_language_seq` DISABLE KEYS */;
INSERT INTO `vtiger_language_seq` VALUES (16);
/*!40000 ALTER TABLE `vtiger_language_seq` ENABLE KEYS */;
UNLOCK TABLES;

--
-- Table structure for table `vtiger_lead_view`
--

DROP TABLE IF EXISTS `vtiger_lead_view`;
/*!40101 SET @saved_cs_client     = @@character_set_client */;
/*!40101 SET character_set_client = utf8 */;
CREATE TABLE `vtiger_lead_view` (
  `lead_viewid` int(19) NOT NULL AUTO_INCREMENT,
  `lead_view` varchar(200) NOT NULL,
  `sortorderid` int(19) NOT NULL DEFAULT '0',
  `presence` int(1) NOT NULL DEFAULT '1',
  PRIMARY KEY (`lead_viewid`)
) ENGINE=InnoDB AUTO_INCREMENT=4 DEFAULT CHARSET=utf8;
/*!40101 SET character_set_client = @saved_cs_client */;

--
-- Dumping data for table `vtiger_lead_view`
--

LOCK TABLES `vtiger_lead_view` WRITE;
/*!40000 ALTER TABLE `vtiger_lead_view` DISABLE KEYS */;
INSERT INTO `vtiger_lead_view` VALUES (1,'Today',0,1),(2,'Last 2 Days',1,1),(3,'Last Week',2,1);
/*!40000 ALTER TABLE `vtiger_lead_view` ENABLE KEYS */;
UNLOCK TABLES;

--
-- Table structure for table `vtiger_lead_view_seq`
--

DROP TABLE IF EXISTS `vtiger_lead_view_seq`;
/*!40101 SET @saved_cs_client     = @@character_set_client */;
/*!40101 SET character_set_client = utf8 */;
CREATE TABLE `vtiger_lead_view_seq` (
  `id` int(11) NOT NULL
) ENGINE=InnoDB DEFAULT CHARSET=utf8;
/*!40101 SET character_set_client = @saved_cs_client */;

--
-- Dumping data for table `vtiger_lead_view_seq`
--

LOCK TABLES `vtiger_lead_view_seq` WRITE;
/*!40000 ALTER TABLE `vtiger_lead_view_seq` DISABLE KEYS */;
INSERT INTO `vtiger_lead_view_seq` VALUES (3);
/*!40000 ALTER TABLE `vtiger_lead_view_seq` ENABLE KEYS */;
UNLOCK TABLES;

--
-- Table structure for table `vtiger_leadaddress`
--

DROP TABLE IF EXISTS `vtiger_leadaddress`;
/*!40101 SET @saved_cs_client     = @@character_set_client */;
/*!40101 SET character_set_client = utf8 */;
CREATE TABLE `vtiger_leadaddress` (
  `leadaddressid` int(19) NOT NULL DEFAULT '0',
  `city` varchar(30) DEFAULT NULL,
  `code` varchar(30) DEFAULT NULL,
  `state` varchar(30) DEFAULT NULL,
  `pobox` varchar(30) DEFAULT NULL,
  `country` varchar(30) DEFAULT NULL,
  `phone` varchar(50) DEFAULT NULL,
  `mobile` varchar(50) DEFAULT NULL,
  `fax` varchar(50) DEFAULT NULL,
  `lane` varchar(250) DEFAULT NULL,
  `leadaddresstype` varchar(30) DEFAULT 'Billing',
  PRIMARY KEY (`leadaddressid`)
) ENGINE=InnoDB DEFAULT CHARSET=utf8;
/*!40101 SET character_set_client = @saved_cs_client */;

--
-- Dumping data for table `vtiger_leadaddress`
--

LOCK TABLES `vtiger_leadaddress` WRITE;
/*!40000 ALTER TABLE `vtiger_leadaddress` DISABLE KEYS */;
INSERT INTO `vtiger_leadaddress` VALUES (5,'','','','','','','','','','Billing'),(22,'Garbutt','4151','Qld','','Australia','07 4728 4144','','','5 Hamill Street','Billing'),(30,'','','','','','','','','','Billing'),(35,'','','','','','','','','','Billing'),(41,'Brisbane','','','','Australia','07 9999 9999','','','','Billing'),(42,'','','','','','','','','','Billing'),(77,'','','','','','','','','','Billing'),(81,'','','','','','','','','','Billing'),(82,'Brisbane','4001','Qld','','Australia','07 9999 9999','0499 999 999','','99 Anne Street','Billing'),(93,'Brisbane','4001','Qld','','Australia','07 9999 9999','0499 999 999','','99 Anne Street','Billing');
/*!40000 ALTER TABLE `vtiger_leadaddress` ENABLE KEYS */;
UNLOCK TABLES;

--
-- Table structure for table `vtiger_leaddetails`
--

DROP TABLE IF EXISTS `vtiger_leaddetails`;
/*!40101 SET @saved_cs_client     = @@character_set_client */;
/*!40101 SET character_set_client = utf8 */;
CREATE TABLE `vtiger_leaddetails` (
  `leadid` int(19) NOT NULL,
  `lead_no` varchar(100) NOT NULL,
  `email` varchar(100) DEFAULT NULL,
  `interest` varchar(50) DEFAULT NULL,
  `firstname` varchar(40) DEFAULT NULL,
  `salutation` varchar(200) DEFAULT NULL,
  `lastname` varchar(80) NOT NULL,
  `company` varchar(100) NOT NULL,
  `annualrevenue` decimal(25,8) DEFAULT NULL,
  `industry` varchar(200) DEFAULT NULL,
  `campaign` varchar(30) DEFAULT NULL,
  `rating` varchar(200) DEFAULT NULL,
  `leadstatus` varchar(50) DEFAULT NULL,
  `leadsource` varchar(200) DEFAULT NULL,
  `converted` int(1) DEFAULT '0',
  `designation` varchar(50) DEFAULT 'SalesMan',
  `licencekeystatus` varchar(50) DEFAULT NULL,
  `space` varchar(250) DEFAULT NULL,
  `comments` text,
  `priority` varchar(50) DEFAULT NULL,
  `demorequest` varchar(50) DEFAULT NULL,
  `partnercontact` varchar(50) DEFAULT NULL,
  `productversion` varchar(20) DEFAULT NULL,
  `product` varchar(50) DEFAULT NULL,
  `maildate` date DEFAULT NULL,
  `nextstepdate` date DEFAULT NULL,
  `fundingsituation` varchar(50) DEFAULT NULL,
  `purpose` varchar(50) DEFAULT NULL,
  `evaluationstatus` varchar(50) DEFAULT NULL,
  `transferdate` date DEFAULT NULL,
  `revenuetype` varchar(50) DEFAULT NULL,
  `noofemployees` int(50) DEFAULT NULL,
  `secondaryemail` varchar(100) DEFAULT NULL,
  `assignleadchk` int(1) DEFAULT '0',
  `emailoptout` varchar(3) DEFAULT NULL,
  PRIMARY KEY (`leadid`),
  KEY `leaddetails_converted_leadstatus_idx` (`converted`,`leadstatus`),
  KEY `email_idx` (`email`)
) ENGINE=InnoDB DEFAULT CHARSET=utf8;
/*!40101 SET character_set_client = @saved_cs_client */;

--
-- Dumping data for table `vtiger_leaddetails`
--

LOCK TABLES `vtiger_leaddetails` WRITE;
/*!40000 ALTER TABLE `vtiger_leaddetails` DISABLE KEYS */;
INSERT INTO `vtiger_leaddetails` VALUES (5,'LEA1','',NULL,'Con','','Nicolas','Acme',1000.00000000,'',NULL,'Acquired','Cold','',0,'',NULL,NULL,NULL,NULL,NULL,NULL,NULL,NULL,NULL,NULL,NULL,NULL,NULL,NULL,NULL,0,'',0,'0'),(22,'LEA2','',NULL,'Anne','','Sanker','The Coloured House',0.00000000,'Retail',NULL,'','Qualified','Existing Customer',1,'',NULL,NULL,NULL,NULL,NULL,NULL,NULL,NULL,NULL,NULL,NULL,NULL,NULL,NULL,NULL,0,'',0,'0'),(30,'LEA3','adam.d.harris@me.com',NULL,'Con','','Nicolas','MPS',0.00000000,'',NULL,'','','',1,'',NULL,NULL,NULL,NULL,NULL,NULL,NULL,NULL,NULL,NULL,NULL,NULL,NULL,NULL,NULL,0,'',0,'0'),(35,'LEA4','',NULL,'Bob','','Smith','ABC Blinds',0.00000000,'',NULL,'','','',1,'',NULL,NULL,NULL,NULL,NULL,NULL,NULL,NULL,NULL,NULL,NULL,NULL,NULL,NULL,NULL,0,'',0,'0'),(41,'LEA5','adam.d.harris@me.com',NULL,'John','','Smith','Acme',0.00000000,'',NULL,'','','Cold Call',0,'',NULL,NULL,NULL,NULL,NULL,NULL,NULL,NULL,NULL,NULL,NULL,NULL,NULL,NULL,NULL,0,'',0,'0'),(42,'LEA6','',NULL,'John','','Doe','Cash Customer',0.00000000,'',NULL,'','','',1,'',NULL,NULL,NULL,NULL,NULL,NULL,NULL,NULL,NULL,NULL,NULL,NULL,NULL,NULL,NULL,0,'',0,'0'),(77,'LEA7','',NULL,'Bob','','Smith','',0.00000000,'',NULL,'','','',1,'',NULL,NULL,NULL,NULL,NULL,NULL,NULL,NULL,NULL,NULL,NULL,NULL,NULL,NULL,NULL,0,'',0,'0'),(81,'LEA8','',NULL,'John','','Doe','Cash Client',0.00000000,'Retail',NULL,'Active','Cold','Existing Customer',0,'',NULL,NULL,NULL,NULL,NULL,NULL,NULL,NULL,NULL,NULL,NULL,NULL,NULL,NULL,NULL,0,'',0,'0'),(82,'LEA9','adam.d.harris@me.com',NULL,'Bob','','Smith','ABC Construction',500000.00000000,'Construction',NULL,'Active','Contacted','Existing Customer',0,'Sales Representative',NULL,NULL,NULL,NULL,NULL,NULL,NULL,NULL,NULL,NULL,NULL,NULL,NULL,NULL,NULL,5,'adam.d.harris@me.com',0,'0'),(93,'LEA10','adam.d.harris@me.com',NULL,'Rob','','Smith','ABC Construction',500000.00000000,'Construction',NULL,'Active','Contacted','Existing Customer',1,'Sales Representative',NULL,NULL,NULL,NULL,NULL,NULL,NULL,NULL,NULL,NULL,NULL,NULL,NULL,NULL,NULL,5,'adam.d.harris@me.com',0,'0');
/*!40000 ALTER TABLE `vtiger_leaddetails` ENABLE KEYS */;
UNLOCK TABLES;

--
-- Table structure for table `vtiger_leadscf`
--

DROP TABLE IF EXISTS `vtiger_leadscf`;
/*!40101 SET @saved_cs_client     = @@character_set_client */;
/*!40101 SET character_set_client = utf8 */;
CREATE TABLE `vtiger_leadscf` (
  `leadid` int(19) NOT NULL DEFAULT '0',
  `cf_753` varchar(3) DEFAULT '0',
  PRIMARY KEY (`leadid`)
) ENGINE=InnoDB DEFAULT CHARSET=utf8;
/*!40101 SET character_set_client = @saved_cs_client */;

--
-- Dumping data for table `vtiger_leadscf`
--

LOCK TABLES `vtiger_leadscf` WRITE;
/*!40000 ALTER TABLE `vtiger_leadscf` DISABLE KEYS */;
INSERT INTO `vtiger_leadscf` VALUES (5,'0'),(22,'0'),(30,'0'),(35,'0'),(41,'0'),(42,'0'),(77,'0'),(81,'0'),(82,'0'),(93,'0');
/*!40000 ALTER TABLE `vtiger_leadscf` ENABLE KEYS */;
UNLOCK TABLES;

--
-- Table structure for table `vtiger_leadsource`
--

DROP TABLE IF EXISTS `vtiger_leadsource`;
/*!40101 SET @saved_cs_client     = @@character_set_client */;
/*!40101 SET character_set_client = utf8 */;
CREATE TABLE `vtiger_leadsource` (
  `leadsourceid` int(19) NOT NULL AUTO_INCREMENT,
  `leadsource` varchar(200) NOT NULL,
  `presence` int(1) NOT NULL DEFAULT '1',
  `picklist_valueid` int(19) NOT NULL DEFAULT '0',
  `sortorderid` int(11) DEFAULT NULL,
  PRIMARY KEY (`leadsourceid`)
) ENGINE=InnoDB AUTO_INCREMENT=14 DEFAULT CHARSET=utf8;
/*!40101 SET character_set_client = @saved_cs_client */;

--
-- Dumping data for table `vtiger_leadsource`
--

LOCK TABLES `vtiger_leadsource` WRITE;
/*!40000 ALTER TABLE `vtiger_leadsource` DISABLE KEYS */;
INSERT INTO `vtiger_leadsource` VALUES (2,'Cold Call',1,99,1),(3,'Existing Customer',1,100,2),(4,'Self Generated',1,101,3),(5,'Employee',1,102,4),(6,'Partner',1,103,5),(7,'Public Relations',1,104,6),(8,'Direct Mail',1,105,7),(9,'Conference',1,106,8),(10,'Trade Show',1,107,9),(11,'Web Site',1,108,10),(12,'Word of mouth',1,109,11),(13,'Other',1,110,12);
/*!40000 ALTER TABLE `vtiger_leadsource` ENABLE KEYS */;
UNLOCK TABLES;

--
-- Table structure for table `vtiger_leadsource_seq`
--

DROP TABLE IF EXISTS `vtiger_leadsource_seq`;
/*!40101 SET @saved_cs_client     = @@character_set_client */;
/*!40101 SET character_set_client = utf8 */;
CREATE TABLE `vtiger_leadsource_seq` (
  `id` int(11) NOT NULL
) ENGINE=InnoDB DEFAULT CHARSET=utf8;
/*!40101 SET character_set_client = @saved_cs_client */;

--
-- Dumping data for table `vtiger_leadsource_seq`
--

LOCK TABLES `vtiger_leadsource_seq` WRITE;
/*!40000 ALTER TABLE `vtiger_leadsource_seq` DISABLE KEYS */;
INSERT INTO `vtiger_leadsource_seq` VALUES (13);
/*!40000 ALTER TABLE `vtiger_leadsource_seq` ENABLE KEYS */;
UNLOCK TABLES;

--
-- Table structure for table `vtiger_leadstage`
--

DROP TABLE IF EXISTS `vtiger_leadstage`;
/*!40101 SET @saved_cs_client     = @@character_set_client */;
/*!40101 SET character_set_client = utf8 */;
CREATE TABLE `vtiger_leadstage` (
  `leadstageid` int(19) NOT NULL AUTO_INCREMENT,
  `stage` varchar(200) NOT NULL,
  `sortorderid` int(19) NOT NULL DEFAULT '0',
  `presence` int(1) NOT NULL DEFAULT '1',
  PRIMARY KEY (`leadstageid`),
  UNIQUE KEY `leadstage_stage_idx` (`stage`)
) ENGINE=InnoDB DEFAULT CHARSET=utf8;
/*!40101 SET character_set_client = @saved_cs_client */;

--
-- Dumping data for table `vtiger_leadstage`
--

LOCK TABLES `vtiger_leadstage` WRITE;
/*!40000 ALTER TABLE `vtiger_leadstage` DISABLE KEYS */;
/*!40000 ALTER TABLE `vtiger_leadstage` ENABLE KEYS */;
UNLOCK TABLES;

--
-- Table structure for table `vtiger_leadstatus`
--

DROP TABLE IF EXISTS `vtiger_leadstatus`;
/*!40101 SET @saved_cs_client     = @@character_set_client */;
/*!40101 SET character_set_client = utf8 */;
CREATE TABLE `vtiger_leadstatus` (
  `leadstatusid` int(19) NOT NULL AUTO_INCREMENT,
  `leadstatus` varchar(200) NOT NULL,
  `presence` int(1) NOT NULL DEFAULT '1',
  `picklist_valueid` int(19) NOT NULL DEFAULT '0',
  `sortorderid` int(11) DEFAULT NULL,
  PRIMARY KEY (`leadstatusid`)
) ENGINE=InnoDB AUTO_INCREMENT=13 DEFAULT CHARSET=utf8;
/*!40101 SET character_set_client = @saved_cs_client */;

--
-- Dumping data for table `vtiger_leadstatus`
--

LOCK TABLES `vtiger_leadstatus` WRITE;
/*!40000 ALTER TABLE `vtiger_leadstatus` DISABLE KEYS */;
INSERT INTO `vtiger_leadstatus` VALUES (2,'Attempted to Contact',1,112,1),(3,'Cold',1,113,2),(4,'Contact in Future',1,114,3),(5,'Contacted',1,115,4),(6,'Hot',1,116,5),(7,'Junk Lead',1,117,6),(8,'Lost Lead',1,118,7),(9,'Not Contacted',1,119,8),(10,'Pre Qualified',1,120,9),(11,'Qualified',1,121,10),(12,'Warm',1,122,11);
/*!40000 ALTER TABLE `vtiger_leadstatus` ENABLE KEYS */;
UNLOCK TABLES;

--
-- Table structure for table `vtiger_leadstatus_seq`
--

DROP TABLE IF EXISTS `vtiger_leadstatus_seq`;
/*!40101 SET @saved_cs_client     = @@character_set_client */;
/*!40101 SET character_set_client = utf8 */;
CREATE TABLE `vtiger_leadstatus_seq` (
  `id` int(11) NOT NULL
) ENGINE=InnoDB DEFAULT CHARSET=utf8;
/*!40101 SET character_set_client = @saved_cs_client */;

--
-- Dumping data for table `vtiger_leadstatus_seq`
--

LOCK TABLES `vtiger_leadstatus_seq` WRITE;
/*!40000 ALTER TABLE `vtiger_leadstatus_seq` DISABLE KEYS */;
INSERT INTO `vtiger_leadstatus_seq` VALUES (12);
/*!40000 ALTER TABLE `vtiger_leadstatus_seq` ENABLE KEYS */;
UNLOCK TABLES;

--
-- Table structure for table `vtiger_leadsubdetails`
--

DROP TABLE IF EXISTS `vtiger_leadsubdetails`;
/*!40101 SET @saved_cs_client     = @@character_set_client */;
/*!40101 SET character_set_client = utf8 */;
CREATE TABLE `vtiger_leadsubdetails` (
  `leadsubscriptionid` int(19) NOT NULL DEFAULT '0',
  `website` varchar(255) DEFAULT NULL,
  `callornot` int(1) DEFAULT '0',
  `readornot` int(1) DEFAULT '0',
  `empct` int(10) DEFAULT '0',
  PRIMARY KEY (`leadsubscriptionid`)
) ENGINE=InnoDB DEFAULT CHARSET=utf8;
/*!40101 SET character_set_client = @saved_cs_client */;

--
-- Dumping data for table `vtiger_leadsubdetails`
--

LOCK TABLES `vtiger_leadsubdetails` WRITE;
/*!40000 ALTER TABLE `vtiger_leadsubdetails` DISABLE KEYS */;
INSERT INTO `vtiger_leadsubdetails` VALUES (5,'',0,0,0),(22,'',0,0,0),(30,'',0,0,0),(35,'',0,0,0),(41,'www.website.com',0,0,0),(42,'',0,0,0),(77,'',0,0,0),(81,'',0,0,0),(82,'',0,0,0),(93,'',0,0,0);
/*!40000 ALTER TABLE `vtiger_leadsubdetails` ENABLE KEYS */;
UNLOCK TABLES;

--
-- Table structure for table `vtiger_links`
--

DROP TABLE IF EXISTS `vtiger_links`;
/*!40101 SET @saved_cs_client     = @@character_set_client */;
/*!40101 SET character_set_client = utf8 */;
CREATE TABLE `vtiger_links` (
  `linkid` int(11) NOT NULL,
  `tabid` int(11) DEFAULT NULL,
  `linktype` varchar(50) DEFAULT NULL,
  `linklabel` varchar(50) DEFAULT NULL,
  `linkurl` varchar(255) DEFAULT NULL,
  `linkicon` varchar(100) DEFAULT NULL,
  `sequence` int(11) DEFAULT NULL,
  `handler_path` varchar(128) DEFAULT NULL,
  `handler_class` varchar(50) DEFAULT NULL,
  `handler` varchar(50) DEFAULT NULL,
  PRIMARY KEY (`linkid`),
  KEY `link_tabidtype_idx` (`tabid`,`linktype`)
) ENGINE=InnoDB DEFAULT CHARSET=utf8;
/*!40101 SET character_set_client = @saved_cs_client */;

--
-- Dumping data for table `vtiger_links`
--

LOCK TABLES `vtiger_links` WRITE;
/*!40000 ALTER TABLE `vtiger_links` DISABLE KEYS */;
INSERT INTO `vtiger_links` VALUES (1,6,'DETAILVIEWBASIC','LBL_ADD_NOTE','index.php?module=Documents&action=EditView&return_module=$MODULE$&return_action=DetailView&return_id=$RECORD$&parent_id=$RECORD$','themes/images/bookMark.gif',0,'modules/Documents/Documents.php','Documents','isLinkPermitted'),(2,6,'DETAILVIEWBASIC','LBL_SHOW_ACCOUNT_HIERARCHY','index.php?module=Accounts&action=AccountHierarchy&accountid=$RECORD$','',0,NULL,NULL,NULL),(3,7,'DETAILVIEWBASIC','LBL_ADD_NOTE','index.php?module=Documents&action=EditView&return_module=$MODULE$&return_action=DetailView&return_id=$RECORD$&parent_id=$RECORD$','themes/images/bookMark.gif',0,'modules/Documents/Documents.php','Documents','isLinkPermitted'),(4,4,'DETAILVIEWBASIC','LBL_ADD_NOTE','index.php?module=Documents&action=EditView&return_module=$MODULE$&return_action=DetailView&return_id=$RECORD$&parent_id=$RECORD$','themes/images/bookMark.gif',0,'modules/Documents/Documents.php','Documents','isLinkPermitted'),(11,42,'HEADERSCRIPT','ModCommentsCommonHeaderScript','modules/ModComments/ModCommentsCommon.js','',0,NULL,NULL,NULL),(12,7,'DETAILVIEWWIDGET','DetailViewBlockCommentWidget','block://ModComments:modules/ModComments/ModComments.php','',0,NULL,NULL,NULL),(13,4,'DETAILVIEWWIDGET','DetailViewBlockCommentWidget','block://ModComments:modules/ModComments/ModComments.php','',0,NULL,NULL,NULL),(14,6,'DETAILVIEWWIDGET','DetailViewBlockCommentWidget','block://ModComments:modules/ModComments/ModComments.php','',0,NULL,NULL,NULL),(15,2,'DETAILVIEWWIDGET','DetailViewBlockCommentWidget','block://ModComments:modules/ModComments/ModComments.php','',0,NULL,NULL,NULL),(21,47,'DETAILVIEWBASIC','LBL_CHECK_STATUS','javascript:SMSNotifier.checkstatus($RECORD$)','themes/images/reload.gif',0,NULL,NULL,NULL),(30,44,'DETAILVIEWBASIC','Add Note','index.php?module=Documents&action=EditView&return_module=ProjectTask&return_action=DetailView&return_id=$RECORD$&parent_id=$RECORD$','',0,'modules/Documents/Documents.php','Documents','isLinkPermitted'),(31,44,'DETAILVIEWWIDGET','DetailViewBlockCommentWidget','block://ModComments:modules/ModComments/ModComments.php','',0,NULL,NULL,NULL),(32,45,'DETAILVIEWBASIC','Add Project Task','index.php?module=ProjectTask&action=EditView&projectid=$RECORD$&return_module=Project&return_action=DetailView&return_id=$RECORD$','',0,'modules/ProjectTask/ProjectTask.php','ProjectTask','isLinkPermitted'),(33,45,'DETAILVIEWBASIC','Add Note','index.php?module=Documents&action=EditView&return_module=Project&return_action=DetailView&return_id=$RECORD$&parent_id=$RECORD$','',1,'modules/Documents/Documents.php','Documents','isLinkPermitted'),(34,45,'DETAILVIEWWIDGET','DetailViewBlockCommentWidget','block://ModComments:modules/ModComments/ModComments.php','',0,NULL,NULL,NULL),(35,2,'DASHBOARDWIDGET','History','index.php?module=Potentials&view=ShowWidget&name=History','',1,NULL,NULL,NULL),(36,2,'DASHBOARDWIDGET','Upcoming Activities','index.php?module=Potentials&view=ShowWidget&name=CalendarActivities','',2,NULL,NULL,NULL),(37,2,'DASHBOARDWIDGET','Funnel','index.php?module=Potentials&view=ShowWidget&name=GroupedBySalesStage','',3,NULL,NULL,NULL),(38,2,'DASHBOARDWIDGET','Potentials by Stage','index.php?module=Potentials&view=ShowWidget&name=GroupedBySalesPerson','',4,NULL,NULL,NULL),(39,2,'DASHBOARDWIDGET','Pipelined Amount','index.php?module=Potentials&view=ShowWidget&name=PipelinedAmountPerSalesPerson','',5,NULL,NULL,NULL),(40,2,'DASHBOARDWIDGET','Total Revenue','index.php?module=Potentials&view=ShowWidget&name=TotalRevenuePerSalesPerson','',6,NULL,NULL,NULL),(41,2,'DASHBOARDWIDGET','Top Potentials','index.php?module=Potentials&view=ShowWidget&name=TopPotentials','',7,NULL,NULL,NULL),(42,2,'DASHBOARDWIDGET','Overdue Activities','index.php?module=Potentials&view=ShowWidget&name=OverdueActivities','',9,NULL,NULL,NULL),(43,6,'DASHBOARDWIDGET','History','index.php?module=Accounts&view=ShowWidget&name=History','',1,NULL,NULL,NULL),(44,6,'DASHBOARDWIDGET','Upcoming Activities','index.php?module=Accounts&view=ShowWidget&name=CalendarActivities','',2,NULL,NULL,NULL),(45,6,'DASHBOARDWIDGET','Overdue Activities','index.php?module=Accounts&view=ShowWidget&name=OverdueActivities','',3,NULL,NULL,NULL),(46,4,'DASHBOARDWIDGET','History','index.php?module=Contacts&view=ShowWidget&name=History','',1,NULL,NULL,NULL),(47,4,'DASHBOARDWIDGET','Upcoming Activities','index.php?module=Contacts&view=ShowWidget&name=CalendarActivities','',2,NULL,NULL,NULL),(48,4,'DASHBOARDWIDGET','Overdue Activities','index.php?module=Contacts&view=ShowWidget&name=OverdueActivities','',3,NULL,NULL,NULL),(49,7,'DASHBOARDWIDGET','History','index.php?module=Leads&view=ShowWidget&name=History','',1,NULL,NULL,NULL),(50,7,'DASHBOARDWIDGET','Upcoming Activities','index.php?module=Leads&view=ShowWidget&name=CalendarActivities','',2,NULL,NULL,NULL),(51,7,'DASHBOARDWIDGET','Leads by Status','index.php?module=Leads&view=ShowWidget&name=LeadsByStatus','',4,NULL,NULL,NULL),(52,7,'DASHBOARDWIDGET','Leads by Source','index.php?module=Leads&view=ShowWidget&name=LeadsBySource','',5,NULL,NULL,NULL),(53,7,'DASHBOARDWIDGET','Leads by Industry','index.php?module=Leads&view=ShowWidget&name=LeadsByIndustry','',6,NULL,NULL,NULL),(54,7,'DASHBOARDWIDGET','Overdue Activities','index.php?module=Leads&view=ShowWidget&name=OverdueActivities','',7,NULL,NULL,NULL),(55,13,'DASHBOARDWIDGET','Tickets by Status','index.php?module=HelpDesk&view=ShowWidget&name=TicketsByStatus','',1,NULL,NULL,NULL),(56,13,'DASHBOARDWIDGET','Open Tickets','index.php?module=HelpDesk&view=ShowWidget&name=OpenTickets','',2,NULL,NULL,NULL),(57,3,'DASHBOARDWIDGET','History','index.php?module=Home&view=ShowWidget&name=History','',1,NULL,NULL,NULL),(58,3,'DASHBOARDWIDGET','Upcoming Activities','index.php?module=Home&view=ShowWidget&name=CalendarActivities','',2,NULL,NULL,NULL),(59,3,'DASHBOARDWIDGET','Funnel','index.php?module=Potentials&view=ShowWidget&name=GroupedBySalesStage','',3,NULL,NULL,NULL),(60,3,'DASHBOARDWIDGET','Potentials by Stage','index.php?module=Potentials&view=ShowWidget&name=GroupedBySalesPerson','',4,NULL,NULL,NULL),(61,3,'DASHBOARDWIDGET','Pipelined Amount','index.php?module=Potentials&view=ShowWidget&name=PipelinedAmountPerSalesPerson','',5,NULL,NULL,NULL),(62,3,'DASHBOARDWIDGET','Total Revenue','index.php?module=Potentials&view=ShowWidget&name=TotalRevenuePerSalesPerson','',6,NULL,NULL,NULL),(63,3,'DASHBOARDWIDGET','Top Potentials','index.php?module=Potentials&view=ShowWidget&name=TopPotentials','',7,NULL,NULL,NULL),(64,3,'DASHBOARDWIDGET','Leads by Status','index.php?module=Leads&view=ShowWidget&name=LeadsByStatus','',10,NULL,NULL,NULL),(65,3,'DASHBOARDWIDGET','Leads by Source','index.php?module=Leads&view=ShowWidget&name=LeadsBySource','',11,NULL,NULL,NULL),(66,3,'DASHBOARDWIDGET','Leads by Industry','index.php?module=Leads&view=ShowWidget&name=LeadsByIndustry','',12,NULL,NULL,NULL),(67,3,'DASHBOARDWIDGET','Overdue Activities','index.php?module=Home&view=ShowWidget&name=OverdueActivities','',13,NULL,NULL,NULL),(68,3,'DASHBOARDWIDGET','Tickets by Status','index.php?module=HelpDesk&view=ShowWidget&name=TicketsByStatus','',13,NULL,NULL,NULL),(69,3,'DASHBOARDWIDGET','Open Tickets','index.php?module=HelpDesk&view=ShowWidget&name=OpenTickets','',14,NULL,NULL,NULL),(70,13,'DETAILVIEWWIDGET','DetailViewBlockCommentWidget','block://ModComments:modules/ModComments/ModComments.php','',0,NULL,NULL,NULL),(71,15,'DETAILVIEWWIDGET','DetailViewBlockCommentWidget','block://ModComments:modules/ModComments/ModComments.php','',0,NULL,NULL,NULL),(100,3,'DASHBOARDWIDGET','Key Metrics','index.php?module=Home&view=ShowWidget&name=KeyMetrics','',0,NULL,NULL,NULL),(101,3,'DASHBOARDWIDGET','Mini List','index.php?module=Home&view=ShowWidget&name=MiniList','',0,NULL,NULL,NULL),(102,3,'DASHBOARDWIDGET','Tag Cloud','index.php?module=Home&view=ShowWidget&name=TagCloud','',0,NULL,NULL,NULL),(103,2,'DASHBOARDWIDGET','Funnel Amount','index.php?module=Potentials&view=ShowWidget&name=FunnelAmount','',10,NULL,NULL,NULL),(104,3,'DASHBOARDWIDGET','Funnel Amount','index.php?module=Potentials&view=ShowWidget&name=FunnelAmount','',10,NULL,NULL,NULL),(105,3,'DASHBOARDWIDGET','Notebook','index.php?module=Home&view=ShowWidget&name=Notebook','',0,NULL,NULL,NULL),(106,49,'HEADERSCRIPT','ExtensionStoreCommonHeaderScript','modules/ExtensionStore/ExtensionStore.js','',0,NULL,NULL,NULL);
/*!40000 ALTER TABLE `vtiger_links` ENABLE KEYS */;
UNLOCK TABLES;

--
-- Table structure for table `vtiger_links_seq`
--

DROP TABLE IF EXISTS `vtiger_links_seq`;
/*!40101 SET @saved_cs_client     = @@character_set_client */;
/*!40101 SET character_set_client = utf8 */;
CREATE TABLE `vtiger_links_seq` (
  `id` int(11) NOT NULL
) ENGINE=InnoDB DEFAULT CHARSET=utf8;
/*!40101 SET character_set_client = @saved_cs_client */;

--
-- Dumping data for table `vtiger_links_seq`
--

LOCK TABLES `vtiger_links_seq` WRITE;
/*!40000 ALTER TABLE `vtiger_links_seq` DISABLE KEYS */;
INSERT INTO `vtiger_links_seq` VALUES (113);
/*!40000 ALTER TABLE `vtiger_links_seq` ENABLE KEYS */;
UNLOCK TABLES;

--
-- Table structure for table `vtiger_loginhistory`
--

DROP TABLE IF EXISTS `vtiger_loginhistory`;
/*!40101 SET @saved_cs_client     = @@character_set_client */;
/*!40101 SET character_set_client = utf8 */;
CREATE TABLE `vtiger_loginhistory` (
  `login_id` int(11) NOT NULL AUTO_INCREMENT,
  `user_name` varchar(255) DEFAULT NULL,
  `user_ip` varchar(25) NOT NULL,
  `logout_time` timestamp NULL DEFAULT NULL,
  `login_time` timestamp NULL DEFAULT NULL,
  `status` varchar(25) DEFAULT NULL,
  PRIMARY KEY (`login_id`)
) ENGINE=InnoDB AUTO_INCREMENT=186 DEFAULT CHARSET=utf8;
/*!40101 SET character_set_client = @saved_cs_client */;

--
-- Dumping data for table `vtiger_loginhistory`
--

LOCK TABLES `vtiger_loginhistory` WRITE;
/*!40000 ALTER TABLE `vtiger_loginhistory` DISABLE KEYS */;
INSERT INTO `vtiger_loginhistory` VALUES (1,'admin','103.16.26.166','2015-03-12 16:33:14','2015-03-12 16:26:43','Signed off'),(2,'admin','103.16.26.166','2015-03-12 16:37:33','2015-03-12 16:37:14','Signed off'),(3,'admin','103.16.26.166','0000-00-00 00:00:00','2015-03-12 16:37:37','Signed in'),(4,'admin','103.16.26.166','2015-03-12 18:10:48','2015-03-12 18:04:53','Signed off'),(5,'admin','103.16.26.166','2015-03-12 18:20:26','2015-03-12 18:20:06','Signed off'),(6,'admin','103.16.26.166','2015-03-12 19:00:24','2015-03-12 18:20:31','Signed off'),(7,'admin','103.16.26.166','2015-03-12 19:23:40','2015-03-12 19:10:57','Signed off'),(8,'admin','103.16.26.166','2015-03-12 19:44:27','2015-03-12 19:23:44','Signed off'),(9,'admin','103.16.26.166','2015-03-12 20:14:58','2015-03-12 19:45:25','Signed off'),(10,'admin','103.16.26.166','2015-03-12 20:18:02','2015-03-12 20:16:24','Signed off'),(11,'admin','103.16.26.166','2015-03-12 20:18:18','2015-03-12 20:18:09','Signed off'),(12,'admin','103.16.26.166','0000-00-00 00:00:00','2015-03-12 20:18:23','Signed in'),(13,'admin','103.16.26.166','2015-03-12 20:18:44','2015-03-12 20:18:26','Signed off'),(14,'admin','103.16.26.166','2015-03-12 20:18:57','2015-03-12 20:18:48','Signed off'),(15,'administrator','103.16.26.166','2015-03-12 21:12:42','2015-03-12 20:19:09','Signed off'),(16,'admin','103.16.26.166','2015-03-12 21:37:28','2015-03-12 21:12:46','Signed off'),(17,'administrator','103.16.26.166','2015-03-12 21:48:08','2015-03-12 21:37:44','Signed off'),(18,'administrator','103.16.26.166','2015-03-12 21:52:42','2015-03-12 21:49:35','Signed off'),(19,'admin','103.16.26.166','2015-03-12 22:08:57','2015-03-12 21:52:46','Signed off'),(20,'administrator','103.16.26.166','2015-03-12 22:09:24','2015-03-12 22:09:06','Signed off'),(21,'d1user2','103.16.26.166','2015-03-12 22:09:57','2015-03-12 22:09:35','Signed off'),(22,'admin','103.16.26.166','2015-03-13 01:42:09','2015-03-12 22:10:00','Signed off'),(23,'admin','103.16.26.166','0000-00-00 00:00:00','2015-03-13 01:42:26','Signed in'),(24,'administrator','49.195.46.129','2015-03-13 01:49:08','2015-03-13 01:44:50','Signed off'),(25,'d1user1','49.195.46.129','2015-03-13 01:54:40','2015-03-13 01:49:46','Signed off'),(26,'administrator','49.195.46.129','2015-03-13 01:56:45','2015-03-13 01:54:54','Signed off'),(27,'d1user1','49.195.46.129','2015-03-13 01:57:55','2015-03-13 01:56:57','Signed off'),(28,'d2user1','49.195.46.129','2015-03-13 01:59:18','2015-03-13 01:58:09','Signed off'),(29,'administrator','49.195.46.129','2015-03-13 02:00:21','2015-03-13 01:59:34','Signed off'),(30,'d2user1','49.195.46.129','2015-03-13 02:01:04','2015-03-13 02:00:29','Signed off'),(31,'administrator','49.195.46.129','0000-00-00 00:00:00','2015-03-13 02:01:10','Signed in'),(32,'administrator','49.195.46.129','2015-03-13 02:02:49','2015-03-13 02:01:11','Signed off'),(33,'administrator','49.195.46.129','2015-03-13 02:02:55','2015-03-13 02:02:51','Signed off'),(34,'d2user1','49.195.46.129','0000-00-00 00:00:00','2015-03-13 02:03:02','Signed in'),(35,'d2user1','49.195.46.129','2015-03-13 02:04:38','2015-03-13 02:03:03','Signed off'),(36,'officer','49.195.46.129','0000-00-00 00:00:00','2015-03-13 02:05:01','Signed in'),(37,'admin','103.16.26.150','2015-03-25 02:45:23','2015-03-25 02:44:57','Signed off'),(38,'admin','103.16.26.150','2015-03-25 02:46:35','2015-03-25 02:45:44','Signed off'),(39,'admin','103.16.26.150','0000-00-00 00:00:00','2015-03-25 02:46:57','Signed in'),(40,'d2user1','101.165.114.203','2015-03-31 04:55:43','2015-03-31 04:41:19','Signed off'),(41,'administrator','101.165.114.203','0000-00-00 00:00:00','2015-03-31 04:55:50','Signed in'),(42,'admin','64.120.46.188','0000-00-00 00:00:00','2015-03-31 04:57:14','Signed in'),(43,'administrator','49.197.15.96','0000-00-00 00:00:00','2015-03-31 23:57:11','Signed in'),(44,'administrator','110.23.25.229','0000-00-00 00:00:00','2015-04-01 01:09:19','Signed in'),(45,'admin','103.16.26.161','2015-04-13 02:50:28','2015-04-13 01:30:43','Signed off'),(46,'dealer1','103.16.26.161','2015-04-13 02:55:34','2015-04-13 02:50:39','Signed off'),(47,'admin','103.16.26.161','2015-04-13 03:08:51','2015-04-13 02:55:37','Signed off'),(48,'admin','103.16.26.161','2015-04-13 03:34:17','2015-04-13 03:08:56','Signed off'),(49,'admin','103.16.26.161','2015-04-13 03:40:10','2015-04-13 03:34:21','Signed off'),(50,'admin','103.16.26.161','2015-04-13 03:45:59','2015-04-13 03:40:14','Signed off'),(51,'dealer1','103.16.26.161','2015-04-13 03:49:40','2015-04-13 03:46:10','Signed off'),(52,'admin','103.16.26.161','2015-04-13 03:51:17','2015-04-13 03:50:08','Signed off'),(53,'dealer1','103.16.26.161','2015-04-13 03:54:10','2015-04-13 03:51:31','Signed off'),(54,'admin','103.16.26.161','2015-04-13 03:55:28','2015-04-13 03:54:13','Signed off'),(55,'d1user1','103.16.26.161','2015-04-13 04:00:58','2015-04-13 03:55:40','Signed off'),(56,'administrator','101.165.114.203','2015-04-13 04:17:41','2015-04-13 03:56:30','Signed off'),(57,'admin','103.16.26.161','2015-04-13 04:14:07','2015-04-13 04:01:01','Signed off'),(58,'admin','103.16.26.161','2015-04-13 04:16:58','2015-04-13 04:14:10','Signed off'),(59,'administrator','103.16.26.161','2015-04-13 04:18:33','2015-04-13 04:17:09','Signed off'),(60,'admin','103.16.26.161','0000-00-00 00:00:00','2015-04-13 04:18:47','Signed in'),(61,'administrator','175.168.167.209','2015-04-13 04:29:11','2015-04-13 04:27:25','Signed off'),(62,'admin','175.168.167.209','0000-00-00 00:00:00','2015-04-13 04:29:22','Signed in'),(63,'administrator','101.165.114.203','2015-04-13 04:37:51','2015-04-13 04:34:57','Signed off'),(64,'administrator','101.165.114.203','0000-00-00 00:00:00','2015-04-13 04:40:43','Signed in'),(65,'administrator','64.69.46.247','2015-04-14 03:28:14','2015-04-14 01:11:13','Signed off'),(66,'administrator','101.165.114.203','2015-04-14 03:12:58','2015-04-14 01:20:31','Signed off'),(67,'admin','64.69.46.247','0000-00-00 00:00:00','2015-04-14 03:28:22','Signed in'),(68,'administrator','101.165.114.203','2015-04-14 04:58:16','2015-04-14 03:35:59','Signed off'),(69,'admin','64.69.46.247','2015-04-14 08:17:48','2015-04-14 03:47:20','Signed off'),(70,'officer','101.165.114.203','2015-04-14 04:58:58','2015-04-14 04:58:25','Signed off'),(71,'d2user1','101.165.114.203','2015-04-14 04:59:38','2015-04-14 04:59:12','Signed off'),(72,'administrator','101.165.114.203','2015-04-14 06:39:54','2015-04-14 05:10:21','Signed off'),(73,'officer','101.165.114.203','2015-04-14 06:42:25','2015-04-14 06:41:14','Signed off'),(74,'d2user1','101.165.114.203','2015-04-14 06:45:51','2015-04-14 06:42:30','Signed off'),(75,'d2user1','101.165.114.203','2015-04-14 06:45:59','2015-04-14 06:45:53','Signed off'),(76,'officer','101.165.114.203','2015-04-14 06:46:47','2015-04-14 06:46:06','Signed off'),(77,'d2user1','101.165.114.203','2015-04-14 06:50:24','2015-04-14 06:46:53','Signed off'),(78,'officer','101.165.114.203','2015-04-14 08:04:01','2015-04-14 06:50:28','Signed off'),(79,'administrator','101.165.114.203','2015-04-14 08:05:14','2015-04-14 08:04:07','Signed off'),(80,'administrator','101.165.114.203','2015-04-14 08:05:33','2015-04-14 08:05:24','Signed off'),(81,'d2user1','101.165.114.203','2015-04-14 10:23:26','2015-04-14 08:05:40','Signed off'),(82,'d1user1','64.69.46.247','2015-04-14 08:54:34','2015-04-14 08:17:59','Signed off'),(83,'admin','64.69.46.247','0000-00-00 00:00:00','2015-04-14 08:59:56','Signed in'),(84,'admin','64.69.46.247','0000-00-00 00:00:00','2015-04-14 08:59:58','Signed in'),(85,'administrator','101.165.114.203','2015-04-14 10:24:25','2015-04-14 10:23:31','Signed off'),(86,'officer','101.165.114.203','2015-04-14 10:24:59','2015-04-14 10:24:30','Signed off'),(87,'d2user1','101.165.114.203','2015-04-14 10:26:03','2015-04-14 10:25:04','Signed off'),(88,'administrator','101.165.114.203','2015-04-14 10:26:14','2015-04-14 10:26:08','Signed off'),(89,'officer','101.165.114.203','2015-04-14 10:27:08','2015-04-14 10:26:19','Signed off'),(90,'d2user1','101.165.114.203','0000-00-00 00:00:00','2015-04-14 10:27:12','Signed in'),(91,'d2user1','101.165.114.203','2015-04-16 08:40:28','2015-04-16 08:39:47','Signed off'),(92,'administrator','101.165.114.203','0000-00-00 00:00:00','2015-04-16 08:40:33','Signed in'),(93,'admin','64.235.47.230','0000-00-00 00:00:00','2015-04-16 15:42:42','Signed in'),(94,'admin','175.160.54.151','0000-00-00 00:00:00','2015-04-18 03:20:20','Signed in'),(95,'admin','103.16.26.146','0000-00-00 00:00:00','2015-04-19 16:40:42','Signed in'),(96,'administrator','101.165.114.203','0000-00-00 00:00:00','2015-04-21 00:34:48','Signed in'),(97,'administrator','101.165.114.203','2015-04-21 00:35:52','2015-04-21 00:34:48','Signed off'),(98,'d2user1','101.165.114.203','2015-04-21 00:36:40','2015-04-21 00:35:57','Signed off'),(99,'administrator','101.165.114.203','2015-04-21 05:21:01','2015-04-21 00:36:45','Signed off'),(100,'administrator','175.168.173.58','2015-04-21 08:13:17','2015-04-21 01:35:31','Signed off'),(101,'administrator','49.197.10.66','0000-00-00 00:00:00','2015-04-21 02:07:39','Signed in'),(102,'d2user1','110.142.200.175','2015-04-21 02:39:55','2015-04-21 02:35:29','Signed off'),(103,'administrator','110.142.200.175','2015-04-21 02:40:59','2015-04-21 02:40:02','Signed off'),(104,'d2user1','110.142.200.175','2015-04-21 02:43:55','2015-04-21 02:41:04','Signed off'),(105,'administrator','110.142.200.175','0000-00-00 00:00:00','2015-04-21 02:44:08','Signed in'),(106,'administrator','101.165.114.203','2015-04-21 05:26:23','2015-04-21 05:21:04','Signed off'),(107,'administrator','101.165.114.203','2015-04-21 05:29:51','2015-04-21 05:29:40','Signed off'),(108,'administrator','101.165.114.203','2015-04-21 05:30:14','2015-04-21 05:29:54','Signed off'),(109,'d2user1','101.165.114.203','2015-04-21 05:33:18','2015-04-21 05:30:21','Signed off'),(110,'officer','101.165.114.203','2015-04-21 08:18:37','2015-04-21 05:33:23','Signed off'),(111,'administrator','175.168.173.58','0000-00-00 00:00:00','2015-04-21 08:13:33','Signed in'),(112,'d2user2','103.16.26.146','2015-04-21 08:25:56','2015-04-21 08:24:04','Signed off'),(113,'officer','101.165.114.203','0000-00-00 00:00:00','2015-04-21 08:46:10','Signed in'),(114,'systemadmin','103.16.26.146','2015-04-21 08:53:38','2015-04-21 08:53:01','Signed off'),(115,'systemadmin','103.16.26.146','2015-04-22 19:02:53','2015-04-21 08:53:55','Signed off'),(116,'systemadmin','64.235.47.230','2015-04-21 09:13:26','2015-04-21 09:10:27','Signed off'),(117,'systemadmin','64.235.47.230','0000-00-00 00:00:00','2015-04-21 12:43:52','Signed in'),(118,'administrator','175.168.173.58','2015-04-21 23:44:14','2015-04-21 13:52:06','Signed off'),(119,'officer','101.165.114.203','2015-04-21 21:33:28','2015-04-21 21:33:05','Signed off'),(120,'officer','101.165.114.203','2015-04-21 21:38:44','2015-04-21 21:35:58','Signed off'),(121,'officer','101.165.114.203','2015-04-21 23:45:14','2015-04-21 21:38:47','Signed off'),(122,'officer','101.165.114.203','2015-04-21 23:45:40','2015-04-21 23:45:30','Signed off'),(123,'officer','101.165.114.203','2015-04-22 07:34:18','2015-04-21 23:46:05','Signed off'),(124,'administrator','110.23.25.229','2015-04-22 04:16:24','2015-04-22 03:13:13','Signed off'),(125,'administrator','110.23.25.229','0000-00-00 00:00:00','2015-04-22 04:16:56','Signed in'),(126,'officer','101.165.114.203','0000-00-00 00:00:00','2015-04-22 07:35:15','Signed in'),(127,'systemadmin','103.16.26.146','2015-04-25 03:28:12','2015-04-22 19:03:18','Signed off'),(128,'officer','101.165.114.203','0000-00-00 00:00:00','2015-04-22 21:39:24','Signed in'),(129,'d2user2','103.16.26.166','2015-04-23 00:36:38','2015-04-22 23:29:20','Signed off'),(130,'officer','101.165.114.203','2015-04-24 03:04:29','2015-04-23 00:05:07','Signed off'),(131,'systemadmin','103.16.26.166','2015-04-23 18:08:38','2015-04-23 00:36:46','Signed off'),(132,'administrator','110.23.25.229','2015-04-23 06:39:27','2015-04-23 05:24:01','Signed off'),(133,'administrator','175.160.57.42','0000-00-00 00:00:00','2015-04-23 08:51:07','Signed in'),(134,'test','103.16.26.166','2015-04-23 18:09:38','2015-04-23 18:08:46','Signed off'),(135,'d1user1','103.16.26.166','2015-04-23 18:10:58','2015-04-23 18:10:04','Signed off'),(136,'systemadmin','103.16.26.166','2015-04-23 18:11:38','2015-04-23 18:11:10','Signed off'),(137,'d1user1','103.16.26.166','2015-04-23 18:11:51','2015-04-23 18:11:44','Signed off'),(138,'systemadmin','103.16.26.166','2015-04-23 18:12:37','2015-04-23 18:11:57','Signed off'),(139,'d2user1','103.16.26.166','2015-04-23 18:12:55','2015-04-23 18:12:46','Signed off'),(140,'d1user1','103.16.26.166','2015-04-23 18:19:01','2015-04-23 18:13:04','Signed off'),(141,'systemadmin','103.16.26.166','0000-00-00 00:00:00','2015-04-23 18:19:07','Signed in'),(142,'officer','101.165.114.203','2015-04-24 03:36:28','2015-04-24 03:04:33','Signed off'),(143,'officer','101.165.114.203','0000-00-00 00:00:00','2015-04-24 03:36:31','Signed in'),(144,'officer','1.9.30.38','2015-04-24 22:32:19','2015-04-24 22:31:54','Signed off'),(145,'officer','1.9.30.38','0000-00-00 00:00:00','2015-04-24 22:32:36','Signed in'),(146,'officer','114.112.237.148','0000-00-00 00:00:00','2015-04-26 00:38:51','Signed in'),(147,'officer','61.154.215.99','2015-04-26 09:57:30','2015-04-26 09:13:05','Signed off'),(148,'d2user1','61.154.215.99','2015-04-26 10:01:42','2015-04-26 09:58:03','Signed off'),(149,'officer','61.154.215.99','0000-00-00 00:00:00','2015-04-26 10:01:51','Signed in'),(150,'systemadmin','103.16.26.161','2015-05-04 08:51:38','2015-04-27 01:48:27','Signed off'),(151,'officer','14.145.135.85','0000-00-00 00:00:00','2015-04-27 06:26:55','Signed in'),(152,'officer','116.6.112.2','2015-04-27 22:35:12','2015-04-27 10:06:43','Signed off'),(153,'administrator','116.6.112.2','0000-00-00 00:00:00','2015-04-27 22:35:18','Signed in'),(154,'administrator','101.165.114.203','0000-00-00 00:00:00','2015-04-30 01:53:16','Signed in'),(155,'officer','101.165.114.203','0000-00-00 00:00:00','2015-05-03 10:05:48','Signed in'),(156,'officer','49.197.172.38','0000-00-00 00:00:00','2015-05-04 00:13:52','Signed in'),(157,'administrator','103.16.26.161','2015-05-04 08:58:41','2015-05-04 08:51:48','Signed off'),(158,'systemadmin','103.16.26.161','2015-05-04 09:00:10','2015-05-04 08:59:18','Signed off'),(159,'officer','103.16.26.161','2015-05-04 09:01:41','2015-05-04 09:00:18','Signed off'),(160,'d1user1','103.16.26.161','2015-05-04 09:02:38','2015-05-04 09:01:49','Signed off'),(161,'dealer1','103.16.26.161','2015-05-04 09:19:49','2015-05-04 09:02:46','Signed off'),(162,'systemadmin','103.16.26.161','0000-00-00 00:00:00','2015-05-04 09:19:58','Signed in'),(163,'officer','49.197.12.61','0000-00-00 00:00:00','2015-05-04 20:37:19','Signed in'),(164,'officer','49.197.12.61','2015-05-04 20:39:15','2015-05-04 20:38:07','Signed off'),(165,'administrator','49.197.12.61','2015-05-04 22:00:38','2015-05-04 20:39:38','Signed off'),(166,'administrator','49.197.12.61','0000-00-00 00:00:00','2015-05-04 22:00:41','Signed in'),(167,'administrator','49.197.15.213','2015-05-05 10:00:37','2015-05-05 10:00:22','Signed off'),(168,'officer','49.197.15.213','2015-05-05 10:01:50','2015-05-05 10:00:42','Signed off'),(169,'d2user1','49.197.15.213','0000-00-00 00:00:00','2015-05-05 10:01:56','Signed in'),(170,'systemadmin','103.16.26.146','2015-05-05 10:37:42','2015-05-05 10:36:54','Signed off'),(171,'systemadmin','103.16.26.146','2015-05-05 10:37:55','2015-05-05 10:37:47','Signed off'),(172,'systemadmin','103.16.26.146','2015-05-05 10:38:30','2015-05-05 10:38:00','Signed off'),(173,'administrator','103.16.26.146','0000-00-00 00:00:00','2015-05-05 10:38:40','Signed in'),(174,'d2user1','175.160.54.195','0000-00-00 00:00:00','2015-05-05 11:18:43','Signed in'),(175,'d2user1','101.165.114.203','2015-05-06 01:42:19','2015-05-06 01:16:34','Signed off'),(176,'d2user1','101.165.114.203','2015-05-06 04:02:06','2015-05-06 01:42:23','Signed off'),(177,'systemadmin','103.16.26.156','0000-00-00 00:00:00','2015-05-06 02:23:36','Signed in'),(178,'d2user1','101.165.114.203','0000-00-00 00:00:00','2015-05-06 04:02:13','Signed in'),(179,'d2user1','101.165.114.203','2015-05-06 05:50:38','2015-05-06 04:28:02','Signed off'),(180,'d2user1','101.165.114.203','2015-05-06 05:51:00','2015-05-06 05:50:43','Signed off'),(181,'administrator','101.165.114.203','2015-05-06 06:28:02','2015-05-06 05:51:46','Signed off'),(182,'administrator','101.165.114.203','2015-05-06 06:28:11','2015-05-06 06:28:05','Signed off'),(183,'officer','101.165.114.203','2015-05-06 08:52:56','2015-05-06 06:28:15','Signed off'),(184,'officer','101.165.114.203','2015-05-06 08:53:03','2015-05-06 08:52:58','Signed off'),(185,'d1user1','101.165.114.203','0000-00-00 00:00:00','2015-05-06 08:53:08','Signed in');
/*!40000 ALTER TABLE `vtiger_loginhistory` ENABLE KEYS */;
UNLOCK TABLES;

--
-- Table structure for table `vtiger_mail_accounts`
--

DROP TABLE IF EXISTS `vtiger_mail_accounts`;
/*!40101 SET @saved_cs_client     = @@character_set_client */;
/*!40101 SET character_set_client = utf8 */;
CREATE TABLE `vtiger_mail_accounts` (
  `account_id` int(11) NOT NULL,
  `user_id` int(11) NOT NULL,
  `display_name` varchar(50) DEFAULT NULL,
  `mail_id` varchar(50) DEFAULT NULL,
  `account_name` varchar(50) DEFAULT NULL,
  `mail_protocol` varchar(20) DEFAULT NULL,
  `mail_username` varchar(50) NOT NULL,
  `mail_password` varchar(250) NOT NULL,
  `mail_servername` varchar(50) DEFAULT NULL,
  `box_refresh` int(10) DEFAULT NULL,
  `mails_per_page` int(10) DEFAULT NULL,
  `ssltype` varchar(50) DEFAULT NULL,
  `sslmeth` varchar(50) DEFAULT NULL,
  `int_mailer` int(1) DEFAULT '0',
  `status` varchar(10) DEFAULT NULL,
  `set_default` int(2) DEFAULT NULL,
  `sent_folder` varchar(50) DEFAULT NULL,
  PRIMARY KEY (`account_id`)
) ENGINE=InnoDB DEFAULT CHARSET=utf8;
/*!40101 SET character_set_client = @saved_cs_client */;

--
-- Dumping data for table `vtiger_mail_accounts`
--

LOCK TABLES `vtiger_mail_accounts` WRITE;
/*!40000 ALTER TABLE `vtiger_mail_accounts` DISABLE KEYS */;
/*!40000 ALTER TABLE `vtiger_mail_accounts` ENABLE KEYS */;
UNLOCK TABLES;

--
-- Table structure for table `vtiger_mailmanager_mailattachments`
--

DROP TABLE IF EXISTS `vtiger_mailmanager_mailattachments`;
/*!40101 SET @saved_cs_client     = @@character_set_client */;
/*!40101 SET character_set_client = utf8 */;
CREATE TABLE `vtiger_mailmanager_mailattachments` (
  `userid` int(11) DEFAULT NULL,
  `muid` int(11) DEFAULT NULL,
  `aname` varchar(100) DEFAULT NULL,
  `lastsavedtime` int(11) DEFAULT NULL,
  `attachid` int(19) NOT NULL,
  `path` varchar(200) NOT NULL,
  `cid` varchar(50) DEFAULT NULL,
  KEY `userid_muid_idx` (`userid`,`muid`)
) ENGINE=InnoDB DEFAULT CHARSET=utf8;
/*!40101 SET character_set_client = @saved_cs_client */;

--
-- Dumping data for table `vtiger_mailmanager_mailattachments`
--

LOCK TABLES `vtiger_mailmanager_mailattachments` WRITE;
/*!40000 ALTER TABLE `vtiger_mailmanager_mailattachments` DISABLE KEYS */;
/*!40000 ALTER TABLE `vtiger_mailmanager_mailattachments` ENABLE KEYS */;
UNLOCK TABLES;

--
-- Table structure for table `vtiger_mailmanager_mailrecord`
--

DROP TABLE IF EXISTS `vtiger_mailmanager_mailrecord`;
/*!40101 SET @saved_cs_client     = @@character_set_client */;
/*!40101 SET character_set_client = utf8 */;
CREATE TABLE `vtiger_mailmanager_mailrecord` (
  `userid` int(11) DEFAULT NULL,
  `mfrom` varchar(255) DEFAULT NULL,
  `mto` varchar(255) DEFAULT NULL,
  `mcc` varchar(500) DEFAULT NULL,
  `mbcc` varchar(500) DEFAULT NULL,
  `mdate` varchar(20) DEFAULT NULL,
  `msubject` varchar(500) DEFAULT NULL,
  `mbody` text,
  `mcharset` varchar(10) DEFAULT NULL,
  `misbodyhtml` int(1) DEFAULT NULL,
  `mplainmessage` int(1) DEFAULT NULL,
  `mhtmlmessage` int(1) DEFAULT NULL,
  `muniqueid` varchar(500) DEFAULT NULL,
  `mbodyparsed` int(1) DEFAULT NULL,
  `muid` int(11) DEFAULT NULL,
  `lastsavedtime` int(11) DEFAULT NULL,
  KEY `userid_lastsavedtime_idx` (`userid`,`lastsavedtime`),
  KEY `userid_muid_idx` (`userid`,`muid`)
) ENGINE=InnoDB DEFAULT CHARSET=utf8;
/*!40101 SET character_set_client = @saved_cs_client */;

--
-- Dumping data for table `vtiger_mailmanager_mailrecord`
--

LOCK TABLES `vtiger_mailmanager_mailrecord` WRITE;
/*!40000 ALTER TABLE `vtiger_mailmanager_mailrecord` DISABLE KEYS */;
INSERT INTO `vtiger_mailmanager_mailrecord` VALUES (1,'[\"flexsof1@host194.hostmonster.com\"]','[\"zhangwei0425@gmail.com\"]','[]','[]','1429698502','Android Example - Registration confirmation.','<p>\r\n\r\n									 Thank you for being a part of androidexample.com, \r\n\r\n							   </p>\r\n\r\n							   <p>\r\n\r\n									<a href=\"http://androidexample.com/index.php?view=registration_varify&id=bc0a3773c0a944159479878a62c769f7\">Click here</a> to confirm your registration for http://androidexample.com\r\n\r\n								</p><p>			       \r\n\r\n									You can copy and paste the url below if the above link doesn\'t work\r\n\r\n											         \r\n\r\n									</p><p>http://androidexample.com/index.php?view=registration_varify&id=bc0a3773c0a944159479878a62c769f7\r\n\r\n									\r\n\r\n									</p><p><span style=\"font-weight:bold;color:#393\">Support Team</p><p>\r\n\r\n	http://www.androidexample.com</p>\r\n<br><br>','ISO-8859-1',1,0,0,'<553777c6.8282460a.05c3.31ffSMTPIN_ADDED_MISSING@mx.google.com>',1,1267,1429751182),(1,'[\"support@liquorlegends.com.au\"]','[\"zhangwei0425@gmail.com\"]','[]','[]','1429765358','NEW CATALOGUE SPECIALS OUT NOW','      <html xmlns=\"http://www.w3.org/1999/xhtml\" xmlns:v=\"urn:schemas-microsoft-com:vml\" xmlns:o=\"urn:schemas-microsoft-com:office:office\">\r\n        <head>\r\n          <!-- outlook image shims -->\r\n          <!--[if gte mso 9]>\r\n          <xml>\r\n            <o:OfficeDocumentSettings>\r\n              <o:AllowPNG/>\r\n            </o:OfficeDocumentSettings>\r\n          </xml>\r\n          <![endif]-->\r\n          <meta name=\"viewport\" content=\"width=device-width, initial-scale=1\">\r\n        </head>\r\n        <body>\r\n          <style type=\"text/css\">\r\n.ReadMsgBody {width: 100%;}\r\n.ExternalClass {width: 100%;}\r\nbody {background-color:#fff; margin:auto; padding:0px; -webkit-text-size-adjust:100%; -ms-text-size-adjust:100%; -webkit-font-smoothing: antialiased; }\r\n\r\np {margin: 1em 0;}\r\nhtml {height: 100%;}\r\n#outlook a {padding:0;}\r\ntable {border-collapse:collapse; mso-table-lspace:0pt; mso-table-rspace:0pt; }\r\n</style>\r\n          <table id=\'email_wrapper\' border=\'0\' cellpadding=\'0\' cellspacing=\'0\' width=\'100%\'  bgcolor=\'#e5e4e2\' style=\'background-color:#e5e4e2;\'>\r\n            <td bgcolor=\'#e5e4e2\' style=\'background-color:#e5e4e2;\'>\r\n                    <div id=\"view_as_webpage\" style=\"text-align:center;font-size:10pt;padding-bottom:10px;\">\r\n        <a href=\"http://sbx.cc/26lhn/WIop\">View as a web page</a>\r\n      </div>\r\n<style type=\"text/css\">body { background-color: #e5e4e2 !important; color: rgb(0, 0, 0) !important; }</style><div class=\"body_wrapper\" align=\"center\" style=\"width: 100%\"><table class=\"body_wrapper_table\" width=\"600\" cellpadding=\"0\" style=\"border-collapse: collapse; mso-table-lspace: 0pt; mso-table-rspace: 0pt; margin: 0 auto\"><tr><td class=\"editor_content view\" style=\"border-collapse: collapse; margin: 0 auto; font-size: 14px; font-family: Arial; text-align: left; line-height: 1.0; background-color: rgb(254, 252, 255)\" width=\"600\" align=\"left\" bgcolor=\"#fefcff\"><table class=\"row_table\" width=\"600\" style=\"border-collapse: collapse; mso-table-lspace: 0pt; mso-table-rspace: 0pt; table-layout: fixed; word-break: break-word; word-wrap: break-word\"><tr class=\"row\"><td id=\"r0c0\" class=\"cell\" width=\"600\" style=\"border-collapse: collapse; vertical-align: top; height: 100%; padding: 0px; word-break: break-word; word-wrap: break-word\">\r\n<table class=\"block_wrapper\" id=\"db70d674-b8f2-4094-b5ee-1ca32378c8f8\" style=\"border-collapse: collapse; mso-table-lspace: 0pt; mso-table-rspace: 0pt; table-layout: fixed; word-break: break-word; word-wrap: break-word; font-family: Arial\" cellpadding=\"0\"><tr><td class=\"block bt_two_images\" style=\"border-collapse: collapse; font-family: Arial; color: rgb(0, 0, 0)\" width=\"600\" valign=\"top\"><table class=\"composed_block\" width=\"100%\" border=\"0\" cellspacing=\"0\" cellpadding=\"0\" style=\"border-collapse: collapse; mso-table-lspace: 0pt; mso-table-rspace: 0pt; width: 100%; border: 0; table-layout: fixed; word-break: break-word; word-wrap: break-word\"><tr>\r\n<td class=\"cbn_image1\" width=\"0.0%\" style=\"border-collapse: collapse; overflow: hidden; vertical-align: top; padding: 0px 0px 0px 0px; padding-top: 0px; padding-bottom: 0px; padding-left: 0px; padding-right: 0px\"><div class=\"inner_composed_block cbn_image1 bt_image\" style=\"overflow: hidden; vertical-align: top; width: 100%\"><div class=\"block bt_image align_center\" style=\"line-height: 0.01em; text-align: center; font-family: Arial; color: rgb(0, 0, 0)\" width=\"\" valign=\"top\"><img data-sbx-image-guid=\"3456e820-3ad3-4e40-8732-09538a1c9667\" src=\"https://s3.amazonaws.com/assets.mysquawkbox.com/content_images/dd60d2186a1fc243503dc5ef669ce63e101277d1aa4dbfa157cc2f3931d9da47/A_LL_logo-300-100-96dpi.jpg\" width=\"300\" height=\"100\" style=\"outline: none; text-decoration: none; -ms-interpolation-mode: bicubic; border: 0 none; height: auto; line-height: 100%\"></div></div></td>\r\n<td class=\"cbn_image2\" width=\"0.0%\" style=\"border-collapse: collapse; overflow: hidden; vertical-align: top; padding: 0px 0px 0px 0px; padding-top: 0px; padding-bottom: 0px; padding-left: 0px; padding-right: 0px\"><div class=\"inner_composed_block cbn_image2 bt_image\" style=\"overflow: hidden; vertical-align: top; width: 100%\"><div class=\"block bt_image align_center\" style=\"line-height: 0.01em; text-align: center; font-family: Arial; color: rgb(0, 0, 0)\" width=\"\" valign=\"top\"><img data-sbx-image-guid=\"d9ff9f87-e4ab-47e1-b31a-9b8d4151a90b\" src=\"https://s3.amazonaws.com/assets.mysquawkbox.com/content_images/93fa26e6267cc2b46b7ecd32a5237c692d6cd1a8e8d458107e297005cfacdb9d/B_REWARDS_logo-300-100-96dpi.jpg\" width=\"300\" height=\"100\" style=\"outline: none; text-decoration: none; -ms-interpolation-mode: bicubic; border: 0 none; height: auto; line-height: 100%\"></div></div></td>\r\n</tr></table></td></tr></table>\r\n<table class=\"block_wrapper\" id=\"5510a031-c466-408b-98db-dba52ce8580a\" style=\"border-collapse: collapse; mso-table-lspace: 0pt; mso-table-rspace: 0pt; table-layout: fixed; word-break: break-word; word-wrap: break-word; font-family: Arial\" cellpadding=\"0\"><tr><td class=\"block bt_separator\" style=\"border-collapse: collapse; padding-top: 0px; padding-bottom: 0px; padding-left: 0px; padding-right: 0px; padding: 0px 0px 0px 0px; font-family: Arial; color: rgb(0, 0, 0)\" width=\"600\" valign=\"top\"><hr color=\"\" style=\"margin: 0; border: none; height: 2px; color: #fff; background-color: #fff\"></td></tr></table>\r\n<table class=\"block_wrapper\" id=\"2669d3fe-458d-492e-8c2e-4c53fc5f5184\" style=\"border-collapse: collapse; mso-table-lspace: 0pt; mso-table-rspace: 0pt; table-layout: fixed; word-break: break-word; word-wrap: break-word; font-family: Arial\" cellpadding=\"0\"><tr><td class=\"block bt_image align_center\" style=\"border-collapse: collapse; line-height: 0.01em; text-align: center; padding-top: 0px; padding-bottom: 0px; padding-left: 0px; padding-right: 0px; padding: 0px 0px 0px 0px; font-family: Arial; color: rgb(0, 0, 0)\" width=\"600\" valign=\"top\"><img data-sbx-image-guid=\"47e2f44c-2a2e-4946-8199-f2b9fff16994\" src=\"https://s3.amazonaws.com/assets.mysquawkbox.com/content_images/cb4c9301df58abff66972cf5e30d67f199e6ec09067c2d1c6d22284ed8580c12/P22_23_byline2-600-120-96dpi.jpg\" width=\"600\" height=\"120\" style=\"outline: none; text-decoration: none; -ms-interpolation-mode: bicubic; border: 0 none; height: auto; line-height: 100%\"></td></tr></table>\r\n<table class=\"block_wrapper\" id=\"855d1fef-fac4-4983-818d-180a36cb0ea2\" style=\"border-collapse: collapse; mso-table-lspace: 0pt; mso-table-rspace: 0pt; table-layout: fixed; word-break: break-word; word-wrap: break-word; font-family: Arial\" cellpadding=\"0\"><tr><td class=\"block bt_image align_center\" style=\"border-collapse: collapse; line-height: 0.01em; text-align: center; padding-top: 0px; padding-bottom: 0px; padding-left: 0px; padding-right: 0px; padding: 0px 0px 0px 0px; font-family: Arial; color: rgb(0, 0, 0)\" width=\"600\" valign=\"top\"><img data-sbx-image-guid=\"aa1a4008-7e80-44bc-b3d6-2c5166dbe046\" src=\"https://s3.amazonaws.com/assets.mysquawkbox.com/content_images/965d93ef02dabc0fb030c83262dc5fa96e20e1c470f47acfada923d8fb08bb41/P22_23_REMOTE_VB_Q-600-233-96dpi.jpg\" width=\"600\" height=\"233\" style=\"outline: none; text-decoration: none; -ms-interpolation-mode: bicubic; border: 0 none; height: auto; line-height: 100%\"></td></tr></table>\r\n<table class=\"block_wrapper\" id=\"3795c6d2-f3d4-46af-9183-1d727d4b857c\" style=\"border-collapse: collapse; mso-table-lspace: 0pt; mso-table-rspace: 0pt; table-layout: fixed; word-break: break-word; word-wrap: break-word; font-family: Arial\" cellpadding=\"0\"><tr><td class=\"block bt_image align_center\" style=\"border-collapse: collapse; line-height: 0.01em; text-align: center; padding-top: 0px; padding-bottom: 0px; padding-left: 0px; padding-right: 0px; padding: 0px 0px 0px 0px; font-family: Arial; color: rgb(0, 0, 0)\" width=\"600\" valign=\"top\"><img data-sbx-image-guid=\"70fe5f87-4ab2-40d0-8bb5-eafb637aed76\" src=\"https://s3.amazonaws.com/assets.mysquawkbox.com/content_images/a8dfaacf72bf13aee1d2cf12a2198ad0484b49f33254336d8fd10ee344cb3fbc/P22_23_REMOTE_TEACHERS-600-233-96dpi.jpg\" width=\"600\" height=\"233\" style=\"outline: none; text-decoration: none; -ms-interpolation-mode: bicubic; border: 0 none; height: auto; line-height: 100%\"></td></tr></table>\r\n<table class=\"block_wrapper\" id=\"afdc3b21-6131-4f53-be11-ddd0a3cc210c\" style=\"border-collapse: collapse; mso-table-lspace: 0pt; mso-table-rspace: 0pt; table-layout: fixed; word-break: break-word; word-wrap: break-word; font-family: Arial\" cellpadding=\"0\"><tr><td class=\"block bt_image align_center\" style=\"border-collapse: collapse; line-height: 0.01em; text-align: center; padding-top: 0px; padding-bottom: 0px; padding-left: 0px; padding-right: 0px; padding: 0px 0px 0px 0px; font-family: Arial; color: rgb(0, 0, 0)\" width=\"600\" valign=\"top\"><img data-sbx-image-guid=\"01e14d42-3fd3-4d66-939e-5c14ab1c92cb\" src=\"https://s3.amazonaws.com/assets.mysquawkbox.com/content_images/bd333e4571aaa0923c353c2a438dda253160d8aa9bf3cf3682e756d0b171fdc7/P22_23_REMOTE_SECRET-600-233-96dpi.jpg\" width=\"600\" height=\"233\" style=\"outline: none; text-decoration: none; -ms-interpolation-mode: bicubic; border: 0 none; height: auto; line-height: 100%\"></td></tr></table>\r\n<table class=\"block_wrapper\" id=\"d60c92c8-8bd0-4402-9f88-0ad18ae014ba\" style=\"border-collapse: collapse; mso-table-lspace: 0pt; mso-table-rspace: 0pt; table-layout: fixed; word-break: break-word; word-wrap: break-word; font-family: Arial\" cellpadding=\"0\"><tr><td class=\"block bt_left_caption\" style=\"border-collapse: collapse; font-family: Arial; color: rgb(0, 0, 0)\" width=\"600\" valign=\"top\"><table class=\"composed_block\" width=\"100%\" border=\"0\" cellspacing=\"0\" cellpadding=\"0\" style=\"border-collapse: collapse; mso-table-lspace: 0pt; mso-table-rspace: 0pt; width: 100%; border: 0; table-layout: fixed; word-break: break-word; word-wrap: break-word\"><tr>\r\n<td class=\"cbn_text\" width=\"75.0%\" style=\"border-collapse: collapse; overflow: hidden; vertical-align: top; padding: 10px 10px 10px 10px; padding-top: 10px; padding-bottom: 10px; padding-left: 10px; padding-right: 10px\"><div class=\"inner_composed_block cbn_text bt_text\" style=\"overflow: hidden; vertical-align: top; width: 100%\"><div class=\"block bt_text\" style=\"font-family: Arial; color: rgb(0, 0, 0)\" width=\"\" valign=\"top\"><table class=\"content_wrapper\" style=\"border-collapse: collapse; mso-table-lspace: 0pt; mso-table-rspace: 0pt; width: 100%; margin: 0; padding: 0\"><tr><td class=\"content_wrapper\" style=\"border-collapse: collapse; padding: 0px; vertical-align: top; font-family: Arial; color: rgb(0, 0, 0)\"><div><strong><span style=\"font-size: 18px; color: rgb(41, 150, 65)\"><span style=\"font-size: 18px\">Race into your local  store today!</span><br style=\"line-height: 1.0\"><br style=\"line-height: 1.0\"><span style=\"font-size: 28px\">MALPASS HOTEL</span><br style=\"line-height: 1.0\"><br style=\"line-height: 1.0\"></span></strong></div></td></tr></table></div></div></td>\r\n<td class=\"cbn_image\" width=\"25.0%\" style=\"border-collapse: collapse; overflow: hidden; vertical-align: top; padding: 10px 10px 10px 10px; padding-top: 10px; padding-bottom: 10px; padding-left: 10px; padding-right: 10px\"><div class=\"inner_composed_block cbn_image bt_image\" style=\"overflow: hidden; vertical-align: top; width: 100%\"><div class=\"block bt_image align_center\" style=\"line-height: 0.01em; text-align: center; font-family: Arial; color: rgb(0, 0, 0)\" width=\"\" valign=\"top\"><a href=\"https://app.mysquawkbox.com/link/jQW4x-4SMCGvqwIUMEAYSQ==/zsfZG7vsSc9PZSZe2yHYdQ==\" target=\"_blank\"><img src=\"https://s3.amazonaws.com/assets.mysquawkbox.com/content_images/f0b1f16a2d86666ef85dd979da186b635d4157c42f3ba390706bc673ee85e665/facebooksmall-80-80-96dpi.png\" width=\"80\" height=\"80\" style=\"border: 0 none; outline: none; text-decoration: none; -ms-interpolation-mode: bicubic; height: auto; line-height: 100%\"></a></div></div></td>\r\n</tr></table></td></tr></table>\r\n<table class=\"block_wrapper\" id=\"1b3c55c9-8355-4031-89b8-09f31322136d\" style=\"border-collapse: collapse; mso-table-lspace: 0pt; mso-table-rspace: 0pt; table-layout: fixed; word-break: break-word; word-wrap: break-word; font-family: Arial\" cellpadding=\"0\"><tr><td class=\"block bt_text\" style=\"border-collapse: collapse; font-family: Arial; color: rgb(0, 0, 0)\" width=\"600\" valign=\"top\"><table class=\"content_wrapper\" style=\"border-collapse: collapse; mso-table-lspace: 0pt; mso-table-rspace: 0pt; width: 100%; margin: 0; padding: 0\"><tr><td class=\"content_wrapper\" style=\"border-collapse: collapse; padding-top: 10px; padding-bottom: 10px; padding-left: 10px; padding-right: 10px; padding: 10px 10px 10px 10px; font-family: Arial; color: rgb(0, 0, 0)\"><div><span style=\"color: rgb(44, 53, 57)\"><span style=\"font-size: 18px\">Enjoy these legendary prices with your Members Rewards Card before stock sells out!</span></span></div></td></tr></table></td></tr></table>\r\n<table class=\"block_wrapper\" id=\"adf07c10-7979-427e-bd1a-fbe521574cf3\" style=\"border-collapse: collapse; mso-table-lspace: 0pt; mso-table-rspace: 0pt; table-layout: fixed; word-break: break-word; word-wrap: break-word; font-family: Arial\" cellpadding=\"0\"><tr><td class=\"block bt_text\" style=\"border-collapse: collapse; font-family: Arial; color: rgb(0, 0, 0)\" width=\"600\" valign=\"top\"><table class=\"content_wrapper\" style=\"border-collapse: collapse; mso-table-lspace: 0pt; mso-table-rspace: 0pt; width: 100%; margin: 0; padding: 0\"><tr><td class=\"content_wrapper\" style=\"border-collapse: collapse; padding-top: 10px; padding-bottom: 10px; padding-left: 10px; padding-right: 10px; padding: 10px 10px 10px 10px; font-family: Arial; color: rgb(0, 0, 0)\"><div>\r\n<span style=\"color: rgb(44, 53, 57)\">Visit our website:</span><a href=\"https://app.mysquawkbox.com/link/jQW4x-4SMCGvqwIUMEAYSQ==/1bQjybvorgOHvXpllbuLsg==\">www.LiquorLegends.com.au</a>\r\n</div></td></tr></table></td></tr></table>\r\n<table class=\"block_wrapper\" id=\"1961f6d7-f838-41ae-9856-be374cc699f7\" style=\"border-collapse: collapse; mso-table-lspace: 0pt; mso-table-rspace: 0pt; table-layout: fixed; word-break: break-word; word-wrap: break-word; font-family: Arial\" cellpadding=\"0\"><tr><td class=\"block bt_text\" style=\"border-collapse: collapse; font-family: Arial; color: rgb(0, 0, 0)\" width=\"600\" valign=\"top\"><table class=\"content_wrapper\" style=\"border-collapse: collapse; mso-table-lspace: 0pt; mso-table-rspace: 0pt; width: 100%; margin: 0; padding: 0\"><tr><td class=\"content_wrapper\" style=\"border-collapse: collapse; padding-top: 10px; padding-bottom: 10px; padding-left: 10px; padding-right: 10px; padding: 10px 10px 10px 10px; font-family: Arial; color: rgb(0, 0, 0)\"><div><span style=\"font-size: 10px; color: rgb(44, 53, 57)\">Terms and Conditions:These specials start on Wednesday 22nd April2015and finish on Tuesday 2nd June2015.While stocks last. Purchase limits apply.Rewards Offers are from standard advertised prices in store. Price reductions are based upon products purchased in the multiples specified. Save amounts are based on  recommended selling prices and may vary in some outlets. Some products may not be available in store. Retail limits may apply to products and bonus products. Bonus products are available whilst stocks last. Prices may vary in some country areas. Specials only available in listed stores. We attempt to be as accurate as possible. However, it is not guaranteed that product descriptions or other content listed is error-free. All wine, sparkling and champagne bottles are 750ml unless otherwise stated. Vintages may vary in some stores.  supports the responsible service of alcohol. Liquor and tobacco cannot be sold to under 18\'s.</span></div></td></tr></table></td></tr></table>\r\n<table class=\"block_wrapper\" id=\"2359930f-73e6-40e3-b69d-8122bfe8ef97\" style=\"border-collapse: collapse; mso-table-lspace: 0pt; mso-table-rspace: 0pt; table-layout: fixed; word-break: break-word; word-wrap: break-word; background-color: rgb(43, 56, 86); font-family: Arial\" cellpadding=\"0\"><tr><td class=\"block bt_text\" style=\"border-collapse: collapse; font-family: Arial; color: rgb(0, 0, 0)\" width=\"600\" valign=\"top\" bgcolor=\"#2b3856\"><table class=\"content_wrapper\" style=\"border-collapse: collapse; mso-table-lspace: 0pt; mso-table-rspace: 0pt; width: 100%; margin: 0; padding: 0\"><tr><td class=\"content_wrapper\" style=\"border-collapse: collapse; padding-top: 10px; padding-bottom: 10px; padding-left: 10px; padding-right: 10px; padding: 10px 10px 10px 10px; font-family: Arial; color: rgb(0, 0, 0)\"><div><div style=\"text-align: center\">\r\n<span style=\"color: rgb(109, 105, 104)\"><span style=\"color: rgb(254, 252, 255)\"></span></span><br style=\"line-height: 1.0\"><span style=\"color: rgb(109, 105, 104)\"><span style=\"color: rgb(254, 252, 255)\"> </span></span>\r\n</div></div></td></tr></table></td></tr></table>\r\n</td></tr></table></td></tr></table></div>\r\n      <div style=\"width: 100%; text-align: center;\">\r\n        <center>\r\n          <div style=\"margin: 0 auto; text-align: center; width: 600px;\">\r\n            <div id=\"email_footer\" style=\"font-size: 10px; font-family: Arial,Helvetica,sans-serif; text-align: center; color:#000000;\">\r\n              <div class=\"sent_by\" style=\"padding: 4px; font-size: 10px; font-family: Arial,Helvetica,sans-serif; text-align: center; color:#000000;\">This email was sent by <span id=\"sender_email\">Hotel &amp; Tourism Management Pty Ltd (Trading as Liquor Legends and Urban Cellars)</span>\r\n</div>\r\n              <div id=\"footer_links\" style=\"padding: 4px; font-size: 10px; font-family: Arial,Helvetica,sans-serif; text-align: center; color:#000000;\">\r\n                <a href=\"https://app.mysquawkbox.com/accounts/sender_info/ONpB-uGbGttQdrbkdqsZ0A==/jQW4x-4SMCGvqwIUMEAYSQ==\" id=\"unsubscribe_link\" style=\"color:#0000ee\">UNSUBSCRIBE</a> |\r\n                <a href=\"https://app.mysquawkbox.com/accounts/sender_info/ONpB-uGbGttQdrbkdqsZ0A==/jQW4x-4SMCGvqwIUMEAYSQ==\" id=\"contact_sender_link\" style=\"color:#0000ee\">CONTACT SENDER</a> |\r\n                <a href=\"https://impactdata.com.au/privacyPolicy.shtm\" id=\"privacy_policy_link\" style=\"color:#0000ee\">PRIVACY POLICY</a>\r\n              </div>\r\n            </div>\r\n          </div>\r\n          <div class=\"powered_by\" style=\"margin:0 auto; text-align:center; width: 600px;\">\r\n            <a href=\"http://mysquawkbox.com\">\r\n              <img class=\"powered_by\" src=\"https://app.mysquawkbox.com/assets/squawkbox/powered_by.png\" data-sbx-rehost=\"false\">\r\n            </a>\r\n          </div>\r\n        </center>\r\n      </div>\r\n      <img id=\"email_tracking_image\" src=\"https://app.mysquawkbox.com/email/jQW4x-4SMCGvqwIUMEAYSQ==/torsion.gif\" data-sbx-rehost=\"false\">\r\n            </td>\r\n          </table>\r\n        </body>\r\n      </html>\r\n<br><br>','UTF-8',1,0,0,'<8b112c5ea0a101c3b6aed9f78ecb514256800431@email4.impactdata.com.au>',1,1281,1429773773),(1,'[\"notification+zj4y4oc6fy26@facebookmail.com\"]','[\"zhangwei0425@gmail.com\"]','[]','[]','1429764351','  added a new photo to the album Mobile Uploads','<!DOCTYPE HTML PUBLIC \"-//W3C//DTD HTML 4.01 Transitional //EN\"><html><head><title>Facebook</title><meta http-equiv=\"Content-Type\" content=\"text/html; charset=utf-8\" /><style>@media all and (max-width: 480px){*[class].ib_t{min-width:100% !important}*[class].ib_row{display:block !important}*[class].ib_ext{display:block !important;padding:10px 0 5px 0;vertical-align:top !important;width:100% !important}*[class].ib_img,*[class].ib_mid{vertical-align:top !important}*[class].mb_blk{display:block !important;padding-bottom:10px;width:100% !important}*[class].mb_hide{display:none !important}*[class].mb_inl{display:inline !important}}</style></head><body style=\"margin:0;padding:0;\" dir=\"ltr\" bgcolor=\"#ffffff\"><table cellspacing=\"0\" cellpadding=\"0\" width=\"100%;\" id=\"email_table\" border=\"0\" style=\"border-collapse:collapse;\"><tr><td id=\"email_content\" style=\"font-family:Helvetica Neue,Helvetica,Lucida Grande,tahoma,verdana,arial,sans-serif;background:#ffffff;\"><table cellspacing=\"0\" cellpadding=\"0\" width=\"100%\" style=\"border-collapse:collapse;\"><tr style=\"\"><td height=\"20\" style=\"line-height:20px;\" colspan=\"3\">&nbsp;</td></tr><tr><td height=\"1\" colspan=\"3\" style=\"line-height:1px;\"><span style=\"color:#FFFFFF;display:none !important;font-size:1px;\">    added a new photo to the album Mobile Uploads . April 21 at 10:00pm View  243 people like this.  3 comments    Puzpa Indri Anggreani updated her status. April 21 at 9:35pm View  Puzpa Indri Anggreani and 86 others like this.  1 comment    Lisnawati MizzPisc updated her status. April 21 at 7:19pm View  Lisnawati MizzPisc and 29 others like this.  Lisnawati MizzPisc and 3 others commented.  </span></td></tr><tr><td width=\"15\" style=\"display:block;width:15px;\">&nbsp;&nbsp;&nbsp;</td><td style=\"\"><table cellspacing=\"0\" cellpadding=\"0\" width=\"100%\" style=\"border-collapse:collapse;\"><tr style=\"\"><td height=\"16\" style=\"line-height:16px;\" colspan=\"3\">&nbsp;</td></tr><tr><td width=\"32\" align=\"left\" valign=\"middle\" style=\"height:32;line-height:0px;\"><a href=\"https://www.facebook.com/n/?home.php&amp;medium=email&amp;mid=ba2762bG5af4e8d308d0G553878fdG314Gf610&amp;bcode=1.1429764349.AbkuyXr4sS4plAPT&amp;n_m=zhangwei0425%40gmail.com\" style=\"color:#3b5998;text-decoration:none;\"><img src=\"https://fbstatic-a.akamaihd.net/rsrc.php/v2/yk/r/_2faPUZhPI6.png\" width=\"32\" height=\"32\" style=\"border:0;\" /></a></td><td width=\"15\" style=\"display:block;width:15px;\">&nbsp;&nbsp;&nbsp;</td><td width=\"100%\" style=\"\"><a href=\"https://www.facebook.com/n/?home.php&amp;medium=email&amp;mid=ba2762bG5af4e8d308d0G553878fdG314Gf610&amp;bcode=1.1429764349.AbkuyXr4sS4plAPT&amp;n_m=zhangwei0425%40gmail.com\" style=\"color:#3b5998;text-decoration:none;font-family:Helvetica Neue,Helvetica,Lucida Grande,tahoma,verdana,arial,sans-serif;font-size:19px;line-height:32px;\">Facebook</a></td></tr><tr style=\"border-bottom:solid 1px #e5e5e5;\"><td height=\"16\" style=\"line-height:16px;\" colspan=\"3\">&nbsp;</td></tr></table></td><td width=\"15\" style=\"display:block;width:15px;\">&nbsp;&nbsp;&nbsp;</td></tr><tr><td width=\"15\" style=\"display:block;width:15px;\">&nbsp;&nbsp;&nbsp;</td><td style=\"\"><table cellspacing=\"0\" cellpadding=\"0\" width=\"100%\" style=\"border-collapse:collapse;\"><tr style=\"\"><td height=\"28\" style=\"line-height:28px;\">&nbsp;</td></tr><tr><td style=\"\"><table cellspacing=\"0\" cellpadding=\"0\" width=\"100%\" style=\"border-collapse:collapse;\"><tr><td style=\"font-size:11px;font-family:LucidaGrande,tahoma,verdana,arial,sans-serif;border:solid 1px #e5e5e5;border-radius:2px 2px 0 0;padding:10px;display:block;\"><table cellspacing=\"0\" cellpadding=\"0\" style=\"border-collapse:collapse;\"><tr><td style=\"vertical-align:top;padding-top:3px;\"><a href=\"https://www.facebook.com/n/?dreem.lamae.1&amp;medium=email&amp;mid=ba2762bG5af4e8d308d0G553878fdG314Gf610&amp;bcode=1.1429764349.AbkuyXr4sS4plAPT&amp;n_m=zhangwei0425%40gmail.com&amp;lloc=profile_img\" style=\"color:#3b5998;text-decoration:none;\"><img src=\"http://profile.ak.fbcdn.net/hprofile-ak-xpf1/v/t1.0-1/p50x50/11058377_441307076037249_3937570640291505714_n.jpg?oh=a8ba6a6fcb983c2828fd804463ba4622&amp;oe=55D83BAD&amp;__gda__=1436940806_07385241e0d5309e6b800c27b03b8d2a\" width=\"50\" height=\"50\" style=\"border:0;\" /></a></td><td width=\"10\" style=\"display:block;width:10px;\">&nbsp;&nbsp;&nbsp;</td><td width=\"100%\" style=\"vertical-align:top;\"><table cellspacing=\"0\" cellpadding=\"0\" style=\"border-collapse:collapse;\"><tr><td style=\"font-family:Helvetica Neue,Helvetica,Lucida Grande,tahoma,verdana,arial,sans-serif;font-size:16px;line-height:21px;color:#141823;\"><a href=\"https://www.facebook.com/n/?dreem.lamae.1&amp;medium=email&amp;mid=ba2762bG5af4e8d308d0G553878fdG314Gf610&amp;bcode=1.1429764349.AbkuyXr4sS4plAPT&amp;n_m=zhangwei0425%40gmail.com&amp;lloc=profile_img\" style=\"color:#3b5998;text-decoration:none;\"><span style=\"font-family:Helvetica Neue,Helvetica,Lucida Grande,tahoma,verdana,arial,sans-serif;font-size:16px;line-height:21px;color:#141823;\"><a href=\"https://www.facebook.com/n/?dreem.lamae.1&amp;medium=email&amp;mid=ba2762bG5af4e8d308d0G553878fdG314Gf610&amp;bcode=1.1429764349.AbkuyXr4sS4plAPT&amp;n_m=zhangwei0425%40gmail.com\" style=\"font-family:Helvetica Neue,Helvetica,Lucida Grande,tahoma,verdana,arial,sans-serif;font-size:16px;line-height:21px;font-weight:bold;color:#141823;;text-decoration:none\"> </a> added a new <a href=\"https://www.facebook.com/n/?photo.php&amp;fbid=443410402493583&amp;set=a.171468509687775.1073741825.100004738813141&amp;type=1&amp;medium=email&amp;mid=ba2762bG5af4e8d308d0G553878fdG314Gf610&amp;bcode=1.1429764349.AbkuyXr4sS4plAPT&amp;n_m=zhangwei0425%40gmail.com&amp;lloc=photo_link\" style=\"font-family:Helvetica Neue,Helvetica,Lucida Grande,tahoma,verdana,arial,sans-serif;font-size:16px;line-height:21px;font-weight:bold;color:#141823;;text-decoration:none\">photo</a> to the album <a href=\"https://www.facebook.com/n/?photo.php&amp;fbid=443410402493583&amp;set=a.171468509687775.1073741825.100004738813141&amp;type=1&amp;medium=email&amp;mid=ba2762bG5af4e8d308d0G553878fdG314Gf610&amp;bcode=1.1429764349.AbkuyXr4sS4plAPT&amp;n_m=zhangwei0425%40gmail.com&amp;lloc=photo_album_link\" style=\"font-family:Helvetica Neue,Helvetica,Lucida Grande,tahoma,verdana,arial,sans-serif;font-size:16px;line-height:21px;font-weight:bold;color:#141823;;text-decoration:none\">Mobile Uploads</a>.</span></a></td></tr><tr><td style=\"\"><span style=\"font-family:Helvetica Neue,Helvetica,Lucida Grande,tahoma,verdana,arial,sans-serif;font-size:14px;line-height:19px;color:#898f9c;\">April 21 at 10:00pm</span></td></tr></table></td><td valign=\"middle\"><a href=\"https://www.facebook.com/n/?photo.php&amp;fbid=443410402493583&amp;set=a.171468509687775.1073741825.100004738813141&amp;type=1&amp;medium=email&amp;mid=ba2762bG5af4e8d308d0G553878fdG314Gf610&amp;bcode=1.1429764349.AbkuyXr4sS4plAPT&amp;n_m=zhangwei0425%40gmail.com&amp;lloc=stripped_post\" style=\"color:#3b5998;text-decoration:none;\"><table cellspacing=\"0\" cellpadding=\"0\" width=\"100%\" style=\"border-collapse:collapse;\"><tr><td style=\"border-collapse:collapse;border-radius:2px;text-align:center;display:block;border:solid 1px #c9ccd1;box-shadow:0 1px 0 rgba(0, 0, 0, 0.04);background:#f6f7f8;padding:7px 16px 11px 16px;\"><a href=\"https://www.facebook.com/n/?photo.php&amp;fbid=443410402493583&amp;set=a.171468509687775.1073741825.100004738813141&amp;type=1&amp;medium=email&amp;mid=ba2762bG5af4e8d308d0G553878fdG314Gf610&amp;bcode=1.1429764349.AbkuyXr4sS4plAPT&amp;n_m=zhangwei0425%40gmail.com&amp;lloc=stripped_post\" style=\"color:#3b5998;text-decoration:none;display:block;\"><center><font size=\"3\"><span style=\"font-family:Helvetica Neue,Helvetica,Lucida Grande,tahoma,verdana,arial,sans-serif;white-space:nowrap;font-weight:bold;vertical-align:middle;color:#525252;text-shadow:0 1px 0 #ffffff;font-size:14px;line-height:14px;\">View</span></font></center></a></td></tr></table></a></td></tr></table></td></tr><tr><td style=\"font-size:11px;font-family:LucidaGrande,tahoma,verdana,arial,sans-serif;background:#f2f2f2;border:solid 1px #e5e5e5;border-top:0;border-radius:0 0 2px 2px;padding:0px 10px;display:block;\"><table cellspacing=\"0\" cellpadding=\"0\" width=\"100%\" style=\"border-collapse:collapse;\"><tr style=\"\"><td height=\"10\" style=\"line-height:10px;\">&nbsp;</td></tr><tr><td width=\"25\" valign=\"top\" style=\"\"><img src=\"https://fbstatic-a.akamaihd.net/rsrc.php/v2/yo/r/_9JkYE3mEsZ.png\" width=\"16\" height=\"16\" style=\"border:0;padding-top:1px;\" /></td><td valign=\"top\" style=\"\"><span style=\"font-family:Helvetica Neue,Helvetica,Lucida Grande,tahoma,verdana,arial,sans-serif;font-size:14px;line-height:19px;color:#141823;\">243 people like this.</span></td></tr><tr style=\"\"><td height=\"5\" style=\"line-height:5px;\">&nbsp;</td></tr><tr><td width=\"25\" valign=\"top\" style=\"\"><img src=\"https://fbstatic-a.akamaihd.net/rsrc.php/v2/yw/r/RmC1Pejk_Fr.png\" width=\"16\" height=\"16\" style=\"border:0;padding-top:1px;\" /></td><td valign=\"top\" style=\"\"><span style=\"font-family:Helvetica Neue,Helvetica,Lucida Grande,tahoma,verdana,arial,sans-serif;font-size:14px;line-height:19px;color:#141823;\">3 comments</span></td></tr><tr style=\"\"><td height=\"10\" style=\"line-height:10px;\">&nbsp;</td></tr></table></td></tr></table></td></tr><tr style=\"\"><td height=\"14\" style=\"line-height:14px;\">&nbsp;</td></tr><tr><td style=\"\"><table cellspacing=\"0\" cellpadding=\"0\" width=\"100%\" style=\"border-collapse:collapse;\"><tr><td style=\"font-size:11px;font-family:LucidaGrande,tahoma,verdana,arial,sans-serif;border:solid 1px #e5e5e5;border-radius:2px 2px 0 0;padding:10px;display:block;\"><table cellspacing=\"0\" cellpadding=\"0\" style=\"border-collapse:collapse;\"><tr><td style=\"vertical-align:top;padding-top:3px;\"><a href=\"https://www.facebook.com/n/?profile.php&amp;id=100006958266217&amp;medium=email&amp;mid=ba2762bG5af4e8d308d0G553878fdG314Gf610&amp;bcode=1.1429764349.AbkuyXr4sS4plAPT&amp;n_m=zhangwei0425%40gmail.com&amp;lloc=profile_img\" style=\"color:#3b5998;text-decoration:none;\"><img src=\"http://profile.ak.fbcdn.net/hprofile-ak-xaf1/v/t1.0-1/c8.0.50.50/p50x50/11149325_1588562214719039_5643088676624757219_n.jpg?oh=3196044aa82cd2af8f86512f54c12859&amp;oe=55D2DED9&amp;__gda__=1436730614_4e8f4eb20c72ccf85a124a9d2097b316\" width=\"50\" height=\"50\" style=\"border:0;\" /></a></td><td width=\"10\" style=\"display:block;width:10px;\">&nbsp;&nbsp;&nbsp;</td><td width=\"100%\" style=\"vertical-align:top;\"><table cellspacing=\"0\" cellpadding=\"0\" style=\"border-collapse:collapse;\"><tr><td style=\"font-family:Helvetica Neue,Helvetica,Lucida Grande,tahoma,verdana,arial,sans-serif;font-size:16px;line-height:21px;color:#141823;\"><a href=\"https://www.facebook.com/n/?profile.php&amp;id=100006958266217&amp;medium=email&amp;mid=ba2762bG5af4e8d308d0G553878fdG314Gf610&amp;bcode=1.1429764349.AbkuyXr4sS4plAPT&amp;n_m=zhangwei0425%40gmail.com&amp;lloc=profile_img\" style=\"color:#3b5998;text-decoration:none;\"><span style=\"font-family:Helvetica Neue,Helvetica,Lucida Grande,tahoma,verdana,arial,sans-serif;font-size:16px;line-height:21px;color:#141823;\"><a href=\"https://www.facebook.com/n/?profile.php&amp;id=100006958266217&amp;medium=email&amp;mid=ba2762bG5af4e8d308d0G553878fdG314Gf610&amp;bcode=1.1429764349.AbkuyXr4sS4plAPT&amp;n_m=zhangwei0425%40gmail.com\" style=\"font-family:Helvetica Neue,Helvetica,Lucida Grande,tahoma,verdana,arial,sans-serif;font-size:16px;line-height:21px;font-weight:bold;color:#141823;;text-decoration:none\">Puzpa Indri Anggreani</a> updated her status.</span></a></td></tr><tr><td style=\"\"><span style=\"font-family:Helvetica Neue,Helvetica,Lucida Grande,tahoma,verdana,arial,sans-serif;font-size:14px;line-height:19px;color:#898f9c;\">April 21 at 9:35pm</span></td></tr></table></td><td valign=\"middle\"><a href=\"https://www.facebook.com/n/?permalink.php&amp;story_fbid=1593582424217018&amp;id=100006958266217&amp;medium=email&amp;mid=ba2762bG5af4e8d308d0G553878fdG314Gf610&amp;bcode=1.1429764349.AbkuyXr4sS4plAPT&amp;n_m=zhangwei0425%40gmail.com&amp;lloc=stripped_post\" style=\"color:#3b5998;text-decoration:none;\"><table cellspacing=\"0\" cellpadding=\"0\" width=\"100%\" style=\"border-collapse:collapse;\"><tr><td style=\"border-collapse:collapse;border-radius:2px;text-align:center;display:block;border:solid 1px #c9ccd1;box-shadow:0 1px 0 rgba(0, 0, 0, 0.04);background:#f6f7f8;padding:7px 16px 11px 16px;\"><a href=\"https://www.facebook.com/n/?permalink.php&amp;story_fbid=1593582424217018&amp;id=100006958266217&amp;medium=email&amp;mid=ba2762bG5af4e8d308d0G553878fdG314Gf610&amp;bcode=1.1429764349.AbkuyXr4sS4plAPT&amp;n_m=zhangwei0425%40gmail.com&amp;lloc=stripped_post\" style=\"color:#3b5998;text-decoration:none;display:block;\"><center><font size=\"3\"><span style=\"font-family:Helvetica Neue,Helvetica,Lucida Grande,tahoma,verdana,arial,sans-serif;white-space:nowrap;font-weight:bold;vertical-align:middle;color:#525252;text-shadow:0 1px 0 #ffffff;font-size:14px;line-height:14px;\">View</span></font></center></a></td></tr></table></a></td></tr></table></td></tr><tr><td style=\"font-size:11px;font-family:LucidaGrande,tahoma,verdana,arial,sans-serif;background:#f2f2f2;border:solid 1px #e5e5e5;border-top:0;border-radius:0 0 2px 2px;padding:0px 10px;display:block;\"><table cellspacing=\"0\" cellpadding=\"0\" width=\"100%\" style=\"border-collapse:collapse;\"><tr style=\"\"><td height=\"10\" style=\"line-height:10px;\">&nbsp;</td></tr><tr><td width=\"25\" valign=\"top\" style=\"\"><img src=\"https://fbstatic-a.akamaihd.net/rsrc.php/v2/yo/r/_9JkYE3mEsZ.png\" width=\"16\" height=\"16\" style=\"border:0;padding-top:1px;\" /></td><td valign=\"top\" style=\"\"><span style=\"font-family:Helvetica Neue,Helvetica,Lucida Grande,tahoma,verdana,arial,sans-serif;font-size:14px;line-height:19px;color:#141823;\">Puzpa Indri Anggreani and 86 others like this.</span></td></tr><tr style=\"\"><td height=\"5\" style=\"line-height:5px;\">&nbsp;</td></tr><tr><td width=\"25\" valign=\"top\" style=\"\"><img src=\"https://fbstatic-a.akamaihd.net/rsrc.php/v2/yw/r/RmC1Pejk_Fr.png\" width=\"16\" height=\"16\" style=\"border:0;padding-top:1px;\" /></td><td valign=\"top\" style=\"\"><span style=\"font-family:Helvetica Neue,Helvetica,Lucida Grande,tahoma,verdana,arial,sans-serif;font-size:14px;line-height:19px;color:#141823;\">1 comment</span></td></tr><tr style=\"\"><td height=\"10\" style=\"line-height:10px;\">&nbsp;</td></tr></table></td></tr></table></td></tr><tr style=\"\"><td height=\"14\" style=\"line-height:14px;\">&nbsp;</td></tr><tr><td style=\"\"><table cellspacing=\"0\" cellpadding=\"0\" width=\"100%\" style=\"border-collapse:collapse;\"><tr><td style=\"font-size:11px;font-family:LucidaGrande,tahoma,verdana,arial,sans-serif;border:solid 1px #e5e5e5;border-radius:2px 2px 0 0;padding:10px;display:block;\"><table cellspacing=\"0\" cellpadding=\"0\" style=\"border-collapse:collapse;\"><tr><td style=\"vertical-align:top;padding-top:3px;\"><a href=\"https://www.facebook.com/n/?lhyzna.chaappphoppee&amp;medium=email&amp;mid=ba2762bG5af4e8d308d0G553878fdG314Gf610&amp;bcode=1.1429764349.AbkuyXr4sS4plAPT&amp;n_m=zhangwei0425%40gmail.com&amp;lloc=profile_img\" style=\"color:#3b5998;text-decoration:none;\"><img src=\"http://scontent.xx.fbcdn.net/hprofile-xfp1/v/l/t1.0-1/p50x50/11008420_1588513741425281_7689750616942076821_n.jpg?oh=c78983e70995c8a5f073428456eeb912&amp;oe=559C150C\" width=\"50\" height=\"50\" style=\"border:0;\" /></a></td><td width=\"10\" style=\"display:block;width:10px;\">&nbsp;&nbsp;&nbsp;</td><td width=\"100%\" style=\"vertical-align:top;\"><table cellspacing=\"0\" cellpadding=\"0\" style=\"border-collapse:collapse;\"><tr><td style=\"font-family:Helvetica Neue,Helvetica,Lucida Grande,tahoma,verdana,arial,sans-serif;font-size:16px;line-height:21px;color:#141823;\"><a href=\"https://www.facebook.com/n/?lhyzna.chaappphoppee&amp;medium=email&amp;mid=ba2762bG5af4e8d308d0G553878fdG314Gf610&amp;bcode=1.1429764349.AbkuyXr4sS4plAPT&amp;n_m=zhangwei0425%40gmail.com&amp;lloc=profile_img\" style=\"color:#3b5998;text-decoration:none;\"><span style=\"font-family:Helvetica Neue,Helvetica,Lucida Grande,tahoma,verdana,arial,sans-serif;font-size:16px;line-height:21px;color:#141823;\"><a href=\"https://www.facebook.com/n/?lhyzna.chaappphoppee&amp;medium=email&amp;mid=ba2762bG5af4e8d308d0G553878fdG314Gf610&amp;bcode=1.1429764349.AbkuyXr4sS4plAPT&amp;n_m=zhangwei0425%40gmail.com\" style=\"font-family:Helvetica Neue,Helvetica,Lucida Grande,tahoma,verdana,arial,sans-serif;font-size:16px;line-height:21px;font-weight:bold;color:#141823;;text-decoration:none\">Lisnawati MizzPisc</a> updated her status.</span></a></td></tr><tr><td style=\"\"><span style=\"font-family:Helvetica Neue,Helvetica,Lucida Grande,tahoma,verdana,arial,sans-serif;font-size:14px;line-height:19px;color:#898f9c;\">April 21 at 7:19pm</span></td></tr></table></td><td valign=\"middle\"><a href=\"https://www.facebook.com/n/?lhyzna.chaappphoppee%2Fposts%2F1588111108132211&amp;medium=email&amp;mid=ba2762bG5af4e8d308d0G553878fdG314Gf610&amp;bcode=1.1429764349.AbkuyXr4sS4plAPT&amp;n_m=zhangwei0425%40gmail.com&amp;lloc=stripped_post\" style=\"color:#3b5998;text-decoration:none;\"><table cellspacing=\"0\" cellpadding=\"0\" width=\"100%\" style=\"border-collapse:collapse;\"><tr><td style=\"border-collapse:collapse;border-radius:2px;text-align:center;display:block;border:solid 1px #c9ccd1;box-shadow:0 1px 0 rgba(0, 0, 0, 0.04);background:#f6f7f8;padding:7px 16px 11px 16px;\"><a href=\"https://www.facebook.com/n/?lhyzna.chaappphoppee%2Fposts%2F1588111108132211&amp;medium=email&amp;mid=ba2762bG5af4e8d308d0G553878fdG314Gf610&amp;bcode=1.1429764349.AbkuyXr4sS4plAPT&amp;n_m=zhangwei0425%40gmail.com&amp;lloc=stripped_post\" style=\"color:#3b5998;text-decoration:none;display:block;\"><center><font size=\"3\"><span style=\"font-family:Helvetica Neue,Helvetica,Lucida Grande,tahoma,verdana,arial,sans-serif;white-space:nowrap;font-weight:bold;vertical-align:middle;color:#525252;text-shadow:0 1px 0 #ffffff;font-size:14px;line-height:14px;\">View</span></font></center></a></td></tr></table></a></td></tr></table></td></tr><tr><td style=\"font-size:11px;font-family:LucidaGrande,tahoma,verdana,arial,sans-serif;background:#f2f2f2;border:solid 1px #e5e5e5;border-top:0;border-radius:0 0 2px 2px;padding:0px 10px;display:block;\"><table cellspacing=\"0\" cellpadding=\"0\" width=\"100%\" style=\"border-collapse:collapse;\"><tr style=\"\"><td height=\"10\" style=\"line-height:10px;\">&nbsp;</td></tr><tr><td width=\"25\" valign=\"top\" style=\"\"><img src=\"https://fbstatic-a.akamaihd.net/rsrc.php/v2/yo/r/_9JkYE3mEsZ.png\" width=\"16\" height=\"16\" style=\"border:0;padding-top:1px;\" /></td><td valign=\"top\" style=\"\"><span style=\"font-family:Helvetica Neue,Helvetica,Lucida Grande,tahoma,verdana,arial,sans-serif;font-size:14px;line-height:19px;color:#141823;\">Lisnawati MizzPisc and 29 others like this.</span></td></tr><tr style=\"\"><td height=\"5\" style=\"line-height:5px;\">&nbsp;</td></tr><tr><td width=\"25\" valign=\"top\" style=\"\"><img src=\"https://fbstatic-a.akamaihd.net/rsrc.php/v2/yw/r/RmC1Pejk_Fr.png\" width=\"16\" height=\"16\" style=\"border:0;padding-top:1px;\" /></td><td valign=\"top\" style=\"\"><span style=\"font-family:Helvetica Neue,Helvetica,Lucida Grande,tahoma,verdana,arial,sans-serif;font-size:14px;line-height:19px;color:#141823;\">Lisnawati MizzPisc and 3 others commented.</span></td></tr><tr style=\"\"><td height=\"10\" style=\"line-height:10px;\">&nbsp;</td></tr></table></td></tr></table></td></tr><tr style=\"\"><td height=\"14\" style=\"line-height:14px;\">&nbsp;</td></tr></table></td><td width=\"15\" style=\"display:block;width:15px;\">&nbsp;&nbsp;&nbsp;</td></tr><tr><td width=\"15\" style=\"display:block;width:15px;\">&nbsp;&nbsp;&nbsp;</td><td style=\"\"><table cellspacing=\"0\" cellpadding=\"0\" width=\"100%\" style=\"border-collapse:collapse;\"><tr style=\"\"><td height=\"2\" style=\"line-height:2px;\" colspan=\"3\">&nbsp;</td></tr><tr><td class=\"mb_blk\" style=\"\"><a href=\"https://www.facebook.com/n/?photo.php&amp;fbid=443410402493583&amp;set=a.171468509687775.1073741825.100004738813141&amp;type=1&amp;medium=email&amp;mid=ba2762bG5af4e8d308d0G553878fdG314Gf610&amp;bcode=1.1429764349.AbkuyXr4sS4plAPT&amp;n_m=zhangwei0425%40gmail.com&amp;lloc=1st_cta\" style=\"color:#3b5998;text-decoration:none;\"><table cellspacing=\"0\" cellpadding=\"0\" width=\"100%\" style=\"border-collapse:collapse;\"><tr><td style=\"border-collapse:collapse;border-radius:2px;text-align:center;display:block;border:solid 1px #344c80;box-shadow:inset 0 1px 1px rgba(255, 255, 255, 0.1),0 1px 0 rgba(0, 0, 0, 0.1);background:#4c649b;padding:7px 16px 11px 16px;\"><a href=\"https://www.facebook.com/n/?photo.php&amp;fbid=443410402493583&amp;set=a.171468509687775.1073741825.100004738813141&amp;type=1&amp;medium=email&amp;mid=ba2762bG5af4e8d308d0G553878fdG314Gf610&amp;bcode=1.1429764349.AbkuyXr4sS4plAPT&amp;n_m=zhangwei0425%40gmail.com&amp;lloc=1st_cta\" style=\"color:#3b5998;text-decoration:none;display:block;\"><center><font size=\"3\"><span style=\"font-family:Helvetica Neue,Helvetica,Lucida Grande,tahoma,verdana,arial,sans-serif;white-space:nowrap;font-weight:bold;vertical-align:middle;color:#ffffff;text-shadow:0 -1px 0 #415686;font-size:14px;line-height:14px;\">Open&nbsp;Facebook</span></font></center></a></td></tr></table></a></td><td width=\"100%\" class=\"mb_hide\" style=\"\"></td></tr><tr style=\"\"><td height=\"32\" style=\"line-height:32px;\" colspan=\"3\">&nbsp;</td></tr></table></td><td width=\"15\" style=\"display:block;width:15px;\">&nbsp;&nbsp;&nbsp;</td></tr><tr><td width=\"15\" style=\"display:block;width:15px;\">&nbsp;&nbsp;&nbsp;</td><td style=\"\"><table cellspacing=\"0\" cellpadding=\"0\" width=\"100%\" style=\"border-collapse:collapse;\"><tr style=\"border-top:solid 1px #e5e5e5;\"><td height=\"16\" style=\"line-height:16px;\">&nbsp;</td></tr><tr><td style=\"font-family:Helvetica Neue,Helvetica,Lucida Grande,tahoma,verdana,arial,sans-serif;font-size:11px;color:#aaaaaa;line-height:16px;\">This message was sent to <a href=\"mailto:zhangwei0425&#064;gmail.com\" style=\"color:#3b5998;text-decoration:none;\">zhangwei0425&#064;gmail.com</a>. If you don&#039;t want to receive these emails from Facebook in the future, please <a href=\"https://www.facebook.com/o.php?k=AS2QorKNKuSnb_fv&amp;u=100007924664528&amp;mid=ba2762bG5af4e8d308d0G553878fdG314Gf610\" style=\"color:#3b5998;text-decoration:none;\">unsubscribe</a>.<br />Facebook, Inc., Attention: Department 415, PO Box 10005, Palo Alto, CA 94303</td></tr></table></td><td width=\"15\" style=\"display:block;width:15px;\">&nbsp;&nbsp;&nbsp;</td></tr><tr style=\"\"><td height=\"20\" style=\"line-height:20px;\" colspan=\"3\">&nbsp;</td></tr></table><span style=\"\"><img src=\"https://www.facebook.com/email_open_log_pic.php?mid=ba2762bG5af4e8d308d0G553878fdG314Gf610\" style=\"border:0;width:1px;height:1px;\" /></span></td></tr></table></body></html>\r\n\r\n\r\n<br><br>','UTF-8',1,0,0,'<f2811d3afae2225c1a3ec04b72d6b71c@async.facebook.com>',1,1280,1429773785),(1,'[\"no-reply@elance.com\"]','[\"zhangwei0425@gmail.com\"]','[]','[]','1429763805','Latest Job Recommendations for You.','<head></head><body style=\"cursor: auto;\"><IMG SRC=\"http://sv1.elanceonline.com/track?eas=1&msid=1&auid=34816435&mailingid=207601&messageid=14004&databaseid=1415313181&type=open&serial=16780922&emailid=zhangwei0425@gmail.com&userid=7855476&targetid=&mn=0&fl=&mvid=&extra=&&&\" WIDTH=\"1\" HEIGHT=\"1\" STYLE=\"border-width:0; border-style:hidden;\" ALT=\"\"/>\r\n<head><style type=\"text/css\">\r\n  body { font-family: arial; font-size: 12px; background-color: #FFFFFF };\r\n  table, td { font-family: arial; font-size: 12px; color: #000000 };\r\n  p, div { font-family: arial; font-size: 12px; color: #000000 };\r\n  a:link { color: #00468C; text-decoration: none;  };\r\n  a:visited { color: #00468C; text-decoration: none;  };\r\n  a:hover { text-decoration: underline; color: #1B6CCD;  };\r\n</style></head>\r\n<body><div align=\"left\">\r\n<table border=\"0\" cellspacing=\"0\" cellpadding=\"0\" width=\"602\" align=\"center\">\r\n  <tr>\r\n    <td align=\"left\" style=\"font-family: Arial; font-size: 12px; color: #000000\">\r\n\r\n    <table border=\"0\" cellspacing=\"0\" cellpadding=\"0\" width=\"100%\">\r\n      <tr valign=\"middle\">\r\n        <td><a href=\"http://sv1.elanceonline.com/track?t=c&eas=1&msid=1&auid=34816435&mid=207601&msgid=14004&did=1415313181&sn=16780922&eid=zhangwei0425@gmail.com&uid=7855476&tgid=&fl=&mvid=&extra=&&&9300&&&https://www.elance.com\"><img src=\"https://www.elance.com/media/images/4.0/mail/elance-email-logo.png\" alt=\"Elance\" border=\"0\" /></a></td>\r\n    <td align=\"right\" valign=\"middle\" style=\"font-family: Arial; font-size: 12px; color: #d1d1d1\"></td>\r\n      </tr>\r\n    </table>\r\n    &nbsp;<br />\r\n    \r\n    </td>\r\n  </tr>\r\n  <tr>\r\n    <td width=\"602\" height=\"9\" valign=\"bottom\" style=\"vertical-align:bottom\"><img width=\"602\" height=\"9\" src=\"https://www.elance.com/images/4.0/email-top.png\" alt=\"\" style=\"vertical-align:bottom\" /></td>\r\n  </tr>\r\n  <tr>\r\n    <td align=\"left\" style=\"font-family:Arial;font-size:12px;color:#000000;border-left:solid 1px #c8c8c8;border-right:solid 1px #c8c8c8;padding:20px\">\r\n<h1 style=\"color: rgb(80, 133, 44); font-family: Georgia, Arial; font-size: 26px; font-weight: normal;\">Today\'s Job\r\nRecommendations</h1>\r\n<IMG SRC=\"http://sv1.elanceonline.com/track?eas=1&msid=1&auid=34816435&mailingid=207601&messageid=14004&databaseid=1415313181&type=open&serial=16780922&emailid=zhangwei0425@gmail.com&userid=7855476&targetid=&mn=0&fl=&mvid=&extra=&&&\" WIDTH=\"1\" HEIGHT=\"1\" STYLE=\"border-width:0; border-style:hidden;\" ALT=\"\"/>\r\n<p>These recommendations are personalized just for you.  <br>To improve results, please update your <a  href=\"http://sv1.elanceonline.com/track?type=click&enid=ZWFzPTEmbXNpZD0xJmF1aWQ9MzQ4MTY0MzUmbWFpbGluZ2lkPTIwNzYwMSZtZXNzYWdlaWQ9MTQwMDQmZGF0YWJhc2VpZD0xNDE1MzEzMTgxJnNlcmlhbD0xNjc4MDkyMiZlbWFpbGlkPXpoYW5nd2VpMDQyNUBnbWFpbC5jb20mdXNlcmlkPTc4NTU0NzYmdGFyZ2V0aWQ9Jm1uPTAmZmw9Jm12aWQ9JmV4dHJhPSYmJg==&&&2004&&&https://www.elance.com/s/edit/JinDaguang\">profile</a>, <a  href=\"http://sv1.elanceonline.com/track?type=click&enid=ZWFzPTEmbXNpZD0xJmF1aWQ9MzQ4MTY0MzUmbWFpbGluZ2lkPTIwNzYwMSZtZXNzYWdlaWQ9MTQwMDQmZGF0YWJhc2VpZD0xNDE1MzEzMTgxJnNlcmlhbD0xNjc4MDkyMiZlbWFpbGlkPXpoYW5nd2VpMDQyNUBnbWFpbC5jb20mdXNlcmlkPTc4NTU0NzYmdGFyZ2V0aWQ9Jm1uPTAmZmw9Jm12aWQ9JmV4dHJhPSYmJg==&&&2005&&&https://www.elance.com/s/edit/JinDaguang/editSkills\">skills</a>, and <a  href=\"http://sv1.elanceonline.com/track?type=click&enid=ZWFzPTEmbXNpZD0xJmF1aWQ9MzQ4MTY0MzUmbWFpbGluZ2lkPTIwNzYwMSZtZXNzYWdlaWQ9MTQwMDQmZGF0YWJhc2VpZD0xNDE1MzEzMTgxJnNlcmlhbD0xNjc4MDkyMiZlbWFpbGlkPXpoYW5nd2VpMDQyNUBnbWFpbC5jb20mdXNlcmlkPTc4NTU0NzYmdGFyZ2V0aWQ9Jm1uPTAmZmw9Jm12aWQ9JmV4dHJhPSYmJg==&&&2006&&&https://www.elance.com/php/preferences/main/clientJobPreferences.php\">preferences</a>.</p><p>\r\n<div align=\"right\" style=\"text-align: right\">View <a\r\nhref=\"http://sv1.elanceonline.com/track?type=click&enid=ZWFzPTEmbXNpZD0xJmF1aWQ9MzQ4MTY0MzUmbWFpbGluZ2lkPTIwNzYwMSZtZXNzYWdlaWQ9MTQwMDQmZGF0YWJhc2VpZD0xNDE1MzEzMTgxJnNlcmlhbD0xNjc4MDkyMiZlbWFpbGlkPXpoYW5nd2VpMDQyNUBnbWFpbC5jb20mdXNlcmlkPTc4NTU0NzYmdGFyZ2V0aWQ9Jm1uPTAmZmw9Jm12aWQ9JmV4dHJhPSYmJg==&&&2000&&&https://www.elance.com/opportunities?utm_source=elance&utm_medium=email&utm_campaign=20&e_category=C&e_date=#%23DATETIME%23%23&e_name=JobRecDigestDaily&e_link=11\">all recommendations</a> | <a href=\"http://sv1.elanceonline.com/track?type=click&enid=ZWFzPTEmbXNpZD0xJmF1aWQ9MzQ4MTY0MzUmbWFpbGluZ2lkPTIwNzYwMSZtZXNzYWdlaWQ9MTQwMDQmZGF0YWJhc2VpZD0xNDE1MzEzMTgxJnNlcmlhbD0xNjc4MDkyMiZlbWFpbGlkPXpoYW5nd2VpMDQyNUBnbWFpbC5jb20mdXNlcmlkPTc4NTU0NzYmdGFyZ2V0aWQ9Jm1uPTAmZmw9Jm12aWQ9JmV4dHJhPSYmJg==&&&2001&&&https://www.elance.com/r/jobs/?utm_source=elance&utm_medium=email&utm_campaign=20&e_category=C&e_date=#%23DATETIME%23%23&e_name=JobRecDigestDaily&e_link=12/\">all jobs</a></div>\r\n<p><table width=\"560\" border=\"0\" cellspacing=\"0\" cellpadding=\"0\"  align=\"center\"\r\nstyle=\"border-collapse: collapse;\">\r\n<tr>\r\n	<td>\r\n		<div style=\"\">\r\n			<table bordercolor=\"#50852C\" style=\"border-collapse: collapse; border: 1px solid #50852C;\" border=\"1\"\r\n			       cellspacing=\"0\" cellpadding=\"20\" align=\"center\">\r\n				<tr>\r\n					<td style=\"background-color: #fbfbfb;\" width=\"560\" bgcolor=\"#fbfbfb\">\r\n						<div>\r\n							<a style=\"color: #333333;font-family: Arial, Helvetica, sans-serif;font-size: 20px; text-decoration: none;\"\r\n							   href=\"http://sv1.elanceonline.com/track?type=click&enid=ZWFzPTEmbXNpZD0xJmF1aWQ9MzQ4MTY0MzUmbWFpbGluZ2lkPTIwNzYwMSZtZXNzYWdlaWQ9MTQwMDQmZGF0YWJhc2VpZD0xNDE1MzEzMTgxJnNlcmlhbD0xNjc4MDkyMiZlbWFpbGlkPXpoYW5nd2VpMDQyNUBnbWFpbC5jb20mdXNlcmlkPTc4NTU0NzYmdGFyZ2V0aWQ9Jm1uPTAmZmw9Jm12aWQ9JmV4dHJhPSYmJg==&&&2013&&&https://www.elance.com/j/revisewithme/71537707/?recommended=true&utm_source=elance&utm_medium=email&utm_campaign=20&e_category=C&e_name=JobRec&e_link=11&pos=title\">ReviseWithMe</a>\r\n						</div>\r\n						<br>\r\n\r\n						<div style=\"line-height: 120%;\">\r\n                            <b>Fixed Price:  $500 - $1,000</b>&nbsp;&nbsp;|&nbsp;&nbsp;<span>Mobile Applications</span>&nbsp;&nbsp;|&nbsp;&nbsp;\r\n                            <span>\r\n                                k****uko\r\n                            </span>&nbsp;<img style=\"vertical-align: middle;\" src=\"https://www.elance.com/media/images/4.0/profile/eol-buyer-rating-small-3.gif\"/>\r\n                             &nbsp;&#124;&nbsp;<img src=\"https://www.elance.com/media/images/4.0/flags/gb.gif\"/>&nbsp;&nbsp;\r\n                            United Kingdom\r\n                        </div>\r\n						<br>\r\n\r\n						<div style=\"line-height: 140%;\">\r\n							An e-learning revision service to be delivered through handheld tablets and phones as Apps. To cover both Android and IOS platforms.\r\n\r\n							App should be an\r\n\r\n							e-Reader\r\n							Deal with quizzess\r\n							run offline\r\n\r\n							All to be run off a background LMS based on Moodle.\r\n							Topics will cover mathematical and scientific symbols.&nbsp;<a style=\"text-decoration: none;\" href=\"http://sv1.elanceonline.com/track?type=click&enid=ZWFzPTEmbXNpZD0xJmF1aWQ9MzQ4MTY0MzUmbWFpbGluZ2lkPTIwNzYwMSZtZXNzYWdlaWQ9MTQwMDQmZGF0YWJhc2VpZD0xNDE1MzEzMTgxJnNlcmlhbD0xNjc4MDkyMiZlbWFpbGlkPXpoYW5nd2VpMDQyNUBnbWFpbC5jb20mdXNlcmlkPTc4NTU0NzYmdGFyZ2V0aWQ9Jm1uPTAmZmw9Jm12aWQ9JmV4dHJhPSYmJg==&&&2014&&&https://www.elance.com/j/revisewithme/71537707/?recommended=true&utm_source=elance&utm_medium=email&utm_campaign=20&e_category=C&e_name=JobRec&e_link=11&pos=more\">More\r\n							&#187;</a>\r\n						</div>\r\n						<br>\r\n\r\n						<div style=\"text-align: center;\">\r\n							<table border=\"0\" cellpadding=\"0\" cellspacing=\"0\" style=\"margin:auto;\">\r\n								<tbody>\r\n								<tr valign=\"middle\">\r\n\r\n									<td style=\"padding: 8px 0pt 7px; background: url(https://www.elance.com/media/images/4.0/email-btn-blue.gif) no-repeat scroll 0pt 0pt rgb(102, 159, 221);\">\r\n										<a href=\"http://sv1.elanceonline.com/track?type=click&enid=ZWFzPTEmbXNpZD0xJmF1aWQ9MzQ4MTY0MzUmbWFpbGluZ2lkPTIwNzYwMSZtZXNzYWdlaWQ9MTQwMDQmZGF0YWJhc2VpZD0xNDE1MzEzMTgxJnNlcmlhbD0xNjc4MDkyMiZlbWFpbGlkPXpoYW5nd2VpMDQyNUBnbWFpbC5jb20mdXNlcmlkPTc4NTU0NzYmdGFyZ2V0aWQ9Jm1uPTAmZmw9Jm12aWQ9JmV4dHJhPSYmJg==&&&2015&&&https://www.elance.com/j/revisewithme/71537707/?recommended=true&utm_source=elance&utm_medium=email&utm_campaign=20&e_category=C&e_name=JobRec&e_link=11&pos=button\"\r\n										   style=\"background:url(https://www.elance.com/media/images/4.0/email-btn-blue.gif) no-repeat right -30px;padding:8px 0 7px;color:#ffffff;text-decoration:none;font-weight:bold;-webkit-text-size-adjust:none;font-size:12px\">\r\n											&nbsp; &nbsp; &nbsp; &nbsp;Apply Now &nbsp; &nbsp;&nbsp; &nbsp; </a></td>\r\n								</tr>\r\n								</tbody>\r\n							</table>\r\n						</div>\r\n						<br>\r\n					</td>\r\n				</tr>\r\n			</table>\r\n		</div>\r\n	</td>\r\n</tr>\r\n<tr>\r\n	<td>&nbsp;</td>\r\n</tr><tr>\r\n	<td>\r\n		<div style=\"\">\r\n			<table bordercolor=\"#50852C\" style=\"border-collapse: collapse; border: 1px solid #50852C;\" border=\"1\"\r\n			       cellspacing=\"0\" cellpadding=\"20\" align=\"center\">\r\n				<tr>\r\n					<td style=\"background-color: #fbfbfb;\" width=\"560\" bgcolor=\"#fbfbfb\">\r\n						<div>\r\n							<a style=\"color: #333333;font-family: Arial, Helvetica, sans-serif;font-size: 20px; text-decoration: none;\"\r\n							   href=\"http://sv1.elanceonline.com/track?type=click&enid=ZWFzPTEmbXNpZD0xJmF1aWQ9MzQ4MTY0MzUmbWFpbGluZ2lkPTIwNzYwMSZtZXNzYWdlaWQ9MTQwMDQmZGF0YWJhc2VpZD0xNDE1MzEzMTgxJnNlcmlhbD0xNjc4MDkyMiZlbWFpbGlkPXpoYW5nd2VpMDQyNUBnbWFpbC5jb20mdXNlcmlkPTc4NTU0NzYmdGFyZ2V0aWQ9Jm1uPTAmZmw9Jm12aWQ9JmV4dHJhPSYmJg==&&&2013&&&https://www.elance.com/j/expert-wordpress-plugin-developer-discount-promo-engine/71923332/?recommended=true&utm_source=elance&utm_medium=email&utm_campaign=20&e_category=C&e_name=JobRec&e_link=11&pos=title\">Expert Wordpress Plugin Developer - 3. Discount Promo Engine</a>\r\n						</div>\r\n						<br>\r\n\r\n						<div style=\"line-height: 120%;\">\r\n                            <b>Hourly: Not Sure</b>&nbsp;&nbsp;|&nbsp;&nbsp;<span>Web Programming</span>&nbsp;&nbsp;|&nbsp;&nbsp;\r\n                            <span>\r\n                                t****web\r\n                            </span>&nbsp;<img style=\"vertical-align: middle;\" src=\"https://www.elance.com/media/images/4.0/profile/eol-buyer-rating-small-4.gif\"/>\r\n                             &nbsp;&#124;&nbsp;<img src=\"https://www.elance.com/media/images/4.0/flags/us.gif\"/>&nbsp;&nbsp;\r\n                            United States\r\n                        </div>\r\n						<br>\r\n\r\n						<div style=\"line-height: 140%;\">\r\n							In need of an English speaking developer (WordPress / WooCommerce specialists only) available to complete specific advanced features for a WordPress / WooCommerce Multi-Site installation.\r\n\r\n							Please see the attached document and provide questions / estimates and timeframes to complete the features requested. We require a quote/estimate PER...&nbsp;<a style=\"text-decoration: none;\" href=\"http://sv1.elanceonline.com/track?type=click&enid=ZWFzPTEmbXNpZD0xJmF1aWQ9MzQ4MTY0MzUmbWFpbGluZ2lkPTIwNzYwMSZtZXNzYWdlaWQ9MTQwMDQmZGF0YWJhc2VpZD0xNDE1MzEzMTgxJnNlcmlhbD0xNjc4MDkyMiZlbWFpbGlkPXpoYW5nd2VpMDQyNUBnbWFpbC5jb20mdXNlcmlkPTc4NTU0NzYmdGFyZ2V0aWQ9Jm1uPTAmZmw9Jm12aWQ9JmV4dHJhPSYmJg==&&&2014&&&https://www.elance.com/j/expert-wordpress-plugin-developer-discount-promo-engine/71923332/?recommended=true&utm_source=elance&utm_medium=email&utm_campaign=20&e_category=C&e_name=JobRec&e_link=11&pos=more\">More\r\n							&#187;</a>\r\n						</div>\r\n						<br>\r\n\r\n						<div style=\"text-align: center;\">\r\n							<table border=\"0\" cellpadding=\"0\" cellspacing=\"0\" style=\"margin:auto;\">\r\n								<tbody>\r\n								<tr valign=\"middle\">\r\n\r\n									<td style=\"padding: 8px 0pt 7px; background: url(https://www.elance.com/media/images/4.0/email-btn-blue.gif) no-repeat scroll 0pt 0pt rgb(102, 159, 221);\">\r\n										<a href=\"http://sv1.elanceonline.com/track?type=click&enid=ZWFzPTEmbXNpZD0xJmF1aWQ9MzQ4MTY0MzUmbWFpbGluZ2lkPTIwNzYwMSZtZXNzYWdlaWQ9MTQwMDQmZGF0YWJhc2VpZD0xNDE1MzEzMTgxJnNlcmlhbD0xNjc4MDkyMiZlbWFpbGlkPXpoYW5nd2VpMDQyNUBnbWFpbC5jb20mdXNlcmlkPTc4NTU0NzYmdGFyZ2V0aWQ9Jm1uPTAmZmw9Jm12aWQ9JmV4dHJhPSYmJg==&&&2015&&&https://www.elance.com/j/expert-wordpress-plugin-developer-discount-promo-engine/71923332/?recommended=true&utm_source=elance&utm_medium=email&utm_campaign=20&e_category=C&e_name=JobRec&e_link=11&pos=button\"\r\n										   style=\"background:url(https://www.elance.com/media/images/4.0/email-btn-blue.gif) no-repeat right -30px;padding:8px 0 7px;color:#ffffff;text-decoration:none;font-weight:bold;-webkit-text-size-adjust:none;font-size:12px\">\r\n											&nbsp; &nbsp; &nbsp; &nbsp;Apply Now &nbsp; &nbsp;&nbsp; &nbsp; </a></td>\r\n								</tr>\r\n								</tbody>\r\n							</table>\r\n						</div>\r\n						<br>\r\n					</td>\r\n				</tr>\r\n			</table>\r\n		</div>\r\n	</td>\r\n</tr>\r\n<tr>\r\n	<td>&nbsp;</td>\r\n</tr><tr>\r\n	<td>\r\n		<div style=\"\">\r\n			<table bordercolor=\"#50852C\" style=\"border-collapse: collapse; border: 1px solid #50852C;\" border=\"1\"\r\n			       cellspacing=\"0\" cellpadding=\"20\" align=\"center\">\r\n				<tr>\r\n					<td style=\"background-color: #fbfbfb;\" width=\"560\" bgcolor=\"#fbfbfb\">\r\n						<div>\r\n							<a style=\"color: #333333;font-family: Arial, Helvetica, sans-serif;font-size: 20px; text-decoration: none;\"\r\n							   href=\"http://sv1.elanceonline.com/track?type=click&enid=ZWFzPTEmbXNpZD0xJmF1aWQ9MzQ4MTY0MzUmbWFpbGluZ2lkPTIwNzYwMSZtZXNzYWdlaWQ9MTQwMDQmZGF0YWJhc2VpZD0xNDE1MzEzMTgxJnNlcmlhbD0xNjc4MDkyMiZlbWFpbGlkPXpoYW5nd2VpMDQyNUBnbWFpbC5jb20mdXNlcmlkPTc4NTU0NzYmdGFyZ2V0aWQ9Jm1uPTAmZmw9Jm12aWQ9JmV4dHJhPSYmJg==&&&2013&&&https://www.elance.com/j/mobile-apps-developed-iphone/71915819/?recommended=true&utm_source=elance&utm_medium=email&utm_campaign=20&e_category=C&e_name=JobRec&e_link=11&pos=title\">Need Mobile apps developed for iPhone</a>\r\n						</div>\r\n						<br>\r\n\r\n						<div style=\"line-height: 120%;\">\r\n                            <b>Fixed Price:  $500 - $1,000</b>&nbsp;&nbsp;|&nbsp;&nbsp;<span>Mobile Applications</span>&nbsp;&nbsp;|&nbsp;&nbsp;\r\n                            <span>\r\n                                i****r11\r\n                            </span>&nbsp;<img style=\"vertical-align: middle;\" src=\"https://www.elance.com/media/images/4.0/profile/eol-buyer-rating-small-0.gif\"/>\r\n                             &nbsp;&#124;&nbsp;<img src=\"https://www.elance.com/media/images/4.0/flags/in.gif\"/>&nbsp;&nbsp;\r\n                            India\r\n                        </div>\r\n						<br>\r\n\r\n						<div style=\"line-height: 140%;\">\r\n							Hi freelancers,\r\n\r\n							Need a mobile app developed for iPhone integrating with paypal where we can sell our mens wear product ..\r\n\r\n							Job Description: \r\n\r\n							Your qualifications: \r\n\r\n							 - A work style that is extremely detail oriented\r\n							 - Strong communication skills\r\n							 - A complete Elance profile\r\n							 - References or an established Elance reputation preferred&nbsp;<a style=\"text-decoration: none;\" href=\"http://sv1.elanceonline.com/track?type=click&enid=ZWFzPTEmbXNpZD0xJmF1aWQ9MzQ4MTY0MzUmbWFpbGluZ2lkPTIwNzYwMSZtZXNzYWdlaWQ9MTQwMDQmZGF0YWJhc2VpZD0xNDE1MzEzMTgxJnNlcmlhbD0xNjc4MDkyMiZlbWFpbGlkPXpoYW5nd2VpMDQyNUBnbWFpbC5jb20mdXNlcmlkPTc4NTU0NzYmdGFyZ2V0aWQ9Jm1uPTAmZmw9Jm12aWQ9JmV4dHJhPSYmJg==&&&2014&&&https://www.elance.com/j/mobile-apps-developed-iphone/71915819/?recommended=true&utm_source=elance&utm_medium=email&utm_campaign=20&e_category=C&e_name=JobRec&e_link=11&pos=more\">More\r\n							&#187;</a>\r\n						</div>\r\n						<br>\r\n\r\n						<div style=\"text-align: center;\">\r\n							<table border=\"0\" cellpadding=\"0\" cellspacing=\"0\" style=\"margin:auto;\">\r\n								<tbody>\r\n								<tr valign=\"middle\">\r\n\r\n									<td style=\"padding: 8px 0pt 7px; background: url(https://www.elance.com/media/images/4.0/email-btn-blue.gif) no-repeat scroll 0pt 0pt rgb(102, 159, 221);\">\r\n										<a href=\"http://sv1.elanceonline.com/track?type=click&enid=ZWFzPTEmbXNpZD0xJmF1aWQ9MzQ4MTY0MzUmbWFpbGluZ2lkPTIwNzYwMSZtZXNzYWdlaWQ9MTQwMDQmZGF0YWJhc2VpZD0xNDE1MzEzMTgxJnNlcmlhbD0xNjc4MDkyMiZlbWFpbGlkPXpoYW5nd2VpMDQyNUBnbWFpbC5jb20mdXNlcmlkPTc4NTU0NzYmdGFyZ2V0aWQ9Jm1uPTAmZmw9Jm12aWQ9JmV4dHJhPSYmJg==&&&2015&&&https://www.elance.com/j/mobile-apps-developed-iphone/71915819/?recommended=true&utm_source=elance&utm_medium=email&utm_campaign=20&e_category=C&e_name=JobRec&e_link=11&pos=button\"\r\n										   style=\"background:url(https://www.elance.com/media/images/4.0/email-btn-blue.gif) no-repeat right -30px;padding:8px 0 7px;color:#ffffff;text-decoration:none;font-weight:bold;-webkit-text-size-adjust:none;font-size:12px\">\r\n											&nbsp; &nbsp; &nbsp; &nbsp;Apply Now &nbsp; &nbsp;&nbsp; &nbsp; </a></td>\r\n								</tr>\r\n								</tbody>\r\n							</table>\r\n						</div>\r\n						<br>\r\n					</td>\r\n				</tr>\r\n			</table>\r\n		</div>\r\n	</td>\r\n</tr>\r\n<tr>\r\n	<td>&nbsp;</td>\r\n</tr><tr>\r\n	<td>\r\n		<div style=\"\">\r\n			<table bordercolor=\"#50852C\" style=\"border-collapse: collapse; border: 1px solid #50852C;\" border=\"1\"\r\n			       cellspacing=\"0\" cellpadding=\"20\" align=\"center\">\r\n				<tr>\r\n					<td style=\"background-color: #fbfbfb;\" width=\"560\" bgcolor=\"#fbfbfb\">\r\n						<div>\r\n							<a style=\"color: #333333;font-family: Arial, Helvetica, sans-serif;font-size: 20px; text-decoration: none;\"\r\n							   href=\"http://sv1.elanceonline.com/track?type=click&enid=ZWFzPTEmbXNpZD0xJmF1aWQ9MzQ4MTY0MzUmbWFpbGluZ2lkPTIwNzYwMSZtZXNzYWdlaWQ9MTQwMDQmZGF0YWJhc2VpZD0xNDE1MzEzMTgxJnNlcmlhbD0xNjc4MDkyMiZlbWFpbGlkPXpoYW5nd2VpMDQyNUBnbWFpbC5jb20mdXNlcmlkPTc4NTU0NzYmdGFyZ2V0aWQ9Jm1uPTAmZmw9Jm12aWQ9JmV4dHJhPSYmJg==&&&2013&&&https://www.elance.com/j/create-printable-chart-reports-on-vtiger/71908378/?recommended=true&utm_source=elance&utm_medium=email&utm_campaign=20&e_category=C&e_name=JobRec&e_link=11&pos=title\">Create Printable Chart reports on Vtiger</a>\r\n						</div>\r\n						<br>\r\n\r\n						<div style=\"line-height: 120%;\">\r\n                            <b>Fixed Price: Not Sure</b>&nbsp;&nbsp;|&nbsp;&nbsp;<span>Web Programming</span>&nbsp;&nbsp;|&nbsp;&nbsp;\r\n                            <span>\r\n                                g****dev\r\n                            </span>&nbsp;<img style=\"vertical-align: middle;\" src=\"https://www.elance.com/media/images/4.0/profile/eol-buyer-rating-small-3.gif\"/>\r\n                             &nbsp;&#124;&nbsp;<img src=\"https://www.elance.com/media/images/4.0/flags/za.gif\"/>&nbsp;&nbsp;\r\n                            South Africa\r\n                        </div>\r\n						<br>\r\n\r\n						<div style=\"line-height: 140%;\">\r\n							I need to be able to print out Chart reports from Vtiger\r\n\r\n							- Create multiple Charts on a page\r\n							- Print out the page with multiple charts\r\n							- Export this page as a PDF as well\r\n							- Must be an extension that can be installed via Module Manager&nbsp;<a style=\"text-decoration: none;\" href=\"http://sv1.elanceonline.com/track?type=click&enid=ZWFzPTEmbXNpZD0xJmF1aWQ9MzQ4MTY0MzUmbWFpbGluZ2lkPTIwNzYwMSZtZXNzYWdlaWQ9MTQwMDQmZGF0YWJhc2VpZD0xNDE1MzEzMTgxJnNlcmlhbD0xNjc4MDkyMiZlbWFpbGlkPXpoYW5nd2VpMDQyNUBnbWFpbC5jb20mdXNlcmlkPTc4NTU0NzYmdGFyZ2V0aWQ9Jm1uPTAmZmw9Jm12aWQ9JmV4dHJhPSYmJg==&&&2014&&&https://www.elance.com/j/create-printable-chart-reports-on-vtiger/71908378/?recommended=true&utm_source=elance&utm_medium=email&utm_campaign=20&e_category=C&e_name=JobRec&e_link=11&pos=more\">More\r\n							&#187;</a>\r\n						</div>\r\n						<br>\r\n\r\n						<div style=\"text-align: center;\">\r\n							<table border=\"0\" cellpadding=\"0\" cellspacing=\"0\" style=\"margin:auto;\">\r\n								<tbody>\r\n								<tr valign=\"middle\">\r\n\r\n									<td style=\"padding: 8px 0pt 7px; background: url(https://www.elance.com/media/images/4.0/email-btn-blue.gif) no-repeat scroll 0pt 0pt rgb(102, 159, 221);\">\r\n										<a href=\"http://sv1.elanceonline.com/track?type=click&enid=ZWFzPTEmbXNpZD0xJmF1aWQ9MzQ4MTY0MzUmbWFpbGluZ2lkPTIwNzYwMSZtZXNzYWdlaWQ9MTQwMDQmZGF0YWJhc2VpZD0xNDE1MzEzMTgxJnNlcmlhbD0xNjc4MDkyMiZlbWFpbGlkPXpoYW5nd2VpMDQyNUBnbWFpbC5jb20mdXNlcmlkPTc4NTU0NzYmdGFyZ2V0aWQ9Jm1uPTAmZmw9Jm12aWQ9JmV4dHJhPSYmJg==&&&2015&&&https://www.elance.com/j/create-printable-chart-reports-on-vtiger/71908378/?recommended=true&utm_source=elance&utm_medium=email&utm_campaign=20&e_category=C&e_name=JobRec&e_link=11&pos=button\"\r\n										   style=\"background:url(https://www.elance.com/media/images/4.0/email-btn-blue.gif) no-repeat right -30px;padding:8px 0 7px;color:#ffffff;text-decoration:none;font-weight:bold;-webkit-text-size-adjust:none;font-size:12px\">\r\n											&nbsp; &nbsp; &nbsp; &nbsp;Apply Now &nbsp; &nbsp;&nbsp; &nbsp; </a></td>\r\n								</tr>\r\n								</tbody>\r\n							</table>\r\n						</div>\r\n						<br>\r\n					</td>\r\n				</tr>\r\n			</table>\r\n		</div>\r\n	</td>\r\n</tr>\r\n<tr>\r\n	<td>&nbsp;</td>\r\n</tr><tr>\r\n	<td>\r\n		<div style=\"\">\r\n			<table bordercolor=\"#50852C\" style=\"border-collapse: collapse; border: 1px solid #50852C;\" border=\"1\"\r\n			       cellspacing=\"0\" cellpadding=\"20\" align=\"center\">\r\n				<tr>\r\n					<td style=\"background-color: #fbfbfb;\" width=\"560\" bgcolor=\"#fbfbfb\">\r\n						<div>\r\n							<a style=\"color: #333333;font-family: Arial, Helvetica, sans-serif;font-size: 20px; text-decoration: none;\"\r\n							   href=\"http://sv1.elanceonline.com/track?type=click&enid=ZWFzPTEmbXNpZD0xJmF1aWQ9MzQ4MTY0MzUmbWFpbGluZ2lkPTIwNzYwMSZtZXNzYWdlaWQ9MTQwMDQmZGF0YWJhc2VpZD0xNDE1MzEzMTgxJnNlcmlhbD0xNjc4MDkyMiZlbWFpbGlkPXpoYW5nd2VpMDQyNUBnbWFpbC5jb20mdXNlcmlkPTc4NTU0NzYmdGFyZ2V0aWQ9Jm1uPTAmZmw9Jm12aWQ9JmV4dHJhPSYmJg==&&&2013&&&https://www.elance.com/j/leveling-system-within-tennis-training-tracking-website/71468239/?recommended=true&utm_source=elance&utm_medium=email&utm_campaign=20&e_category=C&e_name=JobRec&e_link=11&pos=title\">Leveling System within a tennis training tracking website</a>\r\n						</div>\r\n						<br>\r\n\r\n						<div style=\"line-height: 120%;\">\r\n                            <b>Hourly: Not Sure</b>&nbsp;&nbsp;|&nbsp;&nbsp;<span>Website Design</span>&nbsp;&nbsp;|&nbsp;&nbsp;\r\n                            <span>\r\n                                c****er1\r\n                            </span>&nbsp;<img style=\"vertical-align: middle;\" src=\"https://www.elance.com/media/images/4.0/profile/eol-buyer-rating-small-4.gif\"/>\r\n                             &nbsp;&#124;&nbsp;<img src=\"https://www.elance.com/media/images/4.0/flags/us.gif\"/>&nbsp;&nbsp;\r\n                            United States\r\n                        </div>\r\n						<br>\r\n\r\n						<div style=\"line-height: 140%;\">\r\n							Attached are two documents that describe and outline the work I need done on my website.\r\n\r\n							Currently I have a website that connects tennis coaches and students together in order to track the student\'s training process as well as provide communication tools between the coach and student.\r\n\r\n							I would like to add a leveling system that provides a fun...&nbsp;<a style=\"text-decoration: none;\" href=\"http://sv1.elanceonline.com/track?type=click&enid=ZWFzPTEmbXNpZD0xJmF1aWQ9MzQ4MTY0MzUmbWFpbGluZ2lkPTIwNzYwMSZtZXNzYWdlaWQ9MTQwMDQmZGF0YWJhc2VpZD0xNDE1MzEzMTgxJnNlcmlhbD0xNjc4MDkyMiZlbWFpbGlkPXpoYW5nd2VpMDQyNUBnbWFpbC5jb20mdXNlcmlkPTc4NTU0NzYmdGFyZ2V0aWQ9Jm1uPTAmZmw9Jm12aWQ9JmV4dHJhPSYmJg==&&&2014&&&https://www.elance.com/j/leveling-system-within-tennis-training-tracking-website/71468239/?recommended=true&utm_source=elance&utm_medium=email&utm_campaign=20&e_category=C&e_name=JobRec&e_link=11&pos=more\">More\r\n							&#187;</a>\r\n						</div>\r\n						<br>\r\n\r\n						<div style=\"text-align: center;\">\r\n							<table border=\"0\" cellpadding=\"0\" cellspacing=\"0\" style=\"margin:auto;\">\r\n								<tbody>\r\n								<tr valign=\"middle\">\r\n\r\n									<td style=\"padding: 8px 0pt 7px; background: url(https://www.elance.com/media/images/4.0/email-btn-blue.gif) no-repeat scroll 0pt 0pt rgb(102, 159, 221);\">\r\n										<a href=\"http://sv1.elanceonline.com/track?type=click&enid=ZWFzPTEmbXNpZD0xJmF1aWQ9MzQ4MTY0MzUmbWFpbGluZ2lkPTIwNzYwMSZtZXNzYWdlaWQ9MTQwMDQmZGF0YWJhc2VpZD0xNDE1MzEzMTgxJnNlcmlhbD0xNjc4MDkyMiZlbWFpbGlkPXpoYW5nd2VpMDQyNUBnbWFpbC5jb20mdXNlcmlkPTc4NTU0NzYmdGFyZ2V0aWQ9Jm1uPTAmZmw9Jm12aWQ9JmV4dHJhPSYmJg==&&&2015&&&https://www.elance.com/j/leveling-system-within-tennis-training-tracking-website/71468239/?recommended=true&utm_source=elance&utm_medium=email&utm_campaign=20&e_category=C&e_name=JobRec&e_link=11&pos=button\"\r\n										   style=\"background:url(https://www.elance.com/media/images/4.0/email-btn-blue.gif) no-repeat right -30px;padding:8px 0 7px;color:#ffffff;text-decoration:none;font-weight:bold;-webkit-text-size-adjust:none;font-size:12px\">\r\n											&nbsp; &nbsp; &nbsp; &nbsp;Apply Now &nbsp; &nbsp;&nbsp; &nbsp; </a></td>\r\n								</tr>\r\n								</tbody>\r\n							</table>\r\n						</div>\r\n						<br>\r\n					</td>\r\n				</tr>\r\n			</table>\r\n		</div>\r\n	</td>\r\n</tr>\r\n<tr>\r\n	<td>&nbsp;</td>\r\n</tr><tr>\r\n	<td>\r\n		<div style=\"\">\r\n			<table bordercolor=\"#50852C\" style=\"border-collapse: collapse; border: 1px solid #50852C;\" border=\"1\"\r\n			       cellspacing=\"0\" cellpadding=\"20\" align=\"center\">\r\n				<tr>\r\n					<td style=\"background-color: #fbfbfb;\" width=\"560\" bgcolor=\"#fbfbfb\">\r\n						<div>\r\n							<a style=\"color: #333333;font-family: Arial, Helvetica, sans-serif;font-size: 20px; text-decoration: none;\"\r\n							   href=\"http://sv1.elanceonline.com/track?type=click&enid=ZWFzPTEmbXNpZD0xJmF1aWQ9MzQ4MTY0MzUmbWFpbGluZ2lkPTIwNzYwMSZtZXNzYWdlaWQ9MTQwMDQmZGF0YWJhc2VpZD0xNDE1MzEzMTgxJnNlcmlhbD0xNjc4MDkyMiZlbWFpbGlkPXpoYW5nd2VpMDQyNUBnbWFpbC5jb20mdXNlcmlkPTc4NTU0NzYmdGFyZ2V0aWQ9Jm1uPTAmZmw9Jm12aWQ9JmV4dHJhPSYmJg==&&&2013&&&https://www.elance.com/j/radiomv-app-update/71887577/?recommended=true&utm_source=elance&utm_medium=email&utm_campaign=20&e_category=C&e_name=JobRec&e_link=11&pos=title\">RadioMv App Update</a>\r\n						</div>\r\n						<br>\r\n\r\n						<div style=\"line-height: 120%;\">\r\n                            <b>Fixed Price: $500 - $800</b>&nbsp;&nbsp;|&nbsp;&nbsp;<span>Mobile Applications</span>&nbsp;&nbsp;|&nbsp;&nbsp;\r\n                            <span>\r\n                                a****dai\r\n                            </span>&nbsp;<img style=\"vertical-align: middle;\" src=\"https://www.elance.com/media/images/4.0/profile/eol-buyer-rating-small-3.gif\"/>\r\n                             &nbsp;&#124;&nbsp;<img src=\"https://www.elance.com/media/images/4.0/flags/us.gif\"/>&nbsp;&nbsp;\r\n                            United States\r\n                        </div>\r\n						<br>\r\n\r\n						<div style=\"line-height: 140%;\">\r\n							We have a radiostation app in both stores. We have the source code. We need to update some links and functions. \r\n\r\n							Need the updates by the end of the week. DUE 4-25-15\r\n\r\n							CHANGE OR ADD:\r\n\r\n							? We want the app to pair with bluetooth.\r\n							? We want the app to automatically resume after a call.\r\n							? We want the volume slider to be directly controlled by volume...&nbsp;<a style=\"text-decoration: none;\" href=\"http://sv1.elanceonline.com/track?type=click&enid=ZWFzPTEmbXNpZD0xJmF1aWQ9MzQ4MTY0MzUmbWFpbGluZ2lkPTIwNzYwMSZtZXNzYWdlaWQ9MTQwMDQmZGF0YWJhc2VpZD0xNDE1MzEzMTgxJnNlcmlhbD0xNjc4MDkyMiZlbWFpbGlkPXpoYW5nd2VpMDQyNUBnbWFpbC5jb20mdXNlcmlkPTc4NTU0NzYmdGFyZ2V0aWQ9Jm1uPTAmZmw9Jm12aWQ9JmV4dHJhPSYmJg==&&&2014&&&https://www.elance.com/j/radiomv-app-update/71887577/?recommended=true&utm_source=elance&utm_medium=email&utm_campaign=20&e_category=C&e_name=JobRec&e_link=11&pos=more\">More\r\n							&#187;</a>\r\n						</div>\r\n						<br>\r\n\r\n						<div style=\"text-align: center;\">\r\n							<table border=\"0\" cellpadding=\"0\" cellspacing=\"0\" style=\"margin:auto;\">\r\n								<tbody>\r\n								<tr valign=\"middle\">\r\n\r\n									<td style=\"padding: 8px 0pt 7px; background: url(https://www.elance.com/media/images/4.0/email-btn-blue.gif) no-repeat scroll 0pt 0pt rgb(102, 159, 221);\">\r\n										<a href=\"http://sv1.elanceonline.com/track?type=click&enid=ZWFzPTEmbXNpZD0xJmF1aWQ9MzQ4MTY0MzUmbWFpbGluZ2lkPTIwNzYwMSZtZXNzYWdlaWQ9MTQwMDQmZGF0YWJhc2VpZD0xNDE1MzEzMTgxJnNlcmlhbD0xNjc4MDkyMiZlbWFpbGlkPXpoYW5nd2VpMDQyNUBnbWFpbC5jb20mdXNlcmlkPTc4NTU0NzYmdGFyZ2V0aWQ9Jm1uPTAmZmw9Jm12aWQ9JmV4dHJhPSYmJg==&&&2015&&&https://www.elance.com/j/radiomv-app-update/71887577/?recommended=true&utm_source=elance&utm_medium=email&utm_campaign=20&e_category=C&e_name=JobRec&e_link=11&pos=button\"\r\n										   style=\"background:url(https://www.elance.com/media/images/4.0/email-btn-blue.gif) no-repeat right -30px;padding:8px 0 7px;color:#ffffff;text-decoration:none;font-weight:bold;-webkit-text-size-adjust:none;font-size:12px\">\r\n											&nbsp; &nbsp; &nbsp; &nbsp;Apply Now &nbsp; &nbsp;&nbsp; &nbsp; </a></td>\r\n								</tr>\r\n								</tbody>\r\n							</table>\r\n						</div>\r\n						<br>\r\n					</td>\r\n				</tr>\r\n			</table>\r\n		</div>\r\n	</td>\r\n</tr>\r\n<tr>\r\n	<td>&nbsp;</td>\r\n</tr><tr>\r\n	<td>\r\n		<div style=\"\">\r\n			<table bordercolor=\"#50852C\" style=\"border-collapse: collapse; border: 1px solid #50852C;\" border=\"1\"\r\n			       cellspacing=\"0\" cellpadding=\"20\" align=\"center\">\r\n				<tr>\r\n					<td style=\"background-color: #fbfbfb;\" width=\"560\" bgcolor=\"#fbfbfb\">\r\n						<div>\r\n							<a style=\"color: #333333;font-family: Arial, Helvetica, sans-serif;font-size: 20px; text-decoration: none;\"\r\n							   href=\"http://sv1.elanceonline.com/track?type=click&enid=ZWFzPTEmbXNpZD0xJmF1aWQ9MzQ4MTY0MzUmbWFpbGluZ2lkPTIwNzYwMSZtZXNzYWdlaWQ9MTQwMDQmZGF0YWJhc2VpZD0xNDE1MzEzMTgxJnNlcmlhbD0xNjc4MDkyMiZlbWFpbGlkPXpoYW5nd2VpMDQyNUBnbWFpbC5jb20mdXNlcmlkPTc4NTU0NzYmdGFyZ2V0aWQ9Jm1uPTAmZmw9Jm12aWQ9JmV4dHJhPSYmJg==&&&2013&&&https://www.elance.com/j/directory-development/71448105/?recommended=true&utm_source=elance&utm_medium=email&utm_campaign=20&e_category=C&e_name=JobRec&e_link=11&pos=title\">Directory Development</a>\r\n						</div>\r\n						<br>\r\n\r\n						<div style=\"line-height: 120%;\">\r\n                            <b>Hourly: $3 - $5 / hr for 1-3 months</b>&nbsp;&nbsp;|&nbsp;&nbsp;<span>Web Programming</span>&nbsp;&nbsp;|&nbsp;&nbsp;\r\n                            <span>\r\n                                j****igh\r\n                            </span>&nbsp;<img style=\"vertical-align: middle;\" src=\"https://www.elance.com/media/images/4.0/profile/eol-buyer-rating-small-2.gif\"/>\r\n                             &nbsp;&#124;&nbsp;<img src=\"https://www.elance.com/media/images/4.0/flags/us.gif\"/>&nbsp;&nbsp;\r\n                            United States\r\n                        </div>\r\n						<br>\r\n\r\n						<div style=\"line-height: 140%;\">\r\n							I am in the process of building \"A Business Directory Website Which provides tools to Users/Customers to add/subscribe/pay for listing/update/etc... And that works on Mobile Devices. \r\n\r\n							Provide me with solution either from scratch or through some form of website development tool/template/software that can accomplish this.\r\n\r\n							I noticed there are...&nbsp;<a style=\"text-decoration: none;\" href=\"http://sv1.elanceonline.com/track?type=click&enid=ZWFzPTEmbXNpZD0xJmF1aWQ9MzQ4MTY0MzUmbWFpbGluZ2lkPTIwNzYwMSZtZXNzYWdlaWQ9MTQwMDQmZGF0YWJhc2VpZD0xNDE1MzEzMTgxJnNlcmlhbD0xNjc4MDkyMiZlbWFpbGlkPXpoYW5nd2VpMDQyNUBnbWFpbC5jb20mdXNlcmlkPTc4NTU0NzYmdGFyZ2V0aWQ9Jm1uPTAmZmw9Jm12aWQ9JmV4dHJhPSYmJg==&&&2014&&&https://www.elance.com/j/directory-development/71448105/?recommended=true&utm_source=elance&utm_medium=email&utm_campaign=20&e_category=C&e_name=JobRec&e_link=11&pos=more\">More\r\n							&#187;</a>\r\n						</div>\r\n						<br>\r\n\r\n						<div style=\"text-align: center;\">\r\n							<table border=\"0\" cellpadding=\"0\" cellspacing=\"0\" style=\"margin:auto;\">\r\n								<tbody>\r\n								<tr valign=\"middle\">\r\n\r\n									<td style=\"padding: 8px 0pt 7px; background: url(https://www.elance.com/media/images/4.0/email-btn-blue.gif) no-repeat scroll 0pt 0pt rgb(102, 159, 221);\">\r\n										<a href=\"http://sv1.elanceonline.com/track?type=click&enid=ZWFzPTEmbXNpZD0xJmF1aWQ9MzQ4MTY0MzUmbWFpbGluZ2lkPTIwNzYwMSZtZXNzYWdlaWQ9MTQwMDQmZGF0YWJhc2VpZD0xNDE1MzEzMTgxJnNlcmlhbD0xNjc4MDkyMiZlbWFpbGlkPXpoYW5nd2VpMDQyNUBnbWFpbC5jb20mdXNlcmlkPTc4NTU0NzYmdGFyZ2V0aWQ9Jm1uPTAmZmw9Jm12aWQ9JmV4dHJhPSYmJg==&&&2015&&&https://www.elance.com/j/directory-development/71448105/?recommended=true&utm_source=elance&utm_medium=email&utm_campaign=20&e_category=C&e_name=JobRec&e_link=11&pos=button\"\r\n										   style=\"background:url(https://www.elance.com/media/images/4.0/email-btn-blue.gif) no-repeat right -30px;padding:8px 0 7px;color:#ffffff;text-decoration:none;font-weight:bold;-webkit-text-size-adjust:none;font-size:12px\">\r\n											&nbsp; &nbsp; &nbsp; &nbsp;Apply Now &nbsp; &nbsp;&nbsp; &nbsp; </a></td>\r\n								</tr>\r\n								</tbody>\r\n							</table>\r\n						</div>\r\n						<br>\r\n					</td>\r\n				</tr>\r\n			</table>\r\n		</div>\r\n	</td>\r\n</tr>\r\n<tr>\r\n	<td>&nbsp;</td>\r\n</tr><tr>\r\n	<td>\r\n		<div style=\"\">\r\n			<table bordercolor=\"#50852C\" style=\"border-collapse: collapse; border: 1px solid #50852C;\" border=\"1\"\r\n			       cellspacing=\"0\" cellpadding=\"20\" align=\"center\">\r\n				<tr>\r\n					<td style=\"background-color: #fbfbfb;\" width=\"560\" bgcolor=\"#fbfbfb\">\r\n						<div>\r\n							<a style=\"color: #333333;font-family: Arial, Helvetica, sans-serif;font-size: 20px; text-decoration: none;\"\r\n							   href=\"http://sv1.elanceonline.com/track?type=click&enid=ZWFzPTEmbXNpZD0xJmF1aWQ9MzQ4MTY0MzUmbWFpbGluZ2lkPTIwNzYwMSZtZXNzYWdlaWQ9MTQwMDQmZGF0YWJhc2VpZD0xNDE1MzEzMTgxJnNlcmlhbD0xNjc4MDkyMiZlbWFpbGlkPXpoYW5nd2VpMDQyNUBnbWFpbC5jb20mdXNlcmlkPTc4NTU0NzYmdGFyZ2V0aWQ9Jm1uPTAmZmw9Jm12aWQ9JmV4dHJhPSYmJg==&&&2013&&&https://www.elance.com/j/exciting-mobile-development-opportunity-real-time-collaboration-platf/71663526/?recommended=true&utm_source=elance&utm_medium=email&utm_campaign=20&e_category=C&e_name=JobRec&e_link=11&pos=title\">Exciting Mobile Development Opportunity for a Real-time Collaboration PlatF</a>\r\n						</div>\r\n						<br>\r\n\r\n						<div style=\"line-height: 120%;\">\r\n                            <b>Hourly: Not Sure for 1-3 months</b>&nbsp;&nbsp;|&nbsp;&nbsp;<span>Web Programming</span>&nbsp;&nbsp;|&nbsp;&nbsp;\r\n                            <span>\r\n                                k****mmm\r\n                            </span>&nbsp;<img style=\"vertical-align: middle;\" src=\"https://www.elance.com/media/images/4.0/profile/eol-buyer-rating-small-1.gif\"/>\r\n                             &nbsp;&#124;&nbsp;<img src=\"https://www.elance.com/media/images/4.0/flags/us.gif\"/>&nbsp;&nbsp;\r\n                            United States\r\n                        </div>\r\n						<br>\r\n\r\n						<div style=\"line-height: 140%;\">\r\n							If you want to build a few simple pages and nothing else, this job is not for you. Someone once told me, if you chase after big problems and solve them.... you become a big man in that process. If you chase small problems, you will remain a small man.\r\n\r\n							Here are a few things you can expect from us.\r\n							1. We are a start up company with an exciting...&nbsp;<a style=\"text-decoration: none;\" href=\"http://sv1.elanceonline.com/track?type=click&enid=ZWFzPTEmbXNpZD0xJmF1aWQ9MzQ4MTY0MzUmbWFpbGluZ2lkPTIwNzYwMSZtZXNzYWdlaWQ9MTQwMDQmZGF0YWJhc2VpZD0xNDE1MzEzMTgxJnNlcmlhbD0xNjc4MDkyMiZlbWFpbGlkPXpoYW5nd2VpMDQyNUBnbWFpbC5jb20mdXNlcmlkPTc4NTU0NzYmdGFyZ2V0aWQ9Jm1uPTAmZmw9Jm12aWQ9JmV4dHJhPSYmJg==&&&2014&&&https://www.elance.com/j/exciting-mobile-development-opportunity-real-time-collaboration-platf/71663526/?recommended=true&utm_source=elance&utm_medium=email&utm_campaign=20&e_category=C&e_name=JobRec&e_link=11&pos=more\">More\r\n							&#187;</a>\r\n						</div>\r\n						<br>\r\n\r\n						<div style=\"text-align: center;\">\r\n							<table border=\"0\" cellpadding=\"0\" cellspacing=\"0\" style=\"margin:auto;\">\r\n								<tbody>\r\n								<tr valign=\"middle\">\r\n\r\n									<td style=\"padding: 8px 0pt 7px; background: url(https://www.elance.com/media/images/4.0/email-btn-blue.gif) no-repeat scroll 0pt 0pt rgb(102, 159, 221);\">\r\n										<a href=\"http://sv1.elanceonline.com/track?type=click&enid=ZWFzPTEmbXNpZD0xJmF1aWQ9MzQ4MTY0MzUmbWFpbGluZ2lkPTIwNzYwMSZtZXNzYWdlaWQ9MTQwMDQmZGF0YWJhc2VpZD0xNDE1MzEzMTgxJnNlcmlhbD0xNjc4MDkyMiZlbWFpbGlkPXpoYW5nd2VpMDQyNUBnbWFpbC5jb20mdXNlcmlkPTc4NTU0NzYmdGFyZ2V0aWQ9Jm1uPTAmZmw9Jm12aWQ9JmV4dHJhPSYmJg==&&&2015&&&https://www.elance.com/j/exciting-mobile-development-opportunity-real-time-collaboration-platf/71663526/?recommended=true&utm_source=elance&utm_medium=email&utm_campaign=20&e_category=C&e_name=JobRec&e_link=11&pos=button\"\r\n										   style=\"background:url(https://www.elance.com/media/images/4.0/email-btn-blue.gif) no-repeat right -30px;padding:8px 0 7px;color:#ffffff;text-decoration:none;font-weight:bold;-webkit-text-size-adjust:none;font-size:12px\">\r\n											&nbsp; &nbsp; &nbsp; &nbsp;Apply Now &nbsp; &nbsp;&nbsp; &nbsp; </a></td>\r\n								</tr>\r\n								</tbody>\r\n							</table>\r\n						</div>\r\n						<br>\r\n					</td>\r\n				</tr>\r\n			</table>\r\n		</div>\r\n	</td>\r\n</tr>\r\n<tr>\r\n	<td>&nbsp;</td>\r\n</tr><tr>\r\n	<td>\r\n		<div style=\"\">\r\n			<table bordercolor=\"#50852C\" style=\"border-collapse: collapse; border: 1px solid #50852C;\" border=\"1\"\r\n			       cellspacing=\"0\" cellpadding=\"20\" align=\"center\">\r\n				<tr>\r\n					<td style=\"background-color: #fbfbfb;\" width=\"560\" bgcolor=\"#fbfbfb\">\r\n						<div>\r\n							<a style=\"color: #333333;font-family: Arial, Helvetica, sans-serif;font-size: 20px; text-decoration: none;\"\r\n							   href=\"http://sv1.elanceonline.com/track?type=click&enid=ZWFzPTEmbXNpZD0xJmF1aWQ9MzQ4MTY0MzUmbWFpbGluZ2lkPTIwNzYwMSZtZXNzYWdlaWQ9MTQwMDQmZGF0YWJhc2VpZD0xNDE1MzEzMTgxJnNlcmlhbD0xNjc4MDkyMiZlbWFpbGlkPXpoYW5nd2VpMDQyNUBnbWFpbC5jb20mdXNlcmlkPTc4NTU0NzYmdGFyZ2V0aWQ9Jm1uPTAmZmw9Jm12aWQ9JmV4dHJhPSYmJg==&&&2013&&&https://www.elance.com/j/build-web-application-nodejs-mean-understanding/71626042/?recommended=true&utm_source=elance&utm_medium=email&utm_campaign=20&e_category=C&e_name=JobRec&e_link=11&pos=title\">Build a web application with Node.JS and complete MEAN understanding</a>\r\n						</div>\r\n						<br>\r\n\r\n						<div style=\"line-height: 120%;\">\r\n                            <b>Hourly: $9.99 / hr or less for 7-9 months</b>&nbsp;&nbsp;|&nbsp;&nbsp;<span>Web Programming</span>&nbsp;&nbsp;|&nbsp;&nbsp;\r\n                            <span>\r\n                                k****aps\r\n                            </span>&nbsp;<img style=\"vertical-align: middle;\" src=\"https://www.elance.com/media/images/4.0/profile/eol-buyer-rating-small-0.gif\"/>\r\n                             &nbsp;&#124;&nbsp;<img src=\"https://www.elance.com/media/images/4.0/flags/in.gif\"/>&nbsp;&nbsp;\r\n                            India\r\n                        </div>\r\n						<br>\r\n\r\n						<div style=\"line-height: 140%;\">\r\n							Hi,\r\n							I want to create a web app which needs you to understand following things\r\n\r\n							1. MEAN\r\n							2. Chrome extenstions\r\n							3. Scraping\r\n							4. Mongo DB\r\n							5. Data analytics&nbsp;<a style=\"text-decoration: none;\" href=\"http://sv1.elanceonline.com/track?type=click&enid=ZWFzPTEmbXNpZD0xJmF1aWQ9MzQ4MTY0MzUmbWFpbGluZ2lkPTIwNzYwMSZtZXNzYWdlaWQ9MTQwMDQmZGF0YWJhc2VpZD0xNDE1MzEzMTgxJnNlcmlhbD0xNjc4MDkyMiZlbWFpbGlkPXpoYW5nd2VpMDQyNUBnbWFpbC5jb20mdXNlcmlkPTc4NTU0NzYmdGFyZ2V0aWQ9Jm1uPTAmZmw9Jm12aWQ9JmV4dHJhPSYmJg==&&&2014&&&https://www.elance.com/j/build-web-application-nodejs-mean-understanding/71626042/?recommended=true&utm_source=elance&utm_medium=email&utm_campaign=20&e_category=C&e_name=JobRec&e_link=11&pos=more\">More\r\n							&#187;</a>\r\n						</div>\r\n						<br>\r\n\r\n						<div style=\"text-align: center;\">\r\n							<table border=\"0\" cellpadding=\"0\" cellspacing=\"0\" style=\"margin:auto;\">\r\n								<tbody>\r\n								<tr valign=\"middle\">\r\n\r\n									<td style=\"padding: 8px 0pt 7px; background: url(https://www.elance.com/media/images/4.0/email-btn-blue.gif) no-repeat scroll 0pt 0pt rgb(102, 159, 221);\">\r\n										<a href=\"http://sv1.elanceonline.com/track?type=click&enid=ZWFzPTEmbXNpZD0xJmF1aWQ9MzQ4MTY0MzUmbWFpbGluZ2lkPTIwNzYwMSZtZXNzYWdlaWQ9MTQwMDQmZGF0YWJhc2VpZD0xNDE1MzEzMTgxJnNlcmlhbD0xNjc4MDkyMiZlbWFpbGlkPXpoYW5nd2VpMDQyNUBnbWFpbC5jb20mdXNlcmlkPTc4NTU0NzYmdGFyZ2V0aWQ9Jm1uPTAmZmw9Jm12aWQ9JmV4dHJhPSYmJg==&&&2015&&&https://www.elance.com/j/build-web-application-nodejs-mean-understanding/71626042/?recommended=true&utm_source=elance&utm_medium=email&utm_campaign=20&e_category=C&e_name=JobRec&e_link=11&pos=button\"\r\n										   style=\"background:url(https://www.elance.com/media/images/4.0/email-btn-blue.gif) no-repeat right -30px;padding:8px 0 7px;color:#ffffff;text-decoration:none;font-weight:bold;-webkit-text-size-adjust:none;font-size:12px\">\r\n											&nbsp; &nbsp; &nbsp; &nbsp;Apply Now &nbsp; &nbsp;&nbsp; &nbsp; </a></td>\r\n								</tr>\r\n								</tbody>\r\n							</table>\r\n						</div>\r\n						<br>\r\n					</td>\r\n				</tr>\r\n			</table>\r\n		</div>\r\n	</td>\r\n</tr>\r\n<tr>\r\n	<td>&nbsp;</td>\r\n</tr><tr>\r\n	<td>\r\n		<div style=\"\">\r\n			<table bordercolor=\"#50852C\" style=\"border-collapse: collapse; border: 1px solid #50852C;\" border=\"1\"\r\n			       cellspacing=\"0\" cellpadding=\"20\" align=\"center\">\r\n				<tr>\r\n					<td style=\"background-color: #fbfbfb;\" width=\"560\" bgcolor=\"#fbfbfb\">\r\n						<div>\r\n							<a style=\"color: #333333;font-family: Arial, Helvetica, sans-serif;font-size: 20px; text-decoration: none;\"\r\n							   href=\"http://sv1.elanceonline.com/track?type=click&enid=ZWFzPTEmbXNpZD0xJmF1aWQ9MzQ4MTY0MzUmbWFpbGluZ2lkPTIwNzYwMSZtZXNzYWdlaWQ9MTQwMDQmZGF0YWJhc2VpZD0xNDE1MzEzMTgxJnNlcmlhbD0xNjc4MDkyMiZlbWFpbGlkPXpoYW5nd2VpMDQyNUBnbWFpbC5jb20mdXNlcmlkPTc4NTU0NzYmdGFyZ2V0aWQ9Jm1uPTAmZmw9Jm12aWQ9JmV4dHJhPSYmJg==&&&2013&&&https://www.elance.com/j/shopify-coder-needed/71989567/?recommended=true&utm_source=elance&utm_medium=email&utm_campaign=20&e_category=C&e_name=JobRec&e_link=11&pos=title\">Shopify coder needed</a>\r\n						</div>\r\n						<br>\r\n\r\n						<div style=\"line-height: 120%;\">\r\n                            <b>Fixed Price: Less than $500</b>&nbsp;&nbsp;|&nbsp;&nbsp;<span>Website Design</span>&nbsp;&nbsp;|&nbsp;&nbsp;\r\n                            <span>\r\n                                a****lyc\r\n                            </span>&nbsp;<img style=\"vertical-align: middle;\" src=\"https://www.elance.com/media/images/4.0/profile/eol-buyer-rating-small-4.gif\"/>\r\n                             &nbsp;&#124;&nbsp;<img src=\"https://www.elance.com/media/images/4.0/flags/us.gif\"/>&nbsp;&nbsp;\r\n                            United States\r\n                        </div>\r\n						<br>\r\n\r\n						<div style=\"line-height: 140%;\">\r\n							I need a shopify coder for a very simple zoom feature fix. This project might take for 5 mins, maybe less for an experienced coder. I need a coder ASAP.&nbsp;<a style=\"text-decoration: none;\" href=\"http://sv1.elanceonline.com/track?type=click&enid=ZWFzPTEmbXNpZD0xJmF1aWQ9MzQ4MTY0MzUmbWFpbGluZ2lkPTIwNzYwMSZtZXNzYWdlaWQ9MTQwMDQmZGF0YWJhc2VpZD0xNDE1MzEzMTgxJnNlcmlhbD0xNjc4MDkyMiZlbWFpbGlkPXpoYW5nd2VpMDQyNUBnbWFpbC5jb20mdXNlcmlkPTc4NTU0NzYmdGFyZ2V0aWQ9Jm1uPTAmZmw9Jm12aWQ9JmV4dHJhPSYmJg==&&&2014&&&https://www.elance.com/j/shopify-coder-needed/71989567/?recommended=true&utm_source=elance&utm_medium=email&utm_campaign=20&e_category=C&e_name=JobRec&e_link=11&pos=more\">More\r\n							&#187;</a>\r\n						</div>\r\n						<br>\r\n\r\n						<div style=\"text-align: center;\">\r\n							<table border=\"0\" cellpadding=\"0\" cellspacing=\"0\" style=\"margin:auto;\">\r\n								<tbody>\r\n								<tr valign=\"middle\">\r\n\r\n									<td style=\"padding: 8px 0pt 7px; background: url(https://www.elance.com/media/images/4.0/email-btn-blue.gif) no-repeat scroll 0pt 0pt rgb(102, 159, 221);\">\r\n										<a href=\"http://sv1.elanceonline.com/track?type=click&enid=ZWFzPTEmbXNpZD0xJmF1aWQ9MzQ4MTY0MzUmbWFpbGluZ2lkPTIwNzYwMSZtZXNzYWdlaWQ9MTQwMDQmZGF0YWJhc2VpZD0xNDE1MzEzMTgxJnNlcmlhbD0xNjc4MDkyMiZlbWFpbGlkPXpoYW5nd2VpMDQyNUBnbWFpbC5jb20mdXNlcmlkPTc4NTU0NzYmdGFyZ2V0aWQ9Jm1uPTAmZmw9Jm12aWQ9JmV4dHJhPSYmJg==&&&2015&&&https://www.elance.com/j/shopify-coder-needed/71989567/?recommended=true&utm_source=elance&utm_medium=email&utm_campaign=20&e_category=C&e_name=JobRec&e_link=11&pos=button\"\r\n										   style=\"background:url(https://www.elance.com/media/images/4.0/email-btn-blue.gif) no-repeat right -30px;padding:8px 0 7px;color:#ffffff;text-decoration:none;font-weight:bold;-webkit-text-size-adjust:none;font-size:12px\">\r\n											&nbsp; &nbsp; &nbsp; &nbsp;Apply Now &nbsp; &nbsp;&nbsp; &nbsp; </a></td>\r\n								</tr>\r\n								</tbody>\r\n							</table>\r\n						</div>\r\n						<br>\r\n					</td>\r\n				</tr>\r\n			</table>\r\n		</div>\r\n	</td>\r\n</tr>\r\n<tr>\r\n	<td>&nbsp;</td>\r\n</tr>\r\n</table>\r\n<p><div style=\"line-height: 120%;\"> <div align=\"right\" style=\"text-align: right\">View <a\r\nhref=\"http://sv1.elanceonline.com/track?type=click&enid=ZWFzPTEmbXNpZD0xJmF1aWQ9MzQ4MTY0MzUmbWFpbGluZ2lkPTIwNzYwMSZtZXNzYWdlaWQ9MTQwMDQmZGF0YWJhc2VpZD0xNDE1MzEzMTgxJnNlcmlhbD0xNjc4MDkyMiZlbWFpbGlkPXpoYW5nd2VpMDQyNUBnbWFpbC5jb20mdXNlcmlkPTc4NTU0NzYmdGFyZ2V0aWQ9Jm1uPTAmZmw9Jm12aWQ9JmV4dHJhPSYmJg==&&&2002&&&https://www.elance.com/opportunities?utm_source=elance&utm_medium=email&utm_campaign=20&e_category=C&e_date=#%23DATETIME%23%23&e_name=JobRecDigestDaily&e_link=11\"> all recommendations</a> | <a\r\nhref=\"http://sv1.elanceonline.com/track?type=click&enid=ZWFzPTEmbXNpZD0xJmF1aWQ9MzQ4MTY0MzUmbWFpbGluZ2lkPTIwNzYwMSZtZXNzYWdlaWQ9MTQwMDQmZGF0YWJhc2VpZD0xNDE1MzEzMTgxJnNlcmlhbD0xNjc4MDkyMiZlbWFpbGlkPXpoYW5nd2VpMDQyNUBnbWFpbC5jb20mdXNlcmlkPTc4NTU0NzYmdGFyZ2V0aWQ9Jm1uPTAmZmw9Jm12aWQ9JmV4dHJhPSYmJg==&&&2003&&&https://www.elance.com/r/jobs/?utm_source=elance&utm_medium=email&utm_campaign=20&e_category=C&e_date=#%23DATETIME%23%23&e_name=JobRecDigestDaily&e_link=12/\">all jobs</a></div><p>\r\n<p>These recommendations are personalized just for you.&nbsp; <br>To improve results, please update your <a  href=\"http://sv1.elanceonline.com/track?type=click&enid=ZWFzPTEmbXNpZD0xJmF1aWQ9MzQ4MTY0MzUmbWFpbGluZ2lkPTIwNzYwMSZtZXNzYWdlaWQ9MTQwMDQmZGF0YWJhc2VpZD0xNDE1MzEzMTgxJnNlcmlhbD0xNjc4MDkyMiZlbWFpbGlkPXpoYW5nd2VpMDQyNUBnbWFpbC5jb20mdXNlcmlkPTc4NTU0NzYmdGFyZ2V0aWQ9Jm1uPTAmZmw9Jm12aWQ9JmV4dHJhPSYmJg==&&&2007&&&https://www.elance.com/s/edit/JinDaguang\">profile</a>, <a  href=\"http://sv1.elanceonline.com/track?type=click&enid=ZWFzPTEmbXNpZD0xJmF1aWQ9MzQ4MTY0MzUmbWFpbGluZ2lkPTIwNzYwMSZtZXNzYWdlaWQ9MTQwMDQmZGF0YWJhc2VpZD0xNDE1MzEzMTgxJnNlcmlhbD0xNjc4MDkyMiZlbWFpbGlkPXpoYW5nd2VpMDQyNUBnbWFpbC5jb20mdXNlcmlkPTc4NTU0NzYmdGFyZ2V0aWQ9Jm1uPTAmZmw9Jm12aWQ9JmV4dHJhPSYmJg==&&&2008&&&https://www.elance.com/s/edit/JinDaguang/editSkills\">skills</a>, and <a  href=\"http://sv1.elanceonline.com/track?type=click&enid=ZWFzPTEmbXNpZD0xJmF1aWQ9MzQ4MTY0MzUmbWFpbGluZ2lkPTIwNzYwMSZtZXNzYWdlaWQ9MTQwMDQmZGF0YWJhc2VpZD0xNDE1MzEzMTgxJnNlcmlhbD0xNjc4MDkyMiZlbWFpbGlkPXpoYW5nd2VpMDQyNUBnbWFpbC5jb20mdXNlcmlkPTc4NTU0NzYmdGFyZ2V0aWQ9Jm1uPTAmZmw9Jm12aWQ9JmV4dHJhPSYmJg==&&&2009&&&https://www.elance.com/php/preferences/main/clientJobPreferences.php\">preferences</a>.<br><br>\r\n\r\n<div style=\"float:left\">You can choose to receive this <a style=\"text-decoration:none\" href=\"http://sv1.elanceonline.com/track?type=click&enid=ZWFzPTEmbXNpZD0xJmF1aWQ9MzQ4MTY0MzUmbWFpbGluZ2lkPTIwNzYwMSZtZXNzYWdlaWQ9MTQwMDQmZGF0YWJhc2VpZD0xNDE1MzEzMTgxJnNlcmlhbD0xNjc4MDkyMiZlbWFpbGlkPXpoYW5nd2VpMDQyNUBnbWFpbC5jb20mdXNlcmlkPTc4NTU0NzYmdGFyZ2V0aWQ9Jm1uPTAmZmw9Jm12aWQ9JmV4dHJhPSYmJg==&&&2010&&&https://www.elance.com/php/preferences/main/updateJobRecFrequency.php?crypted=dXNlcmlkJTNENzg1NTQ3NiUyNnR5cGUlM0RKb2JSZWNEaWdlc3Q=&f=daily\">Daily</a> | <a style=\"text-decoration:none\" href=\"http://sv1.elanceonline.com/track?type=click&enid=ZWFzPTEmbXNpZD0xJmF1aWQ9MzQ4MTY0MzUmbWFpbGluZ2lkPTIwNzYwMSZtZXNzYWdlaWQ9MTQwMDQmZGF0YWJhc2VpZD0xNDE1MzEzMTgxJnNlcmlhbD0xNjc4MDkyMiZlbWFpbGlkPXpoYW5nd2VpMDQyNUBnbWFpbC5jb20mdXNlcmlkPTc4NTU0NzYmdGFyZ2V0aWQ9Jm1uPTAmZmw9Jm12aWQ9JmV4dHJhPSYmJg==&&&2011&&&https://www.elance.com/php/preferences/main/updateJobRecFrequency.php?crypted=dXNlcmlkJTNENzg1NTQ3NiUyNnR5cGUlM0RKb2JSZWNEaWdlc3Q=&f=weekly\">Weekly</a> | <a style=\"text-decoration:none\" href=\"http://sv1.elanceonline.com/track?type=click&enid=ZWFzPTEmbXNpZD0xJmF1aWQ9MzQ4MTY0MzUmbWFpbGluZ2lkPTIwNzYwMSZtZXNzYWdlaWQ9MTQwMDQmZGF0YWJhc2VpZD0xNDE1MzEzMTgxJnNlcmlhbD0xNjc4MDkyMiZlbWFpbGlkPXpoYW5nd2VpMDQyNUBnbWFpbC5jb20mdXNlcmlkPTc4NTU0NzYmdGFyZ2V0aWQ9Jm1uPTAmZmw9Jm12aWQ9JmV4dHJhPSYmJg==&&&2012&&&https://www.elance.com/php/preferences/main/updateJobRecFrequency.php?crypted=dXNlcmlkJTNENzg1NTQ3NiUyNnR5cGUlM0RKb2JSZWNEaWdlc3Q=&f=none\">Never</a></div>\r\n\r\n</div>      <br />&nbsp;\r\n    </td>\r\n  </tr>\r\n  <tr><td width=\"602\" height=\"9\" valign=\"top\" style=\"vertical-align:top\"><img width=\"602\" height=\"9\" src=\"https://www.elance.com/images/4.0/email-bottom.png\" alt=\"\" style=\"vertical-align:top\" /></td></tr>\r\n  <tr>\r\n    <td align=\"left\" style=\"font-family: Arial; font-size: 12px; color: #000000\">\r\n\r\n    <br />\r\n    <div style=\"margin-left:20px;\">\r\n       	<p style=\"line-height:16px; color:#8c8b91; font-weight:bold; margin:0px; padding:0px;\">Need help? <a href=\"http://sv1.elanceonline.com/track?t=c&eas=1&msid=1&auid=34816435&mid=207601&msgid=14004&did=1415313181&sn=16780922&eid=zhangwei0425@gmail.com&uid=7855476&tgid=&fl=&mvid=&extra=&&&9128&&&https://www.elance.com/support\" style=\"color:#73A7D5; text-decoration:none; line-height:10px;\">Contact Us</a></p>\r\n	<br/>\r\n\r\n      <a href=\"http://sv1.elanceonline.com/track?t=c&eas=1&msid=1&auid=34816435&mid=207601&msgid=14004&did=1415313181&sn=16780922&eid=zhangwei0425@gmail.com&uid=7855476&tgid=&fl=&mvid=&extra=&&&9129&&&http://www.facebook.com/elance\"><img src=\"https://www.elance.com/images/4.0/referral/facebook-btn-16x16.png\" border=\"0\" alt=\"Facebook\" title=\"Facebook\" /></a>&nbsp;\r\n      <a href=\"http://sv1.elanceonline.com/track?t=c&eas=1&msid=1&auid=34816435&mid=207601&msgid=14004&did=1415313181&sn=16780922&eid=zhangwei0425@gmail.com&uid=7855476&tgid=&fl=&mvid=&extra=&&&9130&&&http://www.twitter.com/elance\"><img src=\"https://www.elance.com/images/4.0/referral/twitter-btn-16x16.png\" border=\"0\" alt=\"Twitter\" title=\"Twitter\" /></a>&nbsp;\r\n      <a href=\"http://sv1.elanceonline.com/track?t=c&eas=1&msid=1&auid=34816435&mid=207601&msgid=14004&did=1415313181&sn=16780922&eid=zhangwei0425@gmail.com&uid=7855476&tgid=&fl=&mvid=&extra=&&&9131&&&http://www.linkedin.com/company/elance\"><img src=\"https://www.elance.com/images/4.0/nav/nav_logo_sprite/icon-li.gif\" border=\"0\" alt=\"LinkedIn\" title=\"LinkedIn\" /></a>&nbsp;\r\n      <a href=\"http://sv1.elanceonline.com/track?t=c&eas=1&msid=1&auid=34816435&mid=207601&msgid=14004&did=1415313181&sn=16780922&eid=zhangwei0425@gmail.com&uid=7855476&tgid=&fl=&mvid=&extra=&&&9132&&&http://www.youtube.com/elance\"><img src=\"https://www.elance.com/images/4.0/nav/nav_logo_sprite/icon-yt.gif\" border=\"0\" alt=\"Youtube\" title=\"Youtube\" /></a>&nbsp;\r\n     </div>\r\n     <div style=\"margin:0px; padding:0px; margin-left:20px; border-style: none; border-bottom: 1px dotted #6da3da;  \">&nbsp;</div><br/>\r\n<div style=\"margin:0px; margin-left:20px;\">\r\n	<small>\r\n                <p style=\"line-height:16px; font-size:10px; margin:0px; padding:0px; padding-bottom:0px; color:#939393;\"><a href=\"https://www.elance.com/php/preferences/main/updateJobRecFrequency.php?crypted=dXNlcmlkJTNENzg1NTQ3NiUyNnR5cGUlM0RKb2JSZWNEaWdlc3Q=\" style=\"color:#73a7d5;\">Unsubscribe</a> to this email or <a href=\"https://www.elance.com/php/preferences/main/notification.php\" style=\"color:#73a7d5;\">manage all subscriptions</a></p>\r\n		<p style=\"line-height:16px; font-size:10px; margin:0px; padding:0px; padding-bottom:0px; color:#939393;\">&copy; 2014 Elance, Inc. |  441 Logue Ave. Mountain View, CA 94043</p>\r\n		<p style=\"line-height:16px; font-size:10px; margin:0px; padding:0px; padding-bottom:0px; color:#939393;\"><a href=\"https://www.elance.com/q/legal\" style=\"color:#939393;\">Terms of Service</a> | <a href=\"https://www.elance.com/p/legal/privacy-policy.html\" style=\"color:#939393;\">Privacy Policy</a> | All Rights Reserved.</p>\r\n	</small>\r\n</div>\r\n    </td>\r\n  </tr>\r\n</table>\r\n</body>\r\n            \r\n            </body>\r\n<br><br>','UTF-8',1,0,0,'<16780922.8271@elance.com>',1,1279,1429773799);
/*!40000 ALTER TABLE `vtiger_mailmanager_mailrecord` ENABLE KEYS */;
UNLOCK TABLES;

--
-- Table structure for table `vtiger_mailmanager_mailrel`
--

DROP TABLE IF EXISTS `vtiger_mailmanager_mailrel`;
/*!40101 SET @saved_cs_client     = @@character_set_client */;
/*!40101 SET character_set_client = utf8 */;
CREATE TABLE `vtiger_mailmanager_mailrel` (
  `mailuid` varchar(999) DEFAULT NULL,
  `crmid` int(11) DEFAULT NULL,
  `emailid` int(11) DEFAULT NULL
) ENGINE=InnoDB DEFAULT CHARSET=utf8;
/*!40101 SET character_set_client = @saved_cs_client */;

--
-- Dumping data for table `vtiger_mailmanager_mailrel`
--

LOCK TABLES `vtiger_mailmanager_mailrel` WRITE;
/*!40000 ALTER TABLE `vtiger_mailmanager_mailrel` DISABLE KEYS */;
/*!40000 ALTER TABLE `vtiger_mailmanager_mailrel` ENABLE KEYS */;
UNLOCK TABLES;

--
-- Table structure for table `vtiger_mailscanner`
--

DROP TABLE IF EXISTS `vtiger_mailscanner`;
/*!40101 SET @saved_cs_client     = @@character_set_client */;
/*!40101 SET character_set_client = utf8 */;
CREATE TABLE `vtiger_mailscanner` (
  `scannerid` int(11) NOT NULL AUTO_INCREMENT,
  `scannername` varchar(30) DEFAULT NULL,
  `server` varchar(100) DEFAULT NULL,
  `protocol` varchar(10) DEFAULT NULL,
  `username` varchar(255) DEFAULT NULL,
  `password` varchar(255) DEFAULT NULL,
  `ssltype` varchar(10) DEFAULT NULL,
  `sslmethod` varchar(30) DEFAULT NULL,
  `connecturl` varchar(255) DEFAULT NULL,
  `searchfor` varchar(10) DEFAULT NULL,
  `markas` varchar(10) DEFAULT NULL,
  `isvalid` int(1) DEFAULT NULL,
  `time_zone` varchar(10) DEFAULT NULL,
  PRIMARY KEY (`scannerid`)
) ENGINE=InnoDB DEFAULT CHARSET=utf8;
/*!40101 SET character_set_client = @saved_cs_client */;

--
-- Dumping data for table `vtiger_mailscanner`
--

LOCK TABLES `vtiger_mailscanner` WRITE;
/*!40000 ALTER TABLE `vtiger_mailscanner` DISABLE KEYS */;
/*!40000 ALTER TABLE `vtiger_mailscanner` ENABLE KEYS */;
UNLOCK TABLES;

--
-- Table structure for table `vtiger_mailscanner_actions`
--

DROP TABLE IF EXISTS `vtiger_mailscanner_actions`;
/*!40101 SET @saved_cs_client     = @@character_set_client */;
/*!40101 SET character_set_client = utf8 */;
CREATE TABLE `vtiger_mailscanner_actions` (
  `actionid` int(11) NOT NULL AUTO_INCREMENT,
  `scannerid` int(11) DEFAULT NULL,
  `actiontype` varchar(10) DEFAULT NULL,
  `module` varchar(30) DEFAULT NULL,
  `lookup` varchar(30) DEFAULT NULL,
  `sequence` int(11) DEFAULT NULL,
  PRIMARY KEY (`actionid`)
) ENGINE=InnoDB DEFAULT CHARSET=utf8;
/*!40101 SET character_set_client = @saved_cs_client */;

--
-- Dumping data for table `vtiger_mailscanner_actions`
--

LOCK TABLES `vtiger_mailscanner_actions` WRITE;
/*!40000 ALTER TABLE `vtiger_mailscanner_actions` DISABLE KEYS */;
/*!40000 ALTER TABLE `vtiger_mailscanner_actions` ENABLE KEYS */;
UNLOCK TABLES;

--
-- Table structure for table `vtiger_mailscanner_folders`
--

DROP TABLE IF EXISTS `vtiger_mailscanner_folders`;
/*!40101 SET @saved_cs_client     = @@character_set_client */;
/*!40101 SET character_set_client = utf8 */;
CREATE TABLE `vtiger_mailscanner_folders` (
  `folderid` int(11) NOT NULL AUTO_INCREMENT,
  `scannerid` int(11) DEFAULT NULL,
  `foldername` varchar(255) DEFAULT NULL,
  `lastscan` varchar(30) DEFAULT NULL,
  `rescan` int(1) DEFAULT NULL,
  `enabled` int(1) DEFAULT NULL,
  PRIMARY KEY (`folderid`),
  KEY `folderid_idx` (`folderid`)
) ENGINE=InnoDB DEFAULT CHARSET=utf8;
/*!40101 SET character_set_client = @saved_cs_client */;

--
-- Dumping data for table `vtiger_mailscanner_folders`
--

LOCK TABLES `vtiger_mailscanner_folders` WRITE;
/*!40000 ALTER TABLE `vtiger_mailscanner_folders` DISABLE KEYS */;
/*!40000 ALTER TABLE `vtiger_mailscanner_folders` ENABLE KEYS */;
UNLOCK TABLES;

--
-- Table structure for table `vtiger_mailscanner_ids`
--

DROP TABLE IF EXISTS `vtiger_mailscanner_ids`;
/*!40101 SET @saved_cs_client     = @@character_set_client */;
/*!40101 SET character_set_client = utf8 */;
CREATE TABLE `vtiger_mailscanner_ids` (
  `scannerid` int(11) DEFAULT NULL,
  `messageid` varchar(512) DEFAULT NULL,
  `crmid` int(11) DEFAULT NULL,
  KEY `scanner_message_ids_idx` (`scannerid`,`messageid`(255))
) ENGINE=InnoDB DEFAULT CHARSET=utf8;
/*!40101 SET character_set_client = @saved_cs_client */;

--
-- Dumping data for table `vtiger_mailscanner_ids`
--

LOCK TABLES `vtiger_mailscanner_ids` WRITE;
/*!40000 ALTER TABLE `vtiger_mailscanner_ids` DISABLE KEYS */;
/*!40000 ALTER TABLE `vtiger_mailscanner_ids` ENABLE KEYS */;
UNLOCK TABLES;

--
-- Table structure for table `vtiger_mailscanner_ruleactions`
--

DROP TABLE IF EXISTS `vtiger_mailscanner_ruleactions`;
/*!40101 SET @saved_cs_client     = @@character_set_client */;
/*!40101 SET character_set_client = utf8 */;
CREATE TABLE `vtiger_mailscanner_ruleactions` (
  `ruleid` int(11) DEFAULT NULL,
  `actionid` int(11) DEFAULT NULL
) ENGINE=InnoDB DEFAULT CHARSET=utf8;
/*!40101 SET character_set_client = @saved_cs_client */;

--
-- Dumping data for table `vtiger_mailscanner_ruleactions`
--

LOCK TABLES `vtiger_mailscanner_ruleactions` WRITE;
/*!40000 ALTER TABLE `vtiger_mailscanner_ruleactions` DISABLE KEYS */;
/*!40000 ALTER TABLE `vtiger_mailscanner_ruleactions` ENABLE KEYS */;
UNLOCK TABLES;

--
-- Table structure for table `vtiger_mailscanner_rules`
--

DROP TABLE IF EXISTS `vtiger_mailscanner_rules`;
/*!40101 SET @saved_cs_client     = @@character_set_client */;
/*!40101 SET character_set_client = utf8 */;
CREATE TABLE `vtiger_mailscanner_rules` (
  `ruleid` int(11) NOT NULL AUTO_INCREMENT,
  `scannerid` int(11) DEFAULT NULL,
  `fromaddress` varchar(255) DEFAULT NULL,
  `toaddress` varchar(255) DEFAULT NULL,
  `subjectop` varchar(20) DEFAULT NULL,
  `subject` varchar(255) DEFAULT NULL,
  `bodyop` varchar(20) DEFAULT NULL,
  `body` varchar(255) DEFAULT NULL,
  `matchusing` varchar(5) DEFAULT NULL,
  `sequence` int(11) DEFAULT NULL,
  `assigned_to` int(10) DEFAULT NULL,
  `cc` varchar(255) DEFAULT NULL,
  `bcc` varchar(255) DEFAULT NULL,
  PRIMARY KEY (`ruleid`)
) ENGINE=InnoDB DEFAULT CHARSET=utf8;
/*!40101 SET character_set_client = @saved_cs_client */;

--
-- Dumping data for table `vtiger_mailscanner_rules`
--

LOCK TABLES `vtiger_mailscanner_rules` WRITE;
/*!40000 ALTER TABLE `vtiger_mailscanner_rules` DISABLE KEYS */;
/*!40000 ALTER TABLE `vtiger_mailscanner_rules` ENABLE KEYS */;
UNLOCK TABLES;

--
-- Table structure for table `vtiger_manufacturer`
--

DROP TABLE IF EXISTS `vtiger_manufacturer`;
/*!40101 SET @saved_cs_client     = @@character_set_client */;
/*!40101 SET character_set_client = utf8 */;
CREATE TABLE `vtiger_manufacturer` (
  `manufacturerid` int(19) NOT NULL AUTO_INCREMENT,
  `manufacturer` varchar(200) NOT NULL,
  `presence` int(1) NOT NULL DEFAULT '1',
  `picklist_valueid` int(19) NOT NULL DEFAULT '0',
  `sortorderid` int(11) DEFAULT NULL,
  PRIMARY KEY (`manufacturerid`),
  UNIQUE KEY `manufacturer_manufacturer_idx` (`manufacturer`)
) ENGINE=InnoDB AUTO_INCREMENT=5 DEFAULT CHARSET=utf8;
/*!40101 SET character_set_client = @saved_cs_client */;

--
-- Dumping data for table `vtiger_manufacturer`
--

LOCK TABLES `vtiger_manufacturer` WRITE;
/*!40000 ALTER TABLE `vtiger_manufacturer` DISABLE KEYS */;
INSERT INTO `vtiger_manufacturer` VALUES (2,'AltvetPet Inc.',1,124,1),(3,'LexPon Inc.',1,125,2),(4,'MetBeat Corp',1,126,3);
/*!40000 ALTER TABLE `vtiger_manufacturer` ENABLE KEYS */;
UNLOCK TABLES;

--
-- Table structure for table `vtiger_manufacturer_seq`
--

DROP TABLE IF EXISTS `vtiger_manufacturer_seq`;
/*!40101 SET @saved_cs_client     = @@character_set_client */;
/*!40101 SET character_set_client = utf8 */;
CREATE TABLE `vtiger_manufacturer_seq` (
  `id` int(11) NOT NULL
) ENGINE=InnoDB DEFAULT CHARSET=utf8;
/*!40101 SET character_set_client = @saved_cs_client */;

--
-- Dumping data for table `vtiger_manufacturer_seq`
--

LOCK TABLES `vtiger_manufacturer_seq` WRITE;
/*!40000 ALTER TABLE `vtiger_manufacturer_seq` DISABLE KEYS */;
INSERT INTO `vtiger_manufacturer_seq` VALUES (4);
/*!40000 ALTER TABLE `vtiger_manufacturer_seq` ENABLE KEYS */;
UNLOCK TABLES;

--
-- Table structure for table `vtiger_mobile_alerts`
--

DROP TABLE IF EXISTS `vtiger_mobile_alerts`;
/*!40101 SET @saved_cs_client     = @@character_set_client */;
/*!40101 SET character_set_client = utf8 */;
CREATE TABLE `vtiger_mobile_alerts` (
  `id` int(11) NOT NULL AUTO_INCREMENT,
  `handler_path` varchar(500) DEFAULT NULL,
  `handler_class` varchar(50) DEFAULT NULL,
  `sequence` int(11) DEFAULT NULL,
  `deleted` int(11) NOT NULL DEFAULT '0',
  PRIMARY KEY (`id`)
) ENGINE=InnoDB AUTO_INCREMENT=8 DEFAULT CHARSET=utf8;
/*!40101 SET character_set_client = @saved_cs_client */;

--
-- Dumping data for table `vtiger_mobile_alerts`
--

LOCK TABLES `vtiger_mobile_alerts` WRITE;
/*!40000 ALTER TABLE `vtiger_mobile_alerts` DISABLE KEYS */;
INSERT INTO `vtiger_mobile_alerts` VALUES (1,'modules/Mobile/api/ws/models/alerts/IdleTicketsOfMine.php','Mobile_WS_AlertModel_IdleTicketsOfMine',NULL,0),(2,'modules/Mobile/api/ws/models/alerts/NewTicketOfMine.php','Mobile_WS_AlertModel_NewTicketOfMine',NULL,0),(3,'modules/Mobile/api/ws/models/alerts/PendingTicketsOfMine.php','Mobile_WS_AlertModel_PendingTicketsOfMine',NULL,0),(4,'modules/Mobile/api/ws/models/alerts/PotentialsDueIn5Days.php','Mobile_WS_AlertModel_PotentialsDueIn5Days',NULL,0),(5,'modules/Mobile/api/ws/models/alerts/EventsOfMineToday.php','Mobile_WS_AlertModel_EventsOfMineToday',NULL,0),(6,'modules/Mobile/api/ws/models/alerts/ProjectTasksOfMine.php','Mobile_WS_AlertModel_ProjectTasksOfMine',NULL,0),(7,'modules/Mobile/api/ws/models/alerts/Projects.php','Mobile_WS_AlertModel_Projects',NULL,0);
/*!40000 ALTER TABLE `vtiger_mobile_alerts` ENABLE KEYS */;
UNLOCK TABLES;

--
-- Table structure for table `vtiger_modcomments`
--

DROP TABLE IF EXISTS `vtiger_modcomments`;
/*!40101 SET @saved_cs_client     = @@character_set_client */;
/*!40101 SET character_set_client = utf8 */;
CREATE TABLE `vtiger_modcomments` (
  `modcommentsid` int(11) DEFAULT NULL,
  `commentcontent` text,
  `related_to` int(19) DEFAULT NULL,
  `parent_comments` varchar(100) DEFAULT NULL,
  `customer` varchar(100) DEFAULT NULL,
  `userid` varchar(100) DEFAULT NULL,
  `reasontoedit` varchar(100) DEFAULT NULL,
  KEY `relatedto_idx` (`related_to`)
) ENGINE=InnoDB DEFAULT CHARSET=utf8;
/*!40101 SET character_set_client = @saved_cs_client */;

--
-- Dumping data for table `vtiger_modcomments`
--

LOCK TABLES `vtiger_modcomments` WRITE;
/*!40000 ALTER TABLE `vtiger_modcomments` DISABLE KEYS */;
/*!40000 ALTER TABLE `vtiger_modcomments` ENABLE KEYS */;
UNLOCK TABLES;

--
-- Table structure for table `vtiger_modcommentscf`
--

DROP TABLE IF EXISTS `vtiger_modcommentscf`;
/*!40101 SET @saved_cs_client     = @@character_set_client */;
/*!40101 SET character_set_client = utf8 */;
CREATE TABLE `vtiger_modcommentscf` (
  `modcommentsid` int(11) NOT NULL,
  PRIMARY KEY (`modcommentsid`)
) ENGINE=InnoDB DEFAULT CHARSET=utf8;
/*!40101 SET character_set_client = @saved_cs_client */;

--
-- Dumping data for table `vtiger_modcommentscf`
--

LOCK TABLES `vtiger_modcommentscf` WRITE;
/*!40000 ALTER TABLE `vtiger_modcommentscf` DISABLE KEYS */;
/*!40000 ALTER TABLE `vtiger_modcommentscf` ENABLE KEYS */;
UNLOCK TABLES;

--
-- Table structure for table `vtiger_modentity_num`
--

DROP TABLE IF EXISTS `vtiger_modentity_num`;
/*!40101 SET @saved_cs_client     = @@character_set_client */;
/*!40101 SET character_set_client = utf8 */;
CREATE TABLE `vtiger_modentity_num` (
  `num_id` int(19) NOT NULL,
  `semodule` varchar(50) NOT NULL,
  `prefix` varchar(50) NOT NULL DEFAULT '',
  `start_id` varchar(50) NOT NULL,
  `cur_id` varchar(50) NOT NULL,
  `active` varchar(2) NOT NULL,
  PRIMARY KEY (`num_id`),
  UNIQUE KEY `num_idx` (`num_id`),
  KEY `semodule_active_idx` (`semodule`,`active`)
) ENGINE=InnoDB DEFAULT CHARSET=utf8;
/*!40101 SET character_set_client = @saved_cs_client */;

--
-- Dumping data for table `vtiger_modentity_num`
--

LOCK TABLES `vtiger_modentity_num` WRITE;
/*!40000 ALTER TABLE `vtiger_modentity_num` DISABLE KEYS */;
INSERT INTO `vtiger_modentity_num` VALUES (1,'Leads','LEA','1','11','1'),(2,'Accounts','ACC','1','15','1'),(3,'Campaigns','CAM','1','1','1'),(4,'Contacts','CON','1','11','1'),(5,'Potentials','POT','1','9','1'),(6,'HelpDesk','TT','1','1','1'),(7,'Quotes','QUO','1','15','1'),(8,'SalesOrder','SO','1','4','1'),(9,'PurchaseOrder','PO','1','1','1'),(10,'Invoice','INV','1','1','1'),(11,'Products','PRO','1','5','1'),(12,'Vendors','VEN','1','1','1'),(13,'PriceBooks','PB','1','1','1'),(14,'Faq','FAQ','1','1','1'),(15,'Documents','DOC','1','1','1'),(16,'ServiceContracts','SERCON','1','1','1'),(17,'Services','SER','1','1','1'),(18,'Assets','ASSET','1','1','1'),(19,'ProjectMilestone','PM','1','1','1'),(20,'ProjectTask','PT','1','1','1'),(21,'Project','PROJ','1','1','1');
/*!40000 ALTER TABLE `vtiger_modentity_num` ENABLE KEYS */;
UNLOCK TABLES;

--
-- Table structure for table `vtiger_modentity_num_seq`
--

DROP TABLE IF EXISTS `vtiger_modentity_num_seq`;
/*!40101 SET @saved_cs_client     = @@character_set_client */;
/*!40101 SET character_set_client = utf8 */;
CREATE TABLE `vtiger_modentity_num_seq` (
  `id` int(11) NOT NULL
) ENGINE=InnoDB DEFAULT CHARSET=utf8;
/*!40101 SET character_set_client = @saved_cs_client */;

--
-- Dumping data for table `vtiger_modentity_num_seq`
--

LOCK TABLES `vtiger_modentity_num_seq` WRITE;
/*!40000 ALTER TABLE `vtiger_modentity_num_seq` DISABLE KEYS */;
INSERT INTO `vtiger_modentity_num_seq` VALUES (21);
/*!40000 ALTER TABLE `vtiger_modentity_num_seq` ENABLE KEYS */;
UNLOCK TABLES;

--
-- Table structure for table `vtiger_modtracker_basic`
--

DROP TABLE IF EXISTS `vtiger_modtracker_basic`;
/*!40101 SET @saved_cs_client     = @@character_set_client */;
/*!40101 SET character_set_client = utf8 */;
CREATE TABLE `vtiger_modtracker_basic` (
  `id` int(20) NOT NULL,
  `crmid` int(20) DEFAULT NULL,
  `module` varchar(50) DEFAULT NULL,
  `whodid` int(20) DEFAULT NULL,
  `changedon` datetime DEFAULT NULL,
  `status` int(1) DEFAULT '0',
  PRIMARY KEY (`id`),
  KEY `crmidx` (`crmid`),
  KEY `idx` (`id`)
) ENGINE=InnoDB DEFAULT CHARSET=utf8;
/*!40101 SET character_set_client = @saved_cs_client */;

--
-- Dumping data for table `vtiger_modtracker_basic`
--

LOCK TABLES `vtiger_modtracker_basic` WRITE;
/*!40000 ALTER TABLE `vtiger_modtracker_basic` DISABLE KEYS */;
INSERT INTO `vtiger_modtracker_basic` VALUES (1,2,'Accounts',5,'2015-03-13 01:46:35',2),(2,3,'Contacts',5,'2015-03-13 01:47:36',2),(3,4,'Potentials',5,'2015-03-13 01:48:15',2),(4,4,'Potentials',5,'2015-03-13 01:56:13',0),(5,2,'Accounts',5,'2015-03-13 02:00:10',0),(6,3,'Contacts',5,'2015-03-13 02:02:43',0),(7,5,'Leads',11,'2015-03-13 02:03:50',2),(8,6,'Accounts',5,'2015-03-31 04:56:27',2),(9,7,'Contacts',5,'2015-03-31 04:57:05',2),(10,6,'Accounts',5,'2015-03-31 04:57:06',4),(11,8,'Products',1,'2015-04-12 20:03:41',2),(12,8,'Products',1,'2015-04-12 20:04:46',0),(13,6,'Accounts',1,'2015-04-13 01:52:27',0),(14,9,'Quotes',1,'2015-04-13 03:09:58',2),(15,9,'Quotes',1,'2015-04-13 03:39:02',0),(16,9,'Quotes',1,'2015-04-13 03:44:44',0),(17,10,'Quotes',7,'2015-04-13 03:47:56',2),(18,10,'Quotes',7,'2015-04-13 03:49:01',0),(19,11,'SalesOrder',7,'2015-04-13 03:52:09',2),(20,12,'Accounts',9,'2015-04-13 03:58:32',2),(21,13,'Quotes',9,'2015-04-13 04:00:40',2),(22,8,'Products',5,'2015-04-13 04:00:41',0),(23,14,'Accounts',5,'2015-04-13 04:01:11',2),(24,15,'Accounts',5,'2015-04-13 04:01:32',2),(25,8,'Products',1,'2015-04-13 04:03:57',0),(26,8,'Products',5,'2015-04-13 04:05:06',0),(27,8,'Products',5,'2015-04-13 04:06:13',0),(28,8,'Products',5,'2015-04-13 04:06:26',0),(29,16,'Products',5,'2015-04-13 04:07:04',2),(30,17,'Products',5,'2015-04-13 04:07:57',2),(31,18,'Products',5,'2015-04-13 04:09:28',2),(32,8,'Products',5,'2015-04-13 04:11:56',0),(33,8,'Products',5,'2015-04-13 04:12:10',0),(34,19,'Accounts',5,'2015-04-13 04:13:34',2),(35,20,'Quotes',5,'2015-04-13 04:15:09',2),(36,20,'Quotes',1,'2015-04-13 04:25:56',0),(37,21,'Quotes',5,'2015-04-13 04:28:35',2),(38,22,'Leads',5,'2015-04-13 08:07:09',2),(39,23,'Accounts',5,'2015-04-13 08:08:04',2),(40,24,'Contacts',5,'2015-04-13 08:08:04',2),(41,25,'Potentials',5,'2015-04-13 08:08:05',2),(42,26,'Quotes',5,'2015-04-13 08:19:32',2),(43,25,'Potentials',5,'2015-04-13 08:19:33',4),(44,27,'Quotes',5,'2015-04-14 01:50:54',2),(45,23,'Accounts',5,'2015-04-14 01:50:55',4),(46,23,'Accounts',5,'2015-04-14 04:33:57',0),(47,23,'Accounts',5,'2015-04-14 04:34:19',0),(48,24,'Contacts',5,'2015-04-14 04:36:30',0),(49,24,'Contacts',5,'2015-04-14 04:38:23',0),(50,28,'Contacts',5,'2015-04-14 04:48:43',2),(51,5,'Leads',5,'2015-04-14 04:55:06',1),(52,30,'Leads',5,'2015-04-14 04:56:23',2),(53,30,'Leads',5,'2015-04-14 04:56:46',0),(54,30,'Leads',5,'2015-04-14 04:56:56',4),(55,31,'Accounts',5,'2015-04-14 04:57:58',2),(56,32,'Contacts',5,'2015-04-14 04:57:58',2),(57,33,'Potentials',5,'2015-04-14 04:57:59',2),(58,31,'Accounts',6,'2015-04-14 06:41:41',0),(59,32,'Contacts',6,'2015-04-14 06:46:37',0),(60,34,'Quotes',11,'2015-04-14 06:49:58',2),(61,32,'Contacts',11,'2015-04-14 06:49:59',4),(62,34,'Quotes',11,'2015-04-14 08:30:42',0),(63,34,'Quotes',11,'2015-04-14 10:21:39',0),(64,34,'Quotes',11,'2015-04-14 10:21:51',0),(65,34,'Quotes',11,'2015-04-14 10:22:22',0),(66,23,'Accounts',5,'2015-04-14 10:24:17',0),(67,35,'Leads',6,'2015-04-14 10:26:49',2),(68,35,'Leads',6,'2015-04-14 10:27:02',0),(69,36,'Accounts',11,'2015-04-14 10:28:08',2),(70,37,'Contacts',11,'2015-04-14 10:28:08',2),(71,38,'Potentials',11,'2015-04-14 10:28:09',2),(72,39,'Quotes',11,'2015-04-14 10:30:27',2),(73,38,'Potentials',11,'2015-04-14 10:30:28',4),(74,40,'SalesOrder',11,'2015-04-14 10:32:18',2),(75,40,'SalesOrder',11,'2015-04-14 10:35:24',0),(76,40,'SalesOrder',11,'2015-04-14 13:06:03',0),(77,40,'SalesOrder',11,'2015-04-14 13:10:18',0),(78,31,'Accounts',11,'2015-04-14 13:24:46',0),(79,34,'Quotes',11,'2015-04-14 13:26:54',0),(80,34,'Quotes',11,'2015-04-14 13:27:57',0),(81,34,'Quotes',11,'2015-04-14 13:29:05',0),(82,34,'Quotes',11,'2015-04-14 13:29:57',0),(83,34,'Quotes',11,'2015-04-14 13:30:49',0),(84,34,'Quotes',11,'2015-04-14 13:33:04',0),(85,34,'Quotes',11,'2015-04-14 13:33:26',0),(86,34,'Quotes',11,'2015-04-14 13:33:37',0),(87,34,'Quotes',11,'2015-04-14 13:33:42',0),(88,34,'Quotes',11,'2015-04-14 13:33:47',0),(89,34,'Quotes',11,'2015-04-14 13:34:22',0),(90,36,'Accounts',11,'2015-04-21 00:36:30',0),(91,41,'Leads',5,'2015-04-21 01:05:10',2),(92,41,'Leads',5,'2015-04-21 01:05:39',0),(93,41,'Leads',5,'2015-04-21 01:05:44',0),(94,41,'Leads',5,'2015-04-21 01:08:41',0),(95,41,'Leads',5,'2015-04-21 01:08:44',0),(96,41,'Leads',5,'2015-04-21 01:09:08',0),(97,41,'Leads',5,'2015-04-21 01:09:11',0),(98,41,'Leads',5,'2015-04-21 01:09:22',0),(99,41,'Leads',5,'2015-04-21 01:09:31',0),(100,41,'Leads',5,'2015-04-21 01:09:40',0),(101,41,'Leads',5,'2015-04-21 01:09:53',0),(102,42,'Leads',5,'2015-04-21 02:35:01',2),(103,43,'Accounts',11,'2015-04-21 02:36:19',2),(104,44,'Contacts',11,'2015-04-21 02:36:20',2),(105,45,'Potentials',11,'2015-04-21 02:36:20',2),(106,46,'Quotes',11,'2015-04-21 02:38:41',2),(107,43,'Accounts',11,'2015-04-21 02:38:42',4),(108,47,'Quotes',12,'2015-04-23 00:19:17',2),(109,48,'Emails',1,'2015-04-23 00:49:54',2),(110,48,'Emails',1,'2015-04-23 00:49:55',1),(111,49,'Emails',1,'2015-04-23 00:49:55',2),(112,49,'Emails',1,'2015-04-23 00:49:56',1),(113,50,'Emails',1,'2015-04-23 00:49:56',2),(114,50,'Emails',1,'2015-04-23 00:49:57',1),(115,51,'Emails',1,'2015-04-23 00:49:57',2),(116,51,'Emails',1,'2015-04-23 00:49:58',1),(117,52,'Emails',1,'2015-04-23 00:49:58',2),(118,52,'Emails',1,'2015-04-23 00:49:59',1),(119,53,'Emails',1,'2015-04-23 00:49:59',2),(120,53,'Emails',1,'2015-04-23 00:49:59',1),(121,54,'Emails',1,'2015-04-23 00:49:59',2),(122,54,'Emails',1,'2015-04-23 00:50:00',1),(123,55,'Emails',1,'2015-04-23 00:50:00',2),(124,55,'Emails',1,'2015-04-23 00:50:01',1),(125,56,'Emails',1,'2015-04-23 00:50:01',2),(126,56,'Emails',1,'2015-04-23 00:50:02',1),(127,57,'Emails',1,'2015-04-23 00:50:02',2),(128,57,'Emails',1,'2015-04-23 00:50:03',1),(129,58,'Emails',1,'2015-04-23 00:50:03',2),(130,58,'Emails',1,'2015-04-23 00:50:04',1),(131,59,'Emails',1,'2015-04-23 00:50:04',2),(132,59,'Emails',1,'2015-04-23 00:50:04',1),(133,60,'Emails',1,'2015-04-23 00:50:04',2),(134,60,'Emails',1,'2015-04-23 00:50:05',1),(135,61,'Emails',1,'2015-04-23 00:50:05',2),(136,61,'Emails',1,'2015-04-23 00:50:06',1),(137,62,'Emails',1,'2015-04-23 00:50:06',2),(138,62,'Emails',1,'2015-04-23 00:50:07',1),(139,63,'Emails',1,'2015-04-23 00:50:07',2),(140,63,'Emails',1,'2015-04-23 00:50:08',1),(141,64,'Emails',1,'2015-04-23 08:39:42',2),(142,65,'Emails',1,'2015-04-23 08:48:44',2),(143,67,'Emails',5,'2015-04-23 08:55:38',2),(144,69,'Emails',5,'2015-04-23 09:03:02',2),(145,71,'Emails',5,'2015-04-23 09:17:08',2),(146,74,'Emails',5,'2015-04-23 09:18:41',2),(147,77,'Leads',11,'2015-04-26 09:59:00',2),(148,78,'Accounts',11,'2015-04-26 09:59:51',2),(149,79,'Contacts',11,'2015-04-26 09:59:52',2),(150,80,'Potentials',11,'2015-04-26 09:59:52',2),(151,81,'Leads',6,'2015-04-26 17:40:50',2),(152,82,'Leads',6,'2015-04-26 17:41:42',2),(153,82,'Leads',6,'2015-04-26 17:42:45',0),(154,82,'Leads',6,'2015-04-26 17:43:07',0),(155,82,'Leads',6,'2015-04-26 17:43:13',0),(156,82,'Leads',6,'2015-04-26 17:43:43',0),(157,32,'Contacts',6,'2015-04-26 17:46:40',0),(158,23,'Accounts',6,'2015-04-26 17:48:50',0),(159,23,'Accounts',6,'2015-04-26 17:49:07',0),(160,2,'Accounts',6,'2015-04-26 17:50:06',1),(161,6,'Accounts',6,'2015-04-26 17:50:28',0),(162,6,'Accounts',6,'2015-04-26 17:50:41',0),(163,6,'Accounts',6,'2015-04-26 17:50:52',0),(164,6,'Accounts',6,'2015-04-26 17:51:03',0),(165,6,'Accounts',6,'2015-04-26 17:51:07',0),(166,24,'Contacts',6,'2015-04-26 17:51:45',0),(167,24,'Contacts',6,'2015-04-26 17:51:49',0),(168,23,'Accounts',6,'2015-04-26 17:52:24',0),(169,3,'Contacts',6,'2015-04-26 17:53:07',0),(170,24,'Contacts',6,'2015-04-26 17:53:44',0),(171,83,'Potentials',6,'2015-04-26 17:57:53',2),(172,25,'Potentials',6,'2015-04-26 17:59:00',0),(173,80,'Potentials',6,'2015-04-26 17:59:24',0),(174,45,'Potentials',6,'2015-04-26 17:59:46',0),(175,25,'Potentials',6,'2015-04-26 18:00:19',0),(176,84,'Quotes',5,'2015-05-05 11:17:38',2),(177,85,'SalesOrder',5,'2015-05-05 11:18:10',2),(178,86,'Potentials',11,'2015-05-06 01:19:04',2),(179,87,'Quotes',11,'2015-05-06 01:21:30',2),(180,88,'Contacts',11,'2015-05-06 01:22:54',2),(181,89,'Quotes',11,'2015-05-06 01:23:34',2),(182,88,'Contacts',11,'2015-05-06 02:58:47',0),(183,88,'Contacts',11,'2015-05-06 03:00:10',0),(184,88,'Contacts',11,'2015-05-06 03:00:24',0),(185,88,'Contacts',11,'2015-05-06 03:00:27',0),(186,89,'Quotes',1,'2015-05-06 03:48:08',0),(187,91,'Emails',1,'2015-05-06 04:08:40',2),(188,82,'Leads',6,'2015-05-06 08:50:28',0),(189,82,'Leads',6,'2015-05-06 08:50:39',0),(190,82,'Leads',6,'2015-05-06 08:50:42',0),(191,82,'Leads',6,'2015-05-06 08:50:45',0),(192,82,'Leads',6,'2015-05-06 08:50:55',0),(193,82,'Leads',6,'2015-05-06 08:51:02',0),(194,82,'Leads',6,'2015-05-06 08:51:06',0),(195,93,'Leads',6,'2015-05-06 08:52:09',2),(196,93,'Leads',6,'2015-05-06 08:52:26',0),(197,94,'Accounts',6,'2015-05-06 08:52:48',2),(198,95,'Contacts',6,'2015-05-06 08:52:49',2),(199,95,'Contacts',9,'2015-05-06 08:53:45',0),(200,95,'Contacts',9,'2015-05-06 08:53:52',0),(201,13,'Quotes',9,'2015-05-06 09:09:21',0),(202,13,'Quotes',9,'2015-05-06 09:09:43',0),(203,96,'Accounts',9,'2015-05-06 09:13:28',2),(204,97,'Accounts',9,'2015-05-06 09:14:01',2),(205,13,'Quotes',9,'2015-05-06 09:21:00',0),(206,11,'SalesOrder',9,'2015-05-06 09:25:44',0),(207,10,'Quotes',9,'2015-05-06 09:26:03',0);
/*!40000 ALTER TABLE `vtiger_modtracker_basic` ENABLE KEYS */;
UNLOCK TABLES;

--
-- Table structure for table `vtiger_modtracker_basic_seq`
--

DROP TABLE IF EXISTS `vtiger_modtracker_basic_seq`;
/*!40101 SET @saved_cs_client     = @@character_set_client */;
/*!40101 SET character_set_client = utf8 */;
CREATE TABLE `vtiger_modtracker_basic_seq` (
  `id` int(11) NOT NULL
) ENGINE=InnoDB DEFAULT CHARSET=utf8;
/*!40101 SET character_set_client = @saved_cs_client */;

--
-- Dumping data for table `vtiger_modtracker_basic_seq`
--

LOCK TABLES `vtiger_modtracker_basic_seq` WRITE;
/*!40000 ALTER TABLE `vtiger_modtracker_basic_seq` DISABLE KEYS */;
INSERT INTO `vtiger_modtracker_basic_seq` VALUES (207);
/*!40000 ALTER TABLE `vtiger_modtracker_basic_seq` ENABLE KEYS */;
UNLOCK TABLES;

--
-- Table structure for table `vtiger_modtracker_detail`
--

DROP TABLE IF EXISTS `vtiger_modtracker_detail`;
/*!40101 SET @saved_cs_client     = @@character_set_client */;
/*!40101 SET character_set_client = utf8 */;
CREATE TABLE `vtiger_modtracker_detail` (
  `id` int(11) DEFAULT NULL,
  `fieldname` varchar(100) DEFAULT NULL,
  `prevalue` text,
  `postvalue` text,
  KEY `idx` (`id`)
) ENGINE=InnoDB DEFAULT CHARSET=utf8;
/*!40101 SET character_set_client = @saved_cs_client */;

--
-- Dumping data for table `vtiger_modtracker_detail`
--

LOCK TABLES `vtiger_modtracker_detail` WRITE;
/*!40000 ALTER TABLE `vtiger_modtracker_detail` DISABLE KEYS */;
INSERT INTO `vtiger_modtracker_detail` VALUES (1,'accountname',NULL,'Andersens Coorparoo'),(1,'account_no',NULL,'ACC1'),(1,'annual_revenue',NULL,'0.00000000'),(1,'assigned_user_id',NULL,'5'),(1,'createdtime',NULL,'2015-03-13 01:46:35'),(1,'modifiedby',NULL,'5'),(1,'created_user_id',NULL,'5'),(1,'record_id',NULL,'2'),(1,'record_module',NULL,'Accounts'),(2,'firstname',NULL,'John'),(2,'contact_no',NULL,'CON1'),(2,'lastname',NULL,'Smith'),(2,'account_id',NULL,'2'),(2,'email',NULL,'adam.d.harris@me.com'),(2,'assigned_user_id',NULL,'5'),(2,'createdtime',NULL,'2015-03-13 01:47:36'),(2,'modifiedby',NULL,'5'),(2,'support_start_date',NULL,'2015-03-13'),(2,'support_end_date',NULL,'2016-03-13'),(2,'created_user_id',NULL,'5'),(2,'record_id',NULL,'3'),(2,'record_module',NULL,'Contacts'),(3,'potentialname',NULL,'Test'),(3,'potential_no',NULL,'POT1'),(3,'amount',NULL,'0.00000000'),(3,'related_to',NULL,'2'),(3,'closingdate',NULL,'2015-03-31'),(3,'leadsource',NULL,'Cold Call'),(3,'sales_stage',NULL,'Qualification'),(3,'assigned_user_id',NULL,'5'),(3,'probability',NULL,'0.000'),(3,'createdtime',NULL,'2015-03-13 01:48:14'),(3,'modifiedby',NULL,'5'),(3,'forecast_amount',NULL,'0.00000000'),(3,'contact_id',NULL,'3'),(3,'created_user_id',NULL,'5'),(3,'record_id',NULL,'4'),(3,'record_module',NULL,'Potentials'),(4,'assigned_user_id','5','11'),(5,'assigned_user_id','5','11'),(6,'assigned_user_id','5','11'),(7,'firstname',NULL,'Con'),(7,'lead_no',NULL,'LEA1'),(7,'lastname',NULL,'Nicolas'),(7,'company',NULL,'Acme'),(7,'leadstatus',NULL,'Cold'),(7,'annualrevenue',NULL,'1000.00000000'),(7,'rating',NULL,'Acquired'),(7,'assigned_user_id',NULL,'11'),(7,'createdtime',NULL,'2015-03-13 02:03:50'),(7,'modifiedby',NULL,'11'),(7,'created_user_id',NULL,'11'),(7,'record_id',NULL,'5'),(7,'record_module',NULL,'Leads'),(8,'accountname',NULL,'Dealer 1 Account'),(8,'account_no',NULL,'ACC2'),(8,'annual_revenue',NULL,'0.00000000'),(8,'assigned_user_id',NULL,'7'),(8,'createdtime',NULL,'2015-03-31 04:56:27'),(8,'modifiedby',NULL,'5'),(8,'created_user_id',NULL,'5'),(8,'record_id',NULL,'6'),(8,'record_module',NULL,'Accounts'),(9,'firstname',NULL,'Dealer 1'),(9,'contact_no',NULL,'CON2'),(9,'lastname',NULL,'Contact 1'),(9,'account_id',NULL,'6'),(9,'assigned_user_id',NULL,'7'),(9,'createdtime',NULL,'2015-03-31 04:57:05'),(9,'modifiedby',NULL,'5'),(9,'support_start_date',NULL,'2015-03-31'),(9,'support_end_date',NULL,'2016-03-31'),(9,'created_user_id',NULL,'5'),(9,'record_id',NULL,'7'),(9,'record_module',NULL,'Contacts'),(11,'productname',NULL,'Single Roller Blind'),(11,'product_no',NULL,'PRO1'),(11,'discontinued',NULL,'1'),(11,'createdtime',NULL,'2015-04-12 20:03:41'),(11,'modifiedby',NULL,'1'),(11,'unit_price',NULL,'100.00000000'),(11,'commissionrate',NULL,'0.000'),(11,'qty_per_unit',NULL,'0.00'),(11,'qtyinstock',NULL,'0.000'),(11,'assigned_user_id',NULL,'1'),(11,'record_id',NULL,'8'),(11,'record_module',NULL,'Products'),(12,'qtyinstock','0.000','10000.000'),(13,'modifiedby','5','1'),(13,'bill_street','','a'),(13,'ship_street','','a'),(14,'quote_no',NULL,'QUO1'),(14,'subject',NULL,'q1'),(14,'quotestage',NULL,'Created'),(14,'hdnsubtotal',NULL,'100.00000000'),(14,'txtadjustment',NULL,'0.00000000'),(14,'hdngrandtotal',NULL,'127.00000000'),(14,'hdntaxtype',NULL,'group'),(14,'hdns_h_amount',NULL,'0.00000000'),(14,'account_id',NULL,'6'),(14,'assigned_user_id',NULL,'1'),(14,'createdtime',NULL,'2015-04-13 03:09:58'),(14,'modifiedby',NULL,'1'),(14,'currency_id',NULL,'1'),(14,'conversion_rate',NULL,'1.000'),(14,'bill_street',NULL,'a'),(14,'ship_street',NULL,'a'),(14,'terms_conditions',NULL,'- Unless otherwise agreed in writing by the supplier all invoices are payable within thirty (30) days of the date of invoice, in the currency of the invoice, drawn on a bank based in India or by such other method as is agreed in advance by the Supplier.\r\n\r\n - All prices are not inclusive of VAT which shall be payable in addition by the Customer at the applicable rate.'),(14,'productid',NULL,'8'),(14,'quantity',NULL,'1.000'),(14,'listprice',NULL,'100.00000000'),(14,'tax1',NULL,'4.500'),(14,'tax2',NULL,'10.000'),(14,'tax3',NULL,'12.500'),(14,'pre_tax_total',NULL,'100.00000000'),(14,'hdns_h_percent',NULL,'27'),(14,'record_id',NULL,'9'),(14,'record_module',NULL,'Quotes'),(15,'hdnsubtotal','100.00000000','286.00000000'),(15,'hdngrandtotal','127.00000000','363.22000000'),(15,'listprice','100.00000000','286.00000000'),(15,'pre_tax_total','100.00000000','286.00000000'),(16,'hdnsubtotal','286.00000000','726.00000000'),(16,'hdngrandtotal','363.22000000','922.02000000'),(16,'pre_tax_total','286.00000000','726.00000000'),(17,'quote_no',NULL,'QUO2'),(17,'subject',NULL,'dq1'),(17,'quotestage',NULL,'Created'),(17,'hdnsubtotal',NULL,'1267.00000000'),(17,'txtadjustment',NULL,'0.00000000'),(17,'hdngrandtotal',NULL,'1609.10000000'),(17,'hdntaxtype',NULL,'group'),(17,'hdns_h_amount',NULL,'0.00000000'),(17,'account_id',NULL,'6'),(17,'assigned_user_id',NULL,'7'),(17,'createdtime',NULL,'2015-04-13 03:47:56'),(17,'modifiedby',NULL,'7'),(17,'currency_id',NULL,'1'),(17,'conversion_rate',NULL,'1.000'),(17,'bill_street',NULL,'a'),(17,'ship_street',NULL,'a'),(17,'terms_conditions',NULL,'- Unless otherwise agreed in writing by the supplier all invoices are payable within thirty (30) days of the date of invoice, in the currency of the invoice, drawn on a bank based in India or by such other method as is agreed in advance by the Supplier.\r\n\r\n - All prices are not inclusive of VAT which shall be payable in addition by the Customer at the applicable rate.'),(17,'productid',NULL,'8'),(17,'quantity',NULL,'2.000'),(17,'listprice',NULL,'563.00000000'),(17,'tax1',NULL,'4.500'),(17,'tax2',NULL,'10.000'),(17,'tax3',NULL,'12.500'),(17,'pre_tax_total',NULL,'1267.00000000'),(17,'hdns_h_percent',NULL,'27'),(17,'record_id',NULL,'10'),(17,'record_module',NULL,'Quotes'),(18,'hdnsubtotal','1267.00000000','1549.00000000'),(18,'hdngrandtotal','1609.10000000','1967.23000000'),(18,'pre_tax_total','1267.00000000','1549.00000000'),(19,'salesorder_no',NULL,'SO1'),(19,'subject',NULL,'dq1'),(19,'quote_id',NULL,'10'),(19,'sostatus',NULL,'Created'),(19,'txtadjustment',NULL,'0.00000000'),(19,'salescommission',NULL,'0.000'),(19,'exciseduty',NULL,'0.000'),(19,'hdngrandtotal',NULL,'1967.23000000'),(19,'hdnsubtotal',NULL,'1549.00000000'),(19,'hdntaxtype',NULL,'group'),(19,'hdns_h_amount',NULL,'0.00000000'),(19,'account_id',NULL,'6'),(19,'assigned_user_id',NULL,'7'),(19,'createdtime',NULL,'2015-04-13 03:52:09'),(19,'modifiedby',NULL,'7'),(19,'currency_id',NULL,'1'),(19,'conversion_rate',NULL,'1.000'),(19,'bill_street',NULL,'a'),(19,'ship_street',NULL,'a'),(19,'terms_conditions',NULL,'- Unless otherwise agreed in writing by the supplier all invoices are payable within thirty (30) days of the date of invoice, in the currency of the invoice, drawn on a bank based in India or by such other method as is agreed in advance by the Supplier.\r\n\r\n - All prices are not inclusive of VAT which shall be payable in addition by the Customer at the applicable rate.'),(19,'productid',NULL,'8'),(19,'quantity',NULL,'2.000'),(19,'listprice',NULL,'563.00000000'),(19,'tax1',NULL,'4.500'),(19,'tax2',NULL,'10.000'),(19,'tax3',NULL,'12.500'),(19,'pre_tax_total',NULL,'1549.00000000'),(19,'hdns_h_percent',NULL,'27'),(19,'record_id',NULL,'11'),(19,'record_module',NULL,'SalesOrder'),(20,'accountname',NULL,'o1'),(20,'account_no',NULL,'ACC3'),(20,'annual_revenue',NULL,'0.00000000'),(20,'assigned_user_id',NULL,'9'),(20,'createdtime',NULL,'2015-04-13 03:58:32'),(20,'modifiedby',NULL,'9'),(20,'bill_street',NULL,'a'),(20,'ship_street',NULL,'a'),(20,'created_user_id',NULL,'9'),(20,'record_id',NULL,'12'),(20,'record_module',NULL,'Accounts'),(21,'quote_no',NULL,'QUO3'),(21,'subject',NULL,'q2'),(21,'quotestage',NULL,'Created'),(21,'hdnsubtotal',NULL,'229.00000000'),(21,'txtadjustment',NULL,'0.00000000'),(21,'hdngrandtotal',NULL,'290.83000000'),(21,'hdntaxtype',NULL,'group'),(21,'hdns_h_amount',NULL,'0.00000000'),(21,'account_id',NULL,'12'),(21,'assigned_user_id',NULL,'9'),(21,'createdtime',NULL,'2015-04-13 04:00:40'),(21,'modifiedby',NULL,'9'),(21,'currency_id',NULL,'1'),(21,'conversion_rate',NULL,'1.000'),(21,'bill_street',NULL,'a'),(21,'ship_street',NULL,'a'),(21,'terms_conditions',NULL,'- Unless otherwise agreed in writing by the supplier all invoices are payable within thirty (30) days of the date of invoice, in the currency of the invoice, drawn on a bank based in India or by such other method as is agreed in advance by the Supplier.\r\n\r\n - All prices are not inclusive of VAT which shall be payable in addition by the Customer at the applicable rate.'),(21,'productid',NULL,'8'),(21,'quantity',NULL,'1.000'),(21,'listprice',NULL,'229.00000000'),(21,'tax1',NULL,'4.500'),(21,'tax2',NULL,'10.000'),(21,'tax3',NULL,'12.500'),(21,'pre_tax_total',NULL,'229.00000000'),(21,'hdns_h_percent',NULL,'27'),(21,'record_id',NULL,'13'),(21,'record_module',NULL,'Quotes'),(22,'productname','Single Roller Blind','White Blockout'),(22,'productcode','','803.051'),(22,'modifiedby','1','5'),(23,'accountname',NULL,'Xiadmen'),(23,'account_no',NULL,'ACC4'),(23,'annual_revenue',NULL,'0.00000000'),(23,'assigned_user_id',NULL,'5'),(23,'createdtime',NULL,'2015-04-13 04:01:11'),(23,'modifiedby',NULL,'5'),(23,'created_user_id',NULL,'5'),(23,'record_id',NULL,'14'),(23,'record_module',NULL,'Accounts'),(24,'accountname',NULL,'Wintom'),(24,'account_no',NULL,'ACC5'),(24,'annual_revenue',NULL,'0.00000000'),(24,'assigned_user_id',NULL,'5'),(24,'createdtime',NULL,'2015-04-13 04:01:32'),(24,'modifiedby',NULL,'5'),(24,'created_user_id',NULL,'5'),(24,'record_id',NULL,'15'),(24,'record_module',NULL,'Accounts'),(25,'productname','White Blockout','Single Roller Blind'),(25,'modifiedby','5','1'),(26,'productname','Single Roller Blind','White Blockout'),(26,'manufacturer','','LexPon Inc.'),(26,'modifiedby','1','5'),(26,'assigned_user_id','1','5'),(27,'usageunit','','Sq Ft'),(27,'qty_per_unit','0.00','1.00'),(28,'productcategory','','Hardware'),(29,'productname',NULL,'Bottom Rail Oval White'),(29,'product_no',NULL,'PRO2'),(29,'discontinued',NULL,'1'),(29,'createdtime',NULL,'2015-04-13 04:07:04'),(29,'modifiedby',NULL,'5'),(29,'unit_price',NULL,'2.60000000'),(29,'commissionrate',NULL,'0.000'),(29,'qty_per_unit',NULL,'0.00'),(29,'qtyinstock',NULL,'1000.000'),(29,'assigned_user_id',NULL,'5'),(29,'record_id',NULL,'16'),(29,'record_module',NULL,'Products'),(30,'productname',NULL,'Operation Chain Stainless Steel Pre-looped'),(30,'product_no',NULL,'PRO3'),(30,'discontinued',NULL,'1'),(30,'manufacturer',NULL,'AltvetPet Inc.'),(30,'createdtime',NULL,'2015-04-13 04:07:57'),(30,'modifiedby',NULL,'5'),(30,'unit_price',NULL,'1.25000000'),(30,'commissionrate',NULL,'0.000'),(30,'usageunit',NULL,'Each'),(30,'qty_per_unit',NULL,'1.00'),(30,'qtyinstock',NULL,'1000.000'),(30,'assigned_user_id',NULL,'5'),(30,'record_id',NULL,'17'),(30,'record_module',NULL,'Products'),(31,'productname',NULL,'Bottom Rail End Cap'),(31,'product_no',NULL,'PRO4'),(31,'productcode',NULL,'25.860.980'),(31,'discontinued',NULL,'1'),(31,'manufacturer',NULL,'LexPon Inc.'),(31,'createdtime',NULL,'2015-04-13 04:09:28'),(31,'modifiedby',NULL,'5'),(31,'unit_price',NULL,'0.00000000'),(31,'commissionrate',NULL,'0.000'),(31,'usageunit',NULL,'M'),(31,'qty_per_unit',NULL,'1.00'),(31,'qtyinstock',NULL,'1000.000'),(31,'assigned_user_id',NULL,'5'),(31,'record_id',NULL,'18'),(31,'record_module',NULL,'Products'),(32,'productname','White Blockout','Single Roller'),(33,'usageunit','Sq Ft','Each'),(34,'accountname',NULL,'Test Org#2'),(34,'account_no',NULL,'ACC6'),(34,'annual_revenue',NULL,'0.00000000'),(34,'assigned_user_id',NULL,'5'),(34,'createdtime',NULL,'2015-04-13 04:13:34'),(34,'modifiedby',NULL,'5'),(34,'created_user_id',NULL,'5'),(34,'record_id',NULL,'19'),(34,'record_module',NULL,'Accounts'),(35,'quote_no',NULL,'QUO4'),(35,'subject',NULL,'QTest#1 ADH'),(35,'quotestage',NULL,'Created'),(35,'hdnsubtotal',NULL,'100.00000000'),(35,'txtadjustment',NULL,'0.00000000'),(35,'hdngrandtotal',NULL,'127.00000000'),(35,'hdntaxtype',NULL,'group'),(35,'hdns_h_amount',NULL,'0.00000000'),(35,'account_id',NULL,'19'),(35,'assigned_user_id',NULL,'5'),(35,'createdtime',NULL,'2015-04-13 04:15:09'),(35,'modifiedby',NULL,'5'),(35,'currency_id',NULL,'1'),(35,'conversion_rate',NULL,'1.000'),(35,'bill_street',NULL,'PO Box'),(35,'ship_street',NULL,'PO Box'),(35,'terms_conditions',NULL,'- Unless otherwise agreed in writing by the supplier all invoices are payable within thirty (30) days of the date of invoice, in the currency of the invoice, drawn on a bank based in India or by such other method as is agreed in advance by the Supplier.\r\n\r\n - All prices are not inclusive of VAT which shall be payable in addition by the Customer at the applicable rate.'),(35,'productid',NULL,'8'),(35,'quantity',NULL,'1.000'),(35,'listprice',NULL,'100.00000000'),(35,'comment',NULL,'aqweqwe``'),(35,'tax1',NULL,'4.500'),(35,'tax2',NULL,'10.000'),(35,'tax3',NULL,'12.500'),(35,'pre_tax_total',NULL,'100.00000000'),(35,'hdns_h_percent',NULL,'27'),(35,'record_id',NULL,'20'),(35,'record_module',NULL,'Quotes'),(36,'hdnsubtotal','100.00000000','593.00000000'),(36,'hdngrandtotal','127.00000000','753.11000000'),(36,'modifiedby','5','1'),(36,'listprice','100.00000000','593.00000000'),(36,'comment','aqweqwe``',''),(36,'pre_tax_total','100.00000000','593.00000000'),(37,'quote_no',NULL,'QUO5'),(37,'subject',NULL,'t1'),(37,'quotestage',NULL,'Created'),(37,'hdnsubtotal',NULL,'286.00000000'),(37,'txtadjustment',NULL,'0.00000000'),(37,'hdngrandtotal',NULL,'363.22000000'),(37,'hdntaxtype',NULL,'group'),(37,'hdns_h_amount',NULL,'0.00000000'),(37,'account_id',NULL,'15'),(37,'assigned_user_id',NULL,'5'),(37,'createdtime',NULL,'2015-04-13 04:28:35'),(37,'modifiedby',NULL,'5'),(37,'currency_id',NULL,'1'),(37,'conversion_rate',NULL,'1.000'),(37,'bill_street',NULL,'a'),(37,'ship_street',NULL,'a'),(37,'terms_conditions',NULL,'- Unless otherwise agreed in writing by the supplier all invoices are payable within thirty (30) days of the date of invoice, in the currency of the invoice, drawn on a bank based in India or by such other method as is agreed in advance by the Supplier.\r\n\r\n - All prices are not inclusive of VAT which shall be payable in addition by the Customer at the applicable rate.'),(37,'productid',NULL,'8'),(37,'quantity',NULL,'1.000'),(37,'listprice',NULL,'286.00000000'),(37,'tax1',NULL,'4.500'),(37,'tax2',NULL,'10.000'),(37,'tax3',NULL,'12.500'),(37,'pre_tax_total',NULL,'286.00000000'),(37,'hdns_h_percent',NULL,'27'),(37,'record_id',NULL,'21'),(37,'record_module',NULL,'Quotes'),(38,'firstname',NULL,'Anne'),(38,'lead_no',NULL,'LEA2'),(38,'phone',NULL,'07 4728 4144'),(38,'lastname',NULL,'Sanker'),(38,'company',NULL,'The Coloured House'),(38,'leadsource',NULL,'Existing Customer'),(38,'industry',NULL,'Retail'),(38,'leadstatus',NULL,'Qualified'),(38,'annualrevenue',NULL,'0.00000000'),(38,'assigned_user_id',NULL,'5'),(38,'createdtime',NULL,'2015-04-13 08:07:09'),(38,'modifiedby',NULL,'5'),(38,'lane',NULL,'5 Hamill Street'),(38,'code',NULL,'4151'),(38,'city',NULL,'Garbutt'),(38,'country',NULL,'Australia'),(38,'state',NULL,'Qld'),(38,'created_user_id',NULL,'5'),(38,'record_id',NULL,'22'),(38,'record_module',NULL,'Leads'),(39,'accountname',NULL,'The Coloured House'),(39,'account_no',NULL,'ACC7'),(39,'phone',NULL,'07 4728 4144'),(39,'industry',NULL,'Retail'),(39,'annual_revenue',NULL,'0.00000000'),(39,'assigned_user_id',NULL,'12'),(39,'createdtime',NULL,'2015-04-13 08:08:04'),(39,'modifiedby',NULL,'5'),(39,'created_user_id',NULL,'5'),(39,'bill_street',NULL,'5 Hamill Street'),(39,'ship_street',NULL,'5 Hamill Street'),(39,'bill_city',NULL,'Garbutt'),(39,'ship_city',NULL,'Garbutt'),(39,'bill_state',NULL,'Qld'),(39,'ship_state',NULL,'Qld'),(39,'bill_code',NULL,'4151'),(39,'ship_code',NULL,'4151'),(39,'bill_country',NULL,'Australia'),(39,'ship_country',NULL,'Australia'),(39,'record_id',NULL,'23'),(39,'record_module',NULL,'Accounts'),(40,'firstname',NULL,'Anne'),(40,'contact_no',NULL,'CON3'),(40,'lastname',NULL,'Sanker'),(40,'phone',NULL,'07 4728 4144'),(40,'account_id',NULL,'23'),(40,'leadsource',NULL,'Existing Customer'),(40,'assigned_user_id',NULL,'12'),(40,'createdtime',NULL,'2015-04-13 08:08:04'),(40,'modifiedby',NULL,'5'),(40,'created_user_id',NULL,'5'),(40,'mailingstreet',NULL,'5 Hamill Street'),(40,'mailingcity',NULL,'Garbutt'),(40,'mailingstate',NULL,'Qld'),(40,'mailingcountry',NULL,'Australia'),(40,'record_id',NULL,'24'),(40,'record_module',NULL,'Contacts'),(41,'potentialname',NULL,'The Coloured House'),(41,'potential_no',NULL,'POT2'),(41,'related_to',NULL,'23'),(41,'amount',NULL,'1000.00000000'),(41,'closingdate',NULL,'2015-04-30'),(41,'leadsource',NULL,'Existing Customer'),(41,'assigned_user_id',NULL,'12'),(41,'sales_stage',NULL,'Prospecting'),(41,'probability',NULL,'0.000'),(41,'createdtime',NULL,'2015-04-13 08:08:05'),(41,'modifiedby',NULL,'5'),(41,'forecast_amount',NULL,'0.00000000'),(41,'contact_id',NULL,'24'),(41,'created_user_id',NULL,'5'),(41,'record_id',NULL,'25'),(41,'record_module',NULL,'Potentials'),(42,'quote_no',NULL,'QUO6'),(42,'subject',NULL,'Project'),(42,'potential_id',NULL,'25'),(42,'quotestage',NULL,'Created'),(42,'contact_id',NULL,'24'),(42,'carrier',NULL,'DHL'),(42,'hdnsubtotal',NULL,'535.00000000'),(42,'txtadjustment',NULL,'0.00000000'),(42,'hdngrandtotal',NULL,'679.45000000'),(42,'hdntaxtype',NULL,'group'),(42,'hdns_h_amount',NULL,'0.00000000'),(42,'account_id',NULL,'23'),(42,'assigned_user_id',NULL,'5'),(42,'createdtime',NULL,'2015-04-13 08:19:32'),(42,'modifiedby',NULL,'5'),(42,'currency_id',NULL,'1'),(42,'conversion_rate',NULL,'1.000'),(42,'bill_street',NULL,'5 Hamill Street'),(42,'ship_street',NULL,'5 Hamill Street'),(42,'bill_city',NULL,'Garbutt'),(42,'ship_city',NULL,'Garbutt'),(42,'bill_state',NULL,'Qld'),(42,'ship_state',NULL,'Qld'),(42,'bill_code',NULL,'4151'),(42,'ship_code',NULL,'4151'),(42,'bill_country',NULL,'Australia'),(42,'ship_country',NULL,'Australia'),(42,'terms_conditions',NULL,'- Unless otherwise agreed in writing by the supplier all invoices are payable within thirty (30) days of the date of invoice, in the currency of the invoice, drawn on a bank based in India or by such other method as is agreed in advance by the Supplier.\r\n\r\n - All prices are not inclusive of VAT which shall be payable in addition by the Customer at the applicable rate.'),(42,'productid',NULL,'8'),(42,'quantity',NULL,'1.000'),(42,'listprice',NULL,'151.00000000'),(42,'tax1',NULL,'4.500'),(42,'tax2',NULL,'10.000'),(42,'tax3',NULL,'12.500'),(42,'pre_tax_total',NULL,'535.00000000'),(42,'hdns_h_percent',NULL,'27'),(42,'record_id',NULL,'26'),(42,'record_module',NULL,'Quotes'),(44,'quote_no',NULL,'QUO7'),(44,'subject',NULL,'Project Quote'),(44,'potential_id',NULL,'25'),(44,'quotestage',NULL,'Created'),(44,'validtill',NULL,'2015-05-31'),(44,'hdnsubtotal',NULL,'730.00000000'),(44,'txtadjustment',NULL,'-62.10000000'),(44,'hdngrandtotal',NULL,'865.00000000'),(44,'hdntaxtype',NULL,'group'),(44,'hdns_h_amount',NULL,'0.00000000'),(44,'account_id',NULL,'23'),(44,'assigned_user_id',NULL,'5'),(44,'createdtime',NULL,'2015-04-14 01:50:54'),(44,'modifiedby',NULL,'5'),(44,'currency_id',NULL,'1'),(44,'conversion_rate',NULL,'1.000'),(44,'bill_street',NULL,'5 Hamill Street'),(44,'ship_street',NULL,'5 Hamill Street'),(44,'bill_city',NULL,'Garbutt'),(44,'ship_city',NULL,'Garbutt'),(44,'bill_state',NULL,'Qld'),(44,'ship_state',NULL,'Qld'),(44,'bill_code',NULL,'4151'),(44,'ship_code',NULL,'4151'),(44,'bill_country',NULL,'Australia'),(44,'ship_country',NULL,'Australia'),(44,'terms_conditions',NULL,'- Unless otherwise agreed in writing by the supplier all invoices are payable within thirty (30) days of the date of invoice.'),(44,'productid',NULL,'8'),(44,'quantity',NULL,'1.000'),(44,'listprice',NULL,'118.00000000'),(44,'tax1',NULL,'4.500'),(44,'tax2',NULL,'10.000'),(44,'tax3',NULL,'12.500'),(44,'pre_tax_total',NULL,'730.00000000'),(44,'hdns_h_percent',NULL,'27'),(44,'record_id',NULL,'27'),(44,'record_module',NULL,'Quotes'),(46,'website','','www.thecolouredhouse.com.au'),(47,'email1','','sales@thecolouredhouse.com.au'),(48,'title','','Owner'),(49,'email','','anne@thecolouredhouse.com.au'),(50,'firstname',NULL,'Coryn'),(50,'contact_no',NULL,'CON4'),(50,'lastname',NULL,'Danes'),(50,'account_id',NULL,'23'),(50,'title',NULL,'Administration Assistant'),(50,'email',NULL,'coryn@thecolouredhouse.com.au'),(50,'contact_id',NULL,'24'),(50,'assigned_user_id',NULL,'5'),(50,'createdtime',NULL,'2015-04-14 04:48:43'),(50,'modifiedby',NULL,'5'),(50,'support_start_date',NULL,'2015-04-14'),(50,'support_end_date',NULL,'2016-04-14'),(50,'mailingstreet',NULL,'5 Hamill Street'),(50,'otherstreet',NULL,'5 Hamill Street'),(50,'mailingcity',NULL,'Garbutt'),(50,'othercity',NULL,'Garbutt'),(50,'mailingstate',NULL,'Qld'),(50,'otherstate',NULL,'Qld'),(50,'mailingzip',NULL,'4151'),(50,'otherzip',NULL,'4151'),(50,'mailingcountry',NULL,'Australia'),(50,'othercountry',NULL,'Australia'),(50,'imagename',NULL,'Chelsea.jpg'),(50,'created_user_id',NULL,'5'),(50,'record_id',NULL,'28'),(50,'record_module',NULL,'Contacts'),(52,'firstname',NULL,'Con'),(52,'lead_no',NULL,'LEA3'),(52,'lastname',NULL,'Nicolas'),(52,'company',NULL,'MPS'),(52,'annualrevenue',NULL,'0.00000000'),(52,'assigned_user_id',NULL,'6'),(52,'createdtime',NULL,'2015-04-14 04:56:23'),(52,'modifiedby',NULL,'5'),(52,'created_user_id',NULL,'5'),(52,'record_id',NULL,'30'),(52,'record_module',NULL,'Leads'),(53,'email','','adam.d.harris@me.com'),(55,'accountname',NULL,'MPS'),(55,'account_no',NULL,'ACC8'),(55,'email1',NULL,'adam.d.harris@me.com'),(55,'annual_revenue',NULL,'0.00000000'),(55,'assigned_user_id',NULL,'6'),(55,'createdtime',NULL,'2015-04-14 04:57:58'),(55,'modifiedby',NULL,'5'),(55,'created_user_id',NULL,'5'),(55,'record_id',NULL,'31'),(55,'record_module',NULL,'Accounts'),(56,'firstname',NULL,'Con'),(56,'contact_no',NULL,'CON5'),(56,'lastname',NULL,'Nicolas'),(56,'account_id',NULL,'31'),(56,'email',NULL,'adam.d.harris@me.com'),(56,'assigned_user_id',NULL,'6'),(56,'createdtime',NULL,'2015-04-14 04:57:58'),(56,'modifiedby',NULL,'5'),(56,'created_user_id',NULL,'5'),(56,'record_id',NULL,'32'),(56,'record_module',NULL,'Contacts'),(57,'potentialname',NULL,'MPS - Gallery Project'),(57,'potential_no',NULL,'POT3'),(57,'related_to',NULL,'31'),(57,'amount',NULL,'10000.00000000'),(57,'closingdate',NULL,'2015-06-19'),(57,'assigned_user_id',NULL,'6'),(57,'sales_stage',NULL,'Prospecting'),(57,'probability',NULL,'0.000'),(57,'createdtime',NULL,'2015-04-14 04:57:59'),(57,'modifiedby',NULL,'5'),(57,'forecast_amount',NULL,'0.00000000'),(57,'contact_id',NULL,'32'),(57,'created_user_id',NULL,'5'),(57,'record_id',NULL,'33'),(57,'record_module',NULL,'Potentials'),(58,'assigned_user_id','6','11'),(58,'modifiedby','5','6'),(59,'assigned_user_id','6','11'),(59,'modifiedby','5','6'),(60,'quote_no',NULL,'QUO8'),(60,'subject',NULL,'Project Quote'),(60,'quotestage',NULL,'Created'),(60,'contact_id',NULL,'32'),(60,'hdnsubtotal',NULL,'92.00000000'),(60,'txtadjustment',NULL,'0.00000000'),(60,'hdngrandtotal',NULL,'116.84000000'),(60,'hdntaxtype',NULL,'group'),(60,'hdns_h_amount',NULL,'0.00000000'),(60,'account_id',NULL,'31'),(60,'assigned_user_id',NULL,'11'),(60,'createdtime',NULL,'2015-04-14 06:49:58'),(60,'modifiedby',NULL,'11'),(60,'currency_id',NULL,'1'),(60,'conversion_rate',NULL,'1.000'),(60,'bill_street',NULL,'PO Box'),(60,'ship_street',NULL,'PO Box'),(60,'terms_conditions',NULL,'- Unless otherwise agreed in writing by the supplier all invoices are payable within thirty (30) days of the date of invoice.'),(60,'productid',NULL,'8'),(60,'quantity',NULL,'1.000'),(60,'listprice',NULL,'92.00000000'),(60,'tax1',NULL,'4.500'),(60,'tax2',NULL,'10.000'),(60,'tax3',NULL,'12.500'),(60,'pre_tax_total',NULL,'92.00000000'),(60,'hdns_h_percent',NULL,'27'),(60,'record_id',NULL,'34'),(60,'record_module',NULL,'Quotes'),(62,'hdnsubtotal','92.00000000','215.00000000'),(62,'hdngrandtotal','116.84000000','273.06000000'),(62,'pre_tax_total','92.00000000','215.00000000'),(63,'validtill','','2015-04-30'),(63,'carrier','','DHL'),(64,'hdndiscountpercent','','0.000'),(64,'hdndiscountamount','','0.00000000'),(64,'bill_country','','Australia'),(65,'bill_code','','4151'),(66,'assigned_user_id','12','6'),(67,'firstname',NULL,'Bob'),(67,'lead_no',NULL,'LEA4'),(67,'lastname',NULL,'Smith'),(67,'company',NULL,'ABC Blinds'),(67,'annualrevenue',NULL,'0.00000000'),(67,'assigned_user_id',NULL,'6'),(67,'createdtime',NULL,'2015-04-14 10:26:49'),(67,'modifiedby',NULL,'6'),(67,'created_user_id',NULL,'6'),(67,'record_id',NULL,'35'),(67,'record_module',NULL,'Leads'),(68,'assigned_user_id','6','11'),(69,'accountname',NULL,'ABC Blinds'),(69,'account_no',NULL,'ACC9'),(69,'annual_revenue',NULL,'0.00000000'),(69,'assigned_user_id',NULL,'11'),(69,'createdtime',NULL,'2015-04-14 10:28:08'),(69,'modifiedby',NULL,'11'),(69,'created_user_id',NULL,'11'),(69,'record_id',NULL,'36'),(69,'record_module',NULL,'Accounts'),(70,'firstname',NULL,'Bob'),(70,'contact_no',NULL,'CON6'),(70,'lastname',NULL,'Smith'),(70,'account_id',NULL,'36'),(70,'assigned_user_id',NULL,'11'),(70,'createdtime',NULL,'2015-04-14 10:28:08'),(70,'modifiedby',NULL,'11'),(70,'created_user_id',NULL,'11'),(70,'record_id',NULL,'37'),(70,'record_module',NULL,'Contacts'),(71,'potentialname',NULL,'ABC Blinds - Project'),(71,'potential_no',NULL,'POT4'),(71,'related_to',NULL,'36'),(71,'amount',NULL,'1000.00000000'),(71,'closingdate',NULL,'2015-04-30'),(71,'assigned_user_id',NULL,'11'),(71,'sales_stage',NULL,'Prospecting'),(71,'probability',NULL,'0.000'),(71,'createdtime',NULL,'2015-04-14 10:28:09'),(71,'modifiedby',NULL,'11'),(71,'forecast_amount',NULL,'0.00000000'),(71,'contact_id',NULL,'37'),(71,'created_user_id',NULL,'11'),(71,'record_id',NULL,'38'),(71,'record_module',NULL,'Potentials'),(72,'quote_no',NULL,'QUO9'),(72,'subject',NULL,'Q001'),(72,'potential_id',NULL,'38'),(72,'quotestage',NULL,'Created'),(72,'contact_id',NULL,'37'),(72,'hdnsubtotal',NULL,'109.00000000'),(72,'txtadjustment',NULL,'0.00000000'),(72,'hdngrandtotal',NULL,'138.44000000'),(72,'hdntaxtype',NULL,'group'),(72,'hdns_h_amount',NULL,'0.00000000'),(72,'account_id',NULL,'36'),(72,'assigned_user_id',NULL,'11'),(72,'createdtime',NULL,'2015-04-14 10:30:27'),(72,'modifiedby',NULL,'11'),(72,'currency_id',NULL,'1'),(72,'conversion_rate',NULL,'1.000'),(72,'bill_street',NULL,'PO'),(72,'ship_street',NULL,'PO'),(72,'terms_conditions',NULL,'- Unless otherwise agreed in writing by the supplier all invoices are payable within thirty (30) days of the date of invoice.'),(72,'productid',NULL,'8'),(72,'quantity',NULL,'1.000'),(72,'listprice',NULL,'109.00000000'),(72,'tax1',NULL,'4.500'),(72,'tax2',NULL,'10.000'),(72,'tax3',NULL,'12.500'),(72,'pre_tax_total',NULL,'109.00000000'),(72,'hdns_h_percent',NULL,'27'),(72,'record_id',NULL,'39'),(72,'record_module',NULL,'Quotes'),(74,'salesorder_no',NULL,'SO2'),(74,'subject',NULL,'Q001'),(74,'potential_id',NULL,'38'),(74,'quote_id',NULL,'39'),(74,'contact_id',NULL,'37'),(74,'sostatus',NULL,'Created'),(74,'txtadjustment',NULL,'0.00000000'),(74,'salescommission',NULL,'0.000'),(74,'exciseduty',NULL,'0.000'),(74,'hdngrandtotal',NULL,'443.24000000'),(74,'hdnsubtotal',NULL,'109.00000000'),(74,'hdntaxtype',NULL,'group'),(74,'hdns_h_amount',NULL,'240.00000000'),(74,'account_id',NULL,'36'),(74,'assigned_user_id',NULL,'11'),(74,'createdtime',NULL,'2015-04-14 10:32:18'),(74,'modifiedby',NULL,'11'),(74,'currency_id',NULL,'1'),(74,'conversion_rate',NULL,'1.000'),(74,'bill_street',NULL,'PO'),(74,'ship_street',NULL,'PO'),(74,'terms_conditions',NULL,'- Unless otherwise agreed in writing by the supplier all invoices are payable within thirty (30) days of the date of invoice.'),(74,'productid',NULL,'8'),(74,'quantity',NULL,'1.000'),(74,'listprice',NULL,'109.00000000'),(74,'tax1',NULL,'4.500'),(74,'tax2',NULL,'10.000'),(74,'tax3',NULL,'12.500'),(74,'pre_tax_total',NULL,'349.00000000'),(74,'hdns_h_percent',NULL,'27'),(74,'record_id',NULL,'40'),(74,'record_module',NULL,'SalesOrder'),(75,'carrier','','DHL'),(75,'hdndiscountpercent','','0.000'),(75,'hdndiscountamount','','0.00000000'),(76,'exciseduty','0.000','35.000'),(76,'hdndiscountamount','0.00000000',''),(77,'duedate','','2015-04-30'),(77,'bill_street','PO','123 Street'),(77,'bill_city','','Brisbane'),(77,'bill_state','','QLD'),(77,'bill_code','','4151'),(77,'bill_country','','AUSTRALIA'),(78,'assigned_user_id','11','12'),(78,'modifiedby','6','11'),(79,'shipping','','What is this for'),(80,'hdngrandtotal','273.06000000','527.06000000'),(80,'hdndiscountamount','0.00000000',''),(80,'hdns_h_amount','0.00000000','200.00000000'),(80,'pre_tax_total','215.00000000','415.00000000'),(81,'txtadjustment','0.00000000','-100.00000000'),(81,'hdngrandtotal','527.06000000','427.06000000'),(82,'hdnsubtotal','215.00000000','204.25000000'),(82,'txtadjustment','-100.00000000','200.00000000'),(82,'hdngrandtotal','427.06000000','713.40000000'),(82,'discount_percent','','5.000'),(82,'pre_tax_total','415.00000000','404.25000000'),(83,'hdnsubtotal','204.25000000','199.65000000'),(83,'hdngrandtotal','713.40000000','707.55000000'),(83,'discount_percent','5.000','10.000'),(83,'pre_tax_total','404.25000000','399.65000000'),(84,'hdndiscountamount','','0.00000000'),(84,'description','','Lorem ipsum dolor sit amet, consetetur sadipscing elitr, sed diam nonumy eirmod tempor invidunt ut labore et dolore magna aliquyam erat, sed diam voluptua. At vero eos et accusam et justo duo dolores et ea rebum. Stet clita kasd gubergren, no sea takimata sanctus est Lorem ipsum dolor sit amet. Lorem ipsum dolor sit amet, consetetur sadipscing elitr, sed diam nonumy eirmod tempor invidunt ut labore et dolore magna aliquyam erat, sed diam voluptua. At vero eos et accusam et justo duo dolores et ea rebum. Stet clita kasd gubergren, no sea takimata sanctus est Lorem ipsum dolor sit amet. Lorem ipsum dolor sit amet, consetetur'),(85,'bill_street','PO Box','123 Douglas Street'),(86,'bill_pobox','','PO BOX 123'),(87,'bill_city','','Brisbane'),(88,'bill_state','','QLD'),(89,'potential_id','','38'),(89,'hdndiscountamount','0.00000000',''),(90,'assigned_user_id','11','3'),(91,'firstname',NULL,'Test'),(91,'lead_no',NULL,'LEA5'),(91,'lastname',NULL,'test'),(91,'annualrevenue',NULL,'0.00000000'),(91,'assigned_user_id',NULL,'5'),(91,'createdtime',NULL,'2015-04-21 01:05:10'),(91,'modifiedby',NULL,'5'),(91,'created_user_id',NULL,'5'),(91,'record_id',NULL,'41'),(91,'record_module',NULL,'Leads'),(92,'phone','','07 9999 9999'),(93,'company','','Acme'),(94,'firstname','Test','John'),(95,'lastname','test','Smith'),(96,'leadsource','','Cold Call'),(97,'email','','adam.d.harris@me.com'),(98,'website','','www.website.com'),(99,'city','','Cooraproo'),(100,'city','Cooraproo','Brisbane'),(101,'country','','Australia'),(102,'firstname',NULL,'John'),(102,'lead_no',NULL,'LEA6'),(102,'lastname',NULL,'Doe'),(102,'company',NULL,'Cash Customer'),(102,'annualrevenue',NULL,'0.00000000'),(102,'assigned_user_id',NULL,'3'),(102,'createdtime',NULL,'2015-04-21 02:35:01'),(102,'modifiedby',NULL,'5'),(102,'description',NULL,'Roller blinds'),(102,'created_user_id',NULL,'5'),(102,'record_id',NULL,'42'),(102,'record_module',NULL,'Leads'),(103,'accountname',NULL,'Cash Customer'),(103,'account_no',NULL,'ACC10'),(103,'industry',NULL,'Communications'),(103,'annual_revenue',NULL,'0.00000000'),(103,'assigned_user_id',NULL,'11'),(103,'createdtime',NULL,'2015-04-21 02:36:19'),(103,'modifiedby',NULL,'11'),(103,'created_user_id',NULL,'11'),(103,'description',NULL,'Roller blinds'),(103,'record_id',NULL,'43'),(103,'record_module',NULL,'Accounts'),(104,'firstname',NULL,'John'),(104,'contact_no',NULL,'CON7'),(104,'lastname',NULL,'Doe'),(104,'account_id',NULL,'43'),(104,'assigned_user_id',NULL,'11'),(104,'createdtime',NULL,'2015-04-21 02:36:20'),(104,'modifiedby',NULL,'11'),(104,'created_user_id',NULL,'11'),(104,'description',NULL,'Roller blinds'),(104,'record_id',NULL,'44'),(104,'record_module',NULL,'Contacts'),(105,'potentialname',NULL,'Cash Customer'),(105,'potential_no',NULL,'POT5'),(105,'related_to',NULL,'43'),(105,'amount',NULL,'0.00000000'),(105,'closingdate',NULL,'2015-05-27'),(105,'assigned_user_id',NULL,'11'),(105,'sales_stage',NULL,'Prospecting'),(105,'probability',NULL,'0.000'),(105,'createdtime',NULL,'2015-04-21 02:36:20'),(105,'modifiedby',NULL,'11'),(105,'forecast_amount',NULL,'0.00000000'),(105,'contact_id',NULL,'44'),(105,'created_user_id',NULL,'11'),(105,'description',NULL,'Roller blinds'),(105,'record_id',NULL,'45'),(105,'record_module',NULL,'Potentials'),(106,'quote_no',NULL,'QUO10'),(106,'subject',NULL,'Test'),(106,'quotestage',NULL,'Delivered'),(106,'validtill',NULL,'2015-04-30'),(106,'hdnsubtotal',NULL,'141.00000000'),(106,'txtadjustment',NULL,'0.00000000'),(106,'hdngrandtotal',NULL,'179.07000000'),(106,'hdntaxtype',NULL,'group'),(106,'hdns_h_amount',NULL,'0.00000000'),(106,'account_id',NULL,'43'),(106,'assigned_user_id',NULL,'11'),(106,'createdtime',NULL,'2015-04-21 02:38:41'),(106,'modifiedby',NULL,'11'),(106,'currency_id',NULL,'1'),(106,'conversion_rate',NULL,'1.000'),(106,'bill_street',NULL,'PO'),(106,'ship_street',NULL,'PO'),(106,'terms_conditions',NULL,'- Unless otherwise agreed in writing by the supplier all invoices are payable within thirty (30) days of the date of invoice.'),(106,'productid',NULL,'8'),(106,'quantity',NULL,'1.000'),(106,'listprice',NULL,'141.00000000'),(106,'tax1',NULL,'4.500'),(106,'tax2',NULL,'10.000'),(106,'tax3',NULL,'12.500'),(106,'pre_tax_total',NULL,'141.00000000'),(106,'hdns_h_percent',NULL,'27'),(106,'record_id',NULL,'46'),(106,'record_module',NULL,'Quotes'),(108,'quote_no',NULL,'QUO11'),(108,'subject',NULL,'test'),(108,'quotestage',NULL,'Created'),(108,'hdnsubtotal',NULL,'177.00000000'),(108,'txtadjustment',NULL,'0.00000000'),(108,'hdngrandtotal',NULL,'224.79000000'),(108,'hdntaxtype',NULL,'group'),(108,'hdns_h_amount',NULL,'0.00000000'),(108,'account_id',NULL,'36'),(108,'assigned_user_id',NULL,'12'),(108,'createdtime',NULL,'2015-04-23 00:19:17'),(108,'modifiedby',NULL,'12'),(108,'currency_id',NULL,'1'),(108,'conversion_rate',NULL,'1.000'),(108,'bill_street',NULL,'adsf'),(108,'ship_street',NULL,'asdf'),(108,'terms_conditions',NULL,'- Unless otherwise agreed in writing by the supplier all invoices are payable within thirty (30) days of the date of invoice.'),(108,'productid',NULL,'8'),(108,'quantity',NULL,'1.000'),(108,'listprice',NULL,'177.00000000'),(108,'tax1',NULL,'4.500'),(108,'tax2',NULL,'10.000'),(108,'tax3',NULL,'12.500'),(108,'pre_tax_total',NULL,'177.00000000'),(108,'hdns_h_percent',NULL,'27'),(108,'record_id',NULL,'47'),(108,'record_module',NULL,'Quotes'),(109,'date_start',NULL,'2015-04-23'),(109,'activitytype',NULL,'Emails'),(109,'assigned_user_id',NULL,'1'),(109,'subject',NULL,'Regarding Contact Assignment'),(109,'description',NULL,'An Contact has been assigned to you on vtigerCRM&lt;br&gt;Details of Contact are :&lt;br&gt;&lt;br&gt;Contact Id:&lt;b&gt;CON1&lt;/b&gt;&lt;br&gt;LastName:&lt;b&gt;Smith&lt;/b&gt;&lt;br&gt;FirstName:&lt;b&gt;John&lt;/b&gt;&lt;br&gt;Lead Source:&lt;b&gt;&lt;/b&gt;&lt;br&gt;Department:&lt;b&gt;&lt;/b&gt;&lt;br&gt;Description:&lt;b&gt;&lt;/b&gt;&lt;br&gt;&lt;br&gt;&lt;br&gt;And &lt;b&gt;CustomerPortal Login Details&lt;/b&gt; is sent to the EmailID :-adam.d.harris@me.com&lt;br&gt;&lt;br&gt;Thank You&lt;br&gt;Admin'),(109,'time_start',NULL,'00:49:54'),(109,'createdtime',NULL,'2015-04-23 00:49:54'),(109,'modifiedby',NULL,'1'),(109,'from_email',NULL,'administrator@a.com'),(109,'saved_toid',NULL,'[&quot;administrator@a.com&quot;]'),(109,'ccmail',NULL,'[&quot;&quot;]'),(109,'bccmail',NULL,'[&quot;&quot;]'),(109,'parent_id',NULL,'3@1|'),(109,'email_flag',NULL,'SENT'),(109,'record_id',NULL,'48'),(109,'record_module',NULL,'Emails'),(111,'date_start',NULL,'2015-04-23'),(111,'activitytype',NULL,'Emails'),(111,'assigned_user_id',NULL,'1'),(111,'subject',NULL,'Regarding Potential Assignment'),(111,'description',NULL,'An Potential has been assigned to you on vtigerCRM&lt;br&gt;Details of Potential are :&lt;br&gt;&lt;br&gt;Potential No:&lt;b&gt;POT1&lt;/b&gt;&lt;br&gt;Potential Name:&lt;b&gt;Test&lt;/b&gt;&lt;br&gt;Amount:&lt;b&gt;0.00&lt;/b&gt;&lt;br&gt;Expected Close Date:&lt;b&gt;31-03-2015 (dd-mm-yyyy)&lt;/b&gt;&lt;br&gt;Type:&lt;b&gt;&lt;/b&gt;&lt;br&gt;&lt;br&gt;&lt;br&gt;Description :&lt;br&gt;&lt;br&gt;Thank You&lt;br&gt;Admin'),(111,'time_start',NULL,'00:49:55'),(111,'createdtime',NULL,'2015-04-23 00:49:55'),(111,'modifiedby',NULL,'1'),(111,'from_email',NULL,'administrator@a.com'),(111,'saved_toid',NULL,'[&quot;administrator@a.com&quot;]'),(111,'ccmail',NULL,'[&quot;&quot;]'),(111,'bccmail',NULL,'[&quot;&quot;]'),(111,'parent_id',NULL,'4@1|'),(111,'email_flag',NULL,'SENT'),(111,'record_id',NULL,'49'),(111,'record_module',NULL,'Emails'),(113,'date_start',NULL,'2015-04-23'),(113,'activitytype',NULL,'Emails'),(113,'assigned_user_id',NULL,'1'),(113,'subject',NULL,'Regarding Contact Assignment'),(113,'description',NULL,'An Contact has been assigned to you on vtigerCRM&lt;br&gt;Details of Contact are :&lt;br&gt;&lt;br&gt;Contact Id:&lt;b&gt;CON1&lt;/b&gt;&lt;br&gt;LastName:&lt;b&gt;Smith&lt;/b&gt;&lt;br&gt;FirstName:&lt;b&gt;John&lt;/b&gt;&lt;br&gt;Lead Source:&lt;b&gt;&lt;/b&gt;&lt;br&gt;Department:&lt;b&gt;&lt;/b&gt;&lt;br&gt;Description:&lt;b&gt;&lt;/b&gt;&lt;br&gt;&lt;br&gt;&lt;br&gt;And &lt;b&gt;CustomerPortal Login Details&lt;/b&gt; is sent to the EmailID :-adam.d.harris@me.com&lt;br&gt;&lt;br&gt;Thank You&lt;br&gt;Admin'),(113,'time_start',NULL,'00:49:56'),(113,'createdtime',NULL,'2015-04-23 00:49:56'),(113,'modifiedby',NULL,'1'),(113,'from_email',NULL,'d2user1@a.com'),(113,'saved_toid',NULL,'[&quot;d2user1@a.com&quot;]'),(113,'ccmail',NULL,'[&quot;&quot;]'),(113,'bccmail',NULL,'[&quot;&quot;]'),(113,'parent_id',NULL,'3@1|'),(113,'email_flag',NULL,'SENT'),(113,'record_id',NULL,'50'),(113,'record_module',NULL,'Emails'),(115,'date_start',NULL,'2015-04-23'),(115,'activitytype',NULL,'Emails'),(115,'assigned_user_id',NULL,'1'),(115,'subject',NULL,'Regarding Contact Assignment'),(115,'description',NULL,'An Contact has been assigned to you on vtigerCRM&lt;br&gt;Details of Contact are :&lt;br&gt;&lt;br&gt;Contact Id:&lt;b&gt;CON2&lt;/b&gt;&lt;br&gt;LastName:&lt;b&gt;Contact 1&lt;/b&gt;&lt;br&gt;FirstName:&lt;b&gt;Dealer 1&lt;/b&gt;&lt;br&gt;Lead Source:&lt;b&gt;&lt;/b&gt;&lt;br&gt;Department:&lt;b&gt;&lt;/b&gt;&lt;br&gt;Description:&lt;b&gt;&lt;/b&gt;&lt;br&gt;&lt;br&gt;&lt;br&gt;And &lt;b&gt;CustomerPortal Login Details&lt;/b&gt; is sent to the EmailID :-&lt;br&gt;&lt;br&gt;Thank You&lt;br&gt;Admin'),(115,'time_start',NULL,'00:49:57'),(115,'createdtime',NULL,'2015-04-23 00:49:57'),(115,'modifiedby',NULL,'1'),(115,'from_email',NULL,'dealer1@a.com'),(115,'saved_toid',NULL,'[&quot;dealer1@a.com&quot;]'),(115,'ccmail',NULL,'[&quot;&quot;]'),(115,'bccmail',NULL,'[&quot;&quot;]'),(115,'parent_id',NULL,'7@1|'),(115,'email_flag',NULL,'SENT'),(115,'record_id',NULL,'51'),(115,'record_module',NULL,'Emails'),(117,'date_start',NULL,'2015-04-23'),(117,'activitytype',NULL,'Emails'),(117,'assigned_user_id',NULL,'1'),(117,'subject',NULL,'Regarding Contact Assignment'),(117,'description',NULL,'An Contact has been assigned to you on vtigerCRM&lt;br&gt;Details of Contact are :&lt;br&gt;&lt;br&gt;Contact Id:&lt;b&gt;CON3&lt;/b&gt;&lt;br&gt;LastName:&lt;b&gt;Sanker&lt;/b&gt;&lt;br&gt;FirstName:&lt;b&gt;Anne&lt;/b&gt;&lt;br&gt;Lead Source:&lt;b&gt;Existing Customer&lt;/b&gt;&lt;br&gt;Department:&lt;b&gt;&lt;/b&gt;&lt;br&gt;Description:&lt;b&gt;&lt;/b&gt;&lt;br&gt;&lt;br&gt;&lt;br&gt;And &lt;b&gt;CustomerPortal Login Details&lt;/b&gt; is sent to the EmailID :-&lt;br&gt;&lt;br&gt;Thank You&lt;br&gt;Admin'),(117,'time_start',NULL,'00:49:58'),(117,'createdtime',NULL,'2015-04-23 00:49:58'),(117,'modifiedby',NULL,'1'),(117,'from_email',NULL,'d2user2@a.com'),(117,'saved_toid',NULL,'[&quot;d2user2@a.com&quot;]'),(117,'ccmail',NULL,'[&quot;&quot;]'),(117,'bccmail',NULL,'[&quot;&quot;]'),(117,'parent_id',NULL,'24@1|'),(117,'email_flag',NULL,'SENT'),(117,'record_id',NULL,'52'),(117,'record_module',NULL,'Emails'),(119,'date_start',NULL,'2015-04-23'),(119,'activitytype',NULL,'Emails'),(119,'assigned_user_id',NULL,'1'),(119,'subject',NULL,'Regarding Potential Assignment'),(119,'description',NULL,'An Potential has been assigned to you on vtigerCRM&lt;br&gt;Details of Potential are :&lt;br&gt;&lt;br&gt;Potential No:&lt;b&gt;POT2&lt;/b&gt;&lt;br&gt;Potential Name:&lt;b&gt;The Coloured House&lt;/b&gt;&lt;br&gt;Amount:&lt;b&gt;1,000.00&lt;/b&gt;&lt;br&gt;Expected Close Date:&lt;b&gt;30-04-2015 (dd-mm-yyyy)&lt;/b&gt;&lt;br&gt;Type:&lt;b&gt;&lt;/b&gt;&lt;br&gt;&lt;br&gt;&lt;br&gt;Description :&lt;br&gt;&lt;br&gt;Thank You&lt;br&gt;Admin'),(119,'time_start',NULL,'00:49:59'),(119,'createdtime',NULL,'2015-04-23 00:49:59'),(119,'modifiedby',NULL,'1'),(119,'from_email',NULL,'d2user2@a.com'),(119,'saved_toid',NULL,'[&quot;d2user2@a.com&quot;]'),(119,'ccmail',NULL,'[&quot;&quot;]'),(119,'bccmail',NULL,'[&quot;&quot;]'),(119,'parent_id',NULL,'25@1|'),(119,'email_flag',NULL,'SENT'),(119,'record_id',NULL,'53'),(119,'record_module',NULL,'Emails'),(121,'date_start',NULL,'2015-04-23'),(121,'activitytype',NULL,'Emails'),(121,'assigned_user_id',NULL,'1'),(121,'subject',NULL,'Regarding Contact Assignment'),(121,'description',NULL,'An Contact has been assigned to you on vtigerCRM&lt;br&gt;Details of Contact are :&lt;br&gt;&lt;br&gt;Contact Id:&lt;b&gt;CON3&lt;/b&gt;&lt;br&gt;LastName:&lt;b&gt;Sanker&lt;/b&gt;&lt;br&gt;FirstName:&lt;b&gt;Anne&lt;/b&gt;&lt;br&gt;Lead Source:&lt;b&gt;Existing Customer&lt;/b&gt;&lt;br&gt;Department:&lt;b&gt;&lt;/b&gt;&lt;br&gt;Description:&lt;b&gt;&lt;/b&gt;&lt;br&gt;&lt;br&gt;&lt;br&gt;And &lt;b&gt;CustomerPortal Login Details&lt;/b&gt; is sent to the EmailID :-&lt;br&gt;&lt;br&gt;Thank You&lt;br&gt;Admin'),(121,'time_start',NULL,'00:49:59'),(121,'createdtime',NULL,'2015-04-23 00:49:59'),(121,'modifiedby',NULL,'1'),(121,'from_email',NULL,'d2user2@a.com'),(121,'saved_toid',NULL,'[&quot;d2user2@a.com&quot;]'),(121,'ccmail',NULL,'[&quot;&quot;]'),(121,'bccmail',NULL,'[&quot;&quot;]'),(121,'parent_id',NULL,'24@1|'),(121,'email_flag',NULL,'SENT'),(121,'record_id',NULL,'54'),(121,'record_module',NULL,'Emails'),(123,'date_start',NULL,'2015-04-23'),(123,'activitytype',NULL,'Emails'),(123,'assigned_user_id',NULL,'1'),(123,'subject',NULL,'Regarding Contact Assignment'),(123,'description',NULL,'An Contact has been assigned to you on vtigerCRM&lt;br&gt;Details of Contact are :&lt;br&gt;&lt;br&gt;Contact Id:&lt;b&gt;CON3&lt;/b&gt;&lt;br&gt;LastName:&lt;b&gt;Sanker&lt;/b&gt;&lt;br&gt;FirstName:&lt;b&gt;Anne&lt;/b&gt;&lt;br&gt;Lead Source:&lt;b&gt;Existing Customer&lt;/b&gt;&lt;br&gt;Department:&lt;b&gt;&lt;/b&gt;&lt;br&gt;Description:&lt;b&gt;&lt;/b&gt;&lt;br&gt;&lt;br&gt;&lt;br&gt;And &lt;b&gt;CustomerPortal Login Details&lt;/b&gt; is sent to the EmailID :-anne@thecolouredhouse.com.au&lt;br&gt;&lt;br&gt;Thank You&lt;br&gt;Admin'),(123,'time_start',NULL,'00:50:00'),(123,'createdtime',NULL,'2015-04-23 00:50:00'),(123,'modifiedby',NULL,'1'),(123,'from_email',NULL,'d2user2@a.com'),(123,'saved_toid',NULL,'[&quot;d2user2@a.com&quot;]'),(123,'ccmail',NULL,'[&quot;&quot;]'),(123,'bccmail',NULL,'[&quot;&quot;]'),(123,'parent_id',NULL,'24@1|'),(123,'email_flag',NULL,'SENT'),(123,'record_id',NULL,'55'),(123,'record_module',NULL,'Emails'),(125,'date_start',NULL,'2015-04-23'),(125,'activitytype',NULL,'Emails'),(125,'assigned_user_id',NULL,'1'),(125,'subject',NULL,'Regarding Contact Assignment'),(125,'description',NULL,'An Contact has been assigned to you on vtigerCRM&lt;br&gt;Details of Contact are :&lt;br&gt;&lt;br&gt;Contact Id:&lt;b&gt;CON4&lt;/b&gt;&lt;br&gt;LastName:&lt;b&gt;Danes&lt;/b&gt;&lt;br&gt;FirstName:&lt;b&gt;Coryn&lt;/b&gt;&lt;br&gt;Lead Source:&lt;b&gt;&lt;/b&gt;&lt;br&gt;Department:&lt;b&gt;&lt;/b&gt;&lt;br&gt;Description:&lt;b&gt;&lt;/b&gt;&lt;br&gt;&lt;br&gt;&lt;br&gt;And &lt;b&gt;CustomerPortal Login Details&lt;/b&gt; is sent to the EmailID :-coryn@thecolouredhouse.com.au&lt;br&gt;&lt;br&gt;Thank You&lt;br&gt;Admin'),(125,'time_start',NULL,'00:50:01'),(125,'createdtime',NULL,'2015-04-23 00:50:01'),(125,'modifiedby',NULL,'1'),(125,'from_email',NULL,'administrator@a.com'),(125,'saved_toid',NULL,'[&quot;administrator@a.com&quot;]'),(125,'ccmail',NULL,'[&quot;&quot;]'),(125,'bccmail',NULL,'[&quot;&quot;]'),(125,'parent_id',NULL,'28@1|'),(125,'email_flag',NULL,'SENT'),(125,'record_id',NULL,'56'),(125,'record_module',NULL,'Emails'),(127,'date_start',NULL,'2015-04-23'),(127,'activitytype',NULL,'Emails'),(127,'assigned_user_id',NULL,'1'),(127,'subject',NULL,'Regarding Contact Assignment'),(127,'description',NULL,'An Contact has been assigned to you on vtigerCRM&lt;br&gt;Details of Contact are :&lt;br&gt;&lt;br&gt;Contact Id:&lt;b&gt;CON5&lt;/b&gt;&lt;br&gt;LastName:&lt;b&gt;Nicolas&lt;/b&gt;&lt;br&gt;FirstName:&lt;b&gt;Con&lt;/b&gt;&lt;br&gt;Lead Source:&lt;b&gt;&lt;/b&gt;&lt;br&gt;Department:&lt;b&gt;&lt;/b&gt;&lt;br&gt;Description:&lt;b&gt;&lt;/b&gt;&lt;br&gt;&lt;br&gt;&lt;br&gt;And &lt;b&gt;CustomerPortal Login Details&lt;/b&gt; is sent to the EmailID :-adam.d.harris@me.com&lt;br&gt;&lt;br&gt;Thank You&lt;br&gt;Admin'),(127,'time_start',NULL,'00:50:02'),(127,'createdtime',NULL,'2015-04-23 00:50:02'),(127,'modifiedby',NULL,'1'),(127,'from_email',NULL,'officer@a.com'),(127,'saved_toid',NULL,'[&quot;officer@a.com&quot;]'),(127,'ccmail',NULL,'[&quot;&quot;]'),(127,'bccmail',NULL,'[&quot;&quot;]'),(127,'parent_id',NULL,'32@1|'),(127,'email_flag',NULL,'SENT'),(127,'record_id',NULL,'57'),(127,'record_module',NULL,'Emails'),(129,'date_start',NULL,'2015-04-23'),(129,'activitytype',NULL,'Emails'),(129,'assigned_user_id',NULL,'1'),(129,'subject',NULL,'Regarding Potential Assignment'),(129,'description',NULL,'An Potential has been assigned to you on vtigerCRM&lt;br&gt;Details of Potential are :&lt;br&gt;&lt;br&gt;Potential No:&lt;b&gt;POT3&lt;/b&gt;&lt;br&gt;Potential Name:&lt;b&gt;MPS - Gallery Project&lt;/b&gt;&lt;br&gt;Amount:&lt;b&gt;10,000.00&lt;/b&gt;&lt;br&gt;Expected Close Date:&lt;b&gt;19-06-2015 (dd-mm-yyyy)&lt;/b&gt;&lt;br&gt;Type:&lt;b&gt;&lt;/b&gt;&lt;br&gt;&lt;br&gt;&lt;br&gt;Description :&lt;br&gt;&lt;br&gt;Thank You&lt;br&gt;Admin'),(129,'time_start',NULL,'00:50:03'),(129,'createdtime',NULL,'2015-04-23 00:50:03'),(129,'modifiedby',NULL,'1'),(129,'from_email',NULL,'officer@a.com'),(129,'saved_toid',NULL,'[&quot;officer@a.com&quot;]'),(129,'ccmail',NULL,'[&quot;&quot;]'),(129,'bccmail',NULL,'[&quot;&quot;]'),(129,'parent_id',NULL,'33@1|'),(129,'email_flag',NULL,'SENT'),(129,'record_id',NULL,'58'),(129,'record_module',NULL,'Emails'),(131,'date_start',NULL,'2015-04-23'),(131,'activitytype',NULL,'Emails'),(131,'assigned_user_id',NULL,'1'),(131,'subject',NULL,'Regarding Contact Assignment'),(131,'description',NULL,'An Contact has been assigned to you on vtigerCRM&lt;br&gt;Details of Contact are :&lt;br&gt;&lt;br&gt;Contact Id:&lt;b&gt;CON5&lt;/b&gt;&lt;br&gt;LastName:&lt;b&gt;Nicolas&lt;/b&gt;&lt;br&gt;FirstName:&lt;b&gt;Con&lt;/b&gt;&lt;br&gt;Lead Source:&lt;b&gt;&lt;/b&gt;&lt;br&gt;Department:&lt;b&gt;&lt;/b&gt;&lt;br&gt;Description:&lt;b&gt;&lt;/b&gt;&lt;br&gt;&lt;br&gt;&lt;br&gt;And &lt;b&gt;CustomerPortal Login Details&lt;/b&gt; is sent to the EmailID :-adam.d.harris@me.com&lt;br&gt;&lt;br&gt;Thank You&lt;br&gt;Admin'),(131,'time_start',NULL,'00:50:04'),(131,'createdtime',NULL,'2015-04-23 00:50:04'),(131,'modifiedby',NULL,'1'),(131,'from_email',NULL,'d2user1@a.com'),(131,'saved_toid',NULL,'[&quot;d2user1@a.com&quot;]'),(131,'ccmail',NULL,'[&quot;&quot;]'),(131,'bccmail',NULL,'[&quot;&quot;]'),(131,'parent_id',NULL,'32@1|'),(131,'email_flag',NULL,'SENT'),(131,'record_id',NULL,'59'),(131,'record_module',NULL,'Emails'),(133,'date_start',NULL,'2015-04-23'),(133,'activitytype',NULL,'Emails'),(133,'assigned_user_id',NULL,'1'),(133,'subject',NULL,'Regarding Contact Assignment'),(133,'description',NULL,'An Contact has been assigned to you on vtigerCRM&lt;br&gt;Details of Contact are :&lt;br&gt;&lt;br&gt;Contact Id:&lt;b&gt;CON6&lt;/b&gt;&lt;br&gt;LastName:&lt;b&gt;Smith&lt;/b&gt;&lt;br&gt;FirstName:&lt;b&gt;Bob&lt;/b&gt;&lt;br&gt;Lead Source:&lt;b&gt;&lt;/b&gt;&lt;br&gt;Department:&lt;b&gt;&lt;/b&gt;&lt;br&gt;Description:&lt;b&gt;&lt;/b&gt;&lt;br&gt;&lt;br&gt;&lt;br&gt;And &lt;b&gt;CustomerPortal Login Details&lt;/b&gt; is sent to the EmailID :-&lt;br&gt;&lt;br&gt;Thank You&lt;br&gt;Admin'),(133,'time_start',NULL,'00:50:04'),(133,'createdtime',NULL,'2015-04-23 00:50:04'),(133,'modifiedby',NULL,'1'),(133,'from_email',NULL,'d2user1@a.com'),(133,'saved_toid',NULL,'[&quot;d2user1@a.com&quot;]'),(133,'ccmail',NULL,'[&quot;&quot;]'),(133,'bccmail',NULL,'[&quot;&quot;]'),(133,'parent_id',NULL,'37@1|'),(133,'email_flag',NULL,'SENT'),(133,'record_id',NULL,'60'),(133,'record_module',NULL,'Emails'),(135,'date_start',NULL,'2015-04-23'),(135,'activitytype',NULL,'Emails'),(135,'assigned_user_id',NULL,'1'),(135,'subject',NULL,'Regarding Potential Assignment'),(135,'description',NULL,'An Potential has been assigned to you on vtigerCRM&lt;br&gt;Details of Potential are :&lt;br&gt;&lt;br&gt;Potential No:&lt;b&gt;POT4&lt;/b&gt;&lt;br&gt;Potential Name:&lt;b&gt;ABC Blinds - Project&lt;/b&gt;&lt;br&gt;Amount:&lt;b&gt;1,000.00&lt;/b&gt;&lt;br&gt;Expected Close Date:&lt;b&gt;30-04-2015 (dd-mm-yyyy)&lt;/b&gt;&lt;br&gt;Type:&lt;b&gt;&lt;/b&gt;&lt;br&gt;&lt;br&gt;&lt;br&gt;Description :&lt;br&gt;&lt;br&gt;Thank You&lt;br&gt;Admin'),(135,'time_start',NULL,'00:50:05'),(135,'createdtime',NULL,'2015-04-23 00:50:05'),(135,'modifiedby',NULL,'1'),(135,'from_email',NULL,'d2user1@a.com'),(135,'saved_toid',NULL,'[&quot;d2user1@a.com&quot;]'),(135,'ccmail',NULL,'[&quot;&quot;]'),(135,'bccmail',NULL,'[&quot;&quot;]'),(135,'parent_id',NULL,'38@1|'),(135,'email_flag',NULL,'SENT'),(135,'record_id',NULL,'61'),(135,'record_module',NULL,'Emails'),(137,'date_start',NULL,'2015-04-23'),(137,'activitytype',NULL,'Emails'),(137,'assigned_user_id',NULL,'1'),(137,'subject',NULL,'Regarding Contact Assignment'),(137,'description',NULL,'An Contact has been assigned to you on vtigerCRM&lt;br&gt;Details of Contact are :&lt;br&gt;&lt;br&gt;Contact Id:&lt;b&gt;CON7&lt;/b&gt;&lt;br&gt;LastName:&lt;b&gt;Doe&lt;/b&gt;&lt;br&gt;FirstName:&lt;b&gt;John&lt;/b&gt;&lt;br&gt;Lead Source:&lt;b&gt;&lt;/b&gt;&lt;br&gt;Department:&lt;b&gt;&lt;/b&gt;&lt;br&gt;Description:&lt;b&gt;Roller blinds&lt;/b&gt;&lt;br&gt;&lt;br&gt;&lt;br&gt;And &lt;b&gt;CustomerPortal Login Details&lt;/b&gt; is sent to the EmailID :-&lt;br&gt;&lt;br&gt;Thank You&lt;br&gt;Admin'),(137,'time_start',NULL,'00:50:06'),(137,'createdtime',NULL,'2015-04-23 00:50:06'),(137,'modifiedby',NULL,'1'),(137,'from_email',NULL,'d2user1@a.com'),(137,'saved_toid',NULL,'[&quot;d2user1@a.com&quot;]'),(137,'ccmail',NULL,'[&quot;&quot;]'),(137,'bccmail',NULL,'[&quot;&quot;]'),(137,'parent_id',NULL,'44@1|'),(137,'email_flag',NULL,'SENT'),(137,'record_id',NULL,'62'),(137,'record_module',NULL,'Emails'),(139,'date_start',NULL,'2015-04-23'),(139,'activitytype',NULL,'Emails'),(139,'assigned_user_id',NULL,'1'),(139,'subject',NULL,'Regarding Potential Assignment'),(139,'description',NULL,'An Potential has been assigned to you on vtigerCRM&lt;br&gt;Details of Potential are :&lt;br&gt;&lt;br&gt;Potential No:&lt;b&gt;POT5&lt;/b&gt;&lt;br&gt;Potential Name:&lt;b&gt;Cash Customer&lt;/b&gt;&lt;br&gt;Amount:&lt;b&gt;0.00&lt;/b&gt;&lt;br&gt;Expected Close Date:&lt;b&gt;27-05-2015 (dd-mm-yyyy)&lt;/b&gt;&lt;br&gt;Type:&lt;b&gt;&lt;/b&gt;&lt;br&gt;&lt;br&gt;&lt;br&gt;Description :Roller blinds&lt;br&gt;&lt;br&gt;Thank You&lt;br&gt;Admin'),(139,'time_start',NULL,'00:50:07'),(139,'createdtime',NULL,'2015-04-23 00:50:07'),(139,'modifiedby',NULL,'1'),(139,'from_email',NULL,'d2user1@a.com'),(139,'saved_toid',NULL,'[&quot;d2user1@a.com&quot;]'),(139,'ccmail',NULL,'[&quot;&quot;]'),(139,'bccmail',NULL,'[&quot;&quot;]'),(139,'parent_id',NULL,'45@1|'),(139,'email_flag',NULL,'SENT'),(139,'record_id',NULL,'63'),(139,'record_module',NULL,'Emails'),(141,'date_start',NULL,'2015-04-23'),(141,'activitytype',NULL,'Emails'),(141,'assigned_user_id',NULL,'1'),(141,'subject',NULL,'testing'),(141,'description',NULL,'Hello.'),(141,'time_start',NULL,'08:39'),(141,'createdtime',NULL,'2015-04-23 08:39:42'),(141,'modifiedby',NULL,'1'),(141,'from_email',NULL,'glorykk318@gmail.com'),(141,'saved_toid',NULL,'[&quot;glorykk318@gmail.com&quot;]'),(141,'ccmail',NULL,'[&quot;&quot;]'),(141,'bccmail',NULL,'[&quot;&quot;]'),(141,'email_flag',NULL,'SENT'),(141,'record_id',NULL,'64'),(141,'record_module',NULL,'Emails'),(142,'date_start',NULL,'2015-04-23'),(142,'activitytype',NULL,'Emails'),(142,'assigned_user_id',NULL,'1'),(142,'subject',NULL,'How are you?'),(142,'description',NULL,'Hello.&lt;br /&gt;&lt;br /&gt;\r\nHow are you?&lt;br /&gt;&lt;br /&gt;\r\nRegards.'),(142,'time_start',NULL,'08:48'),(142,'createdtime',NULL,'2015-04-23 08:48:44'),(142,'modifiedby',NULL,'1'),(142,'from_email',NULL,'glorykk318@gmail.com'),(142,'saved_toid',NULL,'[&quot;glorykk318@gmail.com&quot;]'),(142,'ccmail',NULL,'[&quot;&quot;]'),(142,'bccmail',NULL,'[&quot;&quot;]'),(142,'email_flag',NULL,'SENT'),(142,'record_id',NULL,'65'),(142,'record_module',NULL,'Emails'),(143,'date_start',NULL,'2015-04-23'),(143,'activitytype',NULL,'Emails'),(143,'assigned_user_id',NULL,'5'),(143,'subject',NULL,'How are you?'),(143,'description',NULL,'Hello.&lt;br /&gt;&lt;br /&gt;\r\nHow are you?&lt;br /&gt;&lt;br /&gt;\r\nIt&#039;s testing message.&lt;br /&gt;&lt;br /&gt;\r\nRegards.'),(143,'time_start',NULL,'08:55'),(143,'createdtime',NULL,'2015-04-23 08:55:38'),(143,'modifiedby',NULL,'5'),(143,'from_email',NULL,'administrator@a.com'),(143,'saved_toid',NULL,'[&quot;glorykk318@gmail.com&quot;]'),(143,'ccmail',NULL,'[&quot;&quot;]'),(143,'bccmail',NULL,'[&quot;&quot;]'),(143,'email_flag',NULL,'SENT'),(143,'record_id',NULL,'67'),(143,'record_module',NULL,'Emails'),(144,'date_start',NULL,'2015-04-23'),(144,'activitytype',NULL,'Emails'),(144,'assigned_user_id',NULL,'5'),(144,'subject',NULL,'testing'),(144,'description',NULL,'Test message'),(144,'time_start',NULL,'09:03'),(144,'createdtime',NULL,'2015-04-23 09:03:02'),(144,'modifiedby',NULL,'5'),(144,'from_email',NULL,'administrator@a.com'),(144,'saved_toid',NULL,'[&quot;glorykk318@gmail.com&quot;]'),(144,'ccmail',NULL,'[&quot;&quot;]'),(144,'bccmail',NULL,'[&quot;&quot;]'),(144,'email_flag',NULL,'SENT'),(144,'record_id',NULL,'69'),(144,'record_module',NULL,'Emails'),(145,'date_start',NULL,'2015-04-23'),(145,'activitytype',NULL,'Emails'),(145,'assigned_user_id',NULL,'5'),(145,'subject',NULL,'test'),(145,'description',NULL,'&nbsp;'),(145,'time_start',NULL,'09:17'),(145,'createdtime',NULL,'2015-04-23 09:17:08'),(145,'modifiedby',NULL,'5'),(145,'from_email',NULL,'administrator@a.com'),(145,'saved_toid',NULL,'[&quot;glorykk318@gmail.com&quot;]'),(145,'ccmail',NULL,'[&quot;&quot;]'),(145,'bccmail',NULL,'[&quot;&quot;]'),(145,'email_flag',NULL,'SAVED'),(145,'record_id',NULL,'71'),(145,'record_module',NULL,'Emails'),(146,'date_start',NULL,'2015-04-23'),(146,'activitytype',NULL,'Emails'),(146,'assigned_user_id',NULL,'5'),(146,'subject',NULL,'testing'),(146,'description',NULL,'Hello.&lt;br /&gt;&lt;br /&gt;&lt;br /&gt;\r\nRegards.&lt;br /&gt;&lt;br /&gt;\r\n&nbsp;'),(146,'time_start',NULL,'09:18'),(146,'createdtime',NULL,'2015-04-23 09:18:41'),(146,'modifiedby',NULL,'5'),(146,'from_email',NULL,'administrator@a.com'),(146,'saved_toid',NULL,'[&quot;glorykk318@gmail.com&quot;]'),(146,'ccmail',NULL,'[&quot;&quot;]'),(146,'bccmail',NULL,'[&quot;&quot;]'),(146,'email_flag',NULL,'SENT'),(146,'record_id',NULL,'74'),(146,'record_module',NULL,'Emails'),(147,'firstname',NULL,'Bob'),(147,'lead_no',NULL,'LEA7'),(147,'lastname',NULL,'Smith'),(147,'annualrevenue',NULL,'0.00000000'),(147,'assigned_user_id',NULL,'11'),(147,'createdtime',NULL,'2015-04-26 09:59:00'),(147,'modifiedby',NULL,'11'),(147,'description',NULL,'Wants roller blind'),(147,'created_user_id',NULL,'11'),(147,'record_id',NULL,'77'),(147,'record_module',NULL,'Leads'),(148,'accountname',NULL,'Cash Client'),(148,'account_no',NULL,'ACC11'),(148,'annual_revenue',NULL,'0.00000000'),(148,'assigned_user_id',NULL,'11'),(148,'createdtime',NULL,'2015-04-26 09:59:51'),(148,'modifiedby',NULL,'11'),(148,'created_user_id',NULL,'11'),(148,'description',NULL,'Wants roller blind'),(148,'record_id',NULL,'78'),(148,'record_module',NULL,'Accounts'),(149,'firstname',NULL,'Bob'),(149,'contact_no',NULL,'CON8'),(149,'lastname',NULL,'Smith'),(149,'account_id',NULL,'78'),(149,'assigned_user_id',NULL,'11'),(149,'createdtime',NULL,'2015-04-26 09:59:52'),(149,'modifiedby',NULL,'11'),(149,'created_user_id',NULL,'11'),(149,'description',NULL,'Wants roller blind'),(149,'record_id',NULL,'79'),(149,'record_module',NULL,'Contacts'),(150,'potentialname',NULL,'Test'),(150,'potential_no',NULL,'POT6'),(150,'related_to',NULL,'78'),(150,'amount',NULL,'0.00000000'),(150,'contact_id',NULL,'79'),(150,'closingdate',NULL,'2015-04-26'),(150,'sales_stage',NULL,'Needs Analysis'),(150,'assigned_user_id',NULL,'11'),(150,'probability',NULL,'0.000'),(150,'createdtime',NULL,'2015-04-26 09:59:52'),(150,'modifiedby',NULL,'11'),(150,'forecast_amount',NULL,'0.00000000'),(150,'created_user_id',NULL,'11'),(150,'description',NULL,'Wants roller blind'),(150,'record_id',NULL,'80'),(150,'record_module',NULL,'Potentials'),(151,'firstname',NULL,'John'),(151,'lead_no',NULL,'LEA8'),(151,'lastname',NULL,'Doe'),(151,'company',NULL,'Cash Client'),(151,'leadsource',NULL,'Existing Customer'),(151,'industry',NULL,'Retail'),(151,'leadstatus',NULL,'Cold'),(151,'annualrevenue',NULL,'0.00000000'),(151,'rating',NULL,'Active'),(151,'assigned_user_id',NULL,'6'),(151,'createdtime',NULL,'2015-04-26 17:40:50'),(151,'modifiedby',NULL,'6'),(151,'created_user_id',NULL,'6'),(151,'record_id',NULL,'81'),(151,'record_module',NULL,'Leads'),(152,'firstname',NULL,'Bob'),(152,'lead_no',NULL,'LEA9'),(152,'lastname',NULL,'Smith'),(152,'annualrevenue',NULL,'0.00000000'),(152,'assigned_user_id',NULL,'2'),(152,'createdtime',NULL,'2015-04-26 17:41:42'),(152,'modifiedby',NULL,'6'),(152,'created_user_id',NULL,'6'),(152,'record_id',NULL,'82'),(152,'record_module',NULL,'Leads'),(153,'company','','ABC Construction'),(154,'city','','Xiamen'),(155,'country','','China'),(156,'phone','','+86 123 456 789'),(157,'firstname','Con','Jane'),(157,'modifiedby','11','6'),(157,'support_start_date','','2015-04-26'),(157,'support_end_date','','2016-04-26'),(158,'phone','07 4728 4144','+86 124 537 982'),(158,'website','www.thecolouredhouse.com.au','www.dealer2account.cn'),(158,'email1','sales@thecolouredhouse.com.au','sales@dealer2account.com'),(158,'modifiedby','5','6'),(158,'bill_city','Garbutt','Guangzhou'),(158,'ship_city','Garbutt','Guangzhou'),(158,'bill_state','Qld',''),(158,'ship_state','Qld',''),(158,'bill_code','4151',''),(158,'ship_code','4151',''),(158,'bill_country','Australia','China'),(158,'ship_country','Australia','China'),(159,'assigned_user_id','6','11'),(161,'website','','www.dealer1account.cn'),(161,'modifiedby','1','6'),(162,'phone','','+852 4637 2084'),(163,'email1','','info@dealer1account.com'),(164,'bill_city','','Xiamen'),(165,'bill_country','','China'),(166,'firstname','Anne','Jane'),(166,'modifiedby','5','6'),(167,'lastname','Sanker','Doe'),(168,'accountname','The Coloured House','Dealer1Account'),(169,'account_id','0','43'),(169,'modifiedby','5','6'),(170,'phone','07 4728 4144',''),(170,'email','anne@thecolouredhouse.com.au','jane@daeler1account.com'),(170,'support_start_date','','2015-04-26'),(170,'support_end_date','','2016-04-26'),(171,'potentialname',NULL,'Sheraton Hotel'),(171,'potential_no',NULL,'POT7'),(171,'amount',NULL,'25000.00000000'),(171,'related_to',NULL,'6'),(171,'closingdate',NULL,'2016-03-18'),(171,'sales_stage',NULL,'Proposal or Price Quote'),(171,'assigned_user_id',NULL,'9'),(171,'probability',NULL,'0.000'),(171,'createdtime',NULL,'2015-04-26 17:57:52'),(171,'modifiedby',NULL,'6'),(171,'forecast_amount',NULL,'0.00000000'),(171,'created_user_id',NULL,'6'),(171,'record_id',NULL,'83'),(171,'record_module',NULL,'Potentials'),(172,'potentialname','The Coloured House','HSBC Building'),(172,'amount','1000.00000000','52000.00000000'),(172,'modifiedby','5','6'),(173,'amount','0.00000000','320.00000000'),(173,'modifiedby','11','6'),(174,'amount','0.00000000','1250.00000000'),(174,'modifiedby','11','6'),(175,'sales_stage','Prospecting','Negotiation or Review'),(176,'quote_no',NULL,'QUO12'),(176,'subject',NULL,'test1'),(176,'quotestage',NULL,'Created'),(176,'hdnsubtotal',NULL,'168.00000000'),(176,'txtadjustment',NULL,'0.00000000'),(176,'hdngrandtotal',NULL,'184.80000000'),(176,'hdntaxtype',NULL,'group'),(176,'hdns_h_amount',NULL,'0.00000000'),(176,'account_id',NULL,'36'),(176,'assigned_user_id',NULL,'11'),(176,'createdtime',NULL,'2015-05-05 11:17:38'),(176,'modifiedby',NULL,'5'),(176,'currency_id',NULL,'1'),(176,'conversion_rate',NULL,'1.000'),(176,'bill_street',NULL,'asdfas'),(176,'ship_street',NULL,'gdfgs'),(176,'terms_conditions',NULL,'- Unless otherwise agreed in writing by the supplier all invoices are payable within thirty (30) days of the date of invoice.'),(176,'productid',NULL,'8'),(176,'quantity',NULL,'1.000'),(176,'listprice',NULL,'168.00000000'),(176,'tax1',NULL,'10.000'),(176,'pre_tax_total',NULL,'168.00000000'),(176,'hdns_h_percent',NULL,'10'),(176,'retail_hdnsubtotal',NULL,'302.40000000'),(176,'retail_margin',NULL,'50.000'),(176,'retail_hdndiscountpercent',NULL,'15.000'),(176,'retail_hdns_h_amount',NULL,'0.00000000'),(176,'retail_txtadjustment',NULL,'0.00000000'),(176,'retail_hdngrandtotal',NULL,'282.74000000'),(176,'retail_pre_tax_total',NULL,'257.04000000'),(176,'retail_actual_margin',NULL,'34.640'),(176,'retail_actual_discount',NULL,'23.500'),(176,'record_id',NULL,'84'),(176,'record_module',NULL,'Quotes'),(177,'salesorder_no',NULL,'SO3'),(177,'subject',NULL,'test1'),(177,'quote_id',NULL,'84'),(177,'sostatus',NULL,'Created'),(177,'txtadjustment',NULL,'0.00000000'),(177,'salescommission',NULL,'0.000'),(177,'exciseduty',NULL,'0.000'),(177,'hdngrandtotal',NULL,'184.80000000'),(177,'hdnsubtotal',NULL,'168.00000000'),(177,'hdntaxtype',NULL,'group'),(177,'hdns_h_amount',NULL,'0.00000000'),(177,'account_id',NULL,'36'),(177,'assigned_user_id',NULL,'11'),(177,'createdtime',NULL,'2015-05-05 11:18:10'),(177,'modifiedby',NULL,'5'),(177,'currency_id',NULL,'1'),(177,'conversion_rate',NULL,'1.000'),(177,'bill_street',NULL,'asdfas'),(177,'ship_street',NULL,'gdfgs'),(177,'terms_conditions',NULL,'- Unless otherwise agreed in writing by the supplier all invoices are payable within thirty (30) days of the date of invoice.'),(177,'productid',NULL,'8'),(177,'quantity',NULL,'1.000'),(177,'listprice',NULL,'168.00000000'),(177,'tax1',NULL,'10.000'),(177,'pre_tax_total',NULL,'168.00000000'),(177,'hdns_h_percent',NULL,'10'),(177,'retail_hdnsubtotal',NULL,'302.40000000'),(177,'retail_margin',NULL,'50.000'),(177,'retail_hdndiscountpercent',NULL,'15.000'),(177,'retail_hdns_h_amount',NULL,'0.00000000'),(177,'retail_txtadjustment',NULL,'0.00000000'),(177,'retail_hdngrandtotal',NULL,'282.74000000'),(177,'retail_pre_tax_total',NULL,'257.04000000'),(177,'retail_actual_margin',NULL,'34.640'),(177,'retail_actual_discount',NULL,'23.500'),(177,'record_id',NULL,'85'),(177,'record_module',NULL,'SalesOrder'),(178,'potentialname',NULL,'Test Opportunity'),(178,'potential_no',NULL,'POT8'),(178,'amount',NULL,'1000.00000000'),(178,'related_to',NULL,'78'),(178,'closingdate',NULL,'2015-05-28'),(178,'sales_stage',NULL,'Id. Decision Makers'),(178,'assigned_user_id',NULL,'11'),(178,'probability',NULL,'0.000'),(178,'createdtime',NULL,'2015-05-06 01:19:03'),(178,'modifiedby',NULL,'11'),(178,'forecast_amount',NULL,'0.00000000'),(178,'created_user_id',NULL,'11'),(178,'record_id',NULL,'86'),(178,'record_module',NULL,'Potentials'),(179,'quote_no',NULL,'QUO13'),(179,'subject',NULL,'Test#3'),(179,'potential_id',NULL,'86'),(179,'quotestage',NULL,'Created'),(179,'hdnsubtotal',NULL,'708.00000000'),(179,'txtadjustment',NULL,'0.00000000'),(179,'hdngrandtotal',NULL,'778.80000000'),(179,'hdntaxtype',NULL,'group'),(179,'hdns_h_amount',NULL,'0.00000000'),(179,'account_id',NULL,'78'),(179,'assigned_user_id',NULL,'11'),(179,'createdtime',NULL,'2015-05-06 01:21:30'),(179,'modifiedby',NULL,'11'),(179,'currency_id',NULL,'1'),(179,'conversion_rate',NULL,'1.000'),(179,'bill_street',NULL,'PO'),(179,'ship_street',NULL,'PO'),(179,'terms_conditions',NULL,'- Unless otherwise agreed in writing by the supplier all invoices are payable within thirty (30) days of the date of invoice.'),(179,'productid',NULL,'8'),(179,'quantity',NULL,'1.000'),(179,'listprice',NULL,'162.00000000'),(179,'tax1',NULL,'10.000'),(179,'pre_tax_total',NULL,'708.00000000'),(179,'hdns_h_percent',NULL,'10'),(179,'retail_hdnsubtotal',NULL,'1416.00000000'),(179,'retail_margin',NULL,'50.000'),(179,'retail_hdns_h_amount',NULL,'0.00000000'),(179,'retail_txtadjustment',NULL,'0.00000000'),(179,'retail_hdngrandtotal',NULL,'1557.60000000'),(179,'retail_pre_tax_total',NULL,'1416.00000000'),(179,'retail_actual_margin',NULL,'50.000'),(179,'retail_actual_discount',NULL,'0.000'),(179,'record_id',NULL,'87'),(179,'record_module',NULL,'Quotes'),(180,'firstname',NULL,'Jane'),(180,'contact_no',NULL,'CON9'),(180,'lastname',NULL,'Smith'),(180,'account_id',NULL,'78'),(180,'email',NULL,'adam.d.harris@me.com'),(180,'assigned_user_id',NULL,'11'),(180,'createdtime',NULL,'2015-05-06 01:22:54'),(180,'modifiedby',NULL,'11'),(180,'support_start_date',NULL,'2015-05-06'),(180,'support_end_date',NULL,'2016-05-06'),(180,'created_user_id',NULL,'11'),(180,'record_id',NULL,'88'),(180,'record_module',NULL,'Contacts'),(181,'quote_no',NULL,'QUO14'),(181,'subject',NULL,'TEST#4'),(181,'potential_id',NULL,'86'),(181,'quotestage',NULL,'Delivered'),(181,'contact_id',NULL,'88'),(181,'hdnsubtotal',NULL,'177.00000000'),(181,'txtadjustment',NULL,'0.00000000'),(181,'hdngrandtotal',NULL,'194.70000000'),(181,'hdntaxtype',NULL,'group'),(181,'hdns_h_amount',NULL,'0.00000000'),(181,'account_id',NULL,'78'),(181,'assigned_user_id',NULL,'11'),(181,'createdtime',NULL,'2015-05-06 01:23:34'),(181,'modifiedby',NULL,'11'),(181,'currency_id',NULL,'1'),(181,'conversion_rate',NULL,'1.000'),(181,'bill_street',NULL,'PO'),(181,'ship_street',NULL,'PO'),(181,'terms_conditions',NULL,'- Unless otherwise agreed in writing by the supplier all invoices are payable within thirty (30) days of the date of invoice.'),(181,'productid',NULL,'8'),(181,'quantity',NULL,'1.000'),(181,'listprice',NULL,'177.00000000'),(181,'tax1',NULL,'10.000'),(181,'pre_tax_total',NULL,'177.00000000'),(181,'hdns_h_percent',NULL,'10'),(181,'retail_hdnsubtotal',NULL,'354.00000000'),(181,'retail_margin',NULL,'50.000'),(181,'retail_hdns_h_amount',NULL,'0.00000000'),(181,'retail_txtadjustment',NULL,'0.00000000'),(181,'retail_hdngrandtotal',NULL,'389.40000000'),(181,'retail_pre_tax_total',NULL,'354.00000000'),(181,'retail_actual_margin',NULL,'50.000'),(181,'retail_actual_discount',NULL,'0.000'),(181,'record_id',NULL,'89'),(181,'record_module',NULL,'Quotes'),(182,'phone','','07 9999 9999'),(183,'mailingstreet','','10 Down Close'),(184,'mailingpobox','','PO Box 999'),(185,'mailingcity','','Brisbane'),(186,'modifiedby','11','1'),(187,'date_start',NULL,'2015-05-06'),(187,'activitytype',NULL,'Emails'),(187,'assigned_user_id',NULL,'1'),(187,'subject',NULL,'hello'),(187,'description',NULL,'hi&lt;br /&gt;&lt;br /&gt;\r\n&nbsp;'),(187,'time_start',NULL,'04:08'),(187,'createdtime',NULL,'2015-05-06 04:08:40'),(187,'modifiedby',NULL,'1'),(187,'from_email',NULL,'glorykk318@gmail.com'),(187,'saved_toid',NULL,'[&quot;glorykk318@gmail.com&quot;]'),(187,'ccmail',NULL,'[&quot;&quot;]'),(187,'bccmail',NULL,'[&quot;&quot;]'),(187,'email_flag',NULL,'SENT'),(187,'record_id',NULL,'91'),(187,'record_module',NULL,'Emails'),(188,'phone','+86 123 456 789','07 9999 9999'),(188,'mobile','','0499 999 999'),(188,'designation','','Sales Representative'),(188,'email','','adam.d.harris@me.com'),(188,'secondaryemail','','adam.d.harris@me.com'),(188,'lane','','99 Anne Street'),(188,'code','','4001'),(188,'city','Xiamen','Brisbane'),(188,'country','China','Australia'),(188,'state','','Qld'),(189,'leadstatus','','Contacted'),(190,'rating','','Active'),(191,'leadsource','','Existing Customer'),(192,'industry','','Construction'),(193,'annualrevenue','0.00000000','500000.00000000'),(194,'noofemployees','0','5'),(195,'firstname',NULL,'Bob'),(195,'lead_no',NULL,'LEA10'),(195,'phone',NULL,'07 9999 9999'),(195,'lastname',NULL,'Smith'),(195,'mobile',NULL,'0499 999 999'),(195,'company',NULL,'ABC Construction'),(195,'designation',NULL,'Sales Representative'),(195,'email',NULL,'adam.d.harris@me.com'),(195,'leadsource',NULL,'Existing Customer'),(195,'industry',NULL,'Construction'),(195,'leadstatus',NULL,'Contacted'),(195,'annualrevenue',NULL,'500000.00000000'),(195,'rating',NULL,'Active'),(195,'noofemployees',NULL,'5'),(195,'assigned_user_id',NULL,'2'),(195,'secondaryemail',NULL,'adam.d.harris@me.com'),(195,'createdtime',NULL,'2015-05-06 08:52:09'),(195,'modifiedby',NULL,'6'),(195,'lane',NULL,'99 Anne Street'),(195,'code',NULL,'4001'),(195,'city',NULL,'Brisbane'),(195,'country',NULL,'Australia'),(195,'state',NULL,'Qld'),(195,'created_user_id',NULL,'6'),(195,'record_id',NULL,'93'),(195,'record_module',NULL,'Leads'),(196,'firstname','Bob','Rob'),(197,'accountname',NULL,'ABC Construction'),(197,'account_no',NULL,'ACC12'),(197,'phone',NULL,'07 9999 9999'),(197,'employees',NULL,'5'),(197,'email1',NULL,'adam.d.harris@me.com'),(197,'industry',NULL,'Construction'),(197,'rating',NULL,'Active'),(197,'annual_revenue',NULL,'500000.00000000'),(197,'assigned_user_id',NULL,'2'),(197,'createdtime',NULL,'2015-05-06 08:52:48'),(197,'modifiedby',NULL,'6'),(197,'created_user_id',NULL,'6'),(197,'bill_street',NULL,'99 Anne Street'),(197,'ship_street',NULL,'99 Anne Street'),(197,'bill_city',NULL,'Brisbane'),(197,'ship_city',NULL,'Brisbane'),(197,'bill_state',NULL,'Qld'),(197,'ship_state',NULL,'Qld'),(197,'bill_code',NULL,'4001'),(197,'ship_code',NULL,'4001'),(197,'bill_country',NULL,'Australia'),(197,'ship_country',NULL,'Australia'),(197,'record_id',NULL,'94'),(197,'record_module',NULL,'Accounts'),(198,'firstname',NULL,'Rob'),(198,'contact_no',NULL,'CON10'),(198,'lastname',NULL,'Smith'),(198,'phone',NULL,'07 9999 9999'),(198,'account_id',NULL,'94'),(198,'mobile',NULL,'0499 999 999'),(198,'leadsource',NULL,'Existing Customer'),(198,'title',NULL,'Sales Representative'),(198,'email',NULL,'adam.d.harris@me.com'),(198,'secondaryemail',NULL,'adam.d.harris@me.com'),(198,'assigned_user_id',NULL,'2'),(198,'createdtime',NULL,'2015-05-06 08:52:49'),(198,'modifiedby',NULL,'6'),(198,'created_user_id',NULL,'6'),(198,'mailingstreet',NULL,'99 Anne Street'),(198,'mailingcity',NULL,'Brisbane'),(198,'mailingstate',NULL,'Qld'),(198,'mailingcountry',NULL,'Australia'),(198,'record_id',NULL,'95'),(198,'record_module',NULL,'Contacts'),(199,'assistant','','Jane Smith'),(199,'modifiedby','6','9'),(200,'assistant','Jane Smith',''),(201,'subject','q2','D1 Q2'),(201,'hdndiscountpercent','','0.000'),(201,'hdndiscountamount','','0.00000000'),(202,'carrier','','DHL'),(203,'accountname',NULL,'DHL'),(203,'account_no',NULL,'ACC13'),(203,'industry',NULL,'Shipping'),(203,'annual_revenue',NULL,'0.00000000'),(203,'assigned_user_id',NULL,'9'),(203,'createdtime',NULL,'2015-05-06 09:13:28'),(203,'modifiedby',NULL,'9'),(203,'created_user_id',NULL,'9'),(203,'record_id',NULL,'96'),(203,'record_module',NULL,'Accounts'),(204,'accountname',NULL,'TNT'),(204,'account_no',NULL,'ACC14'),(204,'industry',NULL,'Shipping'),(204,'annual_revenue',NULL,'0.00000000'),(204,'assigned_user_id',NULL,'9'),(204,'createdtime',NULL,'2015-05-06 09:14:01'),(204,'modifiedby',NULL,'9'),(204,'created_user_id',NULL,'9'),(204,'record_id',NULL,'97'),(204,'record_module',NULL,'Accounts'),(205,'contact_id','','95'),(205,'hdndiscountamount','0.00000000',''),(205,'account_id','12','94'),(205,'bill_street','a','99 Anne Street'),(205,'ship_street','a','99 Anne Street'),(205,'bill_city','','Brisbane'),(205,'ship_city','','Brisbane'),(205,'bill_state','','Qld'),(205,'ship_state','','Qld'),(205,'ship_code','','4001'),(205,'bill_country','','Australia'),(205,'ship_country','','Australia'),(205,'hdns_h_percent','27','5'),(205,'retail_hdnsubtotal','','458.00000000'),(205,'retail_margin','','50.000'),(205,'retail_hdns_h_amount','','0.00000000'),(205,'retail_txtadjustment','','0.00000000'),(205,'retail_hdngrandtotal','','581.66000000'),(205,'retail_pre_tax_total','','458.00000000'),(205,'retail_actual_margin','','50.000'),(205,'retail_actual_discount','','0.000'),(206,'subject','dq1','D1 SO1'),(206,'hdndiscountpercent','','0.000'),(206,'hdndiscountamount','','0.00000000'),(206,'modifiedby','7','9'),(207,'subject','dq1','D1 Q1'),(207,'hdndiscountpercent','','0.000'),(207,'hdndiscountamount','','0.00000000'),(207,'modifiedby','7','9');
/*!40000 ALTER TABLE `vtiger_modtracker_detail` ENABLE KEYS */;
UNLOCK TABLES;

--
-- Table structure for table `vtiger_modtracker_relations`
--

DROP TABLE IF EXISTS `vtiger_modtracker_relations`;
/*!40101 SET @saved_cs_client     = @@character_set_client */;
/*!40101 SET character_set_client = utf8 */;
CREATE TABLE `vtiger_modtracker_relations` (
  `id` int(19) NOT NULL,
  `targetmodule` varchar(100) NOT NULL,
  `targetid` int(19) NOT NULL,
  `changedon` datetime DEFAULT NULL,
  PRIMARY KEY (`id`)
) ENGINE=InnoDB DEFAULT CHARSET=utf8;
/*!40101 SET character_set_client = @saved_cs_client */;

--
-- Dumping data for table `vtiger_modtracker_relations`
--

LOCK TABLES `vtiger_modtracker_relations` WRITE;
/*!40000 ALTER TABLE `vtiger_modtracker_relations` DISABLE KEYS */;
INSERT INTO `vtiger_modtracker_relations` VALUES (10,'Contacts',7,'2015-03-31 04:57:06'),(43,'Quotes',26,'2015-04-13 08:19:33'),(45,'Quotes',27,'2015-04-14 01:50:55'),(54,'Products',8,'2015-04-14 04:56:56'),(61,'Quotes',34,'2015-04-14 06:49:59'),(73,'Quotes',39,'2015-04-14 10:30:28'),(107,'Quotes',46,'2015-04-21 02:38:42');
/*!40000 ALTER TABLE `vtiger_modtracker_relations` ENABLE KEYS */;
UNLOCK TABLES;

--
-- Table structure for table `vtiger_modtracker_tabs`
--

DROP TABLE IF EXISTS `vtiger_modtracker_tabs`;
/*!40101 SET @saved_cs_client     = @@character_set_client */;
/*!40101 SET character_set_client = utf8 */;
CREATE TABLE `vtiger_modtracker_tabs` (
  `tabid` int(11) NOT NULL,
  `visible` int(11) DEFAULT '0',
  PRIMARY KEY (`tabid`)
) ENGINE=InnoDB DEFAULT CHARSET=utf8;
/*!40101 SET character_set_client = @saved_cs_client */;

--
-- Dumping data for table `vtiger_modtracker_tabs`
--

LOCK TABLES `vtiger_modtracker_tabs` WRITE;
/*!40000 ALTER TABLE `vtiger_modtracker_tabs` DISABLE KEYS */;
INSERT INTO `vtiger_modtracker_tabs` VALUES (2,1),(4,1),(6,1),(7,1),(8,1),(9,1),(10,1),(13,1),(14,1),(15,1),(16,1),(18,1),(19,1),(20,1),(21,1),(22,1),(23,1),(26,1),(28,1),(34,1),(35,1),(36,1),(38,1),(42,1),(43,1),(44,1),(45,1),(47,1);
/*!40000 ALTER TABLE `vtiger_modtracker_tabs` ENABLE KEYS */;
UNLOCK TABLES;

--
-- Table structure for table `vtiger_module_dashboard_widgets`
--

DROP TABLE IF EXISTS `vtiger_module_dashboard_widgets`;
/*!40101 SET @saved_cs_client     = @@character_set_client */;
/*!40101 SET character_set_client = utf8 */;
CREATE TABLE `vtiger_module_dashboard_widgets` (
  `id` int(19) NOT NULL AUTO_INCREMENT,
  `linkid` int(19) DEFAULT NULL,
  `userid` int(19) DEFAULT NULL,
  `filterid` int(19) DEFAULT NULL,
  `title` varchar(100) DEFAULT NULL,
  `data` text,
  `position` varchar(50) DEFAULT NULL,
  PRIMARY KEY (`id`)
) ENGINE=InnoDB DEFAULT CHARSET=utf8;
/*!40101 SET character_set_client = @saved_cs_client */;

--
-- Dumping data for table `vtiger_module_dashboard_widgets`
--

LOCK TABLES `vtiger_module_dashboard_widgets` WRITE;
/*!40000 ALTER TABLE `vtiger_module_dashboard_widgets` DISABLE KEYS */;
/*!40000 ALTER TABLE `vtiger_module_dashboard_widgets` ENABLE KEYS */;
UNLOCK TABLES;

--
-- Table structure for table `vtiger_no_of_currency_decimals`
--

DROP TABLE IF EXISTS `vtiger_no_of_currency_decimals`;
/*!40101 SET @saved_cs_client     = @@character_set_client */;
/*!40101 SET character_set_client = utf8 */;
CREATE TABLE `vtiger_no_of_currency_decimals` (
  `no_of_currency_decimalsid` int(11) NOT NULL AUTO_INCREMENT,
  `no_of_currency_decimals` varchar(200) NOT NULL,
  `sortorderid` int(11) DEFAULT NULL,
  `presence` int(11) NOT NULL DEFAULT '1',
  PRIMARY KEY (`no_of_currency_decimalsid`)
) ENGINE=InnoDB AUTO_INCREMENT=6 DEFAULT CHARSET=utf8;
/*!40101 SET character_set_client = @saved_cs_client */;

--
-- Dumping data for table `vtiger_no_of_currency_decimals`
--

LOCK TABLES `vtiger_no_of_currency_decimals` WRITE;
/*!40000 ALTER TABLE `vtiger_no_of_currency_decimals` DISABLE KEYS */;
INSERT INTO `vtiger_no_of_currency_decimals` VALUES (2,'2',2,1),(3,'3',3,1),(4,'4',4,1),(5,'5',5,1);
/*!40000 ALTER TABLE `vtiger_no_of_currency_decimals` ENABLE KEYS */;
UNLOCK TABLES;

--
-- Table structure for table `vtiger_no_of_currency_decimals_seq`
--

DROP TABLE IF EXISTS `vtiger_no_of_currency_decimals_seq`;
/*!40101 SET @saved_cs_client     = @@character_set_client */;
/*!40101 SET character_set_client = utf8 */;
CREATE TABLE `vtiger_no_of_currency_decimals_seq` (
  `id` int(11) NOT NULL
) ENGINE=InnoDB DEFAULT CHARSET=utf8;
/*!40101 SET character_set_client = @saved_cs_client */;

--
-- Dumping data for table `vtiger_no_of_currency_decimals_seq`
--

LOCK TABLES `vtiger_no_of_currency_decimals_seq` WRITE;
/*!40000 ALTER TABLE `vtiger_no_of_currency_decimals_seq` DISABLE KEYS */;
INSERT INTO `vtiger_no_of_currency_decimals_seq` VALUES (5);
/*!40000 ALTER TABLE `vtiger_no_of_currency_decimals_seq` ENABLE KEYS */;
UNLOCK TABLES;

--
-- Table structure for table `vtiger_notebook_contents`
--

DROP TABLE IF EXISTS `vtiger_notebook_contents`;
/*!40101 SET @saved_cs_client     = @@character_set_client */;
/*!40101 SET character_set_client = utf8 */;
CREATE TABLE `vtiger_notebook_contents` (
  `userid` int(19) NOT NULL,
  `notebookid` int(19) NOT NULL,
  `contents` text
) ENGINE=InnoDB DEFAULT CHARSET=utf8;
/*!40101 SET character_set_client = @saved_cs_client */;

--
-- Dumping data for table `vtiger_notebook_contents`
--

LOCK TABLES `vtiger_notebook_contents` WRITE;
/*!40000 ALTER TABLE `vtiger_notebook_contents` DISABLE KEYS */;
/*!40000 ALTER TABLE `vtiger_notebook_contents` ENABLE KEYS */;
UNLOCK TABLES;

--
-- Table structure for table `vtiger_notes`
--

DROP TABLE IF EXISTS `vtiger_notes`;
/*!40101 SET @saved_cs_client     = @@character_set_client */;
/*!40101 SET character_set_client = utf8 */;
CREATE TABLE `vtiger_notes` (
  `notesid` int(19) NOT NULL DEFAULT '0',
  `note_no` varchar(100) NOT NULL,
  `title` varchar(50) NOT NULL,
  `filename` varchar(200) DEFAULT NULL,
  `notecontent` text,
  `folderid` int(19) NOT NULL DEFAULT '1',
  `filetype` varchar(50) DEFAULT NULL,
  `filelocationtype` varchar(5) DEFAULT NULL,
  `filedownloadcount` int(19) DEFAULT NULL,
  `filestatus` int(19) DEFAULT NULL,
  `filesize` int(19) NOT NULL DEFAULT '0',
  `fileversion` varchar(50) DEFAULT NULL,
  PRIMARY KEY (`notesid`),
  KEY `notes_title_idx` (`title`),
  KEY `notes_notesid_idx` (`notesid`)
) ENGINE=InnoDB DEFAULT CHARSET=utf8;
/*!40101 SET character_set_client = @saved_cs_client */;

--
-- Dumping data for table `vtiger_notes`
--

LOCK TABLES `vtiger_notes` WRITE;
/*!40000 ALTER TABLE `vtiger_notes` DISABLE KEYS */;
/*!40000 ALTER TABLE `vtiger_notes` ENABLE KEYS */;
UNLOCK TABLES;

--
-- Table structure for table `vtiger_notescf`
--

DROP TABLE IF EXISTS `vtiger_notescf`;
/*!40101 SET @saved_cs_client     = @@character_set_client */;
/*!40101 SET character_set_client = utf8 */;
CREATE TABLE `vtiger_notescf` (
  `notesid` int(19) NOT NULL DEFAULT '0',
  PRIMARY KEY (`notesid`)
) ENGINE=InnoDB DEFAULT CHARSET=utf8;
/*!40101 SET character_set_client = @saved_cs_client */;

--
-- Dumping data for table `vtiger_notescf`
--

LOCK TABLES `vtiger_notescf` WRITE;
/*!40000 ALTER TABLE `vtiger_notescf` DISABLE KEYS */;
/*!40000 ALTER TABLE `vtiger_notescf` ENABLE KEYS */;
UNLOCK TABLES;

--
-- Table structure for table `vtiger_notificationscheduler`
--

DROP TABLE IF EXISTS `vtiger_notificationscheduler`;
/*!40101 SET @saved_cs_client     = @@character_set_client */;
/*!40101 SET character_set_client = utf8 */;
CREATE TABLE `vtiger_notificationscheduler` (
  `schedulednotificationid` int(19) NOT NULL AUTO_INCREMENT,
  `schedulednotificationname` varchar(200) DEFAULT NULL,
  `active` int(1) DEFAULT NULL,
  `notificationsubject` varchar(200) DEFAULT NULL,
  `notificationbody` text,
  `label` varchar(50) DEFAULT NULL,
  `type` varchar(10) DEFAULT NULL,
  PRIMARY KEY (`schedulednotificationid`),
  UNIQUE KEY `notificationscheduler_schedulednotificationname_idx` (`schedulednotificationname`)
) ENGINE=InnoDB AUTO_INCREMENT=9 DEFAULT CHARSET=utf8;
/*!40101 SET character_set_client = @saved_cs_client */;

--
-- Dumping data for table `vtiger_notificationscheduler`
--

LOCK TABLES `vtiger_notificationscheduler` WRITE;
/*!40000 ALTER TABLE `vtiger_notificationscheduler` DISABLE KEYS */;
INSERT INTO `vtiger_notificationscheduler` VALUES (1,'LBL_TASK_NOTIFICATION_DESCRITPION',1,'Task Delay Notification','Tasks delayed beyond 24 hrs ','LBL_TASK_NOTIFICATION',NULL),(2,'LBL_BIG_DEAL_DESCRIPTION',1,'Big Deal notification','Success! A big deal has been won! ','LBL_BIG_DEAL',NULL),(3,'LBL_TICKETS_DESCRIPTION',1,'Pending Tickets notification','Ticket pending please ','LBL_PENDING_TICKETS',NULL),(4,'LBL_MANY_TICKETS_DESCRIPTION',1,'Too many tickets Notification','Too many tickets pending against this entity ','LBL_MANY_TICKETS',NULL),(5,'LBL_START_DESCRIPTION',1,'Support Start Notification','10','LBL_START_NOTIFICATION','select'),(6,'LBL_SUPPORT_DESCRIPTION',1,'Support ending please','11','LBL_SUPPORT_NOTICIATION','select'),(7,'LBL_SUPPORT_DESCRIPTION_MONTH',1,'Support ending please','12','LBL_SUPPORT_NOTICIATION_MONTH','select'),(8,'LBL_ACTIVITY_REMINDER_DESCRIPTION',1,'Activity Reminder Notification','This is a reminder notification for the Activity','LBL_ACTIVITY_NOTIFICATION',NULL);
/*!40000 ALTER TABLE `vtiger_notificationscheduler` ENABLE KEYS */;
UNLOCK TABLES;

--
-- Table structure for table `vtiger_notificationscheduler_seq`
--

DROP TABLE IF EXISTS `vtiger_notificationscheduler_seq`;
/*!40101 SET @saved_cs_client     = @@character_set_client */;
/*!40101 SET character_set_client = utf8 */;
CREATE TABLE `vtiger_notificationscheduler_seq` (
  `id` int(11) NOT NULL
) ENGINE=InnoDB DEFAULT CHARSET=utf8;
/*!40101 SET character_set_client = @saved_cs_client */;

--
-- Dumping data for table `vtiger_notificationscheduler_seq`
--

LOCK TABLES `vtiger_notificationscheduler_seq` WRITE;
/*!40000 ALTER TABLE `vtiger_notificationscheduler_seq` DISABLE KEYS */;
INSERT INTO `vtiger_notificationscheduler_seq` VALUES (8);
/*!40000 ALTER TABLE `vtiger_notificationscheduler_seq` ENABLE KEYS */;
UNLOCK TABLES;

--
-- Table structure for table `vtiger_opportunity_type`
--

DROP TABLE IF EXISTS `vtiger_opportunity_type`;
/*!40101 SET @saved_cs_client     = @@character_set_client */;
/*!40101 SET character_set_client = utf8 */;
CREATE TABLE `vtiger_opportunity_type` (
  `opptypeid` int(19) NOT NULL AUTO_INCREMENT,
  `opportunity_type` varchar(200) NOT NULL,
  `presence` int(1) NOT NULL DEFAULT '1',
  `picklist_valueid` int(19) NOT NULL DEFAULT '0',
  `sortorderid` int(11) DEFAULT NULL,
  PRIMARY KEY (`opptypeid`),
  UNIQUE KEY `opportunity_type_opportunity_type_idx` (`opportunity_type`)
) ENGINE=InnoDB AUTO_INCREMENT=4 DEFAULT CHARSET=utf8;
/*!40101 SET character_set_client = @saved_cs_client */;

--
-- Dumping data for table `vtiger_opportunity_type`
--

LOCK TABLES `vtiger_opportunity_type` WRITE;
/*!40000 ALTER TABLE `vtiger_opportunity_type` DISABLE KEYS */;
INSERT INTO `vtiger_opportunity_type` VALUES (2,'Existing Business',1,128,1),(3,'New Business',1,129,2);
/*!40000 ALTER TABLE `vtiger_opportunity_type` ENABLE KEYS */;
UNLOCK TABLES;

--
-- Table structure for table `vtiger_opportunity_type_seq`
--

DROP TABLE IF EXISTS `vtiger_opportunity_type_seq`;
/*!40101 SET @saved_cs_client     = @@character_set_client */;
/*!40101 SET character_set_client = utf8 */;
CREATE TABLE `vtiger_opportunity_type_seq` (
  `id` int(11) NOT NULL
) ENGINE=InnoDB DEFAULT CHARSET=utf8;
/*!40101 SET character_set_client = @saved_cs_client */;

--
-- Dumping data for table `vtiger_opportunity_type_seq`
--

LOCK TABLES `vtiger_opportunity_type_seq` WRITE;
/*!40000 ALTER TABLE `vtiger_opportunity_type_seq` DISABLE KEYS */;
INSERT INTO `vtiger_opportunity_type_seq` VALUES (3);
/*!40000 ALTER TABLE `vtiger_opportunity_type_seq` ENABLE KEYS */;
UNLOCK TABLES;

--
-- Table structure for table `vtiger_opportunitystage`
--

DROP TABLE IF EXISTS `vtiger_opportunitystage`;
/*!40101 SET @saved_cs_client     = @@character_set_client */;
/*!40101 SET character_set_client = utf8 */;
CREATE TABLE `vtiger_opportunitystage` (
  `potstageid` int(19) NOT NULL AUTO_INCREMENT,
  `stage` varchar(200) NOT NULL,
  `sortorderid` int(19) NOT NULL DEFAULT '0',
  `presence` int(1) NOT NULL DEFAULT '1',
  `probability` decimal(3,2) DEFAULT '0.00',
  PRIMARY KEY (`potstageid`),
  UNIQUE KEY `opportunitystage_stage_idx` (`stage`)
) ENGINE=InnoDB DEFAULT CHARSET=utf8;
/*!40101 SET character_set_client = @saved_cs_client */;

--
-- Dumping data for table `vtiger_opportunitystage`
--

LOCK TABLES `vtiger_opportunitystage` WRITE;
/*!40000 ALTER TABLE `vtiger_opportunitystage` DISABLE KEYS */;
/*!40000 ALTER TABLE `vtiger_opportunitystage` ENABLE KEYS */;
UNLOCK TABLES;

--
-- Table structure for table `vtiger_org_share_action2tab`
--

DROP TABLE IF EXISTS `vtiger_org_share_action2tab`;
/*!40101 SET @saved_cs_client     = @@character_set_client */;
/*!40101 SET character_set_client = utf8 */;
CREATE TABLE `vtiger_org_share_action2tab` (
  `share_action_id` int(19) NOT NULL,
  `tabid` int(19) NOT NULL,
  PRIMARY KEY (`share_action_id`,`tabid`)
) ENGINE=InnoDB DEFAULT CHARSET=utf8;
/*!40101 SET character_set_client = @saved_cs_client */;

--
-- Dumping data for table `vtiger_org_share_action2tab`
--

LOCK TABLES `vtiger_org_share_action2tab` WRITE;
/*!40000 ALTER TABLE `vtiger_org_share_action2tab` DISABLE KEYS */;
INSERT INTO `vtiger_org_share_action2tab` VALUES (0,2),(0,4),(0,6),(0,7),(0,8),(0,9),(0,10),(0,13),(0,14),(0,16),(0,18),(0,20),(0,21),(0,22),(0,23),(0,26),(0,34),(0,35),(0,36),(0,38),(0,42),(0,43),(0,44),(0,45),(0,47),(1,2),(1,4),(1,6),(1,7),(1,8),(1,9),(1,10),(1,13),(1,14),(1,16),(1,18),(1,20),(1,21),(1,22),(1,23),(1,26),(1,34),(1,35),(1,36),(1,38),(1,42),(1,43),(1,44),(1,45),(1,47),(2,2),(2,4),(2,6),(2,7),(2,8),(2,9),(2,10),(2,13),(2,14),(2,16),(2,18),(2,20),(2,21),(2,22),(2,23),(2,26),(2,34),(2,35),(2,36),(2,38),(2,42),(2,43),(2,44),(2,45),(2,47),(3,2),(3,4),(3,6),(3,7),(3,8),(3,9),(3,10),(3,13),(3,14),(3,16),(3,18),(3,20),(3,21),(3,22),(3,23),(3,26),(3,34),(3,35),(3,36),(3,38),(3,42),(3,43),(3,44),(3,45),(3,47);
/*!40000 ALTER TABLE `vtiger_org_share_action2tab` ENABLE KEYS */;
UNLOCK TABLES;

--
-- Table structure for table `vtiger_org_share_action_mapping`
--

DROP TABLE IF EXISTS `vtiger_org_share_action_mapping`;
/*!40101 SET @saved_cs_client     = @@character_set_client */;
/*!40101 SET character_set_client = utf8 */;
CREATE TABLE `vtiger_org_share_action_mapping` (
  `share_action_id` int(19) NOT NULL,
  `share_action_name` varchar(200) DEFAULT NULL,
  PRIMARY KEY (`share_action_id`)
) ENGINE=InnoDB DEFAULT CHARSET=utf8;
/*!40101 SET character_set_client = @saved_cs_client */;

--
-- Dumping data for table `vtiger_org_share_action_mapping`
--

LOCK TABLES `vtiger_org_share_action_mapping` WRITE;
/*!40000 ALTER TABLE `vtiger_org_share_action_mapping` DISABLE KEYS */;
INSERT INTO `vtiger_org_share_action_mapping` VALUES (0,'Public: Read Only'),(1,'Public: Read, Create/Edit'),(2,'Public: Read, Create/Edit, Delete'),(3,'Private'),(4,'Hide Details'),(5,'Hide Details and Add Events'),(6,'Show Details'),(7,'Show Details and Add Events');
/*!40000 ALTER TABLE `vtiger_org_share_action_mapping` ENABLE KEYS */;
UNLOCK TABLES;

--
-- Table structure for table `vtiger_organizationdetails`
--

DROP TABLE IF EXISTS `vtiger_organizationdetails`;
/*!40101 SET @saved_cs_client     = @@character_set_client */;
/*!40101 SET character_set_client = utf8 */;
CREATE TABLE `vtiger_organizationdetails` (
  `organization_id` int(11) NOT NULL,
  `organizationname` varchar(60) DEFAULT NULL,
  `address` varchar(150) DEFAULT NULL,
  `city` varchar(100) DEFAULT NULL,
  `state` varchar(100) DEFAULT NULL,
  `country` varchar(100) DEFAULT NULL,
  `code` varchar(30) DEFAULT NULL,
  `phone` varchar(30) DEFAULT NULL,
  `fax` varchar(30) DEFAULT NULL,
  `website` varchar(100) DEFAULT NULL,
  `logoname` varchar(50) DEFAULT NULL,
  `logo` text,
  `vatid` varchar(100) DEFAULT NULL,
  PRIMARY KEY (`organization_id`)
) ENGINE=InnoDB DEFAULT CHARSET=utf8;
/*!40101 SET character_set_client = @saved_cs_client */;

--
-- Dumping data for table `vtiger_organizationdetails`
--

LOCK TABLES `vtiger_organizationdetails` WRITE;
/*!40000 ALTER TABLE `vtiger_organizationdetails` DISABLE KEYS */;
INSERT INTO `vtiger_organizationdetails` VALUES (1,'Suntex','','','','Australia','','','','www.suntex.com.au','logo.png',NULL,'');
/*!40000 ALTER TABLE `vtiger_organizationdetails` ENABLE KEYS */;
UNLOCK TABLES;

--
-- Table structure for table `vtiger_organizationdetails_seq`
--

DROP TABLE IF EXISTS `vtiger_organizationdetails_seq`;
/*!40101 SET @saved_cs_client     = @@character_set_client */;
/*!40101 SET character_set_client = utf8 */;
CREATE TABLE `vtiger_organizationdetails_seq` (
  `id` int(11) NOT NULL
) ENGINE=InnoDB DEFAULT CHARSET=utf8;
/*!40101 SET character_set_client = @saved_cs_client */;

--
-- Dumping data for table `vtiger_organizationdetails_seq`
--

LOCK TABLES `vtiger_organizationdetails_seq` WRITE;
/*!40000 ALTER TABLE `vtiger_organizationdetails_seq` DISABLE KEYS */;
INSERT INTO `vtiger_organizationdetails_seq` VALUES (1);
/*!40000 ALTER TABLE `vtiger_organizationdetails_seq` ENABLE KEYS */;
UNLOCK TABLES;

--
-- Table structure for table `vtiger_othereventduration`
--

DROP TABLE IF EXISTS `vtiger_othereventduration`;
/*!40101 SET @saved_cs_client     = @@character_set_client */;
/*!40101 SET character_set_client = utf8 */;
CREATE TABLE `vtiger_othereventduration` (
  `othereventdurationid` int(11) NOT NULL AUTO_INCREMENT,
  `othereventduration` varchar(200) NOT NULL,
  `sortorderid` int(11) DEFAULT NULL,
  `presence` int(11) NOT NULL DEFAULT '1',
  PRIMARY KEY (`othereventdurationid`)
) ENGINE=InnoDB AUTO_INCREMENT=6 DEFAULT CHARSET=utf8;
/*!40101 SET character_set_client = @saved_cs_client */;

--
-- Dumping data for table `vtiger_othereventduration`
--

LOCK TABLES `vtiger_othereventduration` WRITE;
/*!40000 ALTER TABLE `vtiger_othereventduration` DISABLE KEYS */;
INSERT INTO `vtiger_othereventduration` VALUES (1,'5',1,1),(2,'10',2,1),(3,'30',3,1),(4,'60',4,1),(5,'120',5,1);
/*!40000 ALTER TABLE `vtiger_othereventduration` ENABLE KEYS */;
UNLOCK TABLES;

--
-- Table structure for table `vtiger_othereventduration_seq`
--

DROP TABLE IF EXISTS `vtiger_othereventduration_seq`;
/*!40101 SET @saved_cs_client     = @@character_set_client */;
/*!40101 SET character_set_client = utf8 */;
CREATE TABLE `vtiger_othereventduration_seq` (
  `id` int(11) NOT NULL
) ENGINE=InnoDB DEFAULT CHARSET=utf8;
/*!40101 SET character_set_client = @saved_cs_client */;

--
-- Dumping data for table `vtiger_othereventduration_seq`
--

LOCK TABLES `vtiger_othereventduration_seq` WRITE;
/*!40000 ALTER TABLE `vtiger_othereventduration_seq` DISABLE KEYS */;
INSERT INTO `vtiger_othereventduration_seq` VALUES (5);
/*!40000 ALTER TABLE `vtiger_othereventduration_seq` ENABLE KEYS */;
UNLOCK TABLES;

--
-- Table structure for table `vtiger_parenttab`
--

DROP TABLE IF EXISTS `vtiger_parenttab`;
/*!40101 SET @saved_cs_client     = @@character_set_client */;
/*!40101 SET character_set_client = utf8 */;
CREATE TABLE `vtiger_parenttab` (
  `parenttabid` int(19) NOT NULL,
  `parenttab_label` varchar(100) NOT NULL,
  `sequence` int(10) NOT NULL,
  `visible` int(2) NOT NULL DEFAULT '0',
  PRIMARY KEY (`parenttabid`),
  KEY `parenttab_parenttabid_parenttabl_label_visible_idx` (`parenttabid`,`parenttab_label`,`visible`)
) ENGINE=InnoDB DEFAULT CHARSET=utf8;
/*!40101 SET character_set_client = @saved_cs_client */;

--
-- Dumping data for table `vtiger_parenttab`
--

LOCK TABLES `vtiger_parenttab` WRITE;
/*!40000 ALTER TABLE `vtiger_parenttab` DISABLE KEYS */;
INSERT INTO `vtiger_parenttab` VALUES (1,'My Home Page',1,0),(2,'Marketing',2,0),(3,'Sales',3,0),(4,'Support',4,0),(5,'Analytics',5,0),(6,'Inventory',6,0),(7,'Tools',7,0),(8,'Settings',8,0);
/*!40000 ALTER TABLE `vtiger_parenttab` ENABLE KEYS */;
UNLOCK TABLES;

--
-- Table structure for table `vtiger_parenttabrel`
--

DROP TABLE IF EXISTS `vtiger_parenttabrel`;
/*!40101 SET @saved_cs_client     = @@character_set_client */;
/*!40101 SET character_set_client = utf8 */;
CREATE TABLE `vtiger_parenttabrel` (
  `parenttabid` int(19) NOT NULL,
  `tabid` int(19) NOT NULL,
  `sequence` int(3) NOT NULL,
  KEY `parenttabrel_tabid_parenttabid_idx` (`tabid`,`parenttabid`)
) ENGINE=InnoDB DEFAULT CHARSET=utf8;
/*!40101 SET character_set_client = @saved_cs_client */;

--
-- Dumping data for table `vtiger_parenttabrel`
--

LOCK TABLES `vtiger_parenttabrel` WRITE;
/*!40000 ALTER TABLE `vtiger_parenttabrel` DISABLE KEYS */;
INSERT INTO `vtiger_parenttabrel` VALUES (1,9,2),(1,28,4),(1,3,1),(3,7,1),(3,6,2),(3,4,3),(3,2,4),(3,20,5),(3,22,6),(3,23,7),(3,19,8),(3,8,9),(4,13,1),(4,15,2),(4,6,3),(4,4,4),(4,8,5),(5,1,2),(5,25,1),(6,14,1),(6,18,2),(6,19,3),(6,21,4),(6,22,5),(6,20,6),(6,23,7),(7,24,1),(7,27,2),(7,8,3),(2,26,1),(2,6,2),(2,4,3),(2,28,4),(4,28,7),(2,7,5),(2,9,6),(4,9,8),(2,8,8),(3,9,11),(7,31,4),(7,31,5),(7,34,6),(7,34,7),(4,35,9),(4,35,10),(6,36,8),(6,36,9),(6,38,10),(6,38,11),(7,40,8),(7,40,9),(7,42,10),(7,42,11),(4,43,11),(4,43,12),(4,44,13),(4,44,14),(4,45,15),(4,45,16),(7,46,12),(7,46,13),(7,47,14),(7,47,15),(8,49,1),(8,49,2);
/*!40000 ALTER TABLE `vtiger_parenttabrel` ENABLE KEYS */;
UNLOCK TABLES;

--
-- Table structure for table `vtiger_payment_duration`
--

DROP TABLE IF EXISTS `vtiger_payment_duration`;
/*!40101 SET @saved_cs_client     = @@character_set_client */;
/*!40101 SET character_set_client = utf8 */;
CREATE TABLE `vtiger_payment_duration` (
  `payment_duration_id` int(11) DEFAULT NULL,
  `payment_duration` varchar(200) DEFAULT NULL,
  `sortorderid` int(11) DEFAULT NULL,
  `presence` int(11) DEFAULT NULL
) ENGINE=InnoDB DEFAULT CHARSET=utf8;
/*!40101 SET character_set_client = @saved_cs_client */;

--
-- Dumping data for table `vtiger_payment_duration`
--

LOCK TABLES `vtiger_payment_duration` WRITE;
/*!40000 ALTER TABLE `vtiger_payment_duration` DISABLE KEYS */;
INSERT INTO `vtiger_payment_duration` VALUES (1,'Net 30 days',0,1),(2,'Net 45 days',1,1),(3,'Net 60 days',2,1);
/*!40000 ALTER TABLE `vtiger_payment_duration` ENABLE KEYS */;
UNLOCK TABLES;

--
-- Table structure for table `vtiger_payment_duration_seq`
--

DROP TABLE IF EXISTS `vtiger_payment_duration_seq`;
/*!40101 SET @saved_cs_client     = @@character_set_client */;
/*!40101 SET character_set_client = utf8 */;
CREATE TABLE `vtiger_payment_duration_seq` (
  `id` int(11) NOT NULL
) ENGINE=InnoDB DEFAULT CHARSET=utf8;
/*!40101 SET character_set_client = @saved_cs_client */;

--
-- Dumping data for table `vtiger_payment_duration_seq`
--

LOCK TABLES `vtiger_payment_duration_seq` WRITE;
/*!40000 ALTER TABLE `vtiger_payment_duration_seq` DISABLE KEYS */;
INSERT INTO `vtiger_payment_duration_seq` VALUES (3);
/*!40000 ALTER TABLE `vtiger_payment_duration_seq` ENABLE KEYS */;
UNLOCK TABLES;

--
-- Table structure for table `vtiger_pbxmanager`
--

DROP TABLE IF EXISTS `vtiger_pbxmanager`;
/*!40101 SET @saved_cs_client     = @@character_set_client */;
/*!40101 SET character_set_client = utf8 */;
CREATE TABLE `vtiger_pbxmanager` (
  `pbxmanagerid` int(20) NOT NULL AUTO_INCREMENT,
  `direction` varchar(10) DEFAULT NULL,
  `callstatus` varchar(20) DEFAULT NULL,
  `starttime` datetime DEFAULT NULL,
  `endtime` datetime DEFAULT NULL,
  `totalduration` int(11) DEFAULT NULL,
  `billduration` int(11) DEFAULT NULL,
  `recordingurl` varchar(200) DEFAULT NULL,
  `sourceuuid` varchar(100) DEFAULT NULL,
  `gateway` varchar(20) DEFAULT NULL,
  `customer` varchar(100) DEFAULT NULL,
  `user` varchar(100) DEFAULT NULL,
  `customernumber` varchar(100) DEFAULT NULL,
  `customertype` varchar(100) DEFAULT NULL,
  PRIMARY KEY (`pbxmanagerid`),
  KEY `index_sourceuuid` (`sourceuuid`),
  KEY `index_pbxmanager_id` (`pbxmanagerid`)
) ENGINE=InnoDB DEFAULT CHARSET=utf8;
/*!40101 SET character_set_client = @saved_cs_client */;

--
-- Dumping data for table `vtiger_pbxmanager`
--

LOCK TABLES `vtiger_pbxmanager` WRITE;
/*!40000 ALTER TABLE `vtiger_pbxmanager` DISABLE KEYS */;
/*!40000 ALTER TABLE `vtiger_pbxmanager` ENABLE KEYS */;
UNLOCK TABLES;

--
-- Table structure for table `vtiger_pbxmanager_gateway`
--

DROP TABLE IF EXISTS `vtiger_pbxmanager_gateway`;
/*!40101 SET @saved_cs_client     = @@character_set_client */;
/*!40101 SET character_set_client = utf8 */;
CREATE TABLE `vtiger_pbxmanager_gateway` (
  `id` int(11) NOT NULL AUTO_INCREMENT,
  `gateway` varchar(20) DEFAULT NULL,
  `parameters` text,
  PRIMARY KEY (`id`)
) ENGINE=InnoDB DEFAULT CHARSET=utf8;
/*!40101 SET character_set_client = @saved_cs_client */;

--
-- Dumping data for table `vtiger_pbxmanager_gateway`
--

LOCK TABLES `vtiger_pbxmanager_gateway` WRITE;
/*!40000 ALTER TABLE `vtiger_pbxmanager_gateway` DISABLE KEYS */;
/*!40000 ALTER TABLE `vtiger_pbxmanager_gateway` ENABLE KEYS */;
UNLOCK TABLES;

--
-- Table structure for table `vtiger_pbxmanager_phonelookup`
--

DROP TABLE IF EXISTS `vtiger_pbxmanager_phonelookup`;
/*!40101 SET @saved_cs_client     = @@character_set_client */;
/*!40101 SET character_set_client = utf8 */;
CREATE TABLE `vtiger_pbxmanager_phonelookup` (
  `crmid` int(20) DEFAULT NULL,
  `setype` varchar(30) DEFAULT NULL,
  `fnumber` varchar(100) DEFAULT NULL,
  `rnumber` varchar(100) DEFAULT NULL,
  `fieldname` varchar(50) DEFAULT NULL,
  UNIQUE KEY `unique_key` (`crmid`,`setype`,`fieldname`),
  KEY `index_phone_number` (`fnumber`,`rnumber`),
  CONSTRAINT `vtiger_pbxmanager_phonelookup_ibfk_1` FOREIGN KEY (`crmid`) REFERENCES `vtiger_crmentity` (`crmid`) ON DELETE CASCADE
) ENGINE=InnoDB DEFAULT CHARSET=utf8;
/*!40101 SET character_set_client = @saved_cs_client */;

--
-- Dumping data for table `vtiger_pbxmanager_phonelookup`
--

LOCK TABLES `vtiger_pbxmanager_phonelookup` WRITE;
/*!40000 ALTER TABLE `vtiger_pbxmanager_phonelookup` DISABLE KEYS */;
/*!40000 ALTER TABLE `vtiger_pbxmanager_phonelookup` ENABLE KEYS */;
UNLOCK TABLES;

--
-- Table structure for table `vtiger_pbxmanagercf`
--

DROP TABLE IF EXISTS `vtiger_pbxmanagercf`;
/*!40101 SET @saved_cs_client     = @@character_set_client */;
/*!40101 SET character_set_client = utf8 */;
CREATE TABLE `vtiger_pbxmanagercf` (
  `pbxmanagerid` int(11) NOT NULL,
  PRIMARY KEY (`pbxmanagerid`)
) ENGINE=InnoDB DEFAULT CHARSET=utf8;
/*!40101 SET character_set_client = @saved_cs_client */;

--
-- Dumping data for table `vtiger_pbxmanagercf`
--

LOCK TABLES `vtiger_pbxmanagercf` WRITE;
/*!40000 ALTER TABLE `vtiger_pbxmanagercf` DISABLE KEYS */;
/*!40000 ALTER TABLE `vtiger_pbxmanagercf` ENABLE KEYS */;
UNLOCK TABLES;

--
-- Table structure for table `vtiger_picklist`
--

DROP TABLE IF EXISTS `vtiger_picklist`;
/*!40101 SET @saved_cs_client     = @@character_set_client */;
/*!40101 SET character_set_client = utf8 */;
CREATE TABLE `vtiger_picklist` (
  `picklistid` int(11) NOT NULL AUTO_INCREMENT,
  `name` varchar(200) NOT NULL,
  PRIMARY KEY (`picklistid`),
  UNIQUE KEY `picklist_name_idx` (`name`)
) ENGINE=InnoDB AUTO_INCREMENT=51 DEFAULT CHARSET=utf8;
/*!40101 SET character_set_client = @saved_cs_client */;

--
-- Dumping data for table `vtiger_picklist`
--

LOCK TABLES `vtiger_picklist` WRITE;
/*!40000 ALTER TABLE `vtiger_picklist` DISABLE KEYS */;
INSERT INTO `vtiger_picklist` VALUES (1,'accounttype'),(2,'activitytype'),(37,'assetstatus'),(3,'campaignstatus'),(4,'campaigntype'),(5,'carrier'),(33,'contract_priority'),(32,'contract_status'),(34,'contract_type'),(50,'defaultactivitytype'),(49,'defaulteventstatus'),(6,'eventstatus'),(7,'expectedresponse'),(8,'faqcategories'),(9,'faqstatus'),(10,'glacct'),(47,'hour_format'),(11,'industry'),(12,'invoicestatus'),(13,'leadsource'),(14,'leadstatus'),(15,'manufacturer'),(16,'opportunity_type'),(17,'postatus'),(18,'productcategory'),(45,'progress'),(38,'projectmilestonetype'),(44,'projectpriority'),(42,'projectstatus'),(40,'projecttaskpriority'),(41,'projecttaskprogress'),(46,'projecttaskstatus'),(39,'projecttasktype'),(43,'projecttype'),(19,'quotestage'),(20,'rating'),(21,'sales_stage'),(22,'salutationtype'),(36,'servicecategory'),(35,'service_usageunit'),(23,'sostatus'),(48,'start_hour'),(24,'taskpriority'),(25,'taskstatus'),(26,'ticketcategories'),(27,'ticketpriorities'),(28,'ticketseverities'),(29,'ticketstatus'),(31,'tracking_unit'),(30,'usageunit');
/*!40000 ALTER TABLE `vtiger_picklist` ENABLE KEYS */;
UNLOCK TABLES;

--
-- Table structure for table `vtiger_picklist_dependency`
--

DROP TABLE IF EXISTS `vtiger_picklist_dependency`;
/*!40101 SET @saved_cs_client     = @@character_set_client */;
/*!40101 SET character_set_client = utf8 */;
CREATE TABLE `vtiger_picklist_dependency` (
  `id` int(11) NOT NULL,
  `tabid` int(19) NOT NULL,
  `sourcefield` varchar(255) DEFAULT NULL,
  `targetfield` varchar(255) DEFAULT NULL,
  `sourcevalue` varchar(100) DEFAULT NULL,
  `targetvalues` text,
  `criteria` text,
  PRIMARY KEY (`id`)
) ENGINE=InnoDB DEFAULT CHARSET=utf8;
/*!40101 SET character_set_client = @saved_cs_client */;

--
-- Dumping data for table `vtiger_picklist_dependency`
--

LOCK TABLES `vtiger_picklist_dependency` WRITE;
/*!40000 ALTER TABLE `vtiger_picklist_dependency` DISABLE KEYS */;
/*!40000 ALTER TABLE `vtiger_picklist_dependency` ENABLE KEYS */;
UNLOCK TABLES;

--
-- Table structure for table `vtiger_picklist_seq`
--

DROP TABLE IF EXISTS `vtiger_picklist_seq`;
/*!40101 SET @saved_cs_client     = @@character_set_client */;
/*!40101 SET character_set_client = utf8 */;
CREATE TABLE `vtiger_picklist_seq` (
  `id` int(11) NOT NULL
) ENGINE=InnoDB DEFAULT CHARSET=utf8;
/*!40101 SET character_set_client = @saved_cs_client */;

--
-- Dumping data for table `vtiger_picklist_seq`
--

LOCK TABLES `vtiger_picklist_seq` WRITE;
/*!40000 ALTER TABLE `vtiger_picklist_seq` DISABLE KEYS */;
INSERT INTO `vtiger_picklist_seq` VALUES (50);
/*!40000 ALTER TABLE `vtiger_picklist_seq` ENABLE KEYS */;
UNLOCK TABLES;

--
-- Table structure for table `vtiger_picklistvalues_seq`
--

DROP TABLE IF EXISTS `vtiger_picklistvalues_seq`;
/*!40101 SET @saved_cs_client     = @@character_set_client */;
/*!40101 SET character_set_client = utf8 */;
CREATE TABLE `vtiger_picklistvalues_seq` (
  `id` int(11) NOT NULL
) ENGINE=InnoDB DEFAULT CHARSET=utf8;
/*!40101 SET character_set_client = @saved_cs_client */;

--
-- Dumping data for table `vtiger_picklistvalues_seq`
--

LOCK TABLES `vtiger_picklistvalues_seq` WRITE;
/*!40000 ALTER TABLE `vtiger_picklistvalues_seq` DISABLE KEYS */;
INSERT INTO `vtiger_picklistvalues_seq` VALUES (326);
/*!40000 ALTER TABLE `vtiger_picklistvalues_seq` ENABLE KEYS */;
UNLOCK TABLES;

--
-- Table structure for table `vtiger_pobillads`
--

DROP TABLE IF EXISTS `vtiger_pobillads`;
/*!40101 SET @saved_cs_client     = @@character_set_client */;
/*!40101 SET character_set_client = utf8 */;
CREATE TABLE `vtiger_pobillads` (
  `pobilladdressid` int(19) NOT NULL DEFAULT '0',
  `bill_city` varchar(30) DEFAULT NULL,
  `bill_code` varchar(30) DEFAULT NULL,
  `bill_country` varchar(30) DEFAULT NULL,
  `bill_state` varchar(30) DEFAULT NULL,
  `bill_street` varchar(250) DEFAULT NULL,
  `bill_pobox` varchar(30) DEFAULT NULL,
  PRIMARY KEY (`pobilladdressid`)
) ENGINE=InnoDB DEFAULT CHARSET=utf8;
/*!40101 SET character_set_client = @saved_cs_client */;

--
-- Dumping data for table `vtiger_pobillads`
--

LOCK TABLES `vtiger_pobillads` WRITE;
/*!40000 ALTER TABLE `vtiger_pobillads` DISABLE KEYS */;
/*!40000 ALTER TABLE `vtiger_pobillads` ENABLE KEYS */;
UNLOCK TABLES;

--
-- Table structure for table `vtiger_portal`
--

DROP TABLE IF EXISTS `vtiger_portal`;
/*!40101 SET @saved_cs_client     = @@character_set_client */;
/*!40101 SET character_set_client = utf8 */;
CREATE TABLE `vtiger_portal` (
  `portalid` int(19) NOT NULL,
  `portalname` varchar(200) NOT NULL,
  `portalurl` varchar(255) NOT NULL,
  `sequence` int(3) NOT NULL,
  `setdefault` int(3) NOT NULL DEFAULT '0',
  `createdtime` datetime DEFAULT NULL,
  PRIMARY KEY (`portalid`),
  KEY `portal_portalname_idx` (`portalname`)
) ENGINE=InnoDB DEFAULT CHARSET=utf8;
/*!40101 SET character_set_client = @saved_cs_client */;

--
-- Dumping data for table `vtiger_portal`
--

LOCK TABLES `vtiger_portal` WRITE;
/*!40000 ALTER TABLE `vtiger_portal` DISABLE KEYS */;
/*!40000 ALTER TABLE `vtiger_portal` ENABLE KEYS */;
UNLOCK TABLES;

--
-- Table structure for table `vtiger_portalinfo`
--

DROP TABLE IF EXISTS `vtiger_portalinfo`;
/*!40101 SET @saved_cs_client     = @@character_set_client */;
/*!40101 SET character_set_client = utf8 */;
CREATE TABLE `vtiger_portalinfo` (
  `id` int(11) NOT NULL,
  `user_name` varchar(50) DEFAULT NULL,
  `user_password` varchar(30) DEFAULT NULL,
  `type` varchar(5) DEFAULT NULL,
  `last_login_time` datetime DEFAULT NULL,
  `login_time` datetime DEFAULT NULL,
  `logout_time` datetime DEFAULT NULL,
  `isactive` int(1) DEFAULT NULL,
  PRIMARY KEY (`id`)
) ENGINE=InnoDB DEFAULT CHARSET=utf8;
/*!40101 SET character_set_client = @saved_cs_client */;

--
-- Dumping data for table `vtiger_portalinfo`
--

LOCK TABLES `vtiger_portalinfo` WRITE;
/*!40000 ALTER TABLE `vtiger_portalinfo` DISABLE KEYS */;
/*!40000 ALTER TABLE `vtiger_portalinfo` ENABLE KEYS */;
UNLOCK TABLES;

--
-- Table structure for table `vtiger_poshipads`
--

DROP TABLE IF EXISTS `vtiger_poshipads`;
/*!40101 SET @saved_cs_client     = @@character_set_client */;
/*!40101 SET character_set_client = utf8 */;
CREATE TABLE `vtiger_poshipads` (
  `poshipaddressid` int(19) NOT NULL DEFAULT '0',
  `ship_city` varchar(30) DEFAULT NULL,
  `ship_code` varchar(30) DEFAULT NULL,
  `ship_country` varchar(30) DEFAULT NULL,
  `ship_state` varchar(30) DEFAULT NULL,
  `ship_street` varchar(250) DEFAULT NULL,
  `ship_pobox` varchar(30) DEFAULT NULL,
  PRIMARY KEY (`poshipaddressid`)
) ENGINE=InnoDB DEFAULT CHARSET=utf8;
/*!40101 SET character_set_client = @saved_cs_client */;

--
-- Dumping data for table `vtiger_poshipads`
--

LOCK TABLES `vtiger_poshipads` WRITE;
/*!40000 ALTER TABLE `vtiger_poshipads` DISABLE KEYS */;
/*!40000 ALTER TABLE `vtiger_poshipads` ENABLE KEYS */;
UNLOCK TABLES;

--
-- Table structure for table `vtiger_postatus`
--

DROP TABLE IF EXISTS `vtiger_postatus`;
/*!40101 SET @saved_cs_client     = @@character_set_client */;
/*!40101 SET character_set_client = utf8 */;
CREATE TABLE `vtiger_postatus` (
  `postatusid` int(19) NOT NULL AUTO_INCREMENT,
  `postatus` varchar(200) NOT NULL,
  `presence` int(1) NOT NULL DEFAULT '1',
  `picklist_valueid` int(19) NOT NULL DEFAULT '0',
  `sortorderid` int(11) DEFAULT NULL,
  PRIMARY KEY (`postatusid`),
  UNIQUE KEY `postatus_postatus_idx` (`postatus`)
) ENGINE=InnoDB AUTO_INCREMENT=6 DEFAULT CHARSET=utf8;
/*!40101 SET character_set_client = @saved_cs_client */;

--
-- Dumping data for table `vtiger_postatus`
--

LOCK TABLES `vtiger_postatus` WRITE;
/*!40000 ALTER TABLE `vtiger_postatus` DISABLE KEYS */;
INSERT INTO `vtiger_postatus` VALUES (1,'Created',0,130,0),(2,'Approved',0,131,1),(3,'Delivered',0,132,2),(4,'Cancelled',0,133,3),(5,'Received Shipment',0,134,4);
/*!40000 ALTER TABLE `vtiger_postatus` ENABLE KEYS */;
UNLOCK TABLES;

--
-- Table structure for table `vtiger_postatus_seq`
--

DROP TABLE IF EXISTS `vtiger_postatus_seq`;
/*!40101 SET @saved_cs_client     = @@character_set_client */;
/*!40101 SET character_set_client = utf8 */;
CREATE TABLE `vtiger_postatus_seq` (
  `id` int(11) NOT NULL
) ENGINE=InnoDB DEFAULT CHARSET=utf8;
/*!40101 SET character_set_client = @saved_cs_client */;

--
-- Dumping data for table `vtiger_postatus_seq`
--

LOCK TABLES `vtiger_postatus_seq` WRITE;
/*!40000 ALTER TABLE `vtiger_postatus_seq` DISABLE KEYS */;
INSERT INTO `vtiger_postatus_seq` VALUES (5);
/*!40000 ALTER TABLE `vtiger_postatus_seq` ENABLE KEYS */;
UNLOCK TABLES;

--
-- Table structure for table `vtiger_postatushistory`
--

DROP TABLE IF EXISTS `vtiger_postatushistory`;
/*!40101 SET @saved_cs_client     = @@character_set_client */;
/*!40101 SET character_set_client = utf8 */;
CREATE TABLE `vtiger_postatushistory` (
  `historyid` int(19) NOT NULL AUTO_INCREMENT,
  `purchaseorderid` int(19) NOT NULL,
  `vendorname` varchar(100) DEFAULT NULL,
  `total` decimal(10,0) DEFAULT NULL,
  `postatus` varchar(200) DEFAULT NULL,
  `lastmodified` datetime DEFAULT NULL,
  PRIMARY KEY (`historyid`),
  KEY `postatushistory_purchaseorderid_idx` (`purchaseorderid`)
) ENGINE=InnoDB DEFAULT CHARSET=utf8;
/*!40101 SET character_set_client = @saved_cs_client */;

--
-- Dumping data for table `vtiger_postatushistory`
--

LOCK TABLES `vtiger_postatushistory` WRITE;
/*!40000 ALTER TABLE `vtiger_postatushistory` DISABLE KEYS */;
/*!40000 ALTER TABLE `vtiger_postatushistory` ENABLE KEYS */;
UNLOCK TABLES;

--
-- Table structure for table `vtiger_potential`
--

DROP TABLE IF EXISTS `vtiger_potential`;
/*!40101 SET @saved_cs_client     = @@character_set_client */;
/*!40101 SET character_set_client = utf8 */;
CREATE TABLE `vtiger_potential` (
  `potentialid` int(19) NOT NULL DEFAULT '0',
  `potential_no` varchar(100) NOT NULL,
  `related_to` int(19) DEFAULT NULL,
  `potentialname` varchar(120) NOT NULL,
  `amount` decimal(25,8) DEFAULT NULL,
  `currency` varchar(20) DEFAULT NULL,
  `closingdate` date DEFAULT NULL,
  `typeofrevenue` varchar(50) DEFAULT NULL,
  `nextstep` varchar(100) DEFAULT NULL,
  `private` int(1) DEFAULT '0',
  `probability` decimal(7,3) DEFAULT '0.000',
  `campaignid` int(19) DEFAULT NULL,
  `sales_stage` varchar(200) DEFAULT NULL,
  `potentialtype` varchar(200) DEFAULT NULL,
  `leadsource` varchar(200) DEFAULT NULL,
  `productid` int(50) DEFAULT NULL,
  `productversion` varchar(50) DEFAULT NULL,
  `quotationref` varchar(50) DEFAULT NULL,
  `partnercontact` varchar(50) DEFAULT NULL,
  `remarks` varchar(50) DEFAULT NULL,
  `runtimefee` int(19) DEFAULT '0',
  `followupdate` date DEFAULT NULL,
  `evaluationstatus` varchar(50) DEFAULT NULL,
  `description` text,
  `forecastcategory` int(19) DEFAULT '0',
  `outcomeanalysis` int(19) DEFAULT '0',
  `forecast_amount` decimal(25,8) DEFAULT NULL,
  `isconvertedfromlead` varchar(3) DEFAULT '0',
  `contact_id` int(19) DEFAULT NULL,
  PRIMARY KEY (`potentialid`),
  KEY `potential_relatedto_idx` (`related_to`),
  KEY `potentail_sales_stage_idx` (`sales_stage`),
  KEY `potentail_sales_stage_amount_idx` (`amount`,`sales_stage`)
) ENGINE=InnoDB DEFAULT CHARSET=utf8;
/*!40101 SET character_set_client = @saved_cs_client */;

--
-- Dumping data for table `vtiger_potential`
--

LOCK TABLES `vtiger_potential` WRITE;
/*!40000 ALTER TABLE `vtiger_potential` DISABLE KEYS */;
INSERT INTO `vtiger_potential` VALUES (4,'POT1',2,'Test',0.00000000,NULL,'2015-03-31',NULL,'',0,0.000,0,'Qualification','','Cold Call',NULL,NULL,NULL,NULL,NULL,0,NULL,NULL,NULL,0,0,0.00000000,'0',3),(25,'POT2',23,'HSBC Building',52000.00000000,NULL,'2015-04-30',NULL,'',0,0.000,0,'Negotiation or Review','','Existing Customer',NULL,NULL,NULL,NULL,NULL,0,NULL,NULL,NULL,0,0,0.00000000,'1',24),(33,'POT3',31,'MPS - Gallery Project',10000.00000000,NULL,'2015-06-19',NULL,'',0,0.000,0,'Prospecting','','',NULL,NULL,NULL,NULL,NULL,0,NULL,NULL,NULL,0,0,0.00000000,'1',32),(38,'POT4',36,'ABC Blinds - Project',1000.00000000,NULL,'2015-04-30',NULL,'',0,0.000,0,'Prospecting','','',NULL,NULL,NULL,NULL,NULL,0,NULL,NULL,NULL,0,0,0.00000000,'1',37),(45,'POT5',43,'Cash Customer',1250.00000000,NULL,'2015-05-27',NULL,'',0,0.000,0,'Prospecting','','',NULL,NULL,NULL,NULL,NULL,0,NULL,NULL,NULL,0,0,0.00000000,'1',44),(80,'POT6',78,'Test',320.00000000,NULL,'2015-04-26',NULL,'',0,0.000,0,'Needs Analysis','','',NULL,NULL,NULL,NULL,NULL,0,NULL,NULL,NULL,0,0,0.00000000,'1',79),(83,'POT7',6,'Sheraton Hotel',25000.00000000,NULL,'2016-03-18',NULL,'',0,0.000,0,'Proposal or Price Quote','','',NULL,NULL,NULL,NULL,NULL,0,NULL,NULL,NULL,0,0,0.00000000,'0',0),(86,'POT8',78,'Test Opportunity',1000.00000000,NULL,'2015-05-28',NULL,'',0,0.000,0,'Id. Decision Makers','','',NULL,NULL,NULL,NULL,NULL,0,NULL,NULL,NULL,0,0,0.00000000,'0',0);
/*!40000 ALTER TABLE `vtiger_potential` ENABLE KEYS */;
UNLOCK TABLES;

--
-- Table structure for table `vtiger_potentialscf`
--

DROP TABLE IF EXISTS `vtiger_potentialscf`;
/*!40101 SET @saved_cs_client     = @@character_set_client */;
/*!40101 SET character_set_client = utf8 */;
CREATE TABLE `vtiger_potentialscf` (
  `potentialid` int(19) NOT NULL DEFAULT '0',
  PRIMARY KEY (`potentialid`)
) ENGINE=InnoDB DEFAULT CHARSET=utf8;
/*!40101 SET character_set_client = @saved_cs_client */;

--
-- Dumping data for table `vtiger_potentialscf`
--

LOCK TABLES `vtiger_potentialscf` WRITE;
/*!40000 ALTER TABLE `vtiger_potentialscf` DISABLE KEYS */;
INSERT INTO `vtiger_potentialscf` VALUES (4),(25),(33),(38),(45),(80),(83),(86);
/*!40000 ALTER TABLE `vtiger_potentialscf` ENABLE KEYS */;
UNLOCK TABLES;

--
-- Table structure for table `vtiger_potstagehistory`
--

DROP TABLE IF EXISTS `vtiger_potstagehistory`;
/*!40101 SET @saved_cs_client     = @@character_set_client */;
/*!40101 SET character_set_client = utf8 */;
CREATE TABLE `vtiger_potstagehistory` (
  `historyid` int(19) NOT NULL AUTO_INCREMENT,
  `potentialid` int(19) NOT NULL,
  `amount` decimal(10,0) DEFAULT NULL,
  `stage` varchar(100) DEFAULT NULL,
  `probability` decimal(7,3) DEFAULT NULL,
  `expectedrevenue` decimal(10,0) DEFAULT NULL,
  `closedate` date DEFAULT NULL,
  `lastmodified` datetime DEFAULT NULL,
  PRIMARY KEY (`historyid`),
  KEY `potstagehistory_potentialid_idx` (`potentialid`)
) ENGINE=InnoDB DEFAULT CHARSET=utf8;
/*!40101 SET character_set_client = @saved_cs_client */;

--
-- Dumping data for table `vtiger_potstagehistory`
--

LOCK TABLES `vtiger_potstagehistory` WRITE;
/*!40000 ALTER TABLE `vtiger_potstagehistory` DISABLE KEYS */;
/*!40000 ALTER TABLE `vtiger_potstagehistory` ENABLE KEYS */;
UNLOCK TABLES;

--
-- Table structure for table `vtiger_pricebook`
--

DROP TABLE IF EXISTS `vtiger_pricebook`;
/*!40101 SET @saved_cs_client     = @@character_set_client */;
/*!40101 SET character_set_client = utf8 */;
CREATE TABLE `vtiger_pricebook` (
  `pricebookid` int(19) NOT NULL DEFAULT '0',
  `pricebook_no` varchar(100) NOT NULL,
  `bookname` varchar(100) DEFAULT NULL,
  `active` int(1) DEFAULT NULL,
  `currency_id` int(19) NOT NULL DEFAULT '1',
  PRIMARY KEY (`pricebookid`)
) ENGINE=InnoDB DEFAULT CHARSET=utf8;
/*!40101 SET character_set_client = @saved_cs_client */;

--
-- Dumping data for table `vtiger_pricebook`
--

LOCK TABLES `vtiger_pricebook` WRITE;
/*!40000 ALTER TABLE `vtiger_pricebook` DISABLE KEYS */;
/*!40000 ALTER TABLE `vtiger_pricebook` ENABLE KEYS */;
UNLOCK TABLES;

--
-- Table structure for table `vtiger_pricebookcf`
--

DROP TABLE IF EXISTS `vtiger_pricebookcf`;
/*!40101 SET @saved_cs_client     = @@character_set_client */;
/*!40101 SET character_set_client = utf8 */;
CREATE TABLE `vtiger_pricebookcf` (
  `pricebookid` int(19) NOT NULL DEFAULT '0',
  PRIMARY KEY (`pricebookid`)
) ENGINE=InnoDB DEFAULT CHARSET=utf8;
/*!40101 SET character_set_client = @saved_cs_client */;

--
-- Dumping data for table `vtiger_pricebookcf`
--

LOCK TABLES `vtiger_pricebookcf` WRITE;
/*!40000 ALTER TABLE `vtiger_pricebookcf` DISABLE KEYS */;
/*!40000 ALTER TABLE `vtiger_pricebookcf` ENABLE KEYS */;
UNLOCK TABLES;

--
-- Table structure for table `vtiger_pricebookproductrel`
--

DROP TABLE IF EXISTS `vtiger_pricebookproductrel`;
/*!40101 SET @saved_cs_client     = @@character_set_client */;
/*!40101 SET character_set_client = utf8 */;
CREATE TABLE `vtiger_pricebookproductrel` (
  `pricebookid` int(19) NOT NULL,
  `productid` int(19) NOT NULL,
  `listprice` decimal(27,8) DEFAULT NULL,
  `usedcurrency` int(11) NOT NULL DEFAULT '1',
  PRIMARY KEY (`pricebookid`,`productid`),
  KEY `pricebookproductrel_pricebookid_idx` (`pricebookid`),
  KEY `pricebookproductrel_productid_idx` (`productid`)
) ENGINE=InnoDB DEFAULT CHARSET=utf8;
/*!40101 SET character_set_client = @saved_cs_client */;

--
-- Dumping data for table `vtiger_pricebookproductrel`
--

LOCK TABLES `vtiger_pricebookproductrel` WRITE;
/*!40000 ALTER TABLE `vtiger_pricebookproductrel` DISABLE KEYS */;
/*!40000 ALTER TABLE `vtiger_pricebookproductrel` ENABLE KEYS */;
UNLOCK TABLES;

--
-- Table structure for table `vtiger_priority`
--

DROP TABLE IF EXISTS `vtiger_priority`;
/*!40101 SET @saved_cs_client     = @@character_set_client */;
/*!40101 SET character_set_client = utf8 */;
CREATE TABLE `vtiger_priority` (
  `priorityid` int(19) NOT NULL AUTO_INCREMENT,
  `priority` varchar(200) NOT NULL,
  `sortorderid` int(19) NOT NULL DEFAULT '0',
  `presence` int(1) NOT NULL DEFAULT '1',
  PRIMARY KEY (`priorityid`),
  UNIQUE KEY `priority_priority_idx` (`priority`)
) ENGINE=InnoDB DEFAULT CHARSET=utf8;
/*!40101 SET character_set_client = @saved_cs_client */;

--
-- Dumping data for table `vtiger_priority`
--

LOCK TABLES `vtiger_priority` WRITE;
/*!40000 ALTER TABLE `vtiger_priority` DISABLE KEYS */;
/*!40000 ALTER TABLE `vtiger_priority` ENABLE KEYS */;
UNLOCK TABLES;

--
-- Table structure for table `vtiger_productcategory`
--

DROP TABLE IF EXISTS `vtiger_productcategory`;
/*!40101 SET @saved_cs_client     = @@character_set_client */;
/*!40101 SET character_set_client = utf8 */;
CREATE TABLE `vtiger_productcategory` (
  `productcategoryid` int(19) NOT NULL AUTO_INCREMENT,
  `productcategory` varchar(200) NOT NULL,
  `presence` int(1) NOT NULL DEFAULT '1',
  `picklist_valueid` int(19) NOT NULL DEFAULT '0',
  `sortorderid` int(11) DEFAULT NULL,
  PRIMARY KEY (`productcategoryid`),
  UNIQUE KEY `productcategory_productcategory_idx` (`productcategory`)
) ENGINE=InnoDB AUTO_INCREMENT=5 DEFAULT CHARSET=utf8;
/*!40101 SET character_set_client = @saved_cs_client */;

--
-- Dumping data for table `vtiger_productcategory`
--

LOCK TABLES `vtiger_productcategory` WRITE;
/*!40000 ALTER TABLE `vtiger_productcategory` DISABLE KEYS */;
INSERT INTO `vtiger_productcategory` VALUES (2,'Hardware',1,136,1),(3,'Software',1,137,2),(4,'CRM Applications',1,138,3);
/*!40000 ALTER TABLE `vtiger_productcategory` ENABLE KEYS */;
UNLOCK TABLES;

--
-- Table structure for table `vtiger_productcategory_seq`
--

DROP TABLE IF EXISTS `vtiger_productcategory_seq`;
/*!40101 SET @saved_cs_client     = @@character_set_client */;
/*!40101 SET character_set_client = utf8 */;
CREATE TABLE `vtiger_productcategory_seq` (
  `id` int(11) NOT NULL
) ENGINE=InnoDB DEFAULT CHARSET=utf8;
/*!40101 SET character_set_client = @saved_cs_client */;

--
-- Dumping data for table `vtiger_productcategory_seq`
--

LOCK TABLES `vtiger_productcategory_seq` WRITE;
/*!40000 ALTER TABLE `vtiger_productcategory_seq` DISABLE KEYS */;
INSERT INTO `vtiger_productcategory_seq` VALUES (4);
/*!40000 ALTER TABLE `vtiger_productcategory_seq` ENABLE KEYS */;
UNLOCK TABLES;

--
-- Table structure for table `vtiger_productcf`
--

DROP TABLE IF EXISTS `vtiger_productcf`;
/*!40101 SET @saved_cs_client     = @@character_set_client */;
/*!40101 SET character_set_client = utf8 */;
CREATE TABLE `vtiger_productcf` (
  `productid` int(19) NOT NULL DEFAULT '0',
  PRIMARY KEY (`productid`)
) ENGINE=InnoDB DEFAULT CHARSET=utf8;
/*!40101 SET character_set_client = @saved_cs_client */;

--
-- Dumping data for table `vtiger_productcf`
--

LOCK TABLES `vtiger_productcf` WRITE;
/*!40000 ALTER TABLE `vtiger_productcf` DISABLE KEYS */;
INSERT INTO `vtiger_productcf` VALUES (8),(16),(17),(18);
/*!40000 ALTER TABLE `vtiger_productcf` ENABLE KEYS */;
UNLOCK TABLES;

--
-- Table structure for table `vtiger_productcurrencyrel`
--

DROP TABLE IF EXISTS `vtiger_productcurrencyrel`;
/*!40101 SET @saved_cs_client     = @@character_set_client */;
/*!40101 SET character_set_client = utf8 */;
CREATE TABLE `vtiger_productcurrencyrel` (
  `productid` int(11) NOT NULL,
  `currencyid` int(11) NOT NULL,
  `converted_price` decimal(28,8) DEFAULT NULL,
  `actual_price` decimal(28,8) DEFAULT NULL
) ENGINE=InnoDB DEFAULT CHARSET=utf8;
/*!40101 SET character_set_client = @saved_cs_client */;

--
-- Dumping data for table `vtiger_productcurrencyrel`
--

LOCK TABLES `vtiger_productcurrencyrel` WRITE;
/*!40000 ALTER TABLE `vtiger_productcurrencyrel` DISABLE KEYS */;
INSERT INTO `vtiger_productcurrencyrel` VALUES (17,1,1.25000000,1.25000000),(18,1,0.00000000,0.00000000),(8,1,100.00000000,100.00000000);
/*!40000 ALTER TABLE `vtiger_productcurrencyrel` ENABLE KEYS */;
UNLOCK TABLES;

--
-- Table structure for table `vtiger_products`
--

DROP TABLE IF EXISTS `vtiger_products`;
/*!40101 SET @saved_cs_client     = @@character_set_client */;
/*!40101 SET character_set_client = utf8 */;
CREATE TABLE `vtiger_products` (
  `productid` int(11) NOT NULL,
  `product_no` varchar(100) NOT NULL,
  `productname` varchar(100) DEFAULT NULL,
  `productcode` varchar(40) DEFAULT NULL,
  `productcategory` varchar(200) DEFAULT NULL,
  `manufacturer` varchar(200) DEFAULT NULL,
  `qty_per_unit` decimal(11,2) DEFAULT '0.00',
  `unit_price` decimal(25,8) DEFAULT NULL,
  `weight` decimal(11,3) DEFAULT NULL,
  `pack_size` int(11) DEFAULT NULL,
  `sales_start_date` date DEFAULT NULL,
  `sales_end_date` date DEFAULT NULL,
  `start_date` date DEFAULT NULL,
  `expiry_date` date DEFAULT NULL,
  `cost_factor` int(11) DEFAULT NULL,
  `commissionrate` decimal(7,3) DEFAULT NULL,
  `commissionmethod` varchar(50) DEFAULT NULL,
  `discontinued` int(1) NOT NULL DEFAULT '0',
  `usageunit` varchar(200) DEFAULT NULL,
  `reorderlevel` int(11) DEFAULT NULL,
  `website` varchar(100) DEFAULT NULL,
  `taxclass` varchar(200) DEFAULT NULL,
  `mfr_part_no` varchar(200) DEFAULT NULL,
  `vendor_part_no` varchar(200) DEFAULT NULL,
  `serialno` varchar(200) DEFAULT NULL,
  `qtyinstock` decimal(25,3) DEFAULT NULL,
  `productsheet` varchar(200) DEFAULT NULL,
  `qtyindemand` int(11) DEFAULT NULL,
  `glacct` varchar(200) DEFAULT NULL,
  `vendor_id` int(11) DEFAULT NULL,
  `imagename` text,
  `currency_id` int(19) NOT NULL DEFAULT '1',
  PRIMARY KEY (`productid`)
) ENGINE=InnoDB DEFAULT CHARSET=utf8;
/*!40101 SET character_set_client = @saved_cs_client */;

--
-- Dumping data for table `vtiger_products`
--

LOCK TABLES `vtiger_products` WRITE;
/*!40000 ALTER TABLE `vtiger_products` DISABLE KEYS */;
INSERT INTO `vtiger_products` VALUES (8,'PRO1','Single Roller','803.051','Hardware','LexPon Inc.',1.00,100.00000000,NULL,NULL,NULL,NULL,NULL,NULL,NULL,0.000,NULL,1,'Each',0,'','','','','',10000.000,'',0,'',0,'',1),(16,'PRO2','Bottom Rail Oval White','','','',0.00,2.60000000,NULL,NULL,NULL,NULL,NULL,NULL,NULL,0.000,NULL,1,'',0,'','','','','',1000.000,'',0,'',0,'',1),(17,'PRO3','Operation Chain Stainless Steel Pre-looped','','','AltvetPet Inc.',1.00,1.25000000,NULL,NULL,NULL,NULL,NULL,NULL,NULL,0.000,NULL,1,'Each',0,'','','','','',1000.000,'',0,'',0,'',1),(18,'PRO4','Bottom Rail End Cap','25.860.980','','LexPon Inc.',1.00,0.00000000,NULL,NULL,NULL,NULL,NULL,NULL,NULL,0.000,NULL,1,'M',0,'','','','','',1000.000,'',0,'',0,'',1);
/*!40000 ALTER TABLE `vtiger_products` ENABLE KEYS */;
UNLOCK TABLES;

--
-- Table structure for table `vtiger_producttaxrel`
--

DROP TABLE IF EXISTS `vtiger_producttaxrel`;
/*!40101 SET @saved_cs_client     = @@character_set_client */;
/*!40101 SET character_set_client = utf8 */;
CREATE TABLE `vtiger_producttaxrel` (
  `productid` int(11) NOT NULL,
  `taxid` int(3) NOT NULL,
  `taxpercentage` decimal(7,3) DEFAULT NULL,
  KEY `producttaxrel_productid_idx` (`productid`),
  KEY `producttaxrel_taxid_idx` (`taxid`)
) ENGINE=InnoDB DEFAULT CHARSET=utf8;
/*!40101 SET character_set_client = @saved_cs_client */;

--
-- Dumping data for table `vtiger_producttaxrel`
--

LOCK TABLES `vtiger_producttaxrel` WRITE;
/*!40000 ALTER TABLE `vtiger_producttaxrel` DISABLE KEYS */;
INSERT INTO `vtiger_producttaxrel` VALUES (17,1,10.000),(8,1,4.500),(8,2,10.000),(8,3,0.000);
/*!40000 ALTER TABLE `vtiger_producttaxrel` ENABLE KEYS */;
UNLOCK TABLES;

--
-- Table structure for table `vtiger_profile`
--

DROP TABLE IF EXISTS `vtiger_profile`;
/*!40101 SET @saved_cs_client     = @@character_set_client */;
/*!40101 SET character_set_client = utf8 */;
CREATE TABLE `vtiger_profile` (
  `profileid` int(10) NOT NULL AUTO_INCREMENT,
  `profilename` varchar(50) NOT NULL,
  `description` text,
  `directly_related_to_role` int(1) DEFAULT '0',
  PRIMARY KEY (`profileid`)
) ENGINE=InnoDB AUTO_INCREMENT=9 DEFAULT CHARSET=utf8;
/*!40101 SET character_set_client = @saved_cs_client */;

--
-- Dumping data for table `vtiger_profile`
--

LOCK TABLES `vtiger_profile` WRITE;
/*!40000 ALTER TABLE `vtiger_profile` DISABLE KEYS */;
INSERT INTO `vtiger_profile` VALUES (1,'Administrator','Admin Profile',0),(2,'x Sales Profile','Profile Related to Sales',0),(3,'Support Profile','Profile Related to Support',0),(4,'Guest Profile','Guest Profile for Test Users',0),(5,'Office User Profile','',0),(6,'Factory User Profile','',0),(7,'Dealer Admin Profile','',0),(8,'Sales Person Profile','',0);
/*!40000 ALTER TABLE `vtiger_profile` ENABLE KEYS */;
UNLOCK TABLES;

--
-- Table structure for table `vtiger_profile2field`
--

DROP TABLE IF EXISTS `vtiger_profile2field`;
/*!40101 SET @saved_cs_client     = @@character_set_client */;
/*!40101 SET character_set_client = utf8 */;
CREATE TABLE `vtiger_profile2field` (
  `profileid` int(11) NOT NULL,
  `tabid` int(10) DEFAULT NULL,
  `fieldid` int(19) NOT NULL,
  `visible` int(19) DEFAULT NULL,
  `readonly` int(19) DEFAULT NULL,
  PRIMARY KEY (`profileid`,`fieldid`),
  KEY `profile2field_profileid_tabid_fieldname_idx` (`profileid`,`tabid`),
  KEY `profile2field_tabid_profileid_idx` (`tabid`,`profileid`),
  KEY `profile2field_visible_profileid_idx` (`visible`,`profileid`)
) ENGINE=InnoDB DEFAULT CHARSET=utf8;
/*!40101 SET character_set_client = @saved_cs_client */;

--
-- Dumping data for table `vtiger_profile2field`
--

LOCK TABLES `vtiger_profile2field` WRITE;
/*!40000 ALTER TABLE `vtiger_profile2field` DISABLE KEYS */;
INSERT INTO `vtiger_profile2field` VALUES (1,6,1,0,0),(1,6,2,0,0),(1,6,3,0,0),(1,6,4,0,0),(1,6,5,0,0),(1,6,6,0,0),(1,6,7,0,0),(1,6,8,0,0),(1,6,9,0,0),(1,6,10,0,0),(1,6,11,0,0),(1,6,12,0,0),(1,6,13,0,0),(1,6,14,0,0),(1,6,15,0,0),(1,6,16,0,0),(1,6,17,0,0),(1,6,18,0,0),(1,6,19,0,0),(1,6,20,0,0),(1,6,21,0,1),(1,6,22,0,1),(1,6,23,0,0),(1,6,24,0,0),(1,6,25,0,0),(1,6,26,0,0),(1,6,27,0,0),(1,6,28,0,0),(1,6,29,0,0),(1,6,30,0,0),(1,6,31,0,0),(1,6,32,0,0),(1,6,33,0,0),(1,6,34,0,0),(1,6,35,0,0),(1,6,36,0,0),(1,7,37,0,0),(1,7,38,0,0),(1,7,39,0,0),(1,7,40,0,0),(1,7,41,0,0),(1,7,42,0,0),(1,7,43,0,0),(1,7,44,0,0),(1,7,45,0,0),(1,7,46,0,0),(1,7,47,0,0),(1,7,48,0,0),(1,7,49,0,0),(1,7,50,0,0),(1,7,51,0,0),(1,7,52,0,0),(1,7,53,0,0),(1,7,54,0,0),(1,7,55,0,0),(1,7,56,0,1),(1,7,57,0,1),(1,7,58,0,0),(1,7,59,0,0),(1,7,60,0,0),(1,7,61,0,0),(1,7,62,0,0),(1,7,63,0,0),(1,7,64,0,0),(1,7,65,0,0),(1,4,66,0,0),(1,4,67,0,0),(1,4,68,0,0),(1,4,69,0,0),(1,4,70,0,0),(1,4,71,0,0),(1,4,72,0,0),(1,4,73,0,0),(1,4,74,0,0),(1,4,75,0,0),(1,4,76,0,0),(1,4,77,0,0),(1,4,78,0,0),(1,4,79,0,0),(1,4,80,0,0),(1,4,81,0,0),(1,4,82,0,0),(1,4,83,0,0),(1,4,84,0,0),(1,4,85,0,0),(1,4,86,0,0),(1,4,87,0,0),(1,4,88,0,0),(1,4,89,0,0),(1,4,90,0,1),(1,4,91,0,1),(1,4,92,0,0),(1,4,93,0,0),(1,4,94,0,0),(1,4,95,0,0),(1,4,96,0,0),(1,4,97,0,0),(1,4,98,0,0),(1,4,99,0,0),(1,4,100,0,0),(1,4,101,0,0),(1,4,102,0,0),(1,4,103,0,0),(1,4,104,0,0),(1,4,105,0,0),(1,4,106,0,0),(1,4,107,0,0),(1,4,108,0,0),(1,4,109,0,0),(1,2,110,0,0),(1,2,111,0,0),(1,2,112,0,0),(1,2,113,0,0),(1,2,114,0,0),(1,2,115,0,0),(1,2,116,0,0),(1,2,117,0,0),(1,2,118,0,0),(1,2,119,0,0),(1,2,120,0,0),(1,2,121,0,0),(1,2,122,0,1),(1,2,123,0,1),(1,2,124,0,0),(1,2,125,0,0),(1,26,126,0,0),(1,26,127,0,0),(1,26,128,0,0),(1,26,129,0,0),(1,26,130,0,0),(1,26,131,0,0),(1,26,132,0,0),(1,26,133,0,0),(1,26,134,0,0),(1,26,135,0,0),(1,26,136,0,0),(1,26,137,0,0),(1,26,138,0,0),(1,26,139,0,0),(1,26,140,0,0),(1,26,141,0,0),(1,26,142,0,0),(1,26,143,0,0),(1,26,144,0,0),(1,26,145,0,0),(1,26,146,0,0),(1,26,147,0,0),(1,26,148,0,0),(1,26,149,0,0),(1,26,150,0,0),(1,4,151,0,0),(1,6,152,0,0),(1,7,153,0,0),(1,26,154,0,0),(1,13,155,0,0),(1,13,156,0,0),(1,13,157,0,0),(1,13,158,0,0),(1,13,159,0,0),(1,13,160,0,0),(1,13,161,0,0),(1,13,162,0,0),(1,13,163,0,0),(1,13,164,0,0),(1,13,165,0,0),(1,13,166,0,0),(1,13,167,0,0),(1,13,168,0,0),(1,13,169,0,0),(1,13,170,0,0),(1,13,171,0,0),(1,13,172,0,0),(1,14,173,0,0),(1,14,174,0,0),(1,14,175,0,0),(1,14,176,0,0),(1,14,177,0,0),(1,14,178,0,0),(1,14,179,0,0),(1,14,180,0,0),(1,14,181,0,0),(1,14,182,0,0),(1,14,183,0,0),(1,14,184,0,0),(1,14,185,0,0),(1,14,186,0,0),(1,14,187,0,0),(1,14,188,0,0),(1,14,189,0,0),(1,14,190,0,1),(1,14,191,0,1),(1,14,192,0,0),(1,14,193,0,0),(1,14,194,0,0),(1,14,195,0,0),(1,14,196,0,0),(1,14,197,0,0),(1,14,198,0,0),(1,14,199,0,0),(1,14,200,0,0),(1,14,201,0,0),(1,14,202,0,0),(1,14,203,0,0),(1,8,204,0,0),(1,8,205,0,0),(1,8,206,0,0),(1,8,207,0,0),(1,8,208,0,0),(1,8,209,0,0),(1,8,210,0,0),(1,8,211,0,0),(1,8,212,0,0),(1,8,213,0,0),(1,8,214,0,0),(1,8,215,0,0),(1,8,216,0,0),(1,8,217,0,0),(1,8,218,0,0),(1,10,219,0,0),(1,10,220,0,0),(1,10,221,0,0),(1,10,222,0,0),(1,10,223,0,0),(1,10,224,0,0),(1,10,225,0,0),(1,10,226,0,0),(1,10,227,0,0),(1,10,228,0,0),(1,10,229,0,0),(1,10,230,0,0),(1,9,231,0,0),(1,9,232,0,0),(1,9,233,0,0),(1,9,234,0,0),(1,9,235,0,0),(1,9,236,0,0),(1,9,237,0,0),(1,9,238,0,0),(1,9,239,0,0),(1,9,240,0,0),(1,9,241,0,0),(1,9,242,0,0),(1,9,243,0,0),(1,9,244,0,0),(1,9,245,0,0),(1,9,246,0,0),(1,9,247,0,0),(1,9,248,0,0),(1,9,249,0,0),(1,9,250,0,0),(1,9,251,0,0),(1,9,252,0,0),(1,9,253,0,0),(1,9,254,0,0),(1,16,255,0,0),(1,16,256,0,0),(1,16,257,0,0),(1,16,258,0,0),(1,16,259,0,0),(1,16,260,0,0),(1,16,261,0,0),(1,16,262,0,0),(1,16,263,0,0),(1,16,264,0,0),(1,16,265,0,0),(1,16,266,0,0),(1,16,267,0,0),(1,16,268,0,0),(1,16,269,0,0),(1,16,270,0,0),(1,16,271,0,0),(1,16,272,0,0),(1,16,273,0,0),(1,16,274,0,0),(1,16,275,0,0),(1,16,276,0,0),(1,16,277,0,0),(1,15,278,0,0),(1,15,279,0,0),(1,15,280,0,0),(1,15,281,0,0),(1,15,282,0,0),(1,15,283,0,0),(1,15,284,0,0),(1,15,285,0,0),(1,15,286,0,0),(1,15,287,0,0),(1,18,288,0,0),(1,18,289,0,0),(1,18,290,0,0),(1,18,291,0,0),(1,18,292,0,0),(1,18,293,0,0),(1,18,294,0,0),(1,18,295,0,0),(1,18,296,0,0),(1,18,297,0,0),(1,18,298,0,0),(1,18,299,0,0),(1,18,300,0,0),(1,18,301,0,0),(1,18,302,0,0),(1,18,303,0,0),(1,18,304,0,0),(1,19,305,0,0),(1,19,306,0,0),(1,19,307,0,0),(1,19,308,0,0),(1,19,309,0,0),(1,19,310,0,0),(1,19,311,0,0),(1,19,312,0,0),(1,20,313,0,0),(1,20,314,0,0),(1,20,315,0,0),(1,20,316,0,0),(1,20,317,0,0),(1,20,318,0,0),(1,20,319,0,0),(1,20,320,0,0),(1,20,321,0,0),(1,20,322,0,0),(1,20,323,0,0),(1,20,324,0,0),(1,20,325,0,0),(1,20,326,0,0),(1,20,327,0,0),(1,20,328,0,0),(1,20,329,0,0),(1,20,330,0,0),(1,20,331,0,1),(1,20,332,0,1),(1,20,333,0,0),(1,20,334,0,0),(1,20,335,0,0),(1,20,336,0,0),(1,20,337,0,0),(1,20,338,0,0),(1,20,339,0,0),(1,20,340,0,0),(1,20,341,0,0),(1,20,342,0,0),(1,20,343,0,0),(1,20,344,0,0),(1,20,345,0,0),(1,20,346,0,0),(1,20,347,0,0),(1,20,348,0,0),(1,20,349,0,0),(1,21,350,0,0),(1,21,351,0,0),(1,21,352,0,0),(1,21,353,0,0),(1,21,354,0,0),(1,21,355,0,0),(1,21,356,0,0),(1,21,357,0,0),(1,21,358,0,0),(1,21,359,0,0),(1,21,360,0,0),(1,21,361,0,0),(1,21,362,0,0),(1,21,363,0,0),(1,21,364,0,0),(1,21,365,0,0),(1,21,366,0,0),(1,21,367,0,0),(1,21,368,0,0),(1,21,369,0,0),(1,21,370,0,0),(1,21,371,0,0),(1,21,372,0,0),(1,21,373,0,0),(1,21,374,0,0),(1,21,375,0,0),(1,21,376,0,0),(1,21,377,0,0),(1,21,378,0,0),(1,21,379,0,0),(1,21,380,0,0),(1,21,381,0,0),(1,21,382,0,0),(1,21,383,0,0),(1,21,384,0,0),(1,21,385,0,0),(1,21,386,0,0),(1,21,387,0,0),(1,22,388,0,0),(1,22,389,0,0),(1,22,390,0,0),(1,22,391,0,0),(1,22,392,0,0),(1,22,393,0,0),(1,22,394,0,0),(1,22,395,0,0),(1,22,396,0,0),(1,22,397,0,0),(1,22,398,0,0),(1,22,399,0,0),(1,22,400,0,0),(1,22,401,0,0),(1,22,402,0,0),(1,22,403,0,0),(1,22,404,0,0),(1,22,405,0,0),(1,22,406,0,0),(1,22,407,0,0),(1,22,408,0,0),(1,22,409,0,0),(1,22,410,0,1),(1,22,411,0,1),(1,22,412,0,0),(1,22,413,0,0),(1,22,414,0,0),(1,22,415,0,0),(1,22,416,0,0),(1,22,417,0,0),(1,22,418,0,0),(1,22,419,0,0),(1,22,420,0,0),(1,22,421,0,0),(1,22,422,0,0),(1,22,423,0,0),(1,22,424,0,0),(1,22,425,0,0),(1,22,426,0,0),(1,22,427,0,0),(1,22,428,0,0),(1,22,429,0,0),(1,22,430,0,0),(1,22,431,0,0),(1,22,432,0,0),(1,22,433,0,0),(1,22,434,0,0),(1,23,435,0,0),(1,23,436,0,0),(1,23,437,0,0),(1,23,438,0,0),(1,23,439,0,0),(1,23,440,0,0),(1,23,441,0,0),(1,23,442,0,0),(1,23,443,0,0),(1,23,444,0,0),(1,23,445,0,0),(1,23,446,0,0),(1,23,447,0,0),(1,23,448,0,0),(1,23,449,0,0),(1,23,450,0,0),(1,23,451,0,0),(1,23,452,0,0),(1,23,453,0,0),(1,23,454,0,1),(1,23,455,0,1),(1,23,456,0,0),(1,23,457,0,0),(1,23,458,0,0),(1,23,459,0,0),(1,23,460,0,0),(1,23,461,0,0),(1,23,462,0,0),(1,23,463,0,0),(1,23,464,0,0),(1,23,465,0,0),(1,23,466,0,0),(1,23,467,0,0),(1,23,468,0,0),(1,23,469,0,0),(1,23,470,0,0),(1,23,471,0,0),(1,23,472,0,0),(1,23,473,0,0),(1,29,474,0,0),(1,29,478,0,0),(1,29,479,0,0),(1,29,481,0,0),(1,29,488,0,0),(1,29,489,0,0),(1,29,490,0,0),(1,29,491,0,0),(1,29,493,0,0),(1,29,494,0,0),(1,29,495,0,0),(1,29,496,0,0),(1,29,497,0,0),(1,29,502,0,0),(1,29,503,0,0),(1,29,504,0,0),(1,29,505,0,0),(1,29,513,0,0),(1,10,518,0,0),(1,10,519,0,0),(1,10,520,0,0),(1,10,521,0,0),(1,10,522,0,0),(1,10,523,0,0),(1,34,524,0,0),(1,34,525,0,0),(1,34,526,0,0),(1,34,527,0,0),(1,34,528,0,0),(1,34,529,0,0),(1,34,530,0,0),(1,34,531,0,0),(1,34,532,0,0),(1,34,533,0,0),(1,34,534,0,0),(1,34,535,0,0),(1,34,536,0,0),(1,34,537,0,0),(1,34,538,0,0),(1,34,539,0,0),(1,29,540,0,0),(1,35,541,0,0),(1,35,542,0,0),(1,35,543,0,0),(1,35,544,0,0),(1,35,545,0,0),(1,35,546,0,0),(1,35,547,0,0),(1,35,548,0,0),(1,35,549,0,0),(1,35,550,0,0),(1,35,551,0,0),(1,35,552,0,0),(1,35,553,0,0),(1,35,554,0,0),(1,35,555,0,0),(1,35,556,0,0),(1,35,557,0,0),(1,35,558,0,0),(1,35,559,0,0),(1,36,560,0,0),(1,36,561,0,0),(1,36,562,0,0),(1,36,563,0,0),(1,36,564,0,0),(1,36,565,0,0),(1,36,566,0,0),(1,36,567,0,0),(1,36,568,0,0),(1,36,569,0,0),(1,36,570,0,0),(1,36,571,0,0),(1,36,572,0,0),(1,36,573,0,0),(1,36,574,0,0),(1,36,575,0,0),(1,36,576,0,0),(1,36,577,0,0),(1,36,578,0,0),(1,38,579,0,0),(1,38,580,0,0),(1,38,581,0,0),(1,38,582,0,0),(1,38,583,0,0),(1,38,584,0,0),(1,38,585,0,0),(1,38,586,0,0),(1,38,587,0,0),(1,38,588,0,0),(1,38,589,0,0),(1,38,590,0,0),(1,38,591,0,0),(1,38,592,0,0),(1,38,593,0,0),(1,38,594,0,0),(1,38,595,0,0),(1,38,596,0,0),(1,42,597,0,0),(1,42,598,0,0),(1,42,599,0,0),(1,42,600,0,0),(1,42,601,0,0),(1,42,602,0,0),(1,42,603,0,0),(1,43,604,0,0),(1,43,605,0,0),(1,43,606,0,0),(1,43,607,0,0),(1,43,608,0,0),(1,43,609,0,0),(1,43,610,0,0),(1,43,611,0,0),(1,43,612,0,0),(1,43,613,0,0),(1,44,614,0,0),(1,44,615,0,0),(1,44,616,0,0),(1,44,617,0,0),(1,44,618,0,0),(1,44,619,0,0),(1,44,620,0,0),(1,44,621,0,0),(1,44,622,0,0),(1,44,623,0,0),(1,44,624,0,0),(1,44,625,0,0),(1,44,626,0,0),(1,44,627,0,0),(1,44,628,0,0),(1,45,629,0,0),(1,45,630,0,0),(1,45,631,0,0),(1,45,632,0,0),(1,45,633,0,0),(1,45,634,0,0),(1,45,635,0,0),(1,45,636,0,0),(1,45,637,0,0),(1,45,638,0,0),(1,45,639,0,0),(1,45,640,0,0),(1,45,641,0,0),(1,45,642,0,0),(1,45,643,0,0),(1,45,644,0,0),(1,45,645,0,0),(1,47,646,0,0),(1,47,647,0,0),(1,47,648,0,0),(1,47,649,0,0),(1,47,650,0,0),(1,2,651,0,0),(1,29,652,0,0),(1,23,653,0,1),(1,23,654,0,1),(1,23,655,0,1),(1,23,656,0,1),(1,23,657,0,1),(1,23,658,0,1),(1,23,659,0,1),(1,23,660,0,1),(1,23,661,0,1),(1,22,662,0,1),(1,22,663,0,1),(1,22,664,0,1),(1,22,665,0,1),(1,22,666,0,1),(1,22,667,0,1),(1,22,668,0,1),(1,22,669,0,1),(1,22,670,0,1),(1,21,671,0,0),(1,21,672,0,0),(1,21,673,0,0),(1,21,674,0,0),(1,21,675,0,0),(1,21,676,0,0),(1,21,677,0,0),(1,21,678,0,0),(1,21,679,0,0),(1,20,680,0,1),(1,20,681,0,1),(1,20,682,0,1),(1,20,683,0,1),(1,20,684,0,1),(1,20,685,0,1),(1,20,686,0,1),(1,20,687,0,1),(1,20,688,0,1),(1,29,689,0,0),(1,44,690,0,0),(1,42,691,0,0),(1,29,692,0,0),(1,29,693,0,0),(1,29,694,0,0),(1,23,695,0,0),(1,22,696,0,0),(1,21,697,0,0),(1,20,698,0,0),(1,29,699,0,0),(1,6,700,0,1),(1,4,701,0,1),(1,2,702,0,1),(1,29,703,0,0),(1,23,704,0,0),(1,23,705,0,0),(1,21,706,0,0),(1,21,707,0,0),(1,18,708,0,0),(1,7,709,0,0),(1,42,710,0,0),(1,42,711,0,0),(1,23,712,0,1),(1,20,713,0,1),(1,21,714,0,0),(1,22,715,0,1),(1,29,716,0,0),(1,2,717,0,0),(1,13,718,0,0),(1,29,719,0,0),(1,13,720,0,0),(1,29,721,0,0),(1,29,722,0,0),(1,29,723,0,0),(1,2,724,0,1),(1,4,725,0,1),(1,6,726,0,1),(1,7,727,0,1),(1,9,729,0,0),(1,13,730,0,0),(1,18,734,0,0),(1,21,737,0,0),(1,23,739,0,1),(1,42,745,0,0),(1,43,746,0,0),(1,44,747,0,0),(1,45,748,0,0),(1,29,750,0,0),(1,7,754,0,0),(2,6,1,0,0),(2,6,2,0,0),(2,6,3,0,0),(2,6,4,0,0),(2,6,5,0,0),(2,6,6,0,0),(2,6,7,0,0),(2,6,8,0,0),(2,6,9,0,0),(2,6,10,0,0),(2,6,11,0,0),(2,6,12,0,0),(2,6,13,0,0),(2,6,14,0,0),(2,6,15,0,0),(2,6,16,0,0),(2,6,17,0,0),(2,6,18,0,0),(2,6,19,0,0),(2,6,20,0,0),(2,6,21,0,1),(2,6,22,0,1),(2,6,23,0,0),(2,6,24,0,0),(2,6,25,0,0),(2,6,26,0,0),(2,6,27,0,0),(2,6,28,0,0),(2,6,29,0,0),(2,6,30,0,0),(2,6,31,0,0),(2,6,32,0,0),(2,6,33,0,0),(2,6,34,0,0),(2,6,35,0,0),(2,6,36,0,0),(2,7,37,0,0),(2,7,38,0,0),(2,7,39,0,0),(2,7,40,0,0),(2,7,41,0,0),(2,7,42,0,0),(2,7,43,0,0),(2,7,44,0,0),(2,7,45,0,0),(2,7,46,0,0),(2,7,47,0,0),(2,7,48,0,0),(2,7,49,0,0),(2,7,50,0,0),(2,7,51,0,0),(2,7,52,0,0),(2,7,53,0,0),(2,7,54,0,0),(2,7,55,0,0),(2,7,56,0,1),(2,7,57,0,1),(2,7,58,0,0),(2,7,59,0,0),(2,7,60,0,0),(2,7,61,0,0),(2,7,62,0,0),(2,7,63,0,0),(2,7,64,0,0),(2,7,65,0,0),(2,4,66,0,0),(2,4,67,0,0),(2,4,68,0,0),(2,4,69,0,0),(2,4,70,0,0),(2,4,71,0,0),(2,4,72,0,0),(2,4,73,0,0),(2,4,74,0,0),(2,4,75,0,0),(2,4,76,0,0),(2,4,77,0,0),(2,4,78,0,0),(2,4,79,0,0),(2,4,80,0,0),(2,4,81,0,0),(2,4,82,0,0),(2,4,83,0,0),(2,4,84,0,0),(2,4,85,0,0),(2,4,86,0,0),(2,4,87,0,0),(2,4,88,0,0),(2,4,89,0,0),(2,4,90,0,1),(2,4,91,0,1),(2,4,92,0,0),(2,4,93,0,0),(2,4,94,0,0),(2,4,95,0,0),(2,4,96,0,0),(2,4,97,0,0),(2,4,98,0,0),(2,4,99,0,0),(2,4,100,0,0),(2,4,101,0,0),(2,4,102,0,0),(2,4,103,0,0),(2,4,104,0,0),(2,4,105,0,0),(2,4,106,0,0),(2,4,107,0,0),(2,4,108,0,0),(2,4,109,0,0),(2,2,110,0,0),(2,2,111,0,0),(2,2,112,0,0),(2,2,113,0,0),(2,2,114,0,0),(2,2,115,0,0),(2,2,116,0,0),(2,2,117,0,0),(2,2,118,0,0),(2,2,119,0,0),(2,2,120,0,0),(2,2,121,0,0),(2,2,122,0,1),(2,2,123,0,1),(2,2,124,0,0),(2,2,125,0,0),(2,26,126,0,0),(2,26,127,0,0),(2,26,128,0,0),(2,26,129,0,0),(2,26,130,0,0),(2,26,131,0,0),(2,26,132,0,0),(2,26,133,0,0),(2,26,134,0,0),(2,26,135,0,0),(2,26,136,0,0),(2,26,137,0,0),(2,26,138,0,0),(2,26,139,0,0),(2,26,140,0,0),(2,26,141,0,0),(2,26,142,0,0),(2,26,143,0,0),(2,26,144,0,0),(2,26,145,0,0),(2,26,146,0,0),(2,26,147,0,0),(2,26,148,0,0),(2,26,149,0,0),(2,26,150,0,0),(2,4,151,0,0),(2,6,152,0,0),(2,7,153,0,0),(2,26,154,0,0),(2,13,155,0,0),(2,13,156,0,0),(2,13,157,0,0),(2,13,158,0,0),(2,13,159,0,0),(2,13,160,0,0),(2,13,161,0,0),(2,13,162,0,0),(2,13,163,0,0),(2,13,164,0,0),(2,13,165,0,0),(2,13,166,0,0),(2,13,167,0,0),(2,13,168,0,0),(2,13,169,0,0),(2,13,170,0,0),(2,13,171,0,0),(2,13,172,0,0),(2,14,173,0,0),(2,14,174,0,0),(2,14,175,0,0),(2,14,176,0,0),(2,14,177,0,0),(2,14,178,0,0),(2,14,179,0,0),(2,14,180,0,0),(2,14,181,0,0),(2,14,182,0,0),(2,14,183,0,0),(2,14,184,0,0),(2,14,185,0,0),(2,14,186,0,0),(2,14,187,0,0),(2,14,188,0,0),(2,14,189,0,0),(2,14,190,0,0),(2,14,191,0,0),(2,14,192,0,0),(2,14,193,0,0),(2,14,194,0,0),(2,14,195,0,0),(2,14,196,0,0),(2,14,197,0,0),(2,14,198,0,0),(2,14,199,0,0),(2,14,200,0,0),(2,14,201,0,0),(2,14,202,0,0),(2,14,203,0,0),(2,8,204,0,0),(2,8,205,0,0),(2,8,206,0,0),(2,8,207,0,0),(2,8,208,0,0),(2,8,209,0,0),(2,8,210,0,0),(2,8,211,0,0),(2,8,212,0,0),(2,8,213,0,0),(2,8,214,0,0),(2,8,215,0,0),(2,8,216,0,0),(2,8,217,0,0),(2,8,218,0,0),(2,10,219,0,0),(2,10,220,0,0),(2,10,221,0,0),(2,10,222,0,0),(2,10,223,0,0),(2,10,224,0,0),(2,10,225,0,0),(2,10,226,0,0),(2,10,227,0,0),(2,10,228,0,0),(2,10,229,0,0),(2,10,230,0,0),(2,9,231,0,0),(2,9,232,0,0),(2,9,233,0,0),(2,9,234,0,0),(2,9,235,0,0),(2,9,236,0,0),(2,9,237,0,0),(2,9,238,0,0),(2,9,239,0,0),(2,9,240,0,0),(2,9,241,0,0),(2,9,242,0,0),(2,9,243,0,0),(2,9,244,0,0),(2,9,245,0,0),(2,9,246,0,0),(2,9,247,0,0),(2,9,248,0,0),(2,9,249,0,0),(2,9,250,0,0),(2,9,251,0,0),(2,9,252,0,0),(2,9,253,0,0),(2,9,254,0,0),(2,16,255,0,0),(2,16,256,0,0),(2,16,257,0,0),(2,16,258,0,0),(2,16,259,0,0),(2,16,260,0,0),(2,16,261,0,0),(2,16,262,0,0),(2,16,263,0,0),(2,16,264,0,0),(2,16,265,0,0),(2,16,266,0,0),(2,16,267,0,0),(2,16,268,0,0),(2,16,269,0,0),(2,16,270,0,0),(2,16,271,0,0),(2,16,272,0,0),(2,16,273,0,0),(2,16,274,0,0),(2,16,275,0,0),(2,16,276,0,0),(2,16,277,0,0),(2,15,278,0,0),(2,15,279,0,0),(2,15,280,0,0),(2,15,281,0,0),(2,15,282,0,0),(2,15,283,0,0),(2,15,284,0,0),(2,15,285,0,0),(2,15,286,0,0),(2,15,287,0,0),(2,18,288,0,0),(2,18,289,0,0),(2,18,290,0,0),(2,18,291,0,0),(2,18,292,0,0),(2,18,293,0,0),(2,18,294,0,0),(2,18,295,0,0),(2,18,296,0,0),(2,18,297,0,0),(2,18,298,0,0),(2,18,299,0,0),(2,18,300,0,0),(2,18,301,0,0),(2,18,302,0,0),(2,18,303,0,0),(2,18,304,0,0),(2,19,305,0,0),(2,19,306,0,0),(2,19,307,0,0),(2,19,308,0,0),(2,19,309,0,0),(2,19,310,0,0),(2,19,311,0,0),(2,19,312,0,0),(2,20,313,0,0),(2,20,314,0,0),(2,20,315,0,0),(2,20,316,0,0),(2,20,317,0,0),(2,20,318,0,0),(2,20,319,0,0),(2,20,320,0,0),(2,20,321,0,0),(2,20,322,0,0),(2,20,323,0,0),(2,20,324,0,0),(2,20,325,0,0),(2,20,326,0,0),(2,20,327,0,0),(2,20,328,0,0),(2,20,329,0,0),(2,20,330,0,0),(2,20,331,0,0),(2,20,332,0,0),(2,20,333,0,0),(2,20,334,0,0),(2,20,335,0,0),(2,20,336,0,0),(2,20,337,0,0),(2,20,338,0,0),(2,20,339,0,0),(2,20,340,0,0),(2,20,341,0,0),(2,20,342,0,0),(2,20,343,0,0),(2,20,344,0,0),(2,20,345,0,0),(2,20,346,0,0),(2,20,347,0,0),(2,20,348,0,0),(2,20,349,0,0),(2,21,350,0,0),(2,21,351,0,0),(2,21,352,0,0),(2,21,353,0,0),(2,21,354,0,0),(2,21,355,0,0),(2,21,356,0,0),(2,21,357,0,0),(2,21,358,0,0),(2,21,359,0,0),(2,21,360,0,0),(2,21,361,0,0),(2,21,362,0,0),(2,21,363,0,0),(2,21,364,0,0),(2,21,365,0,0),(2,21,366,0,0),(2,21,367,0,0),(2,21,368,0,0),(2,21,369,0,0),(2,21,370,0,0),(2,21,371,0,0),(2,21,372,0,0),(2,21,373,0,0),(2,21,374,0,0),(2,21,375,0,0),(2,21,376,0,0),(2,21,377,0,0),(2,21,378,0,0),(2,21,379,0,0),(2,21,380,0,0),(2,21,381,0,0),(2,21,382,0,0),(2,21,383,0,0),(2,21,384,0,0),(2,21,385,0,0),(2,21,386,0,0),(2,21,387,0,0),(2,22,388,0,0),(2,22,389,0,0),(2,22,390,0,0),(2,22,391,0,0),(2,22,392,0,0),(2,22,393,0,0),(2,22,394,0,0),(2,22,395,0,0),(2,22,396,0,0),(2,22,397,0,0),(2,22,398,0,0),(2,22,399,0,0),(2,22,400,0,0),(2,22,401,0,0),(2,22,402,0,0),(2,22,403,0,0),(2,22,404,0,0),(2,22,405,0,0),(2,22,406,0,0),(2,22,407,0,0),(2,22,408,0,0),(2,22,409,0,0),(2,22,410,0,0),(2,22,411,0,0),(2,22,412,0,0),(2,22,413,0,0),(2,22,414,0,0),(2,22,415,0,0),(2,22,416,0,0),(2,22,417,0,0),(2,22,418,0,0),(2,22,419,0,0),(2,22,420,0,0),(2,22,421,0,0),(2,22,422,0,0),(2,22,423,0,0),(2,22,424,0,0),(2,22,425,0,0),(2,22,426,0,0),(2,22,427,0,0),(2,22,428,0,0),(2,22,429,0,0),(2,22,430,0,0),(2,22,431,0,0),(2,22,432,0,0),(2,22,433,0,0),(2,22,434,0,0),(2,23,435,0,0),(2,23,436,0,0),(2,23,437,0,0),(2,23,438,0,0),(2,23,439,0,0),(2,23,440,0,0),(2,23,441,0,0),(2,23,442,0,0),(2,23,443,0,0),(2,23,444,0,0),(2,23,445,0,0),(2,23,446,0,0),(2,23,447,0,0),(2,23,448,0,0),(2,23,449,0,0),(2,23,450,0,0),(2,23,451,0,0),(2,23,452,0,0),(2,23,453,0,0),(2,23,454,0,0),(2,23,455,0,0),(2,23,456,0,0),(2,23,457,0,0),(2,23,458,0,0),(2,23,459,0,0),(2,23,460,0,0),(2,23,461,0,0),(2,23,462,0,0),(2,23,463,0,0),(2,23,464,0,0),(2,23,465,0,0),(2,23,466,0,0),(2,23,467,0,0),(2,23,468,0,0),(2,23,469,0,0),(2,23,470,0,0),(2,23,471,0,0),(2,23,472,0,0),(2,23,473,0,0),(2,29,474,0,0),(2,29,478,0,0),(2,29,479,0,0),(2,29,481,0,0),(2,29,488,0,0),(2,29,489,0,0),(2,29,490,0,0),(2,29,491,0,0),(2,29,493,0,0),(2,29,494,0,0),(2,29,495,0,0),(2,29,496,0,0),(2,29,497,0,0),(2,29,502,0,0),(2,29,503,0,0),(2,29,504,0,0),(2,29,505,0,0),(2,29,513,0,0),(2,10,518,0,0),(2,10,519,0,0),(2,10,520,0,0),(2,10,521,0,0),(2,10,522,0,0),(2,10,523,0,0),(2,34,524,0,0),(2,34,525,0,0),(2,34,526,0,0),(2,34,527,0,0),(2,34,528,0,0),(2,34,529,0,0),(2,34,530,0,0),(2,34,531,0,0),(2,34,532,0,0),(2,34,533,0,0),(2,34,534,0,0),(2,34,535,0,0),(2,34,536,0,0),(2,34,537,0,0),(2,34,538,0,0),(2,34,539,0,0),(2,29,540,0,0),(2,35,541,0,0),(2,35,542,0,0),(2,35,543,0,0),(2,35,544,0,0),(2,35,545,0,0),(2,35,546,0,0),(2,35,547,0,0),(2,35,548,0,0),(2,35,549,0,0),(2,35,550,0,0),(2,35,551,0,0),(2,35,552,0,0),(2,35,553,0,0),(2,35,554,0,0),(2,35,555,0,0),(2,35,556,0,0),(2,35,557,0,0),(2,35,558,0,0),(2,35,559,0,0),(2,36,560,0,0),(2,36,561,0,0),(2,36,562,0,0),(2,36,563,0,0),(2,36,564,0,0),(2,36,565,0,0),(2,36,566,0,0),(2,36,567,0,0),(2,36,568,0,0),(2,36,569,0,0),(2,36,570,0,0),(2,36,571,0,0),(2,36,572,0,0),(2,36,573,0,0),(2,36,574,0,0),(2,36,575,0,0),(2,36,576,0,0),(2,36,577,0,0),(2,36,578,0,0),(2,38,579,0,0),(2,38,580,0,0),(2,38,581,0,0),(2,38,582,0,0),(2,38,583,0,0),(2,38,584,0,0),(2,38,585,0,0),(2,38,586,0,0),(2,38,587,0,0),(2,38,588,0,0),(2,38,589,0,0),(2,38,590,0,0),(2,38,591,0,0),(2,38,592,0,0),(2,38,593,0,0),(2,38,594,0,0),(2,38,595,0,0),(2,38,596,0,0),(2,42,597,0,0),(2,42,598,0,0),(2,42,599,0,0),(2,42,600,0,0),(2,42,601,0,0),(2,42,602,0,0),(2,42,603,0,0),(2,43,604,0,0),(2,43,605,0,0),(2,43,606,0,0),(2,43,607,0,0),(2,43,608,0,0),(2,43,609,0,0),(2,43,610,0,0),(2,43,611,0,0),(2,43,612,0,0),(2,43,613,0,0),(2,44,614,0,0),(2,44,615,0,0),(2,44,616,0,0),(2,44,617,0,0),(2,44,618,0,0),(2,44,619,0,0),(2,44,620,0,0),(2,44,621,0,0),(2,44,622,0,0),(2,44,623,0,0),(2,44,624,0,0),(2,44,625,0,0),(2,44,626,0,0),(2,44,627,0,0),(2,44,628,0,0),(2,45,629,0,0),(2,45,630,0,0),(2,45,631,0,0),(2,45,632,0,0),(2,45,633,0,0),(2,45,634,0,0),(2,45,635,0,0),(2,45,636,0,0),(2,45,637,0,0),(2,45,638,0,0),(2,45,639,0,0),(2,45,640,0,0),(2,45,641,0,0),(2,45,642,0,0),(2,45,643,0,0),(2,45,644,0,0),(2,45,645,0,0),(2,47,646,0,0),(2,47,647,0,0),(2,47,648,0,0),(2,47,649,0,0),(2,47,650,0,0),(2,2,651,0,0),(2,29,652,0,0),(2,23,653,0,0),(2,23,654,0,0),(2,23,655,0,0),(2,23,656,0,0),(2,23,657,0,0),(2,23,658,0,0),(2,23,659,0,0),(2,23,660,0,0),(2,23,661,0,0),(2,22,662,0,0),(2,22,663,0,0),(2,22,664,0,0),(2,22,665,0,0),(2,22,666,0,0),(2,22,667,0,0),(2,22,668,0,0),(2,22,669,0,0),(2,22,670,0,0),(2,21,671,0,0),(2,21,672,0,0),(2,21,673,0,0),(2,21,674,0,0),(2,21,675,0,0),(2,21,676,0,0),(2,21,677,0,0),(2,21,678,0,0),(2,21,679,0,0),(2,20,680,0,0),(2,20,681,0,0),(2,20,682,0,0),(2,20,683,0,0),(2,20,684,0,0),(2,20,685,0,0),(2,20,686,0,0),(2,20,687,0,0),(2,20,688,0,0),(2,29,689,0,0),(2,44,690,0,0),(2,42,691,0,0),(2,29,692,0,0),(2,29,693,0,0),(2,29,694,0,0),(2,23,695,0,0),(2,22,696,0,0),(2,21,697,0,0),(2,20,698,0,0),(2,29,699,0,0),(2,6,700,0,1),(2,4,701,0,1),(2,2,702,0,1),(2,29,703,0,0),(2,23,704,0,0),(2,23,705,0,0),(2,21,706,0,0),(2,21,707,0,0),(2,18,708,0,0),(2,7,709,0,0),(2,42,710,0,0),(2,42,711,0,0),(2,23,712,0,0),(2,20,713,0,0),(2,21,714,0,0),(2,22,715,0,0),(2,29,716,0,0),(2,2,717,0,0),(2,13,718,0,0),(2,29,719,0,0),(2,13,720,0,0),(2,29,721,0,0),(2,29,722,0,0),(2,29,723,0,0),(2,2,724,0,1),(2,4,725,0,1),(2,6,726,0,1),(2,7,727,0,1),(2,9,729,0,0),(2,13,730,0,0),(2,18,734,0,0),(2,21,737,0,0),(2,23,739,0,0),(2,42,745,0,0),(2,43,746,0,0),(2,44,747,0,0),(2,45,748,0,0),(2,29,750,0,0),(2,7,754,0,0),(3,6,1,0,0),(3,6,2,0,0),(3,6,3,0,0),(3,6,4,0,0),(3,6,5,0,0),(3,6,6,0,0),(3,6,7,0,0),(3,6,8,0,0),(3,6,9,0,0),(3,6,10,0,0),(3,6,11,0,0),(3,6,12,0,0),(3,6,13,0,0),(3,6,14,0,0),(3,6,15,0,0),(3,6,16,0,0),(3,6,17,0,0),(3,6,18,0,0),(3,6,19,0,0),(3,6,20,0,0),(3,6,21,0,0),(3,6,22,0,0),(3,6,23,0,0),(3,6,24,0,0),(3,6,25,0,0),(3,6,26,0,0),(3,6,27,0,0),(3,6,28,0,0),(3,6,29,0,0),(3,6,30,0,0),(3,6,31,0,0),(3,6,32,0,0),(3,6,33,0,0),(3,6,34,0,0),(3,6,35,0,0),(3,6,36,0,0),(3,7,37,0,0),(3,7,38,0,0),(3,7,39,0,0),(3,7,40,0,0),(3,7,41,0,0),(3,7,42,0,0),(3,7,43,0,0),(3,7,44,0,0),(3,7,45,0,0),(3,7,46,0,0),(3,7,47,0,0),(3,7,48,0,0),(3,7,49,0,0),(3,7,50,0,0),(3,7,51,0,0),(3,7,52,0,0),(3,7,53,0,0),(3,7,54,0,0),(3,7,55,0,0),(3,7,56,0,0),(3,7,57,0,0),(3,7,58,0,0),(3,7,59,0,0),(3,7,60,0,0),(3,7,61,0,0),(3,7,62,0,0),(3,7,63,0,0),(3,7,64,0,0),(3,7,65,0,0),(3,4,66,0,0),(3,4,67,0,0),(3,4,68,0,0),(3,4,69,0,0),(3,4,70,0,0),(3,4,71,0,0),(3,4,72,0,0),(3,4,73,0,0),(3,4,74,0,0),(3,4,75,0,0),(3,4,76,0,0),(3,4,77,0,0),(3,4,78,0,0),(3,4,79,0,0),(3,4,80,0,0),(3,4,81,0,0),(3,4,82,0,0),(3,4,83,0,0),(3,4,84,0,0),(3,4,85,0,0),(3,4,86,0,0),(3,4,87,0,0),(3,4,88,0,0),(3,4,89,0,0),(3,4,90,0,0),(3,4,91,0,0),(3,4,92,0,0),(3,4,93,0,0),(3,4,94,0,0),(3,4,95,0,0),(3,4,96,0,0),(3,4,97,0,0),(3,4,98,0,0),(3,4,99,0,0),(3,4,100,0,0),(3,4,101,0,0),(3,4,102,0,0),(3,4,103,0,0),(3,4,104,0,0),(3,4,105,0,0),(3,4,106,0,0),(3,4,107,0,0),(3,4,108,0,0),(3,4,109,0,0),(3,2,110,0,0),(3,2,111,0,0),(3,2,112,0,0),(3,2,113,0,0),(3,2,114,0,0),(3,2,115,0,0),(3,2,116,0,0),(3,2,117,0,0),(3,2,118,0,0),(3,2,119,0,0),(3,2,120,0,0),(3,2,121,0,0),(3,2,122,0,0),(3,2,123,0,0),(3,2,124,0,0),(3,2,125,0,0),(3,26,126,0,0),(3,26,127,0,0),(3,26,128,0,0),(3,26,129,0,0),(3,26,130,0,0),(3,26,131,0,0),(3,26,132,0,0),(3,26,133,0,0),(3,26,134,0,0),(3,26,135,0,0),(3,26,136,0,0),(3,26,137,0,0),(3,26,138,0,0),(3,26,139,0,0),(3,26,140,0,0),(3,26,141,0,0),(3,26,142,0,0),(3,26,143,0,0),(3,26,144,0,0),(3,26,145,0,0),(3,26,146,0,0),(3,26,147,0,0),(3,26,148,0,0),(3,26,149,0,0),(3,26,150,0,0),(3,4,151,0,0),(3,6,152,0,0),(3,7,153,0,0),(3,26,154,0,0),(3,13,155,0,0),(3,13,156,0,0),(3,13,157,0,0),(3,13,158,0,0),(3,13,159,0,0),(3,13,160,0,0),(3,13,161,0,0),(3,13,162,0,0),(3,13,163,0,0),(3,13,164,0,0),(3,13,165,0,0),(3,13,166,0,0),(3,13,167,0,0),(3,13,168,0,0),(3,13,169,0,0),(3,13,170,0,0),(3,13,171,0,0),(3,13,172,0,0),(3,14,173,0,0),(3,14,174,0,0),(3,14,175,0,0),(3,14,176,0,0),(3,14,177,0,0),(3,14,178,0,0),(3,14,179,0,0),(3,14,180,0,0),(3,14,181,0,0),(3,14,182,0,0),(3,14,183,0,0),(3,14,184,0,0),(3,14,185,0,0),(3,14,186,0,0),(3,14,187,0,0),(3,14,188,0,0),(3,14,189,0,0),(3,14,190,0,0),(3,14,191,0,0),(3,14,192,0,0),(3,14,193,0,0),(3,14,194,0,0),(3,14,195,0,0),(3,14,196,0,0),(3,14,197,0,0),(3,14,198,0,0),(3,14,199,0,0),(3,14,200,0,0),(3,14,201,0,0),(3,14,202,0,0),(3,14,203,0,0),(3,8,204,0,0),(3,8,205,0,0),(3,8,206,0,0),(3,8,207,0,0),(3,8,208,0,0),(3,8,209,0,0),(3,8,210,0,0),(3,8,211,0,0),(3,8,212,0,0),(3,8,213,0,0),(3,8,214,0,0),(3,8,215,0,0),(3,8,216,0,0),(3,8,217,0,0),(3,8,218,0,0),(3,10,219,0,0),(3,10,220,0,0),(3,10,221,0,0),(3,10,222,0,0),(3,10,223,0,0),(3,10,224,0,0),(3,10,225,0,0),(3,10,226,0,0),(3,10,227,0,0),(3,10,228,0,0),(3,10,229,0,0),(3,10,230,0,0),(3,9,231,0,0),(3,9,232,0,0),(3,9,233,0,0),(3,9,234,0,0),(3,9,235,0,0),(3,9,236,0,0),(3,9,237,0,0),(3,9,238,0,0),(3,9,239,0,0),(3,9,240,0,0),(3,9,241,0,0),(3,9,242,0,0),(3,9,243,0,0),(3,9,244,0,0),(3,9,245,0,0),(3,9,246,0,0),(3,9,247,0,0),(3,9,248,0,0),(3,9,249,0,0),(3,9,250,0,0),(3,9,251,0,0),(3,9,252,0,0),(3,9,253,0,0),(3,9,254,0,0),(3,16,255,0,0),(3,16,256,0,0),(3,16,257,0,0),(3,16,258,0,0),(3,16,259,0,0),(3,16,260,0,0),(3,16,261,0,0),(3,16,262,0,0),(3,16,263,0,0),(3,16,264,0,0),(3,16,265,0,0),(3,16,266,0,0),(3,16,267,0,0),(3,16,268,0,0),(3,16,269,0,0),(3,16,270,0,0),(3,16,271,0,0),(3,16,272,0,0),(3,16,273,0,0),(3,16,274,0,0),(3,16,275,0,0),(3,16,276,0,0),(3,16,277,0,0),(3,15,278,0,0),(3,15,279,0,0),(3,15,280,0,0),(3,15,281,0,0),(3,15,282,0,0),(3,15,283,0,0),(3,15,284,0,0),(3,15,285,0,0),(3,15,286,0,0),(3,15,287,0,0),(3,18,288,0,0),(3,18,289,0,0),(3,18,290,0,0),(3,18,291,0,0),(3,18,292,0,0),(3,18,293,0,0),(3,18,294,0,0),(3,18,295,0,0),(3,18,296,0,0),(3,18,297,0,0),(3,18,298,0,0),(3,18,299,0,0),(3,18,300,0,0),(3,18,301,0,0),(3,18,302,0,0),(3,18,303,0,0),(3,18,304,0,0),(3,19,305,0,0),(3,19,306,0,0),(3,19,307,0,0),(3,19,308,0,0),(3,19,309,0,0),(3,19,310,0,0),(3,19,311,0,0),(3,19,312,0,0),(3,20,313,0,0),(3,20,314,0,0),(3,20,315,0,0),(3,20,316,0,0),(3,20,317,0,0),(3,20,318,0,0),(3,20,319,0,0),(3,20,320,0,0),(3,20,321,0,0),(3,20,322,0,0),(3,20,323,0,0),(3,20,324,0,0),(3,20,325,0,0),(3,20,326,0,0),(3,20,327,0,0),(3,20,328,0,0),(3,20,329,0,0),(3,20,330,0,0),(3,20,331,0,0),(3,20,332,0,0),(3,20,333,0,0),(3,20,334,0,0),(3,20,335,0,0),(3,20,336,0,0),(3,20,337,0,0),(3,20,338,0,0),(3,20,339,0,0),(3,20,340,0,0),(3,20,341,0,0),(3,20,342,0,0),(3,20,343,0,0),(3,20,344,0,0),(3,20,345,0,0),(3,20,346,0,0),(3,20,347,0,0),(3,20,348,0,0),(3,20,349,0,0),(3,21,350,0,0),(3,21,351,0,0),(3,21,352,0,0),(3,21,353,0,0),(3,21,354,0,0),(3,21,355,0,0),(3,21,356,0,0),(3,21,357,0,0),(3,21,358,0,0),(3,21,359,0,0),(3,21,360,0,0),(3,21,361,0,0),(3,21,362,0,0),(3,21,363,0,0),(3,21,364,0,0),(3,21,365,0,0),(3,21,366,0,0),(3,21,367,0,0),(3,21,368,0,0),(3,21,369,0,0),(3,21,370,0,0),(3,21,371,0,0),(3,21,372,0,0),(3,21,373,0,0),(3,21,374,0,0),(3,21,375,0,0),(3,21,376,0,0),(3,21,377,0,0),(3,21,378,0,0),(3,21,379,0,0),(3,21,380,0,0),(3,21,381,0,0),(3,21,382,0,0),(3,21,383,0,0),(3,21,384,0,0),(3,21,385,0,0),(3,21,386,0,0),(3,21,387,0,0),(3,22,388,0,0),(3,22,389,0,0),(3,22,390,0,0),(3,22,391,0,0),(3,22,392,0,0),(3,22,393,0,0),(3,22,394,0,0),(3,22,395,0,0),(3,22,396,0,0),(3,22,397,0,0),(3,22,398,0,0),(3,22,399,0,0),(3,22,400,0,0),(3,22,401,0,0),(3,22,402,0,0),(3,22,403,0,0),(3,22,404,0,0),(3,22,405,0,0),(3,22,406,0,0),(3,22,407,0,0),(3,22,408,0,0),(3,22,409,0,0),(3,22,410,0,0),(3,22,411,0,0),(3,22,412,0,0),(3,22,413,0,0),(3,22,414,0,0),(3,22,415,0,0),(3,22,416,0,0),(3,22,417,0,0),(3,22,418,0,0),(3,22,419,0,0),(3,22,420,0,0),(3,22,421,0,0),(3,22,422,0,0),(3,22,423,0,0),(3,22,424,0,0),(3,22,425,0,0),(3,22,426,0,0),(3,22,427,0,0),(3,22,428,0,0),(3,22,429,0,0),(3,22,430,0,0),(3,22,431,0,0),(3,22,432,0,0),(3,22,433,0,0),(3,22,434,0,0),(3,23,435,0,0),(3,23,436,0,0),(3,23,437,0,0),(3,23,438,0,0),(3,23,439,0,0),(3,23,440,0,0),(3,23,441,0,0),(3,23,442,0,0),(3,23,443,0,0),(3,23,444,0,0),(3,23,445,0,0),(3,23,446,0,0),(3,23,447,0,0),(3,23,448,0,0),(3,23,449,0,0),(3,23,450,0,0),(3,23,451,0,0),(3,23,452,0,0),(3,23,453,0,0),(3,23,454,0,0),(3,23,455,0,0),(3,23,456,0,0),(3,23,457,0,0),(3,23,458,0,0),(3,23,459,0,0),(3,23,460,0,0),(3,23,461,0,0),(3,23,462,0,0),(3,23,463,0,0),(3,23,464,0,0),(3,23,465,0,0),(3,23,466,0,0),(3,23,467,0,0),(3,23,468,0,0),(3,23,469,0,0),(3,23,470,0,0),(3,23,471,0,0),(3,23,472,0,0),(3,23,473,0,0),(3,29,474,0,0),(3,29,478,0,0),(3,29,479,0,0),(3,29,481,0,0),(3,29,488,0,0),(3,29,489,0,0),(3,29,490,0,0),(3,29,491,0,0),(3,29,493,0,0),(3,29,494,0,0),(3,29,495,0,0),(3,29,496,0,0),(3,29,497,0,0),(3,29,502,0,0),(3,29,503,0,0),(3,29,504,0,0),(3,29,505,0,0),(3,29,513,0,0),(3,10,518,0,0),(3,10,519,0,0),(3,10,520,0,0),(3,10,521,0,0),(3,10,522,0,0),(3,10,523,0,0),(3,34,524,0,0),(3,34,525,0,0),(3,34,526,0,0),(3,34,527,0,0),(3,34,528,0,0),(3,34,529,0,0),(3,34,530,0,0),(3,34,531,0,0),(3,34,532,0,0),(3,34,533,0,0),(3,34,534,0,0),(3,34,535,0,0),(3,34,536,0,0),(3,34,537,0,0),(3,34,538,0,0),(3,34,539,0,0),(3,29,540,0,0),(3,35,541,0,0),(3,35,542,0,0),(3,35,543,0,0),(3,35,544,0,0),(3,35,545,0,0),(3,35,546,0,0),(3,35,547,0,0),(3,35,548,0,0),(3,35,549,0,0),(3,35,550,0,0),(3,35,551,0,0),(3,35,552,0,0),(3,35,553,0,0),(3,35,554,0,0),(3,35,555,0,0),(3,35,556,0,0),(3,35,557,0,0),(3,35,558,0,0),(3,35,559,0,0),(3,36,560,0,0),(3,36,561,0,0),(3,36,562,0,0),(3,36,563,0,0),(3,36,564,0,0),(3,36,565,0,0),(3,36,566,0,0),(3,36,567,0,0),(3,36,568,0,0),(3,36,569,0,0),(3,36,570,0,0),(3,36,571,0,0),(3,36,572,0,0),(3,36,573,0,0),(3,36,574,0,0),(3,36,575,0,0),(3,36,576,0,0),(3,36,577,0,0),(3,36,578,0,0),(3,38,579,0,0),(3,38,580,0,0),(3,38,581,0,0),(3,38,582,0,0),(3,38,583,0,0),(3,38,584,0,0),(3,38,585,0,0),(3,38,586,0,0),(3,38,587,0,0),(3,38,588,0,0),(3,38,589,0,0),(3,38,590,0,0),(3,38,591,0,0),(3,38,592,0,0),(3,38,593,0,0),(3,38,594,0,0),(3,38,595,0,0),(3,38,596,0,0),(3,42,597,0,0),(3,42,598,0,0),(3,42,599,0,0),(3,42,600,0,0),(3,42,601,0,0),(3,42,602,0,0),(3,42,603,0,0),(3,43,604,0,0),(3,43,605,0,0),(3,43,606,0,0),(3,43,607,0,0),(3,43,608,0,0),(3,43,609,0,0),(3,43,610,0,0),(3,43,611,0,0),(3,43,612,0,0),(3,43,613,0,0),(3,44,614,0,0),(3,44,615,0,0),(3,44,616,0,0),(3,44,617,0,0),(3,44,618,0,0),(3,44,619,0,0),(3,44,620,0,0),(3,44,621,0,0),(3,44,622,0,0),(3,44,623,0,0),(3,44,624,0,0),(3,44,625,0,0),(3,44,626,0,0),(3,44,627,0,0),(3,44,628,0,0),(3,45,629,0,0),(3,45,630,0,0),(3,45,631,0,0),(3,45,632,0,0),(3,45,633,0,0),(3,45,634,0,0),(3,45,635,0,0),(3,45,636,0,0),(3,45,637,0,0),(3,45,638,0,0),(3,45,639,0,0),(3,45,640,0,0),(3,45,641,0,0),(3,45,642,0,0),(3,45,643,0,0),(3,45,644,0,0),(3,45,645,0,0),(3,47,646,0,0),(3,47,647,0,0),(3,47,648,0,0),(3,47,649,0,0),(3,47,650,0,0),(3,2,651,0,0),(3,29,652,0,0),(3,23,653,0,0),(3,23,654,0,0),(3,23,655,0,0),(3,23,656,0,0),(3,23,657,0,0),(3,23,658,0,0),(3,23,659,0,0),(3,23,660,0,0),(3,23,661,0,0),(3,22,662,0,0),(3,22,663,0,0),(3,22,664,0,0),(3,22,665,0,0),(3,22,666,0,0),(3,22,667,0,0),(3,22,668,0,0),(3,22,669,0,0),(3,22,670,0,0),(3,21,671,0,0),(3,21,672,0,0),(3,21,673,0,0),(3,21,674,0,0),(3,21,675,0,0),(3,21,676,0,0),(3,21,677,0,0),(3,21,678,0,0),(3,21,679,0,0),(3,20,680,0,0),(3,20,681,0,0),(3,20,682,0,0),(3,20,683,0,0),(3,20,684,0,0),(3,20,685,0,0),(3,20,686,0,0),(3,20,687,0,0),(3,20,688,0,0),(3,29,689,0,0),(3,44,690,0,0),(3,42,691,0,0),(3,29,692,0,0),(3,29,693,0,0),(3,29,694,0,0),(3,23,695,0,0),(3,22,696,0,0),(3,21,697,0,0),(3,20,698,0,0),(3,29,699,0,0),(3,6,700,0,0),(3,4,701,0,0),(3,2,702,0,0),(3,29,703,0,0),(3,23,704,0,0),(3,23,705,0,0),(3,21,706,0,0),(3,21,707,0,0),(3,18,708,0,0),(3,7,709,0,0),(3,42,710,0,0),(3,42,711,0,0),(3,23,712,0,0),(3,20,713,0,0),(3,21,714,0,0),(3,22,715,0,0),(3,29,716,0,0),(3,2,717,0,0),(3,13,718,0,0),(3,29,719,0,0),(3,13,720,0,0),(3,29,721,0,0),(3,29,722,0,0),(3,29,723,0,0),(3,2,724,0,0),(3,4,725,0,0),(3,6,726,0,0),(3,7,727,0,0),(3,9,729,0,0),(3,13,730,0,0),(3,18,734,0,0),(3,21,737,0,0),(3,23,739,0,0),(3,42,745,0,0),(3,43,746,0,0),(3,44,747,0,0),(3,45,748,0,0),(3,29,750,0,0),(3,7,754,0,0),(4,6,1,0,0),(4,6,2,0,0),(4,6,3,0,0),(4,6,4,0,0),(4,6,5,0,0),(4,6,6,0,0),(4,6,7,0,0),(4,6,8,0,0),(4,6,9,0,0),(4,6,10,0,0),(4,6,11,0,0),(4,6,12,0,0),(4,6,13,0,0),(4,6,14,0,0),(4,6,15,0,0),(4,6,16,0,0),(4,6,17,0,0),(4,6,18,0,0),(4,6,19,0,0),(4,6,20,0,0),(4,6,21,0,0),(4,6,22,0,0),(4,6,23,0,0),(4,6,24,0,0),(4,6,25,0,0),(4,6,26,0,0),(4,6,27,0,0),(4,6,28,0,0),(4,6,29,0,0),(4,6,30,0,0),(4,6,31,0,0),(4,6,32,0,0),(4,6,33,0,0),(4,6,34,0,0),(4,6,35,0,0),(4,6,36,0,0),(4,7,37,0,0),(4,7,38,0,0),(4,7,39,0,0),(4,7,40,0,0),(4,7,41,0,0),(4,7,42,0,0),(4,7,43,0,0),(4,7,44,0,0),(4,7,45,0,0),(4,7,46,0,0),(4,7,47,0,0),(4,7,48,0,0),(4,7,49,0,0),(4,7,50,0,0),(4,7,51,0,0),(4,7,52,0,0),(4,7,53,0,0),(4,7,54,0,0),(4,7,55,0,0),(4,7,56,0,0),(4,7,57,0,0),(4,7,58,0,0),(4,7,59,0,0),(4,7,60,0,0),(4,7,61,0,0),(4,7,62,0,0),(4,7,63,0,0),(4,7,64,0,0),(4,7,65,0,0),(4,4,66,0,0),(4,4,67,0,0),(4,4,68,0,0),(4,4,69,0,0),(4,4,70,0,0),(4,4,71,0,0),(4,4,72,0,0),(4,4,73,0,0),(4,4,74,0,0),(4,4,75,0,0),(4,4,76,0,0),(4,4,77,0,0),(4,4,78,0,0),(4,4,79,0,0),(4,4,80,0,0),(4,4,81,0,0),(4,4,82,0,0),(4,4,83,0,0),(4,4,84,0,0),(4,4,85,0,0),(4,4,86,0,0),(4,4,87,0,0),(4,4,88,0,0),(4,4,89,0,0),(4,4,90,0,0),(4,4,91,0,0),(4,4,92,0,0),(4,4,93,0,0),(4,4,94,0,0),(4,4,95,0,0),(4,4,96,0,0),(4,4,97,0,0),(4,4,98,0,0),(4,4,99,0,0),(4,4,100,0,0),(4,4,101,0,0),(4,4,102,0,0),(4,4,103,0,0),(4,4,104,0,0),(4,4,105,0,0),(4,4,106,0,0),(4,4,107,0,0),(4,4,108,0,0),(4,4,109,0,0),(4,2,110,0,0),(4,2,111,0,0),(4,2,112,0,0),(4,2,113,0,0),(4,2,114,0,0),(4,2,115,0,0),(4,2,116,0,0),(4,2,117,0,0),(4,2,118,0,0),(4,2,119,0,0),(4,2,120,0,0),(4,2,121,0,0),(4,2,122,0,0),(4,2,123,0,0),(4,2,124,0,0),(4,2,125,0,0),(4,26,126,0,0),(4,26,127,0,0),(4,26,128,0,0),(4,26,129,0,0),(4,26,130,0,0),(4,26,131,0,0),(4,26,132,0,0),(4,26,133,0,0),(4,26,134,0,0),(4,26,135,0,0),(4,26,136,0,0),(4,26,137,0,0),(4,26,138,0,0),(4,26,139,0,0),(4,26,140,0,0),(4,26,141,0,0),(4,26,142,0,0),(4,26,143,0,0),(4,26,144,0,0),(4,26,145,0,0),(4,26,146,0,0),(4,26,147,0,0),(4,26,148,0,0),(4,26,149,0,0),(4,26,150,0,0),(4,4,151,0,0),(4,6,152,0,0),(4,7,153,0,0),(4,26,154,0,0),(4,13,155,0,0),(4,13,156,0,0),(4,13,157,0,0),(4,13,158,0,0),(4,13,159,0,0),(4,13,160,0,0),(4,13,161,0,0),(4,13,162,0,0),(4,13,163,0,0),(4,13,164,0,0),(4,13,165,0,0),(4,13,166,0,0),(4,13,167,0,0),(4,13,168,0,0),(4,13,169,0,0),(4,13,170,0,0),(4,13,171,0,0),(4,13,172,0,0),(4,14,173,0,0),(4,14,174,0,0),(4,14,175,0,0),(4,14,176,0,0),(4,14,177,0,0),(4,14,178,0,0),(4,14,179,0,0),(4,14,180,0,0),(4,14,181,0,0),(4,14,182,0,0),(4,14,183,0,0),(4,14,184,0,0),(4,14,185,0,0),(4,14,186,0,0),(4,14,187,0,0),(4,14,188,0,0),(4,14,189,0,0),(4,14,190,0,0),(4,14,191,0,0),(4,14,192,0,0),(4,14,193,0,0),(4,14,194,0,0),(4,14,195,0,0),(4,14,196,0,0),(4,14,197,0,0),(4,14,198,0,0),(4,14,199,0,0),(4,14,200,0,0),(4,14,201,0,0),(4,14,202,0,0),(4,14,203,0,0),(4,8,204,0,0),(4,8,205,0,0),(4,8,206,0,0),(4,8,207,0,0),(4,8,208,0,0),(4,8,209,0,0),(4,8,210,0,0),(4,8,211,0,0),(4,8,212,0,0),(4,8,213,0,0),(4,8,214,0,0),(4,8,215,0,0),(4,8,216,0,0),(4,8,217,0,0),(4,8,218,0,0),(4,10,219,0,0),(4,10,220,0,0),(4,10,221,0,0),(4,10,222,0,0),(4,10,223,0,0),(4,10,224,0,0),(4,10,225,0,0),(4,10,226,0,0),(4,10,227,0,0),(4,10,228,0,0),(4,10,229,0,0),(4,10,230,0,0),(4,9,231,0,0),(4,9,232,0,0),(4,9,233,0,0),(4,9,234,0,0),(4,9,235,0,0),(4,9,236,0,0),(4,9,237,0,0),(4,9,238,0,0),(4,9,239,0,0),(4,9,240,0,0),(4,9,241,0,0),(4,9,242,0,0),(4,9,243,0,0),(4,9,244,0,0),(4,9,245,0,0),(4,9,246,0,0),(4,9,247,0,0),(4,9,248,0,0),(4,9,249,0,0),(4,9,250,0,0),(4,9,251,0,0),(4,9,252,0,0),(4,9,253,0,0),(4,9,254,0,0),(4,16,255,0,0),(4,16,256,0,0),(4,16,257,0,0),(4,16,258,0,0),(4,16,259,0,0),(4,16,260,0,0),(4,16,261,0,0),(4,16,262,0,0),(4,16,263,0,0),(4,16,264,0,0),(4,16,265,0,0),(4,16,266,0,0),(4,16,267,0,0),(4,16,268,0,0),(4,16,269,0,0),(4,16,270,0,0),(4,16,271,0,0),(4,16,272,0,0),(4,16,273,0,0),(4,16,274,0,0),(4,16,275,0,0),(4,16,276,0,0),(4,16,277,0,0),(4,15,278,0,0),(4,15,279,0,0),(4,15,280,0,0),(4,15,281,0,0),(4,15,282,0,0),(4,15,283,0,0),(4,15,284,0,0),(4,15,285,0,0),(4,15,286,0,0),(4,15,287,0,0),(4,18,288,0,0),(4,18,289,0,0),(4,18,290,0,0),(4,18,291,0,0),(4,18,292,0,0),(4,18,293,0,0),(4,18,294,0,0),(4,18,295,0,0),(4,18,296,0,0),(4,18,297,0,0),(4,18,298,0,0),(4,18,299,0,0),(4,18,300,0,0),(4,18,301,0,0),(4,18,302,0,0),(4,18,303,0,0),(4,18,304,0,0),(4,19,305,0,0),(4,19,306,0,0),(4,19,307,0,0),(4,19,308,0,0),(4,19,309,0,0),(4,19,310,0,0),(4,19,311,0,0),(4,19,312,0,0),(4,20,313,0,0),(4,20,314,0,0),(4,20,315,0,0),(4,20,316,0,0),(4,20,317,0,0),(4,20,318,0,0),(4,20,319,0,0),(4,20,320,0,0),(4,20,321,0,0),(4,20,322,0,0),(4,20,323,0,0),(4,20,324,0,0),(4,20,325,0,0),(4,20,326,0,0),(4,20,327,0,0),(4,20,328,0,0),(4,20,329,0,0),(4,20,330,0,0),(4,20,331,0,0),(4,20,332,0,0),(4,20,333,0,0),(4,20,334,0,0),(4,20,335,0,0),(4,20,336,0,0),(4,20,337,0,0),(4,20,338,0,0),(4,20,339,0,0),(4,20,340,0,0),(4,20,341,0,0),(4,20,342,0,0),(4,20,343,0,0),(4,20,344,0,0),(4,20,345,0,0),(4,20,346,0,0),(4,20,347,0,0),(4,20,348,0,0),(4,20,349,0,0),(4,21,350,0,0),(4,21,351,0,0),(4,21,352,0,0),(4,21,353,0,0),(4,21,354,0,0),(4,21,355,0,0),(4,21,356,0,0),(4,21,357,0,0),(4,21,358,0,0),(4,21,359,0,0),(4,21,360,0,0),(4,21,361,0,0),(4,21,362,0,0),(4,21,363,0,0),(4,21,364,0,0),(4,21,365,0,0),(4,21,366,0,0),(4,21,367,0,0),(4,21,368,0,0),(4,21,369,0,0),(4,21,370,0,0),(4,21,371,0,0),(4,21,372,0,0),(4,21,373,0,0),(4,21,374,0,0),(4,21,375,0,0),(4,21,376,0,0),(4,21,377,0,0),(4,21,378,0,0),(4,21,379,0,0),(4,21,380,0,0),(4,21,381,0,0),(4,21,382,0,0),(4,21,383,0,0),(4,21,384,0,0),(4,21,385,0,0),(4,21,386,0,0),(4,21,387,0,0),(4,22,388,0,0),(4,22,389,0,0),(4,22,390,0,0),(4,22,391,0,0),(4,22,392,0,0),(4,22,393,0,0),(4,22,394,0,0),(4,22,395,0,0),(4,22,396,0,0),(4,22,397,0,0),(4,22,398,0,0),(4,22,399,0,0),(4,22,400,0,0),(4,22,401,0,0),(4,22,402,0,0),(4,22,403,0,0),(4,22,404,0,0),(4,22,405,0,0),(4,22,406,0,0),(4,22,407,0,0),(4,22,408,0,0),(4,22,409,0,0),(4,22,410,0,0),(4,22,411,0,0),(4,22,412,0,0),(4,22,413,0,0),(4,22,414,0,0),(4,22,415,0,0),(4,22,416,0,0),(4,22,417,0,0),(4,22,418,0,0),(4,22,419,0,0),(4,22,420,0,0),(4,22,421,0,0),(4,22,422,0,0),(4,22,423,0,0),(4,22,424,0,0),(4,22,425,0,0),(4,22,426,0,0),(4,22,427,0,0),(4,22,428,0,0),(4,22,429,0,0),(4,22,430,0,0),(4,22,431,0,0),(4,22,432,0,0),(4,22,433,0,0),(4,22,434,0,0),(4,23,435,0,0),(4,23,436,0,0),(4,23,437,0,0),(4,23,438,0,0),(4,23,439,0,0),(4,23,440,0,0),(4,23,441,0,0),(4,23,442,0,0),(4,23,443,0,0),(4,23,444,0,0),(4,23,445,0,0),(4,23,446,0,0),(4,23,447,0,0),(4,23,448,0,0),(4,23,449,0,0),(4,23,450,0,0),(4,23,451,0,0),(4,23,452,0,0),(4,23,453,0,0),(4,23,454,0,0),(4,23,455,0,0),(4,23,456,0,0),(4,23,457,0,0),(4,23,458,0,0),(4,23,459,0,0),(4,23,460,0,0),(4,23,461,0,0),(4,23,462,0,0),(4,23,463,0,0),(4,23,464,0,0),(4,23,465,0,0),(4,23,466,0,0),(4,23,467,0,0),(4,23,468,0,0),(4,23,469,0,0),(4,23,470,0,0),(4,23,471,0,0),(4,23,472,0,0),(4,23,473,0,0),(4,29,474,0,0),(4,29,478,0,0),(4,29,479,0,0),(4,29,481,0,0),(4,29,488,0,0),(4,29,489,0,0),(4,29,490,0,0),(4,29,491,0,0),(4,29,493,0,0),(4,29,494,0,0),(4,29,495,0,0),(4,29,496,0,0),(4,29,497,0,0),(4,29,502,0,0),(4,29,503,0,0),(4,29,504,0,0),(4,29,505,0,0),(4,29,513,0,0),(4,10,518,0,0),(4,10,519,0,0),(4,10,520,0,0),(4,10,521,0,0),(4,10,522,0,0),(4,10,523,0,0),(4,34,524,0,0),(4,34,525,0,0),(4,34,526,0,0),(4,34,527,0,0),(4,34,528,0,0),(4,34,529,0,0),(4,34,530,0,0),(4,34,531,0,0),(4,34,532,0,0),(4,34,533,0,0),(4,34,534,0,0),(4,34,535,0,0),(4,34,536,0,0),(4,34,537,0,0),(4,34,538,0,0),(4,34,539,0,0),(4,29,540,0,0),(4,35,541,0,0),(4,35,542,0,0),(4,35,543,0,0),(4,35,544,0,0),(4,35,545,0,0),(4,35,546,0,0),(4,35,547,0,0),(4,35,548,0,0),(4,35,549,0,0),(4,35,550,0,0),(4,35,551,0,0),(4,35,552,0,0),(4,35,553,0,0),(4,35,554,0,0),(4,35,555,0,0),(4,35,556,0,0),(4,35,557,0,0),(4,35,558,0,0),(4,35,559,0,0),(4,36,560,0,0),(4,36,561,0,0),(4,36,562,0,0),(4,36,563,0,0),(4,36,564,0,0),(4,36,565,0,0),(4,36,566,0,0),(4,36,567,0,0),(4,36,568,0,0),(4,36,569,0,0),(4,36,570,0,0),(4,36,571,0,0),(4,36,572,0,0),(4,36,573,0,0),(4,36,574,0,0),(4,36,575,0,0),(4,36,576,0,0),(4,36,577,0,0),(4,36,578,0,0),(4,38,579,0,0),(4,38,580,0,0),(4,38,581,0,0),(4,38,582,0,0),(4,38,583,0,0),(4,38,584,0,0),(4,38,585,0,0),(4,38,586,0,0),(4,38,587,0,0),(4,38,588,0,0),(4,38,589,0,0),(4,38,590,0,0),(4,38,591,0,0),(4,38,592,0,0),(4,38,593,0,0),(4,38,594,0,0),(4,38,595,0,0),(4,38,596,0,0),(4,42,597,0,0),(4,42,598,0,0),(4,42,599,0,0),(4,42,600,0,0),(4,42,601,0,0),(4,42,602,0,0),(4,42,603,0,0),(4,43,604,0,0),(4,43,605,0,0),(4,43,606,0,0),(4,43,607,0,0),(4,43,608,0,0),(4,43,609,0,0),(4,43,610,0,0),(4,43,611,0,0),(4,43,612,0,0),(4,43,613,0,0),(4,44,614,0,0),(4,44,615,0,0),(4,44,616,0,0),(4,44,617,0,0),(4,44,618,0,0),(4,44,619,0,0),(4,44,620,0,0),(4,44,621,0,0),(4,44,622,0,0),(4,44,623,0,0),(4,44,624,0,0),(4,44,625,0,0),(4,44,626,0,0),(4,44,627,0,0),(4,44,628,0,0),(4,45,629,0,0),(4,45,630,0,0),(4,45,631,0,0),(4,45,632,0,0),(4,45,633,0,0),(4,45,634,0,0),(4,45,635,0,0),(4,45,636,0,0),(4,45,637,0,0),(4,45,638,0,0),(4,45,639,0,0),(4,45,640,0,0),(4,45,641,0,0),(4,45,642,0,0),(4,45,643,0,0),(4,45,644,0,0),(4,45,645,0,0),(4,47,646,0,0),(4,47,647,0,0),(4,47,648,0,0),(4,47,649,0,0),(4,47,650,0,0),(4,2,651,0,0),(4,29,652,0,0),(4,23,653,0,0),(4,23,654,0,0),(4,23,655,0,0),(4,23,656,0,0),(4,23,657,0,0),(4,23,658,0,0),(4,23,659,0,0),(4,23,660,0,0),(4,23,661,0,0),(4,22,662,0,0),(4,22,663,0,0),(4,22,664,0,0),(4,22,665,0,0),(4,22,666,0,0),(4,22,667,0,0),(4,22,668,0,0),(4,22,669,0,0),(4,22,670,0,0),(4,21,671,0,0),(4,21,672,0,0),(4,21,673,0,0),(4,21,674,0,0),(4,21,675,0,0),(4,21,676,0,0),(4,21,677,0,0),(4,21,678,0,0),(4,21,679,0,0),(4,20,680,0,0),(4,20,681,0,0),(4,20,682,0,0),(4,20,683,0,0),(4,20,684,0,0),(4,20,685,0,0),(4,20,686,0,0),(4,20,687,0,0),(4,20,688,0,0),(4,29,689,0,0),(4,44,690,0,0),(4,42,691,0,0),(4,29,692,0,0),(4,29,693,0,0),(4,29,694,0,0),(4,23,695,0,0),(4,22,696,0,0),(4,21,697,0,0),(4,20,698,0,0),(4,29,699,0,0),(4,6,700,0,0),(4,4,701,0,0),(4,2,702,0,0),(4,29,703,0,0),(4,23,704,0,0),(4,23,705,0,0),(4,21,706,0,0),(4,21,707,0,0),(4,18,708,0,0),(4,7,709,0,0),(4,42,710,0,0),(4,42,711,0,0),(4,23,712,0,0),(4,20,713,0,0),(4,21,714,0,0),(4,22,715,0,0),(4,29,716,0,0),(4,2,717,0,0),(4,13,718,0,0),(4,29,719,0,0),(4,13,720,0,0),(4,29,721,0,0),(4,29,722,0,0),(4,29,723,0,0),(4,2,724,0,0),(4,4,725,0,0),(4,6,726,0,0),(4,7,727,0,0),(4,9,729,0,0),(4,13,730,0,0),(4,18,734,0,0),(4,21,737,0,0),(4,23,739,0,0),(4,42,745,0,0),(4,43,746,0,0),(4,44,747,0,0),(4,45,748,0,0),(4,29,750,0,0),(4,7,754,0,0),(5,6,1,0,0),(5,6,2,0,0),(5,6,3,0,0),(5,6,4,0,0),(5,6,5,0,0),(5,6,6,0,0),(5,6,7,0,0),(5,6,8,0,0),(5,6,9,0,0),(5,6,10,0,0),(5,6,11,0,0),(5,6,12,0,0),(5,6,13,0,0),(5,6,14,0,0),(5,6,15,0,0),(5,6,16,0,0),(5,6,17,0,0),(5,6,18,0,0),(5,6,19,0,0),(5,6,20,0,0),(5,6,21,0,1),(5,6,22,0,1),(5,6,23,0,0),(5,6,24,0,0),(5,6,25,0,0),(5,6,26,0,0),(5,6,27,0,0),(5,6,28,0,0),(5,6,29,0,0),(5,6,30,0,0),(5,6,31,0,0),(5,6,32,0,0),(5,6,33,0,0),(5,6,34,0,0),(5,6,35,0,0),(5,6,36,0,0),(5,7,37,0,0),(5,7,38,0,0),(5,7,39,0,0),(5,7,40,0,0),(5,7,41,0,0),(5,7,42,0,0),(5,7,43,0,0),(5,7,44,0,0),(5,7,45,0,0),(5,7,46,0,0),(5,7,47,0,0),(5,7,48,0,0),(5,7,49,0,0),(5,7,50,0,0),(5,7,51,0,0),(5,7,52,0,0),(5,7,53,0,0),(5,7,54,0,0),(5,7,55,0,0),(5,7,56,0,1),(5,7,57,0,1),(5,7,58,0,0),(5,7,59,0,0),(5,7,60,0,0),(5,7,61,0,0),(5,7,62,0,0),(5,7,63,0,0),(5,7,64,0,0),(5,7,65,0,0),(5,4,66,0,0),(5,4,67,0,0),(5,4,68,0,0),(5,4,69,0,0),(5,4,70,0,0),(5,4,71,0,0),(5,4,72,0,0),(5,4,73,0,0),(5,4,74,0,0),(5,4,75,0,0),(5,4,76,0,0),(5,4,77,0,0),(5,4,78,0,0),(5,4,79,0,0),(5,4,80,0,0),(5,4,81,0,0),(5,4,82,0,0),(5,4,83,0,0),(5,4,84,0,0),(5,4,85,0,0),(5,4,86,0,0),(5,4,87,0,0),(5,4,88,0,0),(5,4,89,0,0),(5,4,90,0,1),(5,4,91,0,1),(5,4,92,0,0),(5,4,93,0,0),(5,4,94,0,0),(5,4,95,0,0),(5,4,96,0,0),(5,4,97,0,0),(5,4,98,0,0),(5,4,99,0,0),(5,4,100,0,0),(5,4,101,0,0),(5,4,102,0,0),(5,4,103,0,0),(5,4,104,0,0),(5,4,105,0,0),(5,4,106,0,0),(5,4,107,0,0),(5,4,108,0,0),(5,4,109,0,0),(5,2,110,0,0),(5,2,111,0,0),(5,2,112,0,0),(5,2,113,0,0),(5,2,114,0,0),(5,2,115,0,0),(5,2,116,0,0),(5,2,117,0,0),(5,2,118,0,0),(5,2,119,0,0),(5,2,120,0,0),(5,2,121,0,0),(5,2,122,0,1),(5,2,123,0,1),(5,2,124,0,0),(5,2,125,0,0),(5,14,173,0,0),(5,14,174,0,0),(5,14,175,0,0),(5,14,176,0,0),(5,14,177,0,0),(5,14,178,0,0),(5,14,179,0,0),(5,14,180,0,0),(5,14,181,0,0),(5,14,182,0,0),(5,14,183,0,0),(5,14,184,0,0),(5,14,185,0,0),(5,14,186,0,0),(5,14,187,0,0),(5,14,188,0,0),(5,14,189,0,0),(5,14,190,0,1),(5,14,191,0,1),(5,14,192,0,0),(5,14,193,0,0),(5,14,194,0,0),(5,14,195,0,0),(5,14,196,0,0),(5,14,197,0,0),(5,14,198,0,0),(5,14,199,0,0),(5,14,200,0,0),(5,14,201,0,0),(5,14,202,0,0),(5,14,203,0,0),(5,20,313,0,0),(5,20,314,0,0),(5,20,315,0,0),(5,20,316,0,0),(5,20,317,0,0),(5,20,318,0,0),(5,20,319,0,0),(5,20,320,0,0),(5,20,321,0,0),(5,20,322,0,0),(5,20,323,0,0),(5,20,324,0,0),(5,20,325,0,0),(5,20,326,0,0),(5,20,327,0,0),(5,20,328,0,0),(5,20,329,0,0),(5,20,330,0,0),(5,20,331,0,1),(5,20,332,0,1),(5,20,333,0,0),(5,20,334,0,0),(5,20,335,0,0),(5,20,336,0,0),(5,20,337,0,0),(5,20,338,0,0),(5,20,339,0,0),(5,20,340,0,0),(5,20,341,0,0),(5,20,342,0,0),(5,20,343,0,0),(5,20,344,0,0),(5,20,345,0,0),(5,20,346,0,0),(5,20,347,0,0),(5,20,348,0,0),(5,20,349,0,0),(5,22,388,0,0),(5,22,389,0,0),(5,22,390,0,0),(5,22,391,0,0),(5,22,392,0,0),(5,22,393,0,0),(5,22,394,0,0),(5,22,395,0,0),(5,22,396,0,0),(5,22,397,0,0),(5,22,398,0,0),(5,22,399,0,0),(5,22,400,0,0),(5,22,401,0,0),(5,22,402,0,0),(5,22,403,0,0),(5,22,404,0,0),(5,22,405,0,0),(5,22,406,0,0),(5,22,407,0,0),(5,22,408,0,0),(5,22,409,0,0),(5,22,410,0,1),(5,22,411,0,1),(5,22,412,0,0),(5,22,413,0,0),(5,22,414,0,0),(5,22,415,0,0),(5,22,416,0,0),(5,22,417,0,0),(5,22,418,0,0),(5,22,419,0,0),(5,22,420,0,0),(5,22,421,0,0),(5,22,422,0,0),(5,22,423,0,0),(5,22,424,0,0),(5,22,425,0,0),(5,22,426,0,0),(5,22,427,0,0),(5,22,428,0,0),(5,22,429,0,0),(5,22,430,0,0),(5,22,431,0,0),(5,22,432,0,0),(5,22,433,0,0),(5,22,434,0,0),(5,23,435,0,0),(5,23,436,0,0),(5,23,437,0,0),(5,23,438,0,0),(5,23,439,0,0),(5,23,440,0,0),(5,23,441,0,0),(5,23,442,0,0),(5,23,443,0,0),(5,23,444,0,0),(5,23,445,0,0),(5,23,446,0,0),(5,23,447,0,0),(5,23,448,0,0),(5,23,449,0,0),(5,23,450,0,0),(5,23,451,0,0),(5,23,452,0,0),(5,23,453,0,0),(5,23,454,0,1),(5,23,455,0,1),(5,23,456,0,0),(5,23,457,0,0),(5,23,458,0,0),(5,23,459,0,0),(5,23,460,0,0),(5,23,461,0,0),(5,23,462,0,0),(5,23,463,0,0),(5,23,464,0,0),(5,23,465,0,0),(5,23,466,0,0),(5,23,467,0,0),(5,23,468,0,0),(5,23,469,0,0),(5,23,470,0,0),(5,23,471,0,0),(5,23,472,0,0),(5,23,473,0,0),(5,29,474,0,0),(5,29,478,0,0),(5,29,479,0,0),(5,29,481,0,0),(5,29,488,0,0),(5,29,489,0,0),(5,29,490,0,0),(5,29,491,0,0),(5,29,493,0,0),(5,29,494,0,0),(5,29,495,0,0),(5,29,496,0,0),(5,29,497,0,0),(5,29,502,0,0),(5,29,503,0,0),(5,29,504,0,0),(5,29,505,0,0),(5,29,540,0,0),(5,2,651,0,0),(5,23,653,0,1),(5,23,654,0,1),(5,23,655,0,1),(5,23,656,0,1),(5,23,657,0,1),(5,23,658,0,1),(5,23,659,0,1),(5,23,660,0,1),(5,23,661,0,1),(5,22,662,0,1),(5,22,663,0,1),(5,22,664,0,1),(5,22,665,0,1),(5,22,666,0,1),(5,22,667,0,1),(5,22,668,0,1),(5,22,669,0,1),(5,22,670,0,1),(5,20,680,0,1),(5,20,681,0,1),(5,20,682,0,1),(5,20,683,0,1),(5,20,684,0,1),(5,20,685,0,1),(5,20,686,0,1),(5,20,687,0,1),(5,20,688,0,1),(5,23,695,0,0),(5,22,696,0,0),(5,20,698,0,0),(5,6,700,0,1),(5,4,701,0,1),(5,2,702,0,1),(5,23,704,0,0),(5,23,705,0,0),(5,7,709,0,0),(5,23,712,0,1),(5,20,713,0,1),(5,22,715,0,1),(5,2,717,0,0),(5,2,724,0,1),(5,4,725,0,1),(5,6,726,0,1),(5,7,727,0,1),(5,23,739,0,1),(5,29,750,0,0),(5,7,754,0,0),(6,6,1,0,0),(6,6,2,0,0),(6,6,3,0,0),(6,6,4,0,0),(6,6,5,0,0),(6,6,6,0,0),(6,6,7,0,0),(6,6,8,0,0),(6,6,9,0,0),(6,6,10,0,0),(6,6,11,0,0),(6,6,12,0,0),(6,6,13,0,0),(6,6,14,0,0),(6,6,15,0,0),(6,6,16,0,0),(6,6,17,0,0),(6,6,18,0,0),(6,6,19,0,0),(6,6,20,0,0),(6,6,21,0,1),(6,6,22,0,1),(6,6,23,0,0),(6,6,24,0,0),(6,6,25,0,0),(6,6,26,0,0),(6,6,27,0,0),(6,6,28,0,0),(6,6,29,0,0),(6,6,30,0,0),(6,6,31,0,0),(6,6,32,0,0),(6,6,33,0,0),(6,6,34,0,0),(6,6,35,0,0),(6,6,36,0,0),(6,7,37,0,0),(6,7,38,0,0),(6,7,39,0,0),(6,7,40,0,0),(6,7,41,0,0),(6,7,42,0,0),(6,7,43,0,0),(6,7,44,0,0),(6,7,45,0,0),(6,7,46,0,0),(6,7,47,0,0),(6,7,48,0,0),(6,7,49,0,0),(6,7,50,0,0),(6,7,51,0,0),(6,7,52,0,0),(6,7,53,0,0),(6,7,54,0,0),(6,7,55,0,0),(6,7,56,0,1),(6,7,57,0,1),(6,7,58,0,0),(6,7,59,0,0),(6,7,60,0,0),(6,7,61,0,0),(6,7,62,0,0),(6,7,63,0,0),(6,7,64,0,0),(6,7,65,0,0),(6,4,66,0,0),(6,4,67,0,0),(6,4,68,0,0),(6,4,69,0,0),(6,4,70,0,0),(6,4,71,0,0),(6,4,72,0,0),(6,4,73,0,0),(6,4,74,0,0),(6,4,75,0,0),(6,4,76,0,0),(6,4,77,0,0),(6,4,78,0,0),(6,4,79,0,0),(6,4,80,0,0),(6,4,81,0,0),(6,4,82,0,0),(6,4,83,0,0),(6,4,84,0,0),(6,4,85,0,0),(6,4,86,0,0),(6,4,87,0,0),(6,4,88,0,0),(6,4,89,0,0),(6,4,90,0,1),(6,4,91,0,1),(6,4,92,0,0),(6,4,93,0,0),(6,4,94,0,0),(6,4,95,0,0),(6,4,96,0,0),(6,4,97,0,0),(6,4,98,0,0),(6,4,99,0,0),(6,4,100,0,0),(6,4,101,0,0),(6,4,102,0,0),(6,4,103,0,0),(6,4,104,0,0),(6,4,105,0,0),(6,4,106,0,0),(6,4,107,0,0),(6,4,108,0,0),(6,4,109,0,0),(6,2,110,0,0),(6,2,111,0,0),(6,2,112,0,0),(6,2,113,0,0),(6,2,114,0,0),(6,2,115,0,0),(6,2,116,0,0),(6,2,117,0,0),(6,2,118,0,0),(6,2,119,0,0),(6,2,120,0,0),(6,2,121,0,0),(6,2,122,0,1),(6,2,123,0,1),(6,2,124,0,0),(6,2,125,0,0),(6,14,173,0,0),(6,14,174,0,0),(6,14,175,0,0),(6,14,176,0,0),(6,14,177,0,0),(6,14,178,0,0),(6,14,179,0,0),(6,14,180,0,0),(6,14,181,0,0),(6,14,182,0,0),(6,14,183,0,0),(6,14,184,0,0),(6,14,185,0,0),(6,14,186,0,0),(6,14,187,0,0),(6,14,188,0,0),(6,14,189,0,0),(6,14,190,0,1),(6,14,191,0,1),(6,14,192,0,0),(6,14,193,0,0),(6,14,194,0,0),(6,14,195,0,0),(6,14,196,0,0),(6,14,197,0,0),(6,14,198,0,0),(6,14,199,0,0),(6,14,200,0,0),(6,14,201,0,0),(6,14,202,0,0),(6,14,203,0,0),(6,20,313,0,0),(6,20,314,0,0),(6,20,315,0,0),(6,20,316,0,0),(6,20,317,0,0),(6,20,318,0,0),(6,20,319,0,0),(6,20,320,0,0),(6,20,321,0,0),(6,20,322,0,0),(6,20,323,0,0),(6,20,324,0,0),(6,20,325,0,0),(6,20,326,0,0),(6,20,327,0,0),(6,20,328,0,0),(6,20,329,0,0),(6,20,330,0,0),(6,20,331,0,1),(6,20,332,0,1),(6,20,333,0,0),(6,20,334,0,0),(6,20,335,0,0),(6,20,336,0,0),(6,20,337,0,0),(6,20,338,0,0),(6,20,339,0,0),(6,20,340,0,0),(6,20,341,0,0),(6,20,342,0,0),(6,20,343,0,0),(6,20,344,0,0),(6,20,345,0,0),(6,20,346,0,0),(6,20,347,0,0),(6,20,348,0,0),(6,20,349,0,0),(6,22,388,0,0),(6,22,389,0,0),(6,22,390,0,0),(6,22,391,0,0),(6,22,392,0,0),(6,22,393,0,0),(6,22,394,0,0),(6,22,395,0,0),(6,22,396,0,0),(6,22,397,0,0),(6,22,398,0,0),(6,22,399,0,0),(6,22,400,0,0),(6,22,401,0,0),(6,22,402,0,0),(6,22,403,0,0),(6,22,404,0,0),(6,22,405,0,0),(6,22,406,0,0),(6,22,407,0,0),(6,22,408,0,0),(6,22,409,0,0),(6,22,410,0,1),(6,22,411,0,1),(6,22,412,0,0),(6,22,413,0,0),(6,22,414,0,0),(6,22,415,0,0),(6,22,416,0,0),(6,22,417,0,0),(6,22,418,0,0),(6,22,419,0,0),(6,22,420,0,0),(6,22,421,0,0),(6,22,422,0,0),(6,22,423,0,0),(6,22,424,0,0),(6,22,425,0,0),(6,22,426,0,0),(6,22,427,0,0),(6,22,428,0,0),(6,22,429,0,0),(6,22,430,0,0),(6,22,431,0,0),(6,22,432,0,0),(6,22,433,0,0),(6,22,434,0,0),(6,23,435,0,0),(6,23,436,0,0),(6,23,437,0,0),(6,23,438,0,0),(6,23,439,0,0),(6,23,440,0,0),(6,23,441,0,0),(6,23,442,0,0),(6,23,443,0,0),(6,23,444,0,0),(6,23,445,0,0),(6,23,446,0,0),(6,23,447,0,0),(6,23,448,0,0),(6,23,449,0,0),(6,23,450,0,0),(6,23,451,0,0),(6,23,452,0,0),(6,23,453,0,0),(6,23,454,0,1),(6,23,455,0,1),(6,23,456,0,0),(6,23,457,0,0),(6,23,458,0,0),(6,23,459,0,0),(6,23,460,0,0),(6,23,461,0,0),(6,23,462,0,0),(6,23,463,0,0),(6,23,464,0,0),(6,23,465,0,0),(6,23,466,0,0),(6,23,467,0,0),(6,23,468,0,0),(6,23,469,0,0),(6,23,470,0,0),(6,23,471,0,0),(6,23,472,0,0),(6,23,473,0,0),(6,29,474,0,0),(6,29,478,0,0),(6,29,479,0,0),(6,29,481,0,0),(6,29,488,0,0),(6,29,489,0,0),(6,29,490,0,0),(6,29,491,0,0),(6,29,493,0,0),(6,29,494,0,0),(6,29,495,0,0),(6,29,496,0,0),(6,29,497,0,0),(6,29,502,0,0),(6,29,503,0,0),(6,29,504,0,0),(6,29,505,0,0),(6,29,540,0,0),(6,2,651,0,0),(6,23,653,0,1),(6,23,654,0,1),(6,23,655,0,1),(6,23,656,0,1),(6,23,657,0,1),(6,23,658,0,1),(6,23,659,0,1),(6,23,660,0,1),(6,23,661,0,1),(6,22,662,0,1),(6,22,663,0,1),(6,22,664,0,1),(6,22,665,0,1),(6,22,666,0,1),(6,22,667,0,1),(6,22,668,0,1),(6,22,669,0,1),(6,22,670,0,1),(6,20,680,0,1),(6,20,681,0,1),(6,20,682,0,1),(6,20,683,0,1),(6,20,684,0,1),(6,20,685,0,1),(6,20,686,0,1),(6,20,687,0,1),(6,20,688,0,1),(6,23,695,0,0),(6,22,696,0,0),(6,20,698,0,0),(6,6,700,0,1),(6,4,701,0,1),(6,2,702,0,1),(6,23,704,0,0),(6,23,705,0,0),(6,7,709,0,0),(6,23,712,0,1),(6,20,713,0,1),(6,22,715,0,1),(6,2,717,0,0),(6,2,724,0,1),(6,4,725,0,1),(6,6,726,0,1),(6,7,727,0,1),(6,23,739,0,1),(6,29,750,0,0),(6,7,754,0,0),(7,6,1,0,0),(7,6,2,0,0),(7,6,3,0,0),(7,6,4,0,0),(7,6,5,0,0),(7,6,6,0,0),(7,6,7,0,0),(7,6,8,0,0),(7,6,9,0,0),(7,6,10,0,0),(7,6,11,0,0),(7,6,12,0,0),(7,6,13,0,0),(7,6,14,0,0),(7,6,15,0,0),(7,6,16,0,0),(7,6,17,0,0),(7,6,18,0,0),(7,6,19,0,0),(7,6,20,0,0),(7,6,21,0,1),(7,6,22,0,1),(7,6,23,0,0),(7,6,24,0,0),(7,6,25,0,0),(7,6,26,0,0),(7,6,27,0,0),(7,6,28,0,0),(7,6,29,0,0),(7,6,30,0,0),(7,6,31,0,0),(7,6,32,0,0),(7,6,33,0,0),(7,6,34,0,0),(7,6,35,0,0),(7,6,36,0,0),(7,7,37,0,0),(7,7,38,0,0),(7,7,39,0,0),(7,7,40,0,0),(7,7,41,0,0),(7,7,42,0,0),(7,7,43,0,0),(7,7,44,0,0),(7,7,45,0,0),(7,7,46,0,0),(7,7,47,0,0),(7,7,48,0,0),(7,7,49,0,0),(7,7,50,0,0),(7,7,51,0,0),(7,7,52,0,0),(7,7,53,0,0),(7,7,54,0,0),(7,7,55,0,0),(7,7,56,0,1),(7,7,57,0,1),(7,7,58,0,0),(7,7,59,0,0),(7,7,60,0,0),(7,7,61,0,0),(7,7,62,0,0),(7,7,63,0,0),(7,7,64,0,0),(7,7,65,0,0),(7,4,66,0,0),(7,4,67,0,0),(7,4,68,0,0),(7,4,69,0,0),(7,4,70,0,0),(7,4,71,0,0),(7,4,72,0,0),(7,4,73,0,0),(7,4,74,0,0),(7,4,75,0,0),(7,4,76,0,0),(7,4,77,0,0),(7,4,78,0,0),(7,4,79,0,0),(7,4,80,0,0),(7,4,81,0,0),(7,4,82,0,0),(7,4,83,0,0),(7,4,84,0,0),(7,4,85,0,0),(7,4,86,0,0),(7,4,87,0,0),(7,4,88,0,0),(7,4,89,0,0),(7,4,90,0,1),(7,4,91,0,1),(7,4,92,0,0),(7,4,93,0,0),(7,4,94,0,0),(7,4,95,0,0),(7,4,96,0,0),(7,4,97,0,0),(7,4,98,0,0),(7,4,99,0,0),(7,4,100,0,0),(7,4,101,0,0),(7,4,102,0,0),(7,4,103,0,0),(7,4,104,0,0),(7,4,105,0,0),(7,4,106,0,0),(7,4,107,0,0),(7,4,108,0,0),(7,4,109,0,0),(7,2,110,0,0),(7,2,111,0,0),(7,2,112,0,0),(7,2,113,0,0),(7,2,114,0,0),(7,2,115,0,0),(7,2,116,0,0),(7,2,117,0,0),(7,2,118,0,0),(7,2,119,0,0),(7,2,120,0,0),(7,2,121,0,0),(7,2,122,0,1),(7,2,123,0,1),(7,2,124,0,0),(7,2,125,0,0),(7,14,173,0,0),(7,14,174,0,0),(7,14,175,0,0),(7,14,176,0,0),(7,14,177,0,0),(7,14,178,0,0),(7,14,179,0,0),(7,14,180,0,0),(7,14,181,0,0),(7,14,182,0,0),(7,14,183,0,0),(7,14,184,0,0),(7,14,185,0,0),(7,14,186,0,0),(7,14,187,0,0),(7,14,188,0,0),(7,14,189,0,0),(7,14,190,0,1),(7,14,191,0,1),(7,14,192,0,0),(7,14,193,0,0),(7,14,194,0,0),(7,14,195,0,0),(7,14,196,0,0),(7,14,197,0,0),(7,14,198,0,0),(7,14,199,0,0),(7,14,200,0,0),(7,14,201,0,0),(7,14,202,0,0),(7,14,203,0,0),(7,20,313,0,0),(7,20,314,0,0),(7,20,315,0,0),(7,20,316,0,0),(7,20,317,0,0),(7,20,318,0,0),(7,20,319,0,0),(7,20,320,0,0),(7,20,321,0,0),(7,20,322,0,0),(7,20,323,0,0),(7,20,324,0,0),(7,20,325,0,0),(7,20,326,0,0),(7,20,327,0,0),(7,20,328,0,0),(7,20,329,0,0),(7,20,330,0,0),(7,20,331,0,1),(7,20,332,0,1),(7,20,333,0,0),(7,20,334,0,0),(7,20,335,0,0),(7,20,336,0,0),(7,20,337,0,0),(7,20,338,0,0),(7,20,339,0,0),(7,20,340,0,0),(7,20,341,0,0),(7,20,342,0,0),(7,20,343,0,0),(7,20,344,0,0),(7,20,345,0,0),(7,20,346,0,0),(7,20,347,0,0),(7,20,348,0,0),(7,20,349,0,0),(7,22,388,0,0),(7,22,389,0,0),(7,22,390,0,0),(7,22,391,0,0),(7,22,392,0,0),(7,22,393,0,0),(7,22,394,0,0),(7,22,395,0,0),(7,22,396,0,0),(7,22,397,0,0),(7,22,398,0,0),(7,22,399,0,0),(7,22,400,0,0),(7,22,401,0,0),(7,22,402,0,0),(7,22,403,0,0),(7,22,404,0,0),(7,22,405,0,0),(7,22,406,0,0),(7,22,407,0,0),(7,22,408,0,0),(7,22,409,0,0),(7,22,410,0,1),(7,22,411,0,1),(7,22,412,0,0),(7,22,413,0,0),(7,22,414,0,0),(7,22,415,0,0),(7,22,416,0,0),(7,22,417,0,0),(7,22,418,0,0),(7,22,419,0,0),(7,22,420,0,0),(7,22,421,0,0),(7,22,422,0,0),(7,22,423,0,0),(7,22,424,0,0),(7,22,425,0,0),(7,22,426,0,0),(7,22,427,0,0),(7,22,428,0,0),(7,22,429,0,0),(7,22,430,0,0),(7,22,431,0,0),(7,22,432,0,0),(7,22,433,0,0),(7,22,434,0,0),(7,23,435,0,0),(7,23,436,0,0),(7,23,437,0,0),(7,23,438,0,0),(7,23,439,0,0),(7,23,440,0,0),(7,23,441,0,0),(7,23,442,0,0),(7,23,443,0,0),(7,23,444,0,0),(7,23,445,0,0),(7,23,446,0,0),(7,23,447,0,0),(7,23,448,0,0),(7,23,449,0,0),(7,23,450,0,0),(7,23,451,0,0),(7,23,452,0,0),(7,23,453,0,0),(7,23,454,0,1),(7,23,455,0,1),(7,23,456,0,0),(7,23,457,0,0),(7,23,458,0,0),(7,23,459,0,0),(7,23,460,0,0),(7,23,461,0,0),(7,23,462,0,0),(7,23,463,0,0),(7,23,464,0,0),(7,23,465,0,0),(7,23,466,0,0),(7,23,467,0,0),(7,23,468,0,0),(7,23,469,0,0),(7,23,470,0,0),(7,23,471,0,0),(7,23,472,0,0),(7,23,473,0,0),(7,29,474,0,0),(7,29,478,0,0),(7,29,479,0,0),(7,29,481,0,0),(7,29,488,0,0),(7,29,489,0,0),(7,29,490,0,0),(7,29,491,0,0),(7,29,493,0,0),(7,29,494,0,0),(7,29,495,0,0),(7,29,496,0,0),(7,29,497,0,0),(7,29,502,0,0),(7,29,503,0,0),(7,29,504,0,0),(7,29,505,0,0),(7,29,540,0,0),(7,2,651,0,0),(7,23,653,0,1),(7,23,654,0,1),(7,23,655,0,1),(7,23,656,0,1),(7,23,657,0,1),(7,23,658,0,1),(7,23,659,0,1),(7,23,660,0,1),(7,23,661,0,1),(7,22,662,0,1),(7,22,663,0,1),(7,22,664,0,1),(7,22,665,0,1),(7,22,666,0,1),(7,22,667,0,1),(7,22,668,0,1),(7,22,669,0,1),(7,22,670,0,1),(7,20,680,0,1),(7,20,681,0,1),(7,20,682,0,1),(7,20,683,0,1),(7,20,684,0,1),(7,20,685,0,1),(7,20,686,0,1),(7,20,687,0,1),(7,20,688,0,1),(7,23,695,0,0),(7,22,696,0,0),(7,20,698,0,0),(7,6,700,0,1),(7,4,701,0,1),(7,2,702,0,1),(7,23,704,0,0),(7,23,705,0,0),(7,7,709,0,0),(7,23,712,0,1),(7,20,713,0,1),(7,22,715,0,1),(7,2,717,0,0),(7,2,724,0,1),(7,4,725,0,1),(7,6,726,0,1),(7,7,727,0,1),(7,23,739,0,1),(7,29,750,0,0),(7,7,754,0,0),(8,6,1,0,0),(8,6,2,0,0),(8,6,3,0,0),(8,6,4,0,0),(8,6,5,0,0),(8,6,6,0,0),(8,6,7,0,0),(8,6,8,0,0),(8,6,9,0,0),(8,6,10,0,0),(8,6,11,0,0),(8,6,12,0,0),(8,6,13,0,0),(8,6,14,0,0),(8,6,15,0,0),(8,6,16,0,0),(8,6,17,0,0),(8,6,18,0,0),(8,6,19,0,0),(8,6,20,0,0),(8,6,21,0,1),(8,6,22,0,1),(8,6,23,0,0),(8,6,24,0,0),(8,6,25,0,0),(8,6,26,0,0),(8,6,27,0,0),(8,6,28,0,0),(8,6,29,0,0),(8,6,30,0,0),(8,6,31,0,0),(8,6,32,0,0),(8,6,33,0,0),(8,6,34,0,0),(8,6,35,0,0),(8,6,36,0,0),(8,7,37,0,0),(8,7,38,0,0),(8,7,39,0,0),(8,7,40,0,0),(8,7,41,0,0),(8,7,42,0,0),(8,7,43,0,0),(8,7,44,0,0),(8,7,45,0,0),(8,7,46,0,0),(8,7,47,0,0),(8,7,48,0,0),(8,7,49,0,0),(8,7,50,0,0),(8,7,51,0,0),(8,7,52,0,0),(8,7,53,0,0),(8,7,54,0,0),(8,7,55,0,0),(8,7,56,0,1),(8,7,57,0,1),(8,7,58,0,0),(8,7,59,0,0),(8,7,60,0,0),(8,7,61,0,0),(8,7,62,0,0),(8,7,63,0,0),(8,7,64,0,0),(8,7,65,0,0),(8,4,66,0,0),(8,4,67,0,0),(8,4,68,0,0),(8,4,69,0,0),(8,4,70,0,0),(8,4,71,0,0),(8,4,72,0,0),(8,4,73,0,0),(8,4,74,0,0),(8,4,75,0,0),(8,4,76,0,0),(8,4,77,0,0),(8,4,78,0,0),(8,4,79,0,0),(8,4,80,0,0),(8,4,81,0,0),(8,4,82,0,0),(8,4,83,0,0),(8,4,84,0,0),(8,4,85,0,0),(8,4,86,0,0),(8,4,87,0,0),(8,4,88,0,0),(8,4,89,0,0),(8,4,90,0,1),(8,4,91,0,1),(8,4,92,0,0),(8,4,93,0,0),(8,4,94,0,0),(8,4,95,0,0),(8,4,96,0,0),(8,4,97,0,0),(8,4,98,0,0),(8,4,99,0,0),(8,4,100,0,0),(8,4,101,0,0),(8,4,102,0,0),(8,4,103,0,0),(8,4,104,0,0),(8,4,105,0,0),(8,4,106,0,0),(8,4,107,0,0),(8,4,108,0,0),(8,4,109,0,0),(8,2,110,0,0),(8,2,111,0,0),(8,2,112,0,0),(8,2,113,0,0),(8,2,114,0,0),(8,2,115,0,0),(8,2,116,0,0),(8,2,117,0,0),(8,2,118,0,0),(8,2,119,0,0),(8,2,120,0,0),(8,2,121,0,0),(8,2,122,0,1),(8,2,123,0,1),(8,2,124,0,0),(8,2,125,0,0),(8,14,173,0,0),(8,14,174,0,0),(8,14,175,0,0),(8,14,176,0,0),(8,14,177,0,0),(8,14,178,0,0),(8,14,179,0,0),(8,14,180,0,0),(8,14,181,0,0),(8,14,182,0,0),(8,14,183,0,0),(8,14,184,0,0),(8,14,185,0,0),(8,14,186,0,0),(8,14,187,0,0),(8,14,188,0,0),(8,14,189,0,0),(8,14,190,0,1),(8,14,191,0,1),(8,14,192,0,0),(8,14,193,0,0),(8,14,194,0,0),(8,14,195,0,0),(8,14,196,0,0),(8,14,197,0,0),(8,14,198,0,0),(8,14,199,0,0),(8,14,200,0,0),(8,14,201,0,0),(8,14,202,0,0),(8,14,203,0,0),(8,20,313,0,0),(8,20,314,0,0),(8,20,315,0,0),(8,20,316,0,0),(8,20,317,0,0),(8,20,318,0,0),(8,20,319,0,0),(8,20,320,0,0),(8,20,321,0,0),(8,20,322,0,0),(8,20,323,0,0),(8,20,324,0,0),(8,20,325,0,0),(8,20,326,0,0),(8,20,327,0,0),(8,20,328,0,0),(8,20,329,0,0),(8,20,330,0,0),(8,20,331,0,1),(8,20,332,0,1),(8,20,333,0,0),(8,20,334,0,0),(8,20,335,0,0),(8,20,336,0,0),(8,20,337,0,0),(8,20,338,0,0),(8,20,339,0,0),(8,20,340,0,0),(8,20,341,0,0),(8,20,342,0,0),(8,20,343,0,0),(8,20,344,0,0),(8,20,345,0,0),(8,20,346,0,0),(8,20,347,0,0),(8,20,348,0,0),(8,20,349,0,0),(8,22,388,0,0),(8,22,389,0,0),(8,22,390,0,0),(8,22,391,0,0),(8,22,392,0,0),(8,22,393,0,0),(8,22,394,0,0),(8,22,395,0,0),(8,22,396,0,0),(8,22,397,0,0),(8,22,398,0,0),(8,22,399,0,0),(8,22,400,0,0),(8,22,401,0,0),(8,22,402,0,0),(8,22,403,0,0),(8,22,404,0,0),(8,22,405,0,0),(8,22,406,0,0),(8,22,407,0,0),(8,22,408,0,0),(8,22,409,0,0),(8,22,410,0,1),(8,22,411,0,1),(8,22,412,0,0),(8,22,413,0,0),(8,22,414,0,0),(8,22,415,0,0),(8,22,416,0,0),(8,22,417,0,0),(8,22,418,0,0),(8,22,419,0,0),(8,22,420,0,0),(8,22,421,0,0),(8,22,422,0,0),(8,22,423,0,0),(8,22,424,0,0),(8,22,425,0,0),(8,22,426,0,0),(8,22,427,0,0),(8,22,428,0,0),(8,22,429,0,0),(8,22,430,0,0),(8,22,431,0,0),(8,22,432,0,0),(8,22,433,0,0),(8,22,434,0,0),(8,23,435,0,0),(8,23,436,0,0),(8,23,437,0,0),(8,23,438,0,0),(8,23,439,0,0),(8,23,440,0,0),(8,23,441,0,0),(8,23,442,0,0),(8,23,443,0,0),(8,23,444,0,0),(8,23,445,0,0),(8,23,446,0,0),(8,23,447,0,0),(8,23,448,0,0),(8,23,449,0,0),(8,23,450,0,0),(8,23,451,0,0),(8,23,452,0,0),(8,23,453,0,0),(8,23,454,0,1),(8,23,455,0,1),(8,23,456,0,0),(8,23,457,0,0),(8,23,458,0,0),(8,23,459,0,0),(8,23,460,0,0),(8,23,461,0,0),(8,23,462,0,0),(8,23,463,0,0),(8,23,464,0,0),(8,23,465,0,0),(8,23,466,0,0),(8,23,467,0,0),(8,23,468,0,0),(8,23,469,0,0),(8,23,470,0,0),(8,23,471,0,0),(8,23,472,0,0),(8,23,473,0,0),(8,29,474,0,0),(8,29,478,0,0),(8,29,479,0,0),(8,29,481,0,0),(8,29,488,0,0),(8,29,489,0,0),(8,29,490,0,0),(8,29,491,0,0),(8,29,493,0,0),(8,29,494,0,0),(8,29,495,0,0),(8,29,496,0,0),(8,29,497,0,0),(8,29,502,0,0),(8,29,503,0,0),(8,29,504,0,0),(8,29,505,0,0),(8,29,540,0,0),(8,2,651,0,0),(8,23,653,0,1),(8,23,654,0,1),(8,23,655,0,1),(8,23,656,0,1),(8,23,657,0,1),(8,23,658,0,1),(8,23,659,0,1),(8,23,660,0,1),(8,23,661,0,1),(8,22,662,0,1),(8,22,663,0,1),(8,22,664,0,1),(8,22,665,0,1),(8,22,666,0,1),(8,22,667,0,1),(8,22,668,0,1),(8,22,669,0,1),(8,22,670,0,1),(8,20,680,0,1),(8,20,681,0,1),(8,20,682,0,1),(8,20,683,0,1),(8,20,684,0,1),(8,20,685,0,1),(8,20,686,0,1),(8,20,687,0,1),(8,20,688,0,1),(8,23,695,0,0),(8,22,696,0,0),(8,20,698,0,0),(8,6,700,0,1),(8,4,701,0,1),(8,2,702,0,1),(8,23,704,0,0),(8,23,705,0,0),(8,7,709,0,0),(8,23,712,0,1),(8,20,713,0,1),(8,22,715,0,1),(8,2,717,0,0),(8,2,724,0,1),(8,4,725,0,1),(8,6,726,0,1),(8,7,727,0,1),(8,23,739,0,1),(8,29,750,0,0),(8,7,754,0,0);
/*!40000 ALTER TABLE `vtiger_profile2field` ENABLE KEYS */;
UNLOCK TABLES;

--
-- Table structure for table `vtiger_profile2globalpermissions`
--

DROP TABLE IF EXISTS `vtiger_profile2globalpermissions`;
/*!40101 SET @saved_cs_client     = @@character_set_client */;
/*!40101 SET character_set_client = utf8 */;
CREATE TABLE `vtiger_profile2globalpermissions` (
  `profileid` int(19) NOT NULL,
  `globalactionid` int(19) NOT NULL,
  `globalactionpermission` int(19) DEFAULT NULL,
  PRIMARY KEY (`profileid`,`globalactionid`),
  KEY `idx_profile2globalpermissions` (`profileid`,`globalactionid`)
) ENGINE=InnoDB DEFAULT CHARSET=utf8;
/*!40101 SET character_set_client = @saved_cs_client */;

--
-- Dumping data for table `vtiger_profile2globalpermissions`
--

LOCK TABLES `vtiger_profile2globalpermissions` WRITE;
/*!40000 ALTER TABLE `vtiger_profile2globalpermissions` DISABLE KEYS */;
INSERT INTO `vtiger_profile2globalpermissions` VALUES (1,1,0),(1,2,0),(2,1,1),(2,2,1),(3,1,1),(3,2,1),(4,1,1),(4,2,1),(5,1,1),(5,2,1),(6,1,1),(6,2,1),(7,1,1),(7,2,1),(8,1,1),(8,2,1);
/*!40000 ALTER TABLE `vtiger_profile2globalpermissions` ENABLE KEYS */;
UNLOCK TABLES;

--
-- Table structure for table `vtiger_profile2standardpermissions`
--

DROP TABLE IF EXISTS `vtiger_profile2standardpermissions`;
/*!40101 SET @saved_cs_client     = @@character_set_client */;
/*!40101 SET character_set_client = utf8 */;
CREATE TABLE `vtiger_profile2standardpermissions` (
  `profileid` int(11) NOT NULL,
  `tabid` int(10) NOT NULL,
  `operation` int(10) NOT NULL,
  `permissions` int(1) DEFAULT NULL,
  PRIMARY KEY (`profileid`,`tabid`,`operation`),
  KEY `profile2standardpermissions_profileid_tabid_operation_idx` (`profileid`,`tabid`,`operation`)
) ENGINE=InnoDB DEFAULT CHARSET=utf8;
/*!40101 SET character_set_client = @saved_cs_client */;

--
-- Dumping data for table `vtiger_profile2standardpermissions`
--

LOCK TABLES `vtiger_profile2standardpermissions` WRITE;
/*!40000 ALTER TABLE `vtiger_profile2standardpermissions` DISABLE KEYS */;
INSERT INTO `vtiger_profile2standardpermissions` VALUES (1,2,0,0),(1,2,1,0),(1,2,2,0),(1,2,3,0),(1,2,4,0),(1,4,0,0),(1,4,1,0),(1,4,2,0),(1,4,3,0),(1,4,4,0),(1,6,0,0),(1,6,1,0),(1,6,2,0),(1,6,3,0),(1,6,4,0),(1,7,0,0),(1,7,1,0),(1,7,2,0),(1,7,3,0),(1,7,4,0),(1,8,0,0),(1,8,1,0),(1,8,2,0),(1,8,3,0),(1,8,4,0),(1,9,0,0),(1,9,1,0),(1,9,2,0),(1,9,3,0),(1,9,4,0),(1,13,0,0),(1,13,1,0),(1,13,2,0),(1,13,3,0),(1,13,4,0),(1,14,0,0),(1,14,1,0),(1,14,2,0),(1,14,3,0),(1,14,4,0),(1,15,0,0),(1,15,1,0),(1,15,2,0),(1,15,3,0),(1,15,4,0),(1,16,0,0),(1,16,1,0),(1,16,2,0),(1,16,3,0),(1,16,4,0),(1,18,0,0),(1,18,1,0),(1,18,2,0),(1,18,3,0),(1,18,4,0),(1,19,0,0),(1,19,1,0),(1,19,2,0),(1,19,3,0),(1,19,4,0),(1,20,0,0),(1,20,1,0),(1,20,2,0),(1,20,3,0),(1,20,4,0),(1,21,0,0),(1,21,1,0),(1,21,2,0),(1,21,3,0),(1,21,4,0),(1,22,0,0),(1,22,1,0),(1,22,2,0),(1,22,3,0),(1,22,4,0),(1,23,0,1),(1,23,1,1),(1,23,2,1),(1,23,3,0),(1,23,4,1),(1,26,0,0),(1,26,1,0),(1,26,2,0),(1,26,3,0),(1,26,4,0),(1,34,0,0),(1,34,1,0),(1,34,2,0),(1,34,3,0),(1,34,4,0),(1,35,0,0),(1,35,1,0),(1,35,2,0),(1,35,3,0),(1,35,4,0),(1,36,0,0),(1,36,1,0),(1,36,2,0),(1,36,3,0),(1,36,4,0),(1,38,0,0),(1,38,1,0),(1,38,2,0),(1,38,3,0),(1,38,4,0),(1,42,0,0),(1,42,1,0),(1,42,2,0),(1,42,3,0),(1,42,4,0),(1,43,0,0),(1,43,1,0),(1,43,2,0),(1,43,3,0),(1,43,4,0),(1,44,0,0),(1,44,1,0),(1,44,2,0),(1,44,3,0),(1,44,4,0),(1,45,0,0),(1,45,1,0),(1,45,2,0),(1,45,3,0),(1,45,4,0),(1,47,0,0),(1,47,1,0),(1,47,2,0),(1,47,3,0),(1,47,4,0),(2,2,0,0),(2,2,1,0),(2,2,2,0),(2,2,3,0),(2,2,4,0),(2,4,0,0),(2,4,1,0),(2,4,2,0),(2,4,3,0),(2,4,4,0),(2,6,0,0),(2,6,1,0),(2,6,2,0),(2,6,3,0),(2,6,4,0),(2,7,0,0),(2,7,1,0),(2,7,2,0),(2,7,3,0),(2,7,4,0),(2,8,0,0),(2,8,1,0),(2,8,2,0),(2,8,3,0),(2,8,4,0),(2,9,0,0),(2,9,1,0),(2,9,2,0),(2,9,3,0),(2,9,4,0),(2,13,0,1),(2,13,1,1),(2,13,2,1),(2,13,3,0),(2,13,4,0),(2,14,0,0),(2,14,1,0),(2,14,2,0),(2,14,3,0),(2,14,4,0),(2,15,0,0),(2,15,1,0),(2,15,2,0),(2,15,3,0),(2,15,4,0),(2,16,0,0),(2,16,1,0),(2,16,2,0),(2,16,3,0),(2,16,4,0),(2,18,0,0),(2,18,1,0),(2,18,2,0),(2,18,3,0),(2,18,4,0),(2,19,0,0),(2,19,1,0),(2,19,2,0),(2,19,3,0),(2,19,4,0),(2,20,0,0),(2,20,1,0),(2,20,2,0),(2,20,3,0),(2,20,4,0),(2,21,0,0),(2,21,1,0),(2,21,2,0),(2,21,3,0),(2,21,4,0),(2,22,0,0),(2,22,1,0),(2,22,2,0),(2,22,3,0),(2,22,4,0),(2,23,0,0),(2,23,1,0),(2,23,2,0),(2,23,3,0),(2,23,4,0),(2,26,0,0),(2,26,1,0),(2,26,2,0),(2,26,3,0),(2,26,4,0),(2,34,0,0),(2,34,1,0),(2,34,2,0),(2,34,3,0),(2,34,4,0),(2,35,0,0),(2,35,1,0),(2,35,2,0),(2,35,3,0),(2,35,4,0),(2,36,0,0),(2,36,1,0),(2,36,2,0),(2,36,3,0),(2,36,4,0),(2,38,0,0),(2,38,1,0),(2,38,2,0),(2,38,3,0),(2,38,4,0),(2,42,0,0),(2,42,1,0),(2,42,2,0),(2,42,3,0),(2,42,4,0),(2,43,0,0),(2,43,1,0),(2,43,2,0),(2,43,3,0),(2,43,4,0),(2,44,0,0),(2,44,1,0),(2,44,2,0),(2,44,3,0),(2,44,4,0),(2,45,0,0),(2,45,1,0),(2,45,2,0),(2,45,3,0),(2,45,4,0),(2,47,0,0),(2,47,1,0),(2,47,2,0),(2,47,3,0),(2,47,4,0),(3,2,0,1),(3,2,1,1),(3,2,2,1),(3,2,3,0),(3,2,4,0),(3,4,0,0),(3,4,1,0),(3,4,2,0),(3,4,3,0),(3,4,4,0),(3,6,0,0),(3,6,1,0),(3,6,2,0),(3,6,3,0),(3,6,4,0),(3,7,0,0),(3,7,1,0),(3,7,2,0),(3,7,3,0),(3,7,4,0),(3,8,0,0),(3,8,1,0),(3,8,2,0),(3,8,3,0),(3,8,4,0),(3,9,0,0),(3,9,1,0),(3,9,2,0),(3,9,3,0),(3,9,4,0),(3,13,0,0),(3,13,1,0),(3,13,2,0),(3,13,3,0),(3,13,4,0),(3,14,0,0),(3,14,1,0),(3,14,2,0),(3,14,3,0),(3,14,4,0),(3,15,0,0),(3,15,1,0),(3,15,2,0),(3,15,3,0),(3,15,4,0),(3,16,0,0),(3,16,1,0),(3,16,2,0),(3,16,3,0),(3,16,4,0),(3,18,0,0),(3,18,1,0),(3,18,2,0),(3,18,3,0),(3,18,4,0),(3,19,0,0),(3,19,1,0),(3,19,2,0),(3,19,3,0),(3,19,4,0),(3,20,0,0),(3,20,1,0),(3,20,2,0),(3,20,3,0),(3,20,4,0),(3,21,0,0),(3,21,1,0),(3,21,2,0),(3,21,3,0),(3,21,4,0),(3,22,0,0),(3,22,1,0),(3,22,2,0),(3,22,3,0),(3,22,4,0),(3,23,0,0),(3,23,1,0),(3,23,2,0),(3,23,3,0),(3,23,4,0),(3,26,0,0),(3,26,1,0),(3,26,2,0),(3,26,3,0),(3,26,4,0),(3,34,0,0),(3,34,1,0),(3,34,2,0),(3,34,3,0),(3,34,4,0),(3,35,0,0),(3,35,1,0),(3,35,2,0),(3,35,3,0),(3,35,4,0),(3,36,0,0),(3,36,1,0),(3,36,2,0),(3,36,3,0),(3,36,4,0),(3,38,0,0),(3,38,1,0),(3,38,2,0),(3,38,3,0),(3,38,4,0),(3,42,0,0),(3,42,1,0),(3,42,2,0),(3,42,3,0),(3,42,4,0),(3,43,0,0),(3,43,1,0),(3,43,2,0),(3,43,3,0),(3,43,4,0),(3,44,0,0),(3,44,1,0),(3,44,2,0),(3,44,3,0),(3,44,4,0),(3,45,0,0),(3,45,1,0),(3,45,2,0),(3,45,3,0),(3,45,4,0),(3,47,0,0),(3,47,1,0),(3,47,2,0),(3,47,3,0),(3,47,4,0),(4,2,0,1),(4,2,1,1),(4,2,2,1),(4,2,3,0),(4,2,4,0),(4,4,0,1),(4,4,1,1),(4,4,2,1),(4,4,3,0),(4,4,4,0),(4,6,0,1),(4,6,1,1),(4,6,2,1),(4,6,3,0),(4,6,4,0),(4,7,0,1),(4,7,1,1),(4,7,2,1),(4,7,3,0),(4,7,4,0),(4,8,0,1),(4,8,1,1),(4,8,2,1),(4,8,3,0),(4,8,4,0),(4,9,0,1),(4,9,1,1),(4,9,2,1),(4,9,3,0),(4,9,4,0),(4,13,0,1),(4,13,1,1),(4,13,2,1),(4,13,3,0),(4,13,4,0),(4,14,0,1),(4,14,1,1),(4,14,2,1),(4,14,3,0),(4,14,4,0),(4,15,0,1),(4,15,1,1),(4,15,2,1),(4,15,3,0),(4,15,4,0),(4,16,0,1),(4,16,1,1),(4,16,2,1),(4,16,3,0),(4,16,4,0),(4,18,0,1),(4,18,1,1),(4,18,2,1),(4,18,3,0),(4,18,4,0),(4,19,0,1),(4,19,1,1),(4,19,2,1),(4,19,3,0),(4,19,4,0),(4,20,0,1),(4,20,1,1),(4,20,2,1),(4,20,3,0),(4,20,4,0),(4,21,0,1),(4,21,1,1),(4,21,2,1),(4,21,3,0),(4,21,4,0),(4,22,0,1),(4,22,1,1),(4,22,2,1),(4,22,3,0),(4,22,4,0),(4,23,0,1),(4,23,1,1),(4,23,2,1),(4,23,3,0),(4,23,4,0),(4,26,0,1),(4,26,1,1),(4,26,2,1),(4,26,3,0),(4,26,4,0),(4,34,0,0),(4,34,1,0),(4,34,2,0),(4,34,3,0),(4,34,4,0),(4,35,0,0),(4,35,1,0),(4,35,2,0),(4,35,3,0),(4,35,4,0),(4,36,0,0),(4,36,1,0),(4,36,2,0),(4,36,3,0),(4,36,4,0),(4,38,0,0),(4,38,1,0),(4,38,2,0),(4,38,3,0),(4,38,4,0),(4,42,0,0),(4,42,1,0),(4,42,2,0),(4,42,3,0),(4,42,4,0),(4,43,0,0),(4,43,1,0),(4,43,2,0),(4,43,3,0),(4,43,4,0),(4,44,0,0),(4,44,1,0),(4,44,2,0),(4,44,3,0),(4,44,4,0),(4,45,0,0),(4,45,1,0),(4,45,2,0),(4,45,3,0),(4,45,4,0),(4,47,0,0),(4,47,1,0),(4,47,2,0),(4,47,3,0),(4,47,4,0),(5,2,0,0),(5,2,1,0),(5,2,2,0),(5,2,4,0),(5,4,0,0),(5,4,1,0),(5,4,2,0),(5,4,4,0),(5,6,0,0),(5,6,1,0),(5,6,2,0),(5,6,4,0),(5,7,0,0),(5,7,1,0),(5,7,2,0),(5,7,4,0),(5,20,0,0),(5,20,1,0),(5,20,2,0),(5,20,4,0),(5,22,0,0),(5,22,1,0),(5,22,2,0),(5,22,4,0),(6,2,0,1),(6,2,1,1),(6,2,2,1),(6,2,4,0),(6,4,0,1),(6,4,1,1),(6,4,2,1),(6,4,4,0),(6,6,0,1),(6,6,1,1),(6,6,2,1),(6,6,4,0),(6,7,0,1),(6,7,1,1),(6,7,2,1),(6,7,4,0),(6,22,0,1),(6,22,1,1),(6,22,2,1),(6,22,4,0),(7,2,0,0),(7,2,1,0),(7,2,2,0),(7,2,4,0),(7,4,0,0),(7,4,1,0),(7,4,2,0),(7,4,4,0),(7,6,0,0),(7,6,1,0),(7,6,2,0),(7,6,4,0),(7,7,0,0),(7,7,1,0),(7,7,2,0),(7,7,4,0),(7,20,0,0),(7,20,1,0),(7,20,2,0),(7,20,4,0),(7,22,0,0),(7,22,1,0),(7,22,2,0),(7,22,4,0),(7,23,0,0),(7,23,1,0),(7,23,2,0),(7,23,4,0),(8,2,0,0),(8,2,1,0),(8,2,2,0),(8,2,4,0),(8,4,0,0),(8,4,1,0),(8,4,2,0),(8,4,4,0),(8,6,0,0),(8,6,1,0),(8,6,2,0),(8,6,4,0),(8,7,0,0),(8,7,1,0),(8,7,2,0),(8,7,4,0),(8,20,0,0),(8,20,1,0),(8,20,2,0),(8,20,4,0),(8,22,0,0),(8,22,1,0),(8,22,2,0),(8,22,4,0);
/*!40000 ALTER TABLE `vtiger_profile2standardpermissions` ENABLE KEYS */;
UNLOCK TABLES;

--
-- Table structure for table `vtiger_profile2tab`
--

DROP TABLE IF EXISTS `vtiger_profile2tab`;
/*!40101 SET @saved_cs_client     = @@character_set_client */;
/*!40101 SET character_set_client = utf8 */;
CREATE TABLE `vtiger_profile2tab` (
  `profileid` int(11) DEFAULT NULL,
  `tabid` int(10) DEFAULT NULL,
  `permissions` int(10) NOT NULL DEFAULT '0',
  KEY `profile2tab_profileid_tabid_idx` (`profileid`,`tabid`)
) ENGINE=InnoDB DEFAULT CHARSET=utf8;
/*!40101 SET character_set_client = @saved_cs_client */;

--
-- Dumping data for table `vtiger_profile2tab`
--

LOCK TABLES `vtiger_profile2tab` WRITE;
/*!40000 ALTER TABLE `vtiger_profile2tab` DISABLE KEYS */;
INSERT INTO `vtiger_profile2tab` VALUES (1,3,0),(1,8,0),(1,9,0),(1,10,0),(1,13,0),(1,15,0),(1,18,0),(1,19,0),(1,21,0),(1,24,0),(1,25,0),(1,26,0),(1,27,0),(2,3,0),(2,8,0),(2,9,0),(2,10,0),(2,13,0),(2,14,0),(2,15,0),(2,18,0),(2,19,0),(2,20,0),(2,21,0),(2,22,0),(2,23,0),(2,24,0),(2,25,0),(2,26,0),(2,27,0),(3,1,0),(3,2,0),(3,3,0),(3,4,0),(3,6,0),(3,7,0),(3,8,0),(3,9,0),(3,10,0),(3,13,0),(3,14,0),(3,15,0),(3,16,0),(3,18,0),(3,19,0),(3,20,0),(3,21,0),(3,22,0),(3,23,0),(3,24,0),(3,25,0),(3,26,0),(3,27,0),(4,1,0),(4,2,0),(4,3,0),(4,4,0),(4,6,0),(4,7,0),(4,8,0),(4,9,0),(4,10,0),(4,13,0),(4,14,0),(4,15,0),(4,16,0),(4,18,0),(4,19,0),(4,20,0),(4,21,0),(4,22,0),(4,23,0),(4,24,0),(4,25,0),(4,26,0),(4,27,0),(1,30,0),(2,30,0),(3,30,0),(4,30,0),(2,31,0),(3,31,0),(4,31,0),(1,32,0),(2,32,0),(3,32,0),(4,32,0),(1,33,0),(2,33,0),(3,33,0),(4,33,0),(1,34,0),(2,34,0),(3,34,0),(4,34,0),(1,35,0),(2,35,0),(3,35,0),(4,35,0),(1,36,0),(2,36,0),(3,36,0),(4,36,0),(1,37,0),(2,37,0),(3,37,0),(4,37,0),(1,38,0),(2,38,0),(3,38,0),(4,38,0),(1,39,0),(2,39,0),(3,39,0),(4,39,0),(1,40,0),(2,40,0),(3,40,0),(4,40,0),(1,41,0),(2,41,0),(3,41,0),(4,41,0),(1,42,0),(2,42,0),(3,42,0),(4,42,0),(1,43,0),(2,43,0),(3,43,0),(4,43,0),(1,44,0),(2,44,0),(3,44,0),(4,44,0),(1,45,0),(2,45,0),(3,45,0),(4,45,0),(1,46,0),(2,46,0),(3,46,0),(4,46,0),(1,47,0),(2,47,0),(3,47,0),(4,47,0),(1,48,0),(2,48,0),(3,48,0),(4,48,0),(3,49,0),(4,49,0),(2,1,0),(2,2,0),(2,4,0),(2,6,0),(2,7,0),(2,49,0),(2,16,1),(6,23,1),(8,23,1),(7,23,1),(5,23,1),(1,23,1),(5,1,0),(5,2,0),(5,4,0),(5,6,0),(5,7,0),(5,14,1),(5,20,0),(5,22,0),(5,31,1),(5,49,1),(5,16,1),(6,1,0),(6,2,0),(6,4,0),(6,6,0),(6,7,0),(6,14,1),(6,20,1),(6,22,0),(6,31,1),(6,49,1),(6,16,1),(7,1,0),(7,2,0),(7,4,0),(7,6,0),(7,7,0),(7,14,1),(7,20,0),(7,22,0),(7,31,1),(7,49,1),(7,16,1),(8,1,0),(8,2,0),(8,4,0),(8,6,0),(8,7,0),(8,14,1),(8,20,0),(8,22,0),(8,31,1),(8,49,1),(8,16,1),(1,1,0),(1,2,0),(1,4,0),(1,6,0),(1,7,0),(1,14,1),(1,20,0),(1,22,0),(1,31,0),(1,49,0),(1,16,1);
/*!40000 ALTER TABLE `vtiger_profile2tab` ENABLE KEYS */;
UNLOCK TABLES;

--
-- Table structure for table `vtiger_profile2utility`
--

DROP TABLE IF EXISTS `vtiger_profile2utility`;
/*!40101 SET @saved_cs_client     = @@character_set_client */;
/*!40101 SET character_set_client = utf8 */;
CREATE TABLE `vtiger_profile2utility` (
  `profileid` int(11) NOT NULL,
  `tabid` int(11) NOT NULL,
  `activityid` int(11) NOT NULL,
  `permission` int(1) DEFAULT NULL,
  PRIMARY KEY (`profileid`,`tabid`,`activityid`),
  KEY `profile2utility_profileid_tabid_activityid_idx` (`profileid`,`tabid`,`activityid`)
) ENGINE=InnoDB DEFAULT CHARSET=utf8;
/*!40101 SET character_set_client = @saved_cs_client */;

--
-- Dumping data for table `vtiger_profile2utility`
--

LOCK TABLES `vtiger_profile2utility` WRITE;
/*!40000 ALTER TABLE `vtiger_profile2utility` DISABLE KEYS */;
INSERT INTO `vtiger_profile2utility` VALUES (1,2,5,0),(1,2,6,0),(1,2,10,0),(1,4,5,0),(1,4,6,0),(1,4,8,0),(1,4,10,0),(1,6,5,0),(1,6,6,0),(1,6,8,0),(1,6,10,0),(1,7,5,0),(1,7,6,0),(1,7,8,0),(1,7,9,0),(1,7,10,0),(1,8,6,0),(1,9,5,0),(1,9,6,0),(1,13,5,0),(1,13,6,0),(1,13,8,0),(1,13,10,0),(1,14,5,1),(1,14,6,1),(1,14,10,1),(1,18,5,0),(1,18,6,0),(1,18,10,0),(1,20,5,0),(1,20,6,0),(1,21,5,0),(1,21,6,0),(1,22,5,0),(1,22,6,0),(1,23,5,0),(1,23,6,0),(1,25,6,0),(1,25,13,0),(1,34,11,1),(1,34,12,1),(1,35,5,0),(1,35,6,0),(1,35,10,0),(1,36,5,0),(1,36,6,0),(1,36,10,0),(1,43,5,0),(1,43,6,0),(1,43,10,0),(1,44,5,0),(1,44,6,0),(1,44,10,0),(1,45,5,0),(1,45,6,0),(1,45,10,0),(2,2,5,1),(2,2,6,1),(2,2,10,0),(2,4,5,1),(2,4,6,1),(2,4,8,0),(2,4,10,0),(2,6,5,1),(2,6,6,1),(2,6,8,0),(2,6,10,0),(2,7,5,1),(2,7,6,1),(2,7,8,0),(2,7,9,0),(2,7,10,0),(2,8,6,1),(2,9,5,0),(2,9,6,0),(2,13,5,1),(2,13,6,1),(2,13,8,0),(2,13,10,0),(2,14,5,1),(2,14,6,1),(2,14,10,0),(2,18,5,1),(2,18,6,1),(2,18,10,0),(2,20,5,0),(2,20,6,0),(2,21,5,0),(2,21,6,0),(2,22,5,0),(2,22,6,0),(2,23,5,0),(2,23,6,0),(2,25,6,0),(2,25,13,0),(2,34,11,1),(2,34,12,1),(2,35,5,0),(2,35,6,0),(2,35,10,0),(2,36,5,0),(2,36,6,0),(2,36,10,0),(2,43,5,0),(2,43,6,0),(2,43,10,0),(2,44,5,0),(2,44,6,0),(2,44,10,0),(2,45,5,0),(2,45,6,0),(2,45,10,0),(3,2,5,1),(3,2,6,1),(3,2,10,0),(3,4,5,1),(3,4,6,1),(3,4,8,0),(3,4,10,0),(3,6,5,1),(3,6,6,1),(3,6,8,0),(3,6,10,0),(3,7,5,1),(3,7,6,1),(3,7,8,0),(3,7,9,0),(3,7,10,0),(3,8,6,1),(3,9,5,0),(3,9,6,0),(3,13,5,1),(3,13,6,1),(3,13,8,0),(3,13,10,0),(3,14,5,1),(3,14,6,1),(3,14,10,0),(3,18,5,1),(3,18,6,1),(3,18,10,0),(3,20,5,0),(3,20,6,0),(3,21,5,0),(3,21,6,0),(3,22,5,0),(3,22,6,0),(3,23,5,0),(3,23,6,0),(3,25,6,0),(3,25,13,0),(3,34,11,1),(3,34,12,1),(3,35,5,0),(3,35,6,0),(3,35,10,0),(3,36,5,0),(3,36,6,0),(3,36,10,0),(3,43,5,0),(3,43,6,0),(3,43,10,0),(3,44,5,0),(3,44,6,0),(3,44,10,0),(3,45,5,0),(3,45,6,0),(3,45,10,0),(4,2,5,1),(4,2,6,1),(4,2,10,0),(4,4,5,1),(4,4,6,1),(4,4,8,1),(4,4,10,0),(4,6,5,1),(4,6,6,1),(4,6,8,1),(4,6,10,0),(4,7,5,1),(4,7,6,1),(4,7,8,1),(4,7,9,0),(4,7,10,0),(4,8,6,1),(4,9,5,0),(4,9,6,0),(4,13,5,1),(4,13,6,1),(4,13,8,1),(4,13,10,0),(4,14,5,1),(4,14,6,1),(4,14,10,0),(4,18,5,1),(4,18,6,1),(4,18,10,0),(4,20,5,0),(4,20,6,0),(4,21,5,0),(4,21,6,0),(4,22,5,0),(4,22,6,0),(4,23,5,0),(4,23,6,0),(4,25,6,0),(4,25,13,0),(4,34,11,1),(4,34,12,1),(4,35,5,0),(4,35,6,0),(4,35,10,0),(4,36,5,0),(4,36,6,0),(4,36,10,0),(4,43,5,0),(4,43,6,0),(4,43,10,0),(4,44,5,0),(4,44,6,0),(4,44,10,0),(4,45,5,0),(4,45,6,0),(4,45,10,0),(5,2,5,0),(5,2,6,0),(5,2,10,0),(5,4,5,0),(5,4,6,0),(5,4,8,0),(5,4,10,0),(5,6,5,0),(5,6,6,0),(5,6,8,0),(5,6,10,0),(5,7,5,0),(5,7,6,0),(5,7,8,0),(5,7,9,0),(5,7,10,0),(6,2,5,0),(6,2,6,0),(6,2,10,0),(6,4,5,0),(6,4,6,0),(6,4,8,0),(6,4,10,0),(6,6,5,0),(6,6,6,0),(6,6,8,0),(6,6,10,0),(6,7,5,0),(6,7,6,0),(6,7,8,0),(6,7,9,0),(6,7,10,0),(7,2,5,0),(7,2,6,0),(7,2,10,0),(7,4,5,0),(7,4,6,0),(7,4,8,0),(7,4,10,0),(7,6,5,0),(7,6,6,0),(7,6,8,0),(7,6,10,0),(7,7,5,0),(7,7,6,0),(7,7,8,0),(7,7,9,0),(7,7,10,0),(8,2,5,0),(8,2,6,0),(8,2,10,0),(8,4,5,0),(8,4,6,0),(8,4,8,0),(8,4,10,0),(8,6,5,0),(8,6,6,0),(8,6,8,0),(8,6,10,0),(8,7,5,0),(8,7,6,0),(8,7,8,0),(8,7,9,0),(8,7,10,0);
/*!40000 ALTER TABLE `vtiger_profile2utility` ENABLE KEYS */;
UNLOCK TABLES;

--
-- Table structure for table `vtiger_profile_seq`
--

DROP TABLE IF EXISTS `vtiger_profile_seq`;
/*!40101 SET @saved_cs_client     = @@character_set_client */;
/*!40101 SET character_set_client = utf8 */;
CREATE TABLE `vtiger_profile_seq` (
  `id` int(11) NOT NULL
) ENGINE=InnoDB DEFAULT CHARSET=utf8;
/*!40101 SET character_set_client = @saved_cs_client */;

--
-- Dumping data for table `vtiger_profile_seq`
--

LOCK TABLES `vtiger_profile_seq` WRITE;
/*!40000 ALTER TABLE `vtiger_profile_seq` DISABLE KEYS */;
INSERT INTO `vtiger_profile_seq` VALUES (8);
/*!40000 ALTER TABLE `vtiger_profile_seq` ENABLE KEYS */;
UNLOCK TABLES;

--
-- Table structure for table `vtiger_progress`
--

DROP TABLE IF EXISTS `vtiger_progress`;
/*!40101 SET @saved_cs_client     = @@character_set_client */;
/*!40101 SET character_set_client = utf8 */;
CREATE TABLE `vtiger_progress` (
  `progressid` int(11) NOT NULL AUTO_INCREMENT,
  `progress` varchar(200) NOT NULL,
  `presence` int(1) NOT NULL DEFAULT '1',
  `picklist_valueid` int(11) NOT NULL DEFAULT '0',
  `sortorderid` int(11) DEFAULT '0',
  PRIMARY KEY (`progressid`)
) ENGINE=InnoDB AUTO_INCREMENT=12 DEFAULT CHARSET=utf8;
/*!40101 SET character_set_client = @saved_cs_client */;

--
-- Dumping data for table `vtiger_progress`
--

LOCK TABLES `vtiger_progress` WRITE;
/*!40000 ALTER TABLE `vtiger_progress` DISABLE KEYS */;
INSERT INTO `vtiger_progress` VALUES (2,'10%',1,278,2),(3,'20%',1,279,3),(4,'30%',1,280,4),(5,'40%',1,281,5),(6,'50%',1,282,6),(7,'60%',1,283,7),(8,'70%',1,284,8),(9,'80%',1,285,9),(10,'90%',1,286,10),(11,'100%',1,287,11);
/*!40000 ALTER TABLE `vtiger_progress` ENABLE KEYS */;
UNLOCK TABLES;

--
-- Table structure for table `vtiger_progress_seq`
--

DROP TABLE IF EXISTS `vtiger_progress_seq`;
/*!40101 SET @saved_cs_client     = @@character_set_client */;
/*!40101 SET character_set_client = utf8 */;
CREATE TABLE `vtiger_progress_seq` (
  `id` int(11) NOT NULL
) ENGINE=InnoDB DEFAULT CHARSET=utf8;
/*!40101 SET character_set_client = @saved_cs_client */;

--
-- Dumping data for table `vtiger_progress_seq`
--

LOCK TABLES `vtiger_progress_seq` WRITE;
/*!40000 ALTER TABLE `vtiger_progress_seq` DISABLE KEYS */;
INSERT INTO `vtiger_progress_seq` VALUES (11);
/*!40000 ALTER TABLE `vtiger_progress_seq` ENABLE KEYS */;
UNLOCK TABLES;

--
-- Table structure for table `vtiger_project`
--

DROP TABLE IF EXISTS `vtiger_project`;
/*!40101 SET @saved_cs_client     = @@character_set_client */;
/*!40101 SET character_set_client = utf8 */;
CREATE TABLE `vtiger_project` (
  `projectid` int(11) DEFAULT NULL,
  `projectname` varchar(255) DEFAULT NULL,
  `project_no` varchar(100) DEFAULT NULL,
  `startdate` date DEFAULT NULL,
  `targetenddate` date DEFAULT NULL,
  `actualenddate` date DEFAULT NULL,
  `targetbudget` varchar(255) DEFAULT NULL,
  `projecturl` varchar(255) DEFAULT NULL,
  `projectstatus` varchar(100) DEFAULT NULL,
  `projectpriority` varchar(100) DEFAULT NULL,
  `projecttype` varchar(100) DEFAULT NULL,
  `progress` varchar(100) DEFAULT NULL,
  `linktoaccountscontacts` varchar(100) DEFAULT NULL
) ENGINE=InnoDB DEFAULT CHARSET=utf8;
/*!40101 SET character_set_client = @saved_cs_client */;

--
-- Dumping data for table `vtiger_project`
--

LOCK TABLES `vtiger_project` WRITE;
/*!40000 ALTER TABLE `vtiger_project` DISABLE KEYS */;
/*!40000 ALTER TABLE `vtiger_project` ENABLE KEYS */;
UNLOCK TABLES;

--
-- Table structure for table `vtiger_projectcf`
--

DROP TABLE IF EXISTS `vtiger_projectcf`;
/*!40101 SET @saved_cs_client     = @@character_set_client */;
/*!40101 SET character_set_client = utf8 */;
CREATE TABLE `vtiger_projectcf` (
  `projectid` int(11) NOT NULL,
  PRIMARY KEY (`projectid`)
) ENGINE=InnoDB DEFAULT CHARSET=utf8;
/*!40101 SET character_set_client = @saved_cs_client */;

--
-- Dumping data for table `vtiger_projectcf`
--

LOCK TABLES `vtiger_projectcf` WRITE;
/*!40000 ALTER TABLE `vtiger_projectcf` DISABLE KEYS */;
/*!40000 ALTER TABLE `vtiger_projectcf` ENABLE KEYS */;
UNLOCK TABLES;

--
-- Table structure for table `vtiger_projectmilestone`
--

DROP TABLE IF EXISTS `vtiger_projectmilestone`;
/*!40101 SET @saved_cs_client     = @@character_set_client */;
/*!40101 SET character_set_client = utf8 */;
CREATE TABLE `vtiger_projectmilestone` (
  `projectmilestoneid` int(11) NOT NULL,
  `projectmilestonename` varchar(255) DEFAULT NULL,
  `projectmilestone_no` varchar(100) DEFAULT NULL,
  `projectmilestonedate` varchar(255) DEFAULT NULL,
  `projectid` varchar(100) DEFAULT NULL,
  `projectmilestonetype` varchar(100) DEFAULT NULL,
  PRIMARY KEY (`projectmilestoneid`)
) ENGINE=InnoDB DEFAULT CHARSET=utf8;
/*!40101 SET character_set_client = @saved_cs_client */;

--
-- Dumping data for table `vtiger_projectmilestone`
--

LOCK TABLES `vtiger_projectmilestone` WRITE;
/*!40000 ALTER TABLE `vtiger_projectmilestone` DISABLE KEYS */;
/*!40000 ALTER TABLE `vtiger_projectmilestone` ENABLE KEYS */;
UNLOCK TABLES;

--
-- Table structure for table `vtiger_projectmilestonecf`
--

DROP TABLE IF EXISTS `vtiger_projectmilestonecf`;
/*!40101 SET @saved_cs_client     = @@character_set_client */;
/*!40101 SET character_set_client = utf8 */;
CREATE TABLE `vtiger_projectmilestonecf` (
  `projectmilestoneid` int(11) NOT NULL DEFAULT '0',
  PRIMARY KEY (`projectmilestoneid`)
) ENGINE=InnoDB DEFAULT CHARSET=utf8;
/*!40101 SET character_set_client = @saved_cs_client */;

--
-- Dumping data for table `vtiger_projectmilestonecf`
--

LOCK TABLES `vtiger_projectmilestonecf` WRITE;
/*!40000 ALTER TABLE `vtiger_projectmilestonecf` DISABLE KEYS */;
/*!40000 ALTER TABLE `vtiger_projectmilestonecf` ENABLE KEYS */;
UNLOCK TABLES;

--
-- Table structure for table `vtiger_projectmilestonetype`
--

DROP TABLE IF EXISTS `vtiger_projectmilestonetype`;
/*!40101 SET @saved_cs_client     = @@character_set_client */;
/*!40101 SET character_set_client = utf8 */;
CREATE TABLE `vtiger_projectmilestonetype` (
  `projectmilestonetypeid` int(11) NOT NULL AUTO_INCREMENT,
  `projectmilestonetype` varchar(200) NOT NULL,
  `presence` int(1) NOT NULL DEFAULT '1',
  `picklist_valueid` int(11) NOT NULL DEFAULT '0',
  `sortorderid` int(11) DEFAULT '0',
  PRIMARY KEY (`projectmilestonetypeid`)
) ENGINE=InnoDB AUTO_INCREMENT=5 DEFAULT CHARSET=utf8;
/*!40101 SET character_set_client = @saved_cs_client */;

--
-- Dumping data for table `vtiger_projectmilestonetype`
--

LOCK TABLES `vtiger_projectmilestonetype` WRITE;
/*!40000 ALTER TABLE `vtiger_projectmilestonetype` DISABLE KEYS */;
INSERT INTO `vtiger_projectmilestonetype` VALUES (2,'administrative',1,238,2),(3,'operative',1,239,3),(4,'other',1,240,4);
/*!40000 ALTER TABLE `vtiger_projectmilestonetype` ENABLE KEYS */;
UNLOCK TABLES;

--
-- Table structure for table `vtiger_projectmilestonetype_seq`
--

DROP TABLE IF EXISTS `vtiger_projectmilestonetype_seq`;
/*!40101 SET @saved_cs_client     = @@character_set_client */;
/*!40101 SET character_set_client = utf8 */;
CREATE TABLE `vtiger_projectmilestonetype_seq` (
  `id` int(11) NOT NULL
) ENGINE=InnoDB DEFAULT CHARSET=utf8;
/*!40101 SET character_set_client = @saved_cs_client */;

--
-- Dumping data for table `vtiger_projectmilestonetype_seq`
--

LOCK TABLES `vtiger_projectmilestonetype_seq` WRITE;
/*!40000 ALTER TABLE `vtiger_projectmilestonetype_seq` DISABLE KEYS */;
INSERT INTO `vtiger_projectmilestonetype_seq` VALUES (4);
/*!40000 ALTER TABLE `vtiger_projectmilestonetype_seq` ENABLE KEYS */;
UNLOCK TABLES;

--
-- Table structure for table `vtiger_projectpriority`
--

DROP TABLE IF EXISTS `vtiger_projectpriority`;
/*!40101 SET @saved_cs_client     = @@character_set_client */;
/*!40101 SET character_set_client = utf8 */;
CREATE TABLE `vtiger_projectpriority` (
  `projectpriorityid` int(11) NOT NULL AUTO_INCREMENT,
  `projectpriority` varchar(200) NOT NULL,
  `presence` int(1) NOT NULL DEFAULT '1',
  `picklist_valueid` int(11) NOT NULL DEFAULT '0',
  `sortorderid` int(11) DEFAULT '0',
  PRIMARY KEY (`projectpriorityid`)
) ENGINE=InnoDB AUTO_INCREMENT=5 DEFAULT CHARSET=utf8;
/*!40101 SET character_set_client = @saved_cs_client */;

--
-- Dumping data for table `vtiger_projectpriority`
--

LOCK TABLES `vtiger_projectpriority` WRITE;
/*!40000 ALTER TABLE `vtiger_projectpriority` DISABLE KEYS */;
INSERT INTO `vtiger_projectpriority` VALUES (2,'low',1,274,2),(3,'normal',1,275,3),(4,'high',1,276,4);
/*!40000 ALTER TABLE `vtiger_projectpriority` ENABLE KEYS */;
UNLOCK TABLES;

--
-- Table structure for table `vtiger_projectpriority_seq`
--

DROP TABLE IF EXISTS `vtiger_projectpriority_seq`;
/*!40101 SET @saved_cs_client     = @@character_set_client */;
/*!40101 SET character_set_client = utf8 */;
CREATE TABLE `vtiger_projectpriority_seq` (
  `id` int(11) NOT NULL
) ENGINE=InnoDB DEFAULT CHARSET=utf8;
/*!40101 SET character_set_client = @saved_cs_client */;

--
-- Dumping data for table `vtiger_projectpriority_seq`
--

LOCK TABLES `vtiger_projectpriority_seq` WRITE;
/*!40000 ALTER TABLE `vtiger_projectpriority_seq` DISABLE KEYS */;
INSERT INTO `vtiger_projectpriority_seq` VALUES (4);
/*!40000 ALTER TABLE `vtiger_projectpriority_seq` ENABLE KEYS */;
UNLOCK TABLES;

--
-- Table structure for table `vtiger_projectstatus`
--

DROP TABLE IF EXISTS `vtiger_projectstatus`;
/*!40101 SET @saved_cs_client     = @@character_set_client */;
/*!40101 SET character_set_client = utf8 */;
CREATE TABLE `vtiger_projectstatus` (
  `projectstatusid` int(11) NOT NULL AUTO_INCREMENT,
  `projectstatus` varchar(200) NOT NULL,
  `presence` int(1) NOT NULL DEFAULT '1',
  `picklist_valueid` int(11) NOT NULL DEFAULT '0',
  `sortorderid` int(11) DEFAULT '0',
  PRIMARY KEY (`projectstatusid`)
) ENGINE=InnoDB AUTO_INCREMENT=10 DEFAULT CHARSET=utf8;
/*!40101 SET character_set_client = @saved_cs_client */;

--
-- Dumping data for table `vtiger_projectstatus`
--

LOCK TABLES `vtiger_projectstatus` WRITE;
/*!40000 ALTER TABLE `vtiger_projectstatus` DISABLE KEYS */;
INSERT INTO `vtiger_projectstatus` VALUES (2,'prospecting',1,261,2),(3,'initiated',1,262,3),(4,'in progress',1,263,4),(5,'waiting for feedback',1,264,5),(6,'on hold',1,265,6),(7,'completed',1,266,7),(8,'delivered',1,267,8),(9,'archived',1,268,9);
/*!40000 ALTER TABLE `vtiger_projectstatus` ENABLE KEYS */;
UNLOCK TABLES;

--
-- Table structure for table `vtiger_projectstatus_seq`
--

DROP TABLE IF EXISTS `vtiger_projectstatus_seq`;
/*!40101 SET @saved_cs_client     = @@character_set_client */;
/*!40101 SET character_set_client = utf8 */;
CREATE TABLE `vtiger_projectstatus_seq` (
  `id` int(11) NOT NULL
) ENGINE=InnoDB DEFAULT CHARSET=utf8;
/*!40101 SET character_set_client = @saved_cs_client */;

--
-- Dumping data for table `vtiger_projectstatus_seq`
--

LOCK TABLES `vtiger_projectstatus_seq` WRITE;
/*!40000 ALTER TABLE `vtiger_projectstatus_seq` DISABLE KEYS */;
INSERT INTO `vtiger_projectstatus_seq` VALUES (9);
/*!40000 ALTER TABLE `vtiger_projectstatus_seq` ENABLE KEYS */;
UNLOCK TABLES;

--
-- Table structure for table `vtiger_projecttask`
--

DROP TABLE IF EXISTS `vtiger_projecttask`;
/*!40101 SET @saved_cs_client     = @@character_set_client */;
/*!40101 SET character_set_client = utf8 */;
CREATE TABLE `vtiger_projecttask` (
  `projecttaskid` int(11) NOT NULL,
  `projecttaskname` varchar(255) DEFAULT NULL,
  `projecttask_no` varchar(100) DEFAULT NULL,
  `projecttasktype` varchar(100) DEFAULT NULL,
  `projecttaskpriority` varchar(100) DEFAULT NULL,
  `projecttaskprogress` varchar(100) DEFAULT NULL,
  `projecttaskhours` varchar(255) DEFAULT NULL,
  `startdate` date DEFAULT NULL,
  `enddate` date DEFAULT NULL,
  `projectid` varchar(100) DEFAULT NULL,
  `projecttasknumber` int(11) DEFAULT NULL,
  `projecttaskstatus` varchar(100) DEFAULT NULL,
  PRIMARY KEY (`projecttaskid`)
) ENGINE=InnoDB DEFAULT CHARSET=utf8;
/*!40101 SET character_set_client = @saved_cs_client */;

--
-- Dumping data for table `vtiger_projecttask`
--

LOCK TABLES `vtiger_projecttask` WRITE;
/*!40000 ALTER TABLE `vtiger_projecttask` DISABLE KEYS */;
/*!40000 ALTER TABLE `vtiger_projecttask` ENABLE KEYS */;
UNLOCK TABLES;

--
-- Table structure for table `vtiger_projecttaskcf`
--

DROP TABLE IF EXISTS `vtiger_projecttaskcf`;
/*!40101 SET @saved_cs_client     = @@character_set_client */;
/*!40101 SET character_set_client = utf8 */;
CREATE TABLE `vtiger_projecttaskcf` (
  `projecttaskid` int(11) NOT NULL DEFAULT '0',
  PRIMARY KEY (`projecttaskid`)
) ENGINE=InnoDB DEFAULT CHARSET=utf8;
/*!40101 SET character_set_client = @saved_cs_client */;

--
-- Dumping data for table `vtiger_projecttaskcf`
--

LOCK TABLES `vtiger_projecttaskcf` WRITE;
/*!40000 ALTER TABLE `vtiger_projecttaskcf` DISABLE KEYS */;
/*!40000 ALTER TABLE `vtiger_projecttaskcf` ENABLE KEYS */;
UNLOCK TABLES;

--
-- Table structure for table `vtiger_projecttaskpriority`
--

DROP TABLE IF EXISTS `vtiger_projecttaskpriority`;
/*!40101 SET @saved_cs_client     = @@character_set_client */;
/*!40101 SET character_set_client = utf8 */;
CREATE TABLE `vtiger_projecttaskpriority` (
  `projecttaskpriorityid` int(11) NOT NULL AUTO_INCREMENT,
  `projecttaskpriority` varchar(200) NOT NULL,
  `presence` int(1) NOT NULL DEFAULT '1',
  `picklist_valueid` int(11) NOT NULL DEFAULT '0',
  `sortorderid` int(11) DEFAULT '0',
  PRIMARY KEY (`projecttaskpriorityid`)
) ENGINE=InnoDB AUTO_INCREMENT=5 DEFAULT CHARSET=utf8;
/*!40101 SET character_set_client = @saved_cs_client */;

--
-- Dumping data for table `vtiger_projecttaskpriority`
--

LOCK TABLES `vtiger_projecttaskpriority` WRITE;
/*!40000 ALTER TABLE `vtiger_projecttaskpriority` DISABLE KEYS */;
INSERT INTO `vtiger_projecttaskpriority` VALUES (2,'low',1,246,2),(3,'normal',1,247,3),(4,'high',1,248,4);
/*!40000 ALTER TABLE `vtiger_projecttaskpriority` ENABLE KEYS */;
UNLOCK TABLES;

--
-- Table structure for table `vtiger_projecttaskpriority_seq`
--

DROP TABLE IF EXISTS `vtiger_projecttaskpriority_seq`;
/*!40101 SET @saved_cs_client     = @@character_set_client */;
/*!40101 SET character_set_client = utf8 */;
CREATE TABLE `vtiger_projecttaskpriority_seq` (
  `id` int(11) NOT NULL
) ENGINE=InnoDB DEFAULT CHARSET=utf8;
/*!40101 SET character_set_client = @saved_cs_client */;

--
-- Dumping data for table `vtiger_projecttaskpriority_seq`
--

LOCK TABLES `vtiger_projecttaskpriority_seq` WRITE;
/*!40000 ALTER TABLE `vtiger_projecttaskpriority_seq` DISABLE KEYS */;
INSERT INTO `vtiger_projecttaskpriority_seq` VALUES (4);
/*!40000 ALTER TABLE `vtiger_projecttaskpriority_seq` ENABLE KEYS */;
UNLOCK TABLES;

--
-- Table structure for table `vtiger_projecttaskprogress`
--

DROP TABLE IF EXISTS `vtiger_projecttaskprogress`;
/*!40101 SET @saved_cs_client     = @@character_set_client */;
/*!40101 SET character_set_client = utf8 */;
CREATE TABLE `vtiger_projecttaskprogress` (
  `projecttaskprogressid` int(11) NOT NULL AUTO_INCREMENT,
  `projecttaskprogress` varchar(200) NOT NULL,
  `presence` int(1) NOT NULL DEFAULT '1',
  `picklist_valueid` int(11) NOT NULL DEFAULT '0',
  `sortorderid` int(11) DEFAULT '0',
  PRIMARY KEY (`projecttaskprogressid`)
) ENGINE=InnoDB AUTO_INCREMENT=12 DEFAULT CHARSET=utf8;
/*!40101 SET character_set_client = @saved_cs_client */;

--
-- Dumping data for table `vtiger_projecttaskprogress`
--

LOCK TABLES `vtiger_projecttaskprogress` WRITE;
/*!40000 ALTER TABLE `vtiger_projecttaskprogress` DISABLE KEYS */;
INSERT INTO `vtiger_projecttaskprogress` VALUES (2,'10%',1,250,2),(3,'20%',1,251,3),(4,'30%',1,252,4),(5,'40%',1,253,5),(6,'50%',1,254,6),(7,'60%',1,255,7),(8,'70%',1,256,8),(9,'80%',1,257,9),(10,'90%',1,258,10),(11,'100%',1,259,11);
/*!40000 ALTER TABLE `vtiger_projecttaskprogress` ENABLE KEYS */;
UNLOCK TABLES;

--
-- Table structure for table `vtiger_projecttaskprogress_seq`
--

DROP TABLE IF EXISTS `vtiger_projecttaskprogress_seq`;
/*!40101 SET @saved_cs_client     = @@character_set_client */;
/*!40101 SET character_set_client = utf8 */;
CREATE TABLE `vtiger_projecttaskprogress_seq` (
  `id` int(11) NOT NULL
) ENGINE=InnoDB DEFAULT CHARSET=utf8;
/*!40101 SET character_set_client = @saved_cs_client */;

--
-- Dumping data for table `vtiger_projecttaskprogress_seq`
--

LOCK TABLES `vtiger_projecttaskprogress_seq` WRITE;
/*!40000 ALTER TABLE `vtiger_projecttaskprogress_seq` DISABLE KEYS */;
INSERT INTO `vtiger_projecttaskprogress_seq` VALUES (11);
/*!40000 ALTER TABLE `vtiger_projecttaskprogress_seq` ENABLE KEYS */;
UNLOCK TABLES;

--
-- Table structure for table `vtiger_projecttaskstatus`
--

DROP TABLE IF EXISTS `vtiger_projecttaskstatus`;
/*!40101 SET @saved_cs_client     = @@character_set_client */;
/*!40101 SET character_set_client = utf8 */;
CREATE TABLE `vtiger_projecttaskstatus` (
  `projecttaskstatusid` int(11) NOT NULL AUTO_INCREMENT,
  `projecttaskstatus` varchar(200) NOT NULL,
  `presence` int(1) NOT NULL DEFAULT '1',
  `picklist_valueid` int(11) NOT NULL DEFAULT '0',
  `sortorderid` int(11) DEFAULT '0',
  PRIMARY KEY (`projecttaskstatusid`)
) ENGINE=InnoDB AUTO_INCREMENT=7 DEFAULT CHARSET=utf8;
/*!40101 SET character_set_client = @saved_cs_client */;

--
-- Dumping data for table `vtiger_projecttaskstatus`
--

LOCK TABLES `vtiger_projecttaskstatus` WRITE;
/*!40000 ALTER TABLE `vtiger_projecttaskstatus` DISABLE KEYS */;
INSERT INTO `vtiger_projecttaskstatus` VALUES (2,'Open',0,290,2),(3,'In Progress',0,291,3),(4,'Completed',0,292,4),(5,'Deferred',0,293,5),(6,'Canceled ',0,294,6);
/*!40000 ALTER TABLE `vtiger_projecttaskstatus` ENABLE KEYS */;
UNLOCK TABLES;

--
-- Table structure for table `vtiger_projecttaskstatus_seq`
--

DROP TABLE IF EXISTS `vtiger_projecttaskstatus_seq`;
/*!40101 SET @saved_cs_client     = @@character_set_client */;
/*!40101 SET character_set_client = utf8 */;
CREATE TABLE `vtiger_projecttaskstatus_seq` (
  `id` int(11) NOT NULL
) ENGINE=InnoDB DEFAULT CHARSET=utf8;
/*!40101 SET character_set_client = @saved_cs_client */;

--
-- Dumping data for table `vtiger_projecttaskstatus_seq`
--

LOCK TABLES `vtiger_projecttaskstatus_seq` WRITE;
/*!40000 ALTER TABLE `vtiger_projecttaskstatus_seq` DISABLE KEYS */;
INSERT INTO `vtiger_projecttaskstatus_seq` VALUES (6);
/*!40000 ALTER TABLE `vtiger_projecttaskstatus_seq` ENABLE KEYS */;
UNLOCK TABLES;

--
-- Table structure for table `vtiger_projecttasktype`
--

DROP TABLE IF EXISTS `vtiger_projecttasktype`;
/*!40101 SET @saved_cs_client     = @@character_set_client */;
/*!40101 SET character_set_client = utf8 */;
CREATE TABLE `vtiger_projecttasktype` (
  `projecttasktypeid` int(11) NOT NULL AUTO_INCREMENT,
  `projecttasktype` varchar(200) NOT NULL,
  `presence` int(1) NOT NULL DEFAULT '1',
  `picklist_valueid` int(11) NOT NULL DEFAULT '0',
  `sortorderid` int(11) DEFAULT '0',
  PRIMARY KEY (`projecttasktypeid`)
) ENGINE=InnoDB AUTO_INCREMENT=5 DEFAULT CHARSET=utf8;
/*!40101 SET character_set_client = @saved_cs_client */;

--
-- Dumping data for table `vtiger_projecttasktype`
--

LOCK TABLES `vtiger_projecttasktype` WRITE;
/*!40000 ALTER TABLE `vtiger_projecttasktype` DISABLE KEYS */;
INSERT INTO `vtiger_projecttasktype` VALUES (2,'administrative',1,242,2),(3,'operative',1,243,3),(4,'other',1,244,4);
/*!40000 ALTER TABLE `vtiger_projecttasktype` ENABLE KEYS */;
UNLOCK TABLES;

--
-- Table structure for table `vtiger_projecttasktype_seq`
--

DROP TABLE IF EXISTS `vtiger_projecttasktype_seq`;
/*!40101 SET @saved_cs_client     = @@character_set_client */;
/*!40101 SET character_set_client = utf8 */;
CREATE TABLE `vtiger_projecttasktype_seq` (
  `id` int(11) NOT NULL
) ENGINE=InnoDB DEFAULT CHARSET=utf8;
/*!40101 SET character_set_client = @saved_cs_client */;

--
-- Dumping data for table `vtiger_projecttasktype_seq`
--

LOCK TABLES `vtiger_projecttasktype_seq` WRITE;
/*!40000 ALTER TABLE `vtiger_projecttasktype_seq` DISABLE KEYS */;
INSERT INTO `vtiger_projecttasktype_seq` VALUES (4);
/*!40000 ALTER TABLE `vtiger_projecttasktype_seq` ENABLE KEYS */;
UNLOCK TABLES;

--
-- Table structure for table `vtiger_projecttype`
--

DROP TABLE IF EXISTS `vtiger_projecttype`;
/*!40101 SET @saved_cs_client     = @@character_set_client */;
/*!40101 SET character_set_client = utf8 */;
CREATE TABLE `vtiger_projecttype` (
  `projecttypeid` int(11) NOT NULL AUTO_INCREMENT,
  `projecttype` varchar(200) NOT NULL,
  `presence` int(1) NOT NULL DEFAULT '1',
  `picklist_valueid` int(11) NOT NULL DEFAULT '0',
  `sortorderid` int(11) DEFAULT '0',
  PRIMARY KEY (`projecttypeid`)
) ENGINE=InnoDB AUTO_INCREMENT=5 DEFAULT CHARSET=utf8;
/*!40101 SET character_set_client = @saved_cs_client */;

--
-- Dumping data for table `vtiger_projecttype`
--

LOCK TABLES `vtiger_projecttype` WRITE;
/*!40000 ALTER TABLE `vtiger_projecttype` DISABLE KEYS */;
INSERT INTO `vtiger_projecttype` VALUES (2,'administrative',1,270,2),(3,'operative',1,271,3),(4,'other',1,272,4);
/*!40000 ALTER TABLE `vtiger_projecttype` ENABLE KEYS */;
UNLOCK TABLES;

--
-- Table structure for table `vtiger_projecttype_seq`
--

DROP TABLE IF EXISTS `vtiger_projecttype_seq`;
/*!40101 SET @saved_cs_client     = @@character_set_client */;
/*!40101 SET character_set_client = utf8 */;
CREATE TABLE `vtiger_projecttype_seq` (
  `id` int(11) NOT NULL
) ENGINE=InnoDB DEFAULT CHARSET=utf8;
/*!40101 SET character_set_client = @saved_cs_client */;

--
-- Dumping data for table `vtiger_projecttype_seq`
--

LOCK TABLES `vtiger_projecttype_seq` WRITE;
/*!40000 ALTER TABLE `vtiger_projecttype_seq` DISABLE KEYS */;
INSERT INTO `vtiger_projecttype_seq` VALUES (4);
/*!40000 ALTER TABLE `vtiger_projecttype_seq` ENABLE KEYS */;
UNLOCK TABLES;

--
-- Table structure for table `vtiger_purchaseorder`
--

DROP TABLE IF EXISTS `vtiger_purchaseorder`;
/*!40101 SET @saved_cs_client     = @@character_set_client */;
/*!40101 SET character_set_client = utf8 */;
CREATE TABLE `vtiger_purchaseorder` (
  `purchaseorderid` int(19) NOT NULL DEFAULT '0',
  `subject` varchar(100) DEFAULT NULL,
  `quoteid` int(19) DEFAULT NULL,
  `vendorid` int(19) DEFAULT NULL,
  `requisition_no` varchar(100) DEFAULT NULL,
  `purchaseorder_no` varchar(100) DEFAULT NULL,
  `tracking_no` varchar(100) DEFAULT NULL,
  `contactid` int(19) DEFAULT NULL,
  `duedate` date DEFAULT NULL,
  `carrier` varchar(200) DEFAULT NULL,
  `type` varchar(100) DEFAULT NULL,
  `adjustment` decimal(25,8) DEFAULT NULL,
  `salescommission` decimal(25,3) DEFAULT NULL,
  `exciseduty` decimal(25,3) DEFAULT NULL,
  `total` decimal(25,8) DEFAULT NULL,
  `subtotal` decimal(25,8) DEFAULT NULL,
  `taxtype` varchar(25) DEFAULT NULL,
  `discount_percent` decimal(25,3) DEFAULT NULL,
  `discount_amount` decimal(25,8) DEFAULT NULL,
  `s_h_amount` decimal(25,8) DEFAULT NULL,
  `terms_conditions` text,
  `postatus` varchar(200) DEFAULT NULL,
  `currency_id` int(19) NOT NULL DEFAULT '1',
  `conversion_rate` decimal(10,3) NOT NULL DEFAULT '1.000',
  `pre_tax_total` decimal(25,8) DEFAULT NULL,
  `paid` decimal(25,8) DEFAULT NULL,
  `balance` decimal(25,8) DEFAULT NULL,
  `s_h_percent` int(11) DEFAULT NULL,
  `retail_margin` decimal(25,3) DEFAULT NULL,
  `retail_actual_margin` decimal(25,3) DEFAULT NULL,
  `retail_actual_discount` decimal(25,3) DEFAULT NULL,
  `retail_subject` varchar(100) DEFAULT NULL,
  `retail_duedate` date DEFAULT NULL,
  `retail_carrier` varchar(200) DEFAULT NULL,
  `retail_type` varchar(100) DEFAULT NULL,
  `retail_adjustment` decimal(25,8) DEFAULT NULL,
  `retail_salescommission` decimal(25,3) DEFAULT NULL,
  `retail_exciseduty` decimal(25,3) DEFAULT NULL,
  `retail_total` decimal(25,8) DEFAULT NULL,
  `retail_subtotal` decimal(25,8) DEFAULT NULL,
  `retail_taxtype` varchar(25) DEFAULT NULL,
  `retail_discount_percent` decimal(25,3) DEFAULT NULL,
  `retail_discount_amount` decimal(25,8) DEFAULT NULL,
  `retail_s_h_amount` decimal(25,8) DEFAULT NULL,
  `retail_terms_conditions` text,
  `retail_postatus` varchar(200) DEFAULT NULL,
  `retail_currency_id` int(19) NOT NULL DEFAULT '1',
  `retail_conversion_rate` decimal(10,3) NOT NULL DEFAULT '1.000',
  `retail_pre_tax_total` decimal(25,8) DEFAULT NULL,
  `retail_paid` decimal(25,8) DEFAULT NULL,
  `retail_balance` decimal(25,8) DEFAULT NULL,
  `retail_s_h_percent` int(11) DEFAULT NULL,
  PRIMARY KEY (`purchaseorderid`),
  KEY `purchaseorder_vendorid_idx` (`vendorid`),
  KEY `purchaseorder_quoteid_idx` (`quoteid`),
  KEY `purchaseorder_contactid_idx` (`contactid`)
) ENGINE=InnoDB DEFAULT CHARSET=utf8;
/*!40101 SET character_set_client = @saved_cs_client */;

--
-- Dumping data for table `vtiger_purchaseorder`
--

LOCK TABLES `vtiger_purchaseorder` WRITE;
/*!40000 ALTER TABLE `vtiger_purchaseorder` DISABLE KEYS */;
/*!40000 ALTER TABLE `vtiger_purchaseorder` ENABLE KEYS */;
UNLOCK TABLES;

--
-- Table structure for table `vtiger_purchaseordercf`
--

DROP TABLE IF EXISTS `vtiger_purchaseordercf`;
/*!40101 SET @saved_cs_client     = @@character_set_client */;
/*!40101 SET character_set_client = utf8 */;
CREATE TABLE `vtiger_purchaseordercf` (
  `purchaseorderid` int(19) NOT NULL DEFAULT '0',
  PRIMARY KEY (`purchaseorderid`)
) ENGINE=InnoDB DEFAULT CHARSET=utf8;
/*!40101 SET character_set_client = @saved_cs_client */;

--
-- Dumping data for table `vtiger_purchaseordercf`
--

LOCK TABLES `vtiger_purchaseordercf` WRITE;
/*!40000 ALTER TABLE `vtiger_purchaseordercf` DISABLE KEYS */;
/*!40000 ALTER TABLE `vtiger_purchaseordercf` ENABLE KEYS */;
UNLOCK TABLES;

--
-- Table structure for table `vtiger_quotes`
--

DROP TABLE IF EXISTS `vtiger_quotes`;
/*!40101 SET @saved_cs_client     = @@character_set_client */;
/*!40101 SET character_set_client = utf8 */;
CREATE TABLE `vtiger_quotes` (
  `quoteid` int(19) NOT NULL DEFAULT '0',
  `subject` varchar(100) DEFAULT NULL,
  `potentialid` int(19) DEFAULT NULL,
  `quotestage` varchar(200) DEFAULT NULL,
  `validtill` date DEFAULT NULL,
  `contactid` int(19) DEFAULT NULL,
  `quote_no` varchar(100) DEFAULT NULL,
  `subtotal` decimal(25,8) DEFAULT NULL,
  `retail_subtotal` decimal(25,8) DEFAULT NULL,
  `carrier` varchar(200) DEFAULT NULL,
  `shipping` varchar(100) DEFAULT NULL,
  `inventorymanager` int(19) DEFAULT NULL,
  `type` varchar(100) DEFAULT NULL,
  `adjustment` decimal(25,8) DEFAULT NULL,
  `total` decimal(25,8) DEFAULT NULL,
  `retail_adjustment` decimal(25,8) DEFAULT NULL,
  `retail_total` decimal(25,8) DEFAULT NULL,
  `taxtype` varchar(25) DEFAULT NULL,
  `retail_margin` decimal(25,3) DEFAULT NULL,
  `retail_actual_margin` decimal(25,3) DEFAULT NULL,
  `retail_actual_discount` decimal(25,3) DEFAULT NULL,
  `discount_percent` decimal(25,3) DEFAULT NULL,
  `discount_amount` decimal(25,8) DEFAULT NULL,
  `s_h_amount` decimal(25,8) DEFAULT NULL,
  `retail_discount_percent` decimal(25,3) DEFAULT NULL,
  `retail_discount_amount` decimal(25,8) DEFAULT NULL,
  `retail_s_h_amount` decimal(25,8) DEFAULT NULL,
  `accountid` int(19) DEFAULT NULL,
  `terms_conditions` text,
  `currency_id` int(19) NOT NULL DEFAULT '1',
  `conversion_rate` decimal(10,3) NOT NULL DEFAULT '1.000',
  `pre_tax_total` decimal(25,8) DEFAULT NULL,
  `s_h_percent` int(11) DEFAULT NULL,
  `retail_terms_conditions` text,
  `retail_currency_id` int(19) NOT NULL DEFAULT '1',
  `retail_conversion_rate` decimal(10,3) NOT NULL DEFAULT '1.000',
  `retail_pre_tax_total` decimal(25,8) DEFAULT NULL,
  `retail_s_h_percent` int(11) DEFAULT NULL,
  PRIMARY KEY (`quoteid`),
  KEY `quote_quotestage_idx` (`quotestage`),
  KEY `quotes_potentialid_idx` (`potentialid`),
  KEY `quotes_contactid_idx` (`contactid`)
) ENGINE=InnoDB DEFAULT CHARSET=utf8;
/*!40101 SET character_set_client = @saved_cs_client */;

--
-- Dumping data for table `vtiger_quotes`
--

LOCK TABLES `vtiger_quotes` WRITE;
/*!40000 ALTER TABLE `vtiger_quotes` DISABLE KEYS */;
INSERT INTO `vtiger_quotes` VALUES (9,'q1',NULL,'Created',NULL,NULL,'QUO1',726.00000000,NULL,'','',0,NULL,0.00000000,922.02000000,NULL,NULL,'group',NULL,NULL,NULL,NULL,NULL,0.00000000,NULL,NULL,NULL,6,'- Unless otherwise agreed in writing by the supplier all invoices are payable within thirty (30) days of the date of invoice, in the currency of the invoice, drawn on a bank based in India or by such other method as is agreed in advance by the Supplier.\r\n\r\n - All prices are not inclusive of VAT which shall be payable in addition by the Customer at the applicable rate.',1,1.000,726.00000000,27,NULL,1,1.000,NULL,NULL),(10,'D1 Q1',NULL,'Accepted',NULL,NULL,'QUO2',1549.00000000,NULL,'','',0,NULL,0.00000000,1967.23000000,NULL,NULL,'group',NULL,NULL,NULL,0.000,0.00000000,0.00000000,NULL,NULL,NULL,6,'- Unless otherwise agreed in writing by the supplier all invoices are payable within thirty (30) days of the date of invoice, in the currency of the invoice, drawn on a bank based in India or by such other method as is agreed in advance by the Supplier.\r\n\r\n - All prices are not inclusive of VAT which shall be payable in addition by the Customer at the applicable rate.',1,1.000,1549.00000000,27,NULL,1,1.000,NULL,NULL),(13,'D1 Q2',NULL,'Created',NULL,95,'QUO3',229.00000000,458.00000000,'DHL','',0,NULL,0.00000000,290.83000000,0.00000000,581.66000000,'group',50.000,50.000,0.000,0.000,NULL,0.00000000,NULL,NULL,0.00000000,94,'- Unless otherwise agreed in writing by the supplier all invoices are payable within thirty (30) days of the date of invoice, in the currency of the invoice, drawn on a bank based in India or by such other method as is agreed in advance by the Supplier.\r\n\r\n - All prices are not inclusive of VAT which shall be payable in addition by the Customer at the applicable rate.',1,1.000,229.00000000,5,NULL,1,1.000,458.00000000,NULL),(20,'QTest#1 ADH',NULL,'Created',NULL,NULL,'QUO4',593.00000000,NULL,'','',0,NULL,0.00000000,753.11000000,NULL,NULL,'group',NULL,NULL,NULL,NULL,NULL,0.00000000,NULL,NULL,NULL,19,'- Unless otherwise agreed in writing by the supplier all invoices are payable within thirty (30) days of the date of invoice, in the currency of the invoice, drawn on a bank based in India or by such other method as is agreed in advance by the Supplier.\r\n\r\n - All prices are not inclusive of VAT which shall be payable in addition by the Customer at the applicable rate.',1,1.000,593.00000000,27,NULL,1,1.000,NULL,NULL),(21,'t1',NULL,'Created',NULL,NULL,'QUO5',286.00000000,NULL,'','',0,NULL,0.00000000,363.22000000,NULL,NULL,'group',NULL,NULL,NULL,NULL,NULL,0.00000000,NULL,NULL,NULL,15,'- Unless otherwise agreed in writing by the supplier all invoices are payable within thirty (30) days of the date of invoice, in the currency of the invoice, drawn on a bank based in India or by such other method as is agreed in advance by the Supplier.\r\n\r\n - All prices are not inclusive of VAT which shall be payable in addition by the Customer at the applicable rate.',1,1.000,286.00000000,27,NULL,1,1.000,NULL,NULL),(26,'Project',25,'Created',NULL,24,'QUO6',535.00000000,NULL,'DHL','',0,NULL,0.00000000,679.45000000,NULL,NULL,'group',NULL,NULL,NULL,NULL,NULL,0.00000000,NULL,NULL,NULL,23,'- Unless otherwise agreed in writing by the supplier all invoices are payable within thirty (30) days of the date of invoice, in the currency of the invoice, drawn on a bank based in India or by such other method as is agreed in advance by the Supplier.\r\n\r\n - All prices are not inclusive of VAT which shall be payable in addition by the Customer at the applicable rate.',1,1.000,535.00000000,27,NULL,1,1.000,NULL,NULL),(27,'Project Quote',25,'Created','2015-05-31',NULL,'QUO7',730.00000000,NULL,'','',0,NULL,-62.10000000,865.00000000,NULL,NULL,'group',NULL,NULL,NULL,NULL,NULL,0.00000000,NULL,NULL,NULL,23,'- Unless otherwise agreed in writing by the supplier all invoices are payable within thirty (30) days of the date of invoice.',1,1.000,730.00000000,27,NULL,1,1.000,NULL,NULL),(34,'Project Quote',38,'Created','2015-04-30',32,'QUO8',199.65000000,NULL,'DHL','What is this for',0,NULL,200.00000000,707.55000000,NULL,NULL,'group',NULL,NULL,NULL,0.000,NULL,200.00000000,NULL,NULL,NULL,31,'- Unless otherwise agreed in writing by the supplier all invoices are payable within thirty (30) days of the date of invoice.',1,1.000,399.65000000,27,NULL,1,1.000,NULL,NULL),(39,'Q001',38,'Accepted',NULL,37,'QUO9',109.00000000,NULL,'','',0,NULL,0.00000000,138.44000000,NULL,NULL,'group',NULL,NULL,NULL,NULL,NULL,0.00000000,NULL,NULL,NULL,36,'- Unless otherwise agreed in writing by the supplier all invoices are payable within thirty (30) days of the date of invoice.',1,1.000,109.00000000,27,NULL,1,1.000,NULL,NULL),(46,'Test',NULL,'Delivered','2015-04-30',NULL,'QUO10',141.00000000,NULL,'','',0,NULL,0.00000000,179.07000000,NULL,NULL,'group',NULL,NULL,NULL,NULL,NULL,0.00000000,NULL,NULL,NULL,43,'- Unless otherwise agreed in writing by the supplier all invoices are payable within thirty (30) days of the date of invoice.',1,1.000,141.00000000,27,NULL,1,1.000,NULL,NULL),(47,'test',NULL,'Created',NULL,NULL,'QUO11',177.00000000,NULL,'','',0,NULL,0.00000000,224.79000000,NULL,NULL,'group',NULL,NULL,NULL,NULL,NULL,0.00000000,NULL,NULL,NULL,36,'- Unless otherwise agreed in writing by the supplier all invoices are payable within thirty (30) days of the date of invoice.',1,1.000,177.00000000,27,NULL,1,1.000,NULL,NULL),(84,'test1',NULL,'Accepted',NULL,NULL,'QUO12',168.00000000,302.40000000,'','',0,NULL,0.00000000,184.80000000,0.00000000,282.74000000,'group',50.000,34.640,23.500,NULL,NULL,0.00000000,15.000,NULL,0.00000000,36,'- Unless otherwise agreed in writing by the supplier all invoices are payable within thirty (30) days of the date of invoice.',1,1.000,168.00000000,10,NULL,1,1.000,257.04000000,NULL),(87,'Test#3',86,'Created',NULL,NULL,'QUO13',708.00000000,1416.00000000,'','',0,NULL,0.00000000,778.80000000,0.00000000,1557.60000000,'group',50.000,50.000,0.000,NULL,NULL,0.00000000,NULL,NULL,0.00000000,78,'- Unless otherwise agreed in writing by the supplier all invoices are payable within thirty (30) days of the date of invoice.',1,1.000,708.00000000,10,NULL,1,1.000,1416.00000000,NULL),(89,'TEST#4',86,'Delivered',NULL,88,'QUO14',177.00000000,354.00000000,'','',0,NULL,0.00000000,194.70000000,0.00000000,389.40000000,'group',50.000,50.000,0.000,NULL,NULL,0.00000000,NULL,NULL,0.00000000,78,'- Unless otherwise agreed in writing by the supplier all invoices are payable within thirty (30) days of the date of invoice.',1,1.000,177.00000000,10,NULL,1,1.000,354.00000000,NULL);
/*!40000 ALTER TABLE `vtiger_quotes` ENABLE KEYS */;
UNLOCK TABLES;

--
-- Table structure for table `vtiger_quotesbillads`
--

DROP TABLE IF EXISTS `vtiger_quotesbillads`;
/*!40101 SET @saved_cs_client     = @@character_set_client */;
/*!40101 SET character_set_client = utf8 */;
CREATE TABLE `vtiger_quotesbillads` (
  `quotebilladdressid` int(19) NOT NULL DEFAULT '0',
  `bill_city` varchar(30) DEFAULT NULL,
  `bill_code` varchar(30) DEFAULT NULL,
  `bill_country` varchar(30) DEFAULT NULL,
  `bill_state` varchar(30) DEFAULT NULL,
  `bill_street` varchar(250) DEFAULT NULL,
  `bill_pobox` varchar(30) DEFAULT NULL,
  PRIMARY KEY (`quotebilladdressid`)
) ENGINE=InnoDB DEFAULT CHARSET=utf8;
/*!40101 SET character_set_client = @saved_cs_client */;

--
-- Dumping data for table `vtiger_quotesbillads`
--

LOCK TABLES `vtiger_quotesbillads` WRITE;
/*!40000 ALTER TABLE `vtiger_quotesbillads` DISABLE KEYS */;
INSERT INTO `vtiger_quotesbillads` VALUES (9,'','','','','a',''),(10,'','','','','a',''),(13,'Brisbane','','Australia','Qld','99 Anne Street',''),(20,'','','','','PO Box',''),(21,'','','','','a',''),(26,'Garbutt','4151','Australia','Qld','5 Hamill Street',''),(27,'Garbutt','4151','Australia','Qld','5 Hamill Street',''),(34,'Brisbane','4151','Australia','QLD','123 Douglas Street','PO BOX 123'),(39,'','','','','PO',''),(46,'','','','','PO',''),(47,'','','','','adsf',''),(84,'','','','','asdfas',''),(87,'','','','','PO',''),(89,'','','','','PO','');
/*!40000 ALTER TABLE `vtiger_quotesbillads` ENABLE KEYS */;
UNLOCK TABLES;

--
-- Table structure for table `vtiger_quotescf`
--

DROP TABLE IF EXISTS `vtiger_quotescf`;
/*!40101 SET @saved_cs_client     = @@character_set_client */;
/*!40101 SET character_set_client = utf8 */;
CREATE TABLE `vtiger_quotescf` (
  `quoteid` int(19) NOT NULL DEFAULT '0',
  PRIMARY KEY (`quoteid`)
) ENGINE=InnoDB DEFAULT CHARSET=utf8;
/*!40101 SET character_set_client = @saved_cs_client */;

--
-- Dumping data for table `vtiger_quotescf`
--

LOCK TABLES `vtiger_quotescf` WRITE;
/*!40000 ALTER TABLE `vtiger_quotescf` DISABLE KEYS */;
INSERT INTO `vtiger_quotescf` VALUES (9),(10),(13),(20),(21),(26),(27),(34),(39),(46),(47),(84),(87),(89);
/*!40000 ALTER TABLE `vtiger_quotescf` ENABLE KEYS */;
UNLOCK TABLES;

--
-- Table structure for table `vtiger_quotesshipads`
--

DROP TABLE IF EXISTS `vtiger_quotesshipads`;
/*!40101 SET @saved_cs_client     = @@character_set_client */;
/*!40101 SET character_set_client = utf8 */;
CREATE TABLE `vtiger_quotesshipads` (
  `quoteshipaddressid` int(19) NOT NULL DEFAULT '0',
  `ship_city` varchar(30) DEFAULT NULL,
  `ship_code` varchar(30) DEFAULT NULL,
  `ship_country` varchar(30) DEFAULT NULL,
  `ship_state` varchar(30) DEFAULT NULL,
  `ship_street` varchar(250) DEFAULT NULL,
  `ship_pobox` varchar(30) DEFAULT NULL,
  PRIMARY KEY (`quoteshipaddressid`)
) ENGINE=InnoDB DEFAULT CHARSET=utf8;
/*!40101 SET character_set_client = @saved_cs_client */;

--
-- Dumping data for table `vtiger_quotesshipads`
--

LOCK TABLES `vtiger_quotesshipads` WRITE;
/*!40000 ALTER TABLE `vtiger_quotesshipads` DISABLE KEYS */;
INSERT INTO `vtiger_quotesshipads` VALUES (9,'','','','','a',''),(10,'','','','','a',''),(13,'Brisbane','4001','Australia','Qld','99 Anne Street',''),(20,'','','','','PO Box',''),(21,'','','','','a',''),(26,'Garbutt','4151','Australia','Qld','5 Hamill Street',''),(27,'Garbutt','4151','Australia','Qld','5 Hamill Street',''),(34,'','','','','PO Box',''),(39,'','','','','PO',''),(46,'','','','','PO',''),(47,'','','','','asdf',''),(84,'','','','','gdfgs',''),(87,'','','','','PO',''),(89,'','','','','PO','');
/*!40000 ALTER TABLE `vtiger_quotesshipads` ENABLE KEYS */;
UNLOCK TABLES;

--
-- Table structure for table `vtiger_quotestage`
--

DROP TABLE IF EXISTS `vtiger_quotestage`;
/*!40101 SET @saved_cs_client     = @@character_set_client */;
/*!40101 SET character_set_client = utf8 */;
CREATE TABLE `vtiger_quotestage` (
  `quotestageid` int(19) NOT NULL AUTO_INCREMENT,
  `quotestage` varchar(200) NOT NULL,
  `presence` int(1) NOT NULL DEFAULT '1',
  `picklist_valueid` int(19) NOT NULL DEFAULT '0',
  `sortorderid` int(11) DEFAULT NULL,
  PRIMARY KEY (`quotestageid`),
  UNIQUE KEY `quotestage_quotestage_idx` (`quotestage`)
) ENGINE=InnoDB AUTO_INCREMENT=6 DEFAULT CHARSET=utf8;
/*!40101 SET character_set_client = @saved_cs_client */;

--
-- Dumping data for table `vtiger_quotestage`
--

LOCK TABLES `vtiger_quotestage` WRITE;
/*!40000 ALTER TABLE `vtiger_quotestage` DISABLE KEYS */;
INSERT INTO `vtiger_quotestage` VALUES (1,'Created',0,139,0),(2,'Delivered',0,140,1),(3,'Reviewed',0,141,2),(4,'Accepted',0,142,3),(5,'Rejected',0,143,4);
/*!40000 ALTER TABLE `vtiger_quotestage` ENABLE KEYS */;
UNLOCK TABLES;

--
-- Table structure for table `vtiger_quotestage_seq`
--

DROP TABLE IF EXISTS `vtiger_quotestage_seq`;
/*!40101 SET @saved_cs_client     = @@character_set_client */;
/*!40101 SET character_set_client = utf8 */;
CREATE TABLE `vtiger_quotestage_seq` (
  `id` int(11) NOT NULL
) ENGINE=InnoDB DEFAULT CHARSET=utf8;
/*!40101 SET character_set_client = @saved_cs_client */;

--
-- Dumping data for table `vtiger_quotestage_seq`
--

LOCK TABLES `vtiger_quotestage_seq` WRITE;
/*!40000 ALTER TABLE `vtiger_quotestage_seq` DISABLE KEYS */;
INSERT INTO `vtiger_quotestage_seq` VALUES (5);
/*!40000 ALTER TABLE `vtiger_quotestage_seq` ENABLE KEYS */;
UNLOCK TABLES;

--
-- Table structure for table `vtiger_quotestagehistory`
--

DROP TABLE IF EXISTS `vtiger_quotestagehistory`;
/*!40101 SET @saved_cs_client     = @@character_set_client */;
/*!40101 SET character_set_client = utf8 */;
CREATE TABLE `vtiger_quotestagehistory` (
  `historyid` int(19) NOT NULL AUTO_INCREMENT,
  `quoteid` int(19) NOT NULL,
  `accountname` varchar(100) DEFAULT NULL,
  `total` decimal(10,0) DEFAULT NULL,
  `quotestage` varchar(200) DEFAULT NULL,
  `lastmodified` datetime DEFAULT NULL,
  PRIMARY KEY (`historyid`),
  KEY `quotestagehistory_quoteid_idx` (`quoteid`)
) ENGINE=InnoDB DEFAULT CHARSET=utf8;
/*!40101 SET character_set_client = @saved_cs_client */;

--
-- Dumping data for table `vtiger_quotestagehistory`
--

LOCK TABLES `vtiger_quotestagehistory` WRITE;
/*!40000 ALTER TABLE `vtiger_quotestagehistory` DISABLE KEYS */;
/*!40000 ALTER TABLE `vtiger_quotestagehistory` ENABLE KEYS */;
UNLOCK TABLES;

--
-- Table structure for table `vtiger_rating`
--

DROP TABLE IF EXISTS `vtiger_rating`;
/*!40101 SET @saved_cs_client     = @@character_set_client */;
/*!40101 SET character_set_client = utf8 */;
CREATE TABLE `vtiger_rating` (
  `rating_id` int(19) NOT NULL AUTO_INCREMENT,
  `rating` varchar(200) DEFAULT NULL,
  `presence` int(1) NOT NULL DEFAULT '1',
  `picklist_valueid` int(19) NOT NULL DEFAULT '0',
  `sortorderid` int(11) DEFAULT NULL,
  PRIMARY KEY (`rating_id`)
) ENGINE=InnoDB AUTO_INCREMENT=7 DEFAULT CHARSET=utf8;
/*!40101 SET character_set_client = @saved_cs_client */;

--
-- Dumping data for table `vtiger_rating`
--

LOCK TABLES `vtiger_rating` WRITE;
/*!40000 ALTER TABLE `vtiger_rating` DISABLE KEYS */;
INSERT INTO `vtiger_rating` VALUES (2,'Acquired',1,145,1),(3,'Active',1,146,2),(4,'Market Failed',1,147,3),(5,'Project Cancelled',1,148,4),(6,'Shutdown',1,149,5);
/*!40000 ALTER TABLE `vtiger_rating` ENABLE KEYS */;
UNLOCK TABLES;

--
-- Table structure for table `vtiger_rating_seq`
--

DROP TABLE IF EXISTS `vtiger_rating_seq`;
/*!40101 SET @saved_cs_client     = @@character_set_client */;
/*!40101 SET character_set_client = utf8 */;
CREATE TABLE `vtiger_rating_seq` (
  `id` int(11) NOT NULL
) ENGINE=InnoDB DEFAULT CHARSET=utf8;
/*!40101 SET character_set_client = @saved_cs_client */;

--
-- Dumping data for table `vtiger_rating_seq`
--

LOCK TABLES `vtiger_rating_seq` WRITE;
/*!40000 ALTER TABLE `vtiger_rating_seq` DISABLE KEYS */;
INSERT INTO `vtiger_rating_seq` VALUES (6);
/*!40000 ALTER TABLE `vtiger_rating_seq` ENABLE KEYS */;
UNLOCK TABLES;

--
-- Table structure for table `vtiger_recurring_frequency`
--

DROP TABLE IF EXISTS `vtiger_recurring_frequency`;
/*!40101 SET @saved_cs_client     = @@character_set_client */;
/*!40101 SET character_set_client = utf8 */;
CREATE TABLE `vtiger_recurring_frequency` (
  `recurring_frequency_id` int(11) DEFAULT NULL,
  `recurring_frequency` varchar(200) DEFAULT NULL,
  `sortorderid` int(11) DEFAULT NULL,
  `presence` int(11) DEFAULT NULL
) ENGINE=InnoDB DEFAULT CHARSET=utf8;
/*!40101 SET character_set_client = @saved_cs_client */;

--
-- Dumping data for table `vtiger_recurring_frequency`
--

LOCK TABLES `vtiger_recurring_frequency` WRITE;
/*!40000 ALTER TABLE `vtiger_recurring_frequency` DISABLE KEYS */;
INSERT INTO `vtiger_recurring_frequency` VALUES (2,'Daily',1,1),(3,'Weekly',2,1),(4,'Monthly',3,1),(5,'Quarterly',4,1),(6,'Yearly',5,1);
/*!40000 ALTER TABLE `vtiger_recurring_frequency` ENABLE KEYS */;
UNLOCK TABLES;

--
-- Table structure for table `vtiger_recurring_frequency_seq`
--

DROP TABLE IF EXISTS `vtiger_recurring_frequency_seq`;
/*!40101 SET @saved_cs_client     = @@character_set_client */;
/*!40101 SET character_set_client = utf8 */;
CREATE TABLE `vtiger_recurring_frequency_seq` (
  `id` int(11) NOT NULL
) ENGINE=InnoDB DEFAULT CHARSET=utf8;
/*!40101 SET character_set_client = @saved_cs_client */;

--
-- Dumping data for table `vtiger_recurring_frequency_seq`
--

LOCK TABLES `vtiger_recurring_frequency_seq` WRITE;
/*!40000 ALTER TABLE `vtiger_recurring_frequency_seq` DISABLE KEYS */;
INSERT INTO `vtiger_recurring_frequency_seq` VALUES (6);
/*!40000 ALTER TABLE `vtiger_recurring_frequency_seq` ENABLE KEYS */;
UNLOCK TABLES;

--
-- Table structure for table `vtiger_recurringevents`
--

DROP TABLE IF EXISTS `vtiger_recurringevents`;
/*!40101 SET @saved_cs_client     = @@character_set_client */;
/*!40101 SET character_set_client = utf8 */;
CREATE TABLE `vtiger_recurringevents` (
  `recurringid` int(19) NOT NULL AUTO_INCREMENT,
  `activityid` int(19) NOT NULL,
  `recurringdate` date DEFAULT NULL,
  `recurringtype` varchar(30) DEFAULT NULL,
  `recurringfreq` int(19) DEFAULT NULL,
  `recurringinfo` varchar(50) DEFAULT NULL,
  `recurringenddate` date DEFAULT NULL,
  PRIMARY KEY (`recurringid`)
) ENGINE=InnoDB DEFAULT CHARSET=utf8;
/*!40101 SET character_set_client = @saved_cs_client */;

--
-- Dumping data for table `vtiger_recurringevents`
--

LOCK TABLES `vtiger_recurringevents` WRITE;
/*!40000 ALTER TABLE `vtiger_recurringevents` DISABLE KEYS */;
/*!40000 ALTER TABLE `vtiger_recurringevents` ENABLE KEYS */;
UNLOCK TABLES;

--
-- Table structure for table `vtiger_recurringtype`
--

DROP TABLE IF EXISTS `vtiger_recurringtype`;
/*!40101 SET @saved_cs_client     = @@character_set_client */;
/*!40101 SET character_set_client = utf8 */;
CREATE TABLE `vtiger_recurringtype` (
  `recurringeventid` int(19) NOT NULL AUTO_INCREMENT,
  `recurringtype` varchar(200) NOT NULL,
  `sortorderid` int(19) NOT NULL DEFAULT '0',
  `presence` int(1) NOT NULL DEFAULT '1',
  PRIMARY KEY (`recurringeventid`),
  UNIQUE KEY `recurringtype_status_idx` (`recurringtype`)
) ENGINE=InnoDB AUTO_INCREMENT=6 DEFAULT CHARSET=utf8;
/*!40101 SET character_set_client = @saved_cs_client */;

--
-- Dumping data for table `vtiger_recurringtype`
--

LOCK TABLES `vtiger_recurringtype` WRITE;
/*!40000 ALTER TABLE `vtiger_recurringtype` DISABLE KEYS */;
INSERT INTO `vtiger_recurringtype` VALUES (2,'Daily',1,1),(3,'Weekly',2,1),(4,'Monthly',3,1),(5,'Yearly',4,1);
/*!40000 ALTER TABLE `vtiger_recurringtype` ENABLE KEYS */;
UNLOCK TABLES;

--
-- Table structure for table `vtiger_recurringtype_seq`
--

DROP TABLE IF EXISTS `vtiger_recurringtype_seq`;
/*!40101 SET @saved_cs_client     = @@character_set_client */;
/*!40101 SET character_set_client = utf8 */;
CREATE TABLE `vtiger_recurringtype_seq` (
  `id` int(11) NOT NULL
) ENGINE=InnoDB DEFAULT CHARSET=utf8;
/*!40101 SET character_set_client = @saved_cs_client */;

--
-- Dumping data for table `vtiger_recurringtype_seq`
--

LOCK TABLES `vtiger_recurringtype_seq` WRITE;
/*!40000 ALTER TABLE `vtiger_recurringtype_seq` DISABLE KEYS */;
INSERT INTO `vtiger_recurringtype_seq` VALUES (5);
/*!40000 ALTER TABLE `vtiger_recurringtype_seq` ENABLE KEYS */;
UNLOCK TABLES;

--
-- Table structure for table `vtiger_relatedlists`
--

DROP TABLE IF EXISTS `vtiger_relatedlists`;
/*!40101 SET @saved_cs_client     = @@character_set_client */;
/*!40101 SET character_set_client = utf8 */;
CREATE TABLE `vtiger_relatedlists` (
  `relation_id` int(19) NOT NULL,
  `tabid` int(10) DEFAULT NULL,
  `related_tabid` int(10) DEFAULT NULL,
  `name` varchar(100) DEFAULT NULL,
  `sequence` int(10) DEFAULT NULL,
  `label` varchar(100) DEFAULT NULL,
  `presence` int(10) NOT NULL DEFAULT '0',
  `actions` varchar(50) NOT NULL DEFAULT '',
  PRIMARY KEY (`relation_id`),
  KEY `relatedlists_relation_id_idx` (`relation_id`)
) ENGINE=InnoDB DEFAULT CHARSET=utf8;
/*!40101 SET character_set_client = @saved_cs_client */;

--
-- Dumping data for table `vtiger_relatedlists`
--

LOCK TABLES `vtiger_relatedlists` WRITE;
/*!40000 ALTER TABLE `vtiger_relatedlists` DISABLE KEYS */;
INSERT INTO `vtiger_relatedlists` VALUES (1,6,4,'get_contacts',1,'Contacts',0,'add'),(2,6,2,'get_opportunities',2,'Potentials',0,'add'),(3,6,20,'get_quotes',3,'Quotes',0,'add'),(4,6,22,'get_salesorder',4,'Sales Order',0,'add'),(5,6,23,'get_invoices',5,'Invoice',0,'add'),(6,6,9,'get_activities',6,'Activities',0,'add'),(7,6,10,'get_emails',7,'Emails',0,'add'),(8,6,9,'get_history',8,'Activity History',0,'add'),(9,6,8,'get_attachments',9,'Documents',0,'add,select'),(10,6,13,'get_tickets',10,'HelpDesk',0,'add'),(11,6,14,'get_products',11,'Products',0,'select'),(12,7,9,'get_activities',1,'Activities',0,'add'),(13,7,10,'get_emails',2,'Emails',0,'add'),(14,7,9,'get_history',3,'Activity History',0,'add'),(15,7,8,'get_attachments',4,'Documents',0,'add,select'),(16,7,14,'get_products',5,'Products',0,'select'),(17,7,26,'get_campaigns',6,'Campaigns',0,'select'),(18,4,2,'get_opportunities',1,'Potentials',0,'add'),(19,4,9,'get_activities',2,'Activities',0,'add'),(20,4,10,'get_emails',3,'Emails',0,'add'),(21,4,13,'get_tickets',4,'HelpDesk',0,'add'),(22,4,20,'get_quotes',5,'Quotes',0,'add'),(23,4,21,'get_purchase_orders',6,'Purchase Order',0,'add'),(24,4,22,'get_salesorder',7,'Sales Order',0,'add'),(25,4,14,'get_products',8,'Products',0,'select'),(26,4,9,'get_history',9,'Activity History',0,'add'),(27,4,8,'get_attachments',10,'Documents',0,'add,select'),(28,4,26,'get_campaigns',11,'Campaigns',0,'select'),(29,4,23,'get_invoices',12,'Invoice',0,'add'),(30,2,9,'get_activities',1,'Activities',0,'add'),(31,2,4,'get_contacts',2,'Contacts',0,'select'),(32,2,14,'get_products',3,'Products',0,'select'),(33,2,0,'get_stage_history',4,'Sales Stage History',0,''),(34,2,8,'get_attachments',5,'Documents',0,'add,select'),(35,2,20,'get_Quotes',6,'Quotes',0,'add'),(36,2,22,'get_salesorder',7,'Sales Order',0,'add'),(37,2,9,'get_history',8,'Activity History',0,''),(38,14,13,'get_tickets',1,'HelpDesk',0,'add'),(39,14,8,'get_attachments',3,'Documents',0,'add,select'),(40,14,20,'get_quotes',4,'Quotes',0,'add'),(41,14,21,'get_purchase_orders',5,'Purchase Order',0,'add'),(42,14,22,'get_salesorder',6,'Sales Order',0,'add'),(43,14,23,'get_invoices',7,'Invoice',0,'add'),(44,14,19,'get_product_pricebooks',8,'PriceBooks',0,'ADD,SELECT'),(45,14,7,'get_leads',9,'Leads',0,'select'),(46,14,6,'get_accounts',10,'Accounts',0,'select'),(47,14,4,'get_contacts',11,'Contacts',0,'select'),(48,14,2,'get_opportunities',12,'Potentials',0,'select'),(49,14,14,'get_products',13,'Product Bundles',0,'add,select'),(50,14,14,'get_parent_products',14,'Parent Product',0,''),(51,10,4,'get_contacts',1,'Contacts',0,'select,bulkmail'),(52,10,0,'get_users',2,'Users',0,''),(53,10,8,'get_attachments',3,'Documents',0,'add,select'),(54,13,9,'get_activities',1,'Activities',0,'add'),(55,13,8,'get_attachments',2,'Documents',0,'add,select'),(56,13,0,'get_ticket_history',3,'Ticket History',0,''),(57,13,9,'get_history',4,'Activity History',0,'add'),(58,19,14,'get_pricebook_products',2,'Products',0,'select'),(59,18,14,'get_products',1,'Products',0,'add,select'),(60,18,21,'get_purchase_orders',2,'Purchase Order',0,'add'),(61,18,4,'get_contacts',3,'Contacts',0,'select'),(62,18,10,'get_emails',4,'Emails',0,'add'),(63,20,22,'get_salesorder',1,'Sales Order',0,''),(64,20,9,'get_activities',2,'Activities',0,'add'),(65,20,8,'get_attachments',3,'Documents',0,'add,select'),(66,20,9,'get_history',4,'Activity History',0,''),(67,20,0,'get_quotestagehistory',5,'Quote Stage History',0,''),(68,21,9,'get_activities',1,'Activities',0,'add'),(69,21,8,'get_attachments',2,'Documents',0,'add,select'),(70,21,9,'get_history',3,'Activity History',0,''),(71,21,0,'get_postatushistory',4,'PurchaseOrder Status History',0,''),(72,22,9,'get_activities',1,'Activities',0,'add'),(73,22,8,'get_attachments',2,'Documents',0,'add,select'),(74,22,23,'get_invoices',3,'Invoice',0,''),(75,22,9,'get_history',4,'Activity History',0,''),(76,22,0,'get_sostatushistory',5,'SalesOrder Status History',0,''),(77,23,9,'get_activities',1,'Activities',0,'add'),(78,23,8,'get_attachments',2,'Documents',0,'add,select'),(79,23,9,'get_history',3,'Activity History',0,''),(80,23,0,'get_invoicestatushistory',4,'Invoice Status History',0,''),(81,9,0,'get_users',1,'Users',0,''),(82,9,4,'get_contacts',2,'Contacts',0,''),(83,26,4,'get_contacts',1,'Contacts',0,'add,select'),(84,26,7,'get_leads',2,'Leads',0,'add,select'),(85,26,2,'get_opportunities',3,'Potentials',0,'add'),(86,26,9,'get_activities',4,'Activities',0,'add'),(87,6,26,'get_campaigns',13,'Campaigns',0,'select'),(88,26,6,'get_accounts',5,'Accounts',0,'add,select'),(89,15,8,'get_attachments',1,'Documents',0,'add,select'),(93,35,13,'get_related_list',1,'Service Requests',0,'ADD,SELECT'),(94,35,8,'get_attachments',2,'Documents',0,'ADD,SELECT'),(95,6,35,'get_dependents_list',15,'Service Contracts',0,'ADD'),(96,4,35,'get_dependents_list',14,'Service Contracts',0,'ADD'),(97,13,35,'get_related_list',5,'Service Contracts',0,'ADD,SELECT'),(98,36,13,'get_related_list',1,'HelpDesk',0,'ADD,SELECT'),(99,36,20,'get_quotes',2,'Quotes',0,'ADD'),(100,36,21,'get_purchase_orders',3,'Purchase Order',0,'ADD'),(101,36,22,'get_salesorder',4,'Sales Order',0,'ADD'),(102,36,23,'get_invoices',5,'Invoice',0,'ADD'),(103,36,19,'get_service_pricebooks',6,'PriceBooks',0,'ADD'),(104,36,7,'get_related_list',7,'Leads',0,'SELECT'),(105,36,6,'get_related_list',8,'Accounts',0,'SELECT'),(106,36,4,'get_related_list',9,'Contacts',0,'SELECT'),(107,36,2,'get_related_list',10,'Potentials',0,'SELECT'),(108,36,8,'get_attachments',11,'Documents',0,'ADD,SELECT'),(109,13,36,'get_related_list',6,'Services',0,'SELECT'),(110,7,36,'get_related_list',8,'Services',0,'SELECT'),(111,6,36,'get_related_list',16,'Services',0,'SELECT'),(112,4,36,'get_related_list',15,'Services',0,'SELECT'),(113,2,36,'get_related_list',9,'Services',0,'SELECT'),(114,19,36,'get_pricebook_services',3,'Services',0,'SELECT'),(115,38,13,'get_related_list',1,'HelpDesk',0,'ADD,SELECT'),(116,38,8,'get_attachments',2,'Documents',0,'ADD,SELECT'),(117,6,38,'get_dependents_list',17,'Assets',0,'ADD'),(118,14,38,'get_dependents_list',15,'Assets',0,'ADD'),(119,23,38,'get_dependents_list',5,'Assets',0,'ADD'),(126,6,45,'get_dependents_list',18,'Projects',0,'add'),(127,4,45,'get_dependents_list',16,'Projects',0,'add'),(128,13,45,'get_related_list',7,'Projects',0,'SELECT'),(129,47,6,'get_related_list',1,'Accounts',0,' '),(130,47,4,'get_related_list',2,'Contacts',0,' '),(131,47,7,'get_related_list',3,'Leads',0,' '),(132,44,8,'get_attachments',1,'Documents',0,'ADD,SELECT'),(133,45,44,'get_dependents_list',1,'Project Tasks',0,'ADD'),(134,45,43,'get_dependents_list',2,'Project Milestones',0,'ADD'),(135,45,8,'get_attachments',3,'Documents',0,'ADD,SELECT'),(136,45,13,'get_related_list',4,'HelpDesk',0,'ADD,SELECT'),(137,45,0,'get_gantt_chart',5,'Charts',0,''),(138,4,38,'get_dependents_list',17,'Assets',0,'ADD'),(139,4,18,'get_vendors',18,'Vendors',0,'SELECT');
/*!40000 ALTER TABLE `vtiger_relatedlists` ENABLE KEYS */;
UNLOCK TABLES;

--
-- Table structure for table `vtiger_relatedlists_rb`
--

DROP TABLE IF EXISTS `vtiger_relatedlists_rb`;
/*!40101 SET @saved_cs_client     = @@character_set_client */;
/*!40101 SET character_set_client = utf8 */;
CREATE TABLE `vtiger_relatedlists_rb` (
  `entityid` int(19) DEFAULT NULL,
  `action` varchar(50) DEFAULT NULL,
  `rel_table` varchar(200) DEFAULT NULL,
  `rel_column` varchar(200) DEFAULT NULL,
  `ref_column` varchar(200) DEFAULT NULL,
  `related_crm_ids` text
) ENGINE=InnoDB DEFAULT CHARSET=utf8;
/*!40101 SET character_set_client = @saved_cs_client */;

--
-- Dumping data for table `vtiger_relatedlists_rb`
--

LOCK TABLES `vtiger_relatedlists_rb` WRITE;
/*!40000 ALTER TABLE `vtiger_relatedlists_rb` DISABLE KEYS */;
INSERT INTO `vtiger_relatedlists_rb` VALUES (2,'update','vtiger_crmentity','deleted','crmid','4'),(2,'update','vtiger_crmentity','deleted','crmid',''),(2,'update','vtiger_contactdetails','accountid','contactid','3'),(2,'update','vtiger_potential','related_to','potentialid','4');
/*!40000 ALTER TABLE `vtiger_relatedlists_rb` ENABLE KEYS */;
UNLOCK TABLES;

--
-- Table structure for table `vtiger_relatedlists_seq`
--

DROP TABLE IF EXISTS `vtiger_relatedlists_seq`;
/*!40101 SET @saved_cs_client     = @@character_set_client */;
/*!40101 SET character_set_client = utf8 */;
CREATE TABLE `vtiger_relatedlists_seq` (
  `id` int(11) NOT NULL
) ENGINE=InnoDB DEFAULT CHARSET=utf8;
/*!40101 SET character_set_client = @saved_cs_client */;

--
-- Dumping data for table `vtiger_relatedlists_seq`
--

LOCK TABLES `vtiger_relatedlists_seq` WRITE;
/*!40000 ALTER TABLE `vtiger_relatedlists_seq` DISABLE KEYS */;
INSERT INTO `vtiger_relatedlists_seq` VALUES (139);
/*!40000 ALTER TABLE `vtiger_relatedlists_seq` ENABLE KEYS */;
UNLOCK TABLES;

--
-- Table structure for table `vtiger_relcriteria`
--

DROP TABLE IF EXISTS `vtiger_relcriteria`;
/*!40101 SET @saved_cs_client     = @@character_set_client */;
/*!40101 SET character_set_client = utf8 */;
CREATE TABLE `vtiger_relcriteria` (
  `queryid` int(19) NOT NULL,
  `columnindex` int(11) NOT NULL,
  `columnname` varchar(250) DEFAULT '',
  `comparator` varchar(20) DEFAULT NULL,
  `value` varchar(512) DEFAULT NULL,
  `groupid` int(11) DEFAULT '1',
  `column_condition` varchar(256) DEFAULT 'and',
  PRIMARY KEY (`queryid`,`columnindex`),
  KEY `relcriteria_queryid_idx` (`queryid`)
) ENGINE=InnoDB DEFAULT CHARSET=utf8;
/*!40101 SET character_set_client = @saved_cs_client */;

--
-- Dumping data for table `vtiger_relcriteria`
--

LOCK TABLES `vtiger_relcriteria` WRITE;
/*!40000 ALTER TABLE `vtiger_relcriteria` DISABLE KEYS */;
INSERT INTO `vtiger_relcriteria` VALUES (1,0,'vtiger_contactdetails:accountid:Contacts_Account_Name:account_id:V','n','',1,'and'),(2,0,'vtiger_contactdetails:accountid:Contacts_Account_Name:account_id:V','e','',1,'and'),(3,0,'vtiger_potential:potentialname:Potentials_Potential_Name:potentialname:V','n','',1,'and'),(7,0,'vtiger_potential:sales_stage:Potentials_Sales_Stage:sales_stage:V','e','Closed Won',1,'and'),(12,0,'vtiger_troubletickets:status:HelpDesk_Status:ticketstatus:V','n','Closed',1,'and'),(15,0,'vtiger_quotes:quotestage:Quotes_Quote_Stage:quotestage:V','n','Accepted',1,'and'),(15,1,'vtiger_quotes:quotestage:Quotes_Quote_Stage:quotestage:V','n','Rejected',1,'and'),(22,0,'vtiger_email_track:access_count:Emails_Access_Count:access_count:V','n','',1,'and'),(23,0,'vtiger_email_track:access_count:Emails_Access_Count:access_count:V','n','',1,'and'),(24,0,'vtiger_email_track:access_count:Emails_Access_Count:access_count:V','n','',1,'and'),(25,0,'vtiger_email_track:access_count:Emails_Access_Count:access_count:V','n','',1,'and');
/*!40000 ALTER TABLE `vtiger_relcriteria` ENABLE KEYS */;
UNLOCK TABLES;

--
-- Table structure for table `vtiger_relcriteria_grouping`
--

DROP TABLE IF EXISTS `vtiger_relcriteria_grouping`;
/*!40101 SET @saved_cs_client     = @@character_set_client */;
/*!40101 SET character_set_client = utf8 */;
CREATE TABLE `vtiger_relcriteria_grouping` (
  `groupid` int(11) NOT NULL,
  `queryid` int(19) NOT NULL,
  `group_condition` varchar(256) DEFAULT NULL,
  `condition_expression` text,
  PRIMARY KEY (`groupid`,`queryid`)
) ENGINE=InnoDB DEFAULT CHARSET=utf8;
/*!40101 SET character_set_client = @saved_cs_client */;

--
-- Dumping data for table `vtiger_relcriteria_grouping`
--

LOCK TABLES `vtiger_relcriteria_grouping` WRITE;
/*!40000 ALTER TABLE `vtiger_relcriteria_grouping` DISABLE KEYS */;
INSERT INTO `vtiger_relcriteria_grouping` VALUES (1,1,'','0'),(1,2,'','0'),(1,3,'','0'),(1,7,'','0'),(1,12,'','0'),(1,15,'','0 and 1'),(1,22,'','0'),(1,23,'','0'),(1,24,'','0'),(1,25,'','0');
/*!40000 ALTER TABLE `vtiger_relcriteria_grouping` ENABLE KEYS */;
UNLOCK TABLES;

--
-- Table structure for table `vtiger_reminder_interval`
--

DROP TABLE IF EXISTS `vtiger_reminder_interval`;
/*!40101 SET @saved_cs_client     = @@character_set_client */;
/*!40101 SET character_set_client = utf8 */;
CREATE TABLE `vtiger_reminder_interval` (
  `reminder_intervalid` int(19) NOT NULL AUTO_INCREMENT,
  `reminder_interval` varchar(200) NOT NULL,
  `sortorderid` int(19) NOT NULL,
  `presence` int(1) NOT NULL,
  PRIMARY KEY (`reminder_intervalid`)
) ENGINE=InnoDB AUTO_INCREMENT=9 DEFAULT CHARSET=utf8;
/*!40101 SET character_set_client = @saved_cs_client */;

--
-- Dumping data for table `vtiger_reminder_interval`
--

LOCK TABLES `vtiger_reminder_interval` WRITE;
/*!40000 ALTER TABLE `vtiger_reminder_interval` DISABLE KEYS */;
INSERT INTO `vtiger_reminder_interval` VALUES (2,'1 Minute',1,1),(3,'5 Minutes',2,1),(4,'15 Minutes',3,1),(5,'30 Minutes',4,1),(6,'45 Minutes',5,1),(7,'1 Hour',6,1),(8,'1 Day',7,1);
/*!40000 ALTER TABLE `vtiger_reminder_interval` ENABLE KEYS */;
UNLOCK TABLES;

--
-- Table structure for table `vtiger_reminder_interval_seq`
--

DROP TABLE IF EXISTS `vtiger_reminder_interval_seq`;
/*!40101 SET @saved_cs_client     = @@character_set_client */;
/*!40101 SET character_set_client = utf8 */;
CREATE TABLE `vtiger_reminder_interval_seq` (
  `id` int(11) NOT NULL
) ENGINE=InnoDB DEFAULT CHARSET=utf8;
/*!40101 SET character_set_client = @saved_cs_client */;

--
-- Dumping data for table `vtiger_reminder_interval_seq`
--

LOCK TABLES `vtiger_reminder_interval_seq` WRITE;
/*!40000 ALTER TABLE `vtiger_reminder_interval_seq` DISABLE KEYS */;
INSERT INTO `vtiger_reminder_interval_seq` VALUES (8);
/*!40000 ALTER TABLE `vtiger_reminder_interval_seq` ENABLE KEYS */;
UNLOCK TABLES;

--
-- Table structure for table `vtiger_report`
--

DROP TABLE IF EXISTS `vtiger_report`;
/*!40101 SET @saved_cs_client     = @@character_set_client */;
/*!40101 SET character_set_client = utf8 */;
CREATE TABLE `vtiger_report` (
  `reportid` int(19) NOT NULL,
  `folderid` int(19) NOT NULL,
  `reportname` varchar(100) DEFAULT '',
  `description` varchar(250) DEFAULT '',
  `reporttype` varchar(50) DEFAULT '',
  `queryid` int(19) NOT NULL DEFAULT '0',
  `state` varchar(50) DEFAULT 'SAVED',
  `customizable` int(1) DEFAULT '1',
  `category` int(11) DEFAULT '1',
  `owner` int(11) DEFAULT '1',
  `sharingtype` varchar(200) DEFAULT 'Private',
  PRIMARY KEY (`reportid`),
  KEY `report_queryid_idx` (`queryid`),
  KEY `report_folderid_idx` (`folderid`)
) ENGINE=InnoDB DEFAULT CHARSET=utf8;
/*!40101 SET character_set_client = @saved_cs_client */;

--
-- Dumping data for table `vtiger_report`
--

LOCK TABLES `vtiger_report` WRITE;
/*!40000 ALTER TABLE `vtiger_report` DISABLE KEYS */;
INSERT INTO `vtiger_report` VALUES (1,1,'Contacts by Accounts','Contacts related to Accounts','tabular',1,'CUSTOM',1,1,1,'Public'),(2,1,'Contacts without Accounts','Contacts not related to Accounts','tabular',2,'CUSTOM',1,1,1,'Public'),(3,1,'Contacts by Potentials','Contacts related to Potentials','tabular',3,'CUSTOM',1,1,1,'Public'),(4,2,'Lead by Source','Lead by Source','summary',4,'CUSTOM',1,1,1,'Public'),(5,2,'Lead Status Report','Lead Status Report','summary',5,'CUSTOM',1,1,1,'Public'),(6,3,'Potential Pipeline','Potential Pipeline','summary',6,'CUSTOM',1,1,1,'Public'),(7,3,'Closed Potentials','Potential that have Won','tabular',7,'CUSTOM',1,1,1,'Public'),(8,4,'Last Month Activities','Last Month Activities','tabular',8,'CUSTOM',1,1,1,'Public'),(9,4,'This Month Activities','This Month Activities','tabular',9,'CUSTOM',1,1,1,'Public'),(10,5,'Tickets by Products','Tickets related to Products','tabular',10,'CUSTOM',1,1,1,'Public'),(11,5,'Tickets by Priority','Tickets by Priority','summary',11,'CUSTOM',1,1,1,'Public'),(12,5,'Open Tickets','Tickets that are Open','tabular',12,'CUSTOM',1,1,1,'Public'),(13,6,'Product Details','Product Detailed Report','tabular',13,'CUSTOM',1,1,1,'Public'),(14,6,'Products by Contacts','Products related to Contacts','tabular',14,'CUSTOM',1,1,1,'Public'),(15,7,'Open Quotes','Quotes that are Open','tabular',15,'CUSTOM',1,1,1,'Public'),(16,7,'Quotes Detailed Report','Quotes Detailed Report','tabular',16,'CUSTOM',1,1,1,'Public'),(17,8,'PurchaseOrder by Contacts','PurchaseOrder related to Contacts','tabular',17,'CUSTOM',1,1,1,'Public'),(18,8,'PurchaseOrder Detailed Report','PurchaseOrder Detailed Report','tabular',18,'CUSTOM',1,1,1,'Public'),(19,9,'Invoice Detailed Report','Invoice Detailed Report','tabular',19,'CUSTOM',1,1,1,'Public'),(20,10,'SalesOrder Detailed Report','SalesOrder Detailed Report','tabular',20,'CUSTOM',1,1,1,'Public'),(21,11,'Campaign Expectations and Actuals','Campaign Expectations and Actuals','tabular',21,'CUSTOM',1,1,1,'Public'),(22,12,'Contacts Email Report','Emails sent to Contacts','tabular',22,'CUSTOM',1,1,1,'Public'),(23,12,'Accounts Email Report','Emails sent to Organizations','tabular',23,'CUSTOM',1,1,1,'Public'),(24,12,'Leads Email Report','Emails sent to Leads','tabular',24,'CUSTOM',1,1,1,'Public'),(25,12,'Vendors Email Report','Emails sent to Vendors','tabular',25,'CUSTOM',1,1,1,'Public');
/*!40000 ALTER TABLE `vtiger_report` ENABLE KEYS */;
UNLOCK TABLES;

--
-- Table structure for table `vtiger_reportdatefilter`
--

DROP TABLE IF EXISTS `vtiger_reportdatefilter`;
/*!40101 SET @saved_cs_client     = @@character_set_client */;
/*!40101 SET character_set_client = utf8 */;
CREATE TABLE `vtiger_reportdatefilter` (
  `datefilterid` int(19) NOT NULL,
  `datecolumnname` varchar(250) DEFAULT '',
  `datefilter` varchar(250) DEFAULT '',
  `startdate` date DEFAULT NULL,
  `enddate` date DEFAULT NULL,
  PRIMARY KEY (`datefilterid`),
  KEY `reportdatefilter_datefilterid_idx` (`datefilterid`)
) ENGINE=InnoDB DEFAULT CHARSET=utf8;
/*!40101 SET character_set_client = @saved_cs_client */;

--
-- Dumping data for table `vtiger_reportdatefilter`
--

LOCK TABLES `vtiger_reportdatefilter` WRITE;
/*!40000 ALTER TABLE `vtiger_reportdatefilter` DISABLE KEYS */;
INSERT INTO `vtiger_reportdatefilter` VALUES (8,'vtiger_crmentity:modifiedtime:modifiedtime:Calendar_Modified_Time','lastmonth','2005-05-01','2005-05-31'),(9,'vtiger_crmentity:modifiedtime:modifiedtime:Calendar_Modified_Time','thismonth','2005-06-01','2005-06-30');
/*!40000 ALTER TABLE `vtiger_reportdatefilter` ENABLE KEYS */;
UNLOCK TABLES;

--
-- Table structure for table `vtiger_reportfilters`
--

DROP TABLE IF EXISTS `vtiger_reportfilters`;
/*!40101 SET @saved_cs_client     = @@character_set_client */;
/*!40101 SET character_set_client = utf8 */;
CREATE TABLE `vtiger_reportfilters` (
  `filterid` int(19) NOT NULL,
  `name` varchar(200) NOT NULL
) ENGINE=InnoDB DEFAULT CHARSET=utf8;
/*!40101 SET character_set_client = @saved_cs_client */;

--
-- Dumping data for table `vtiger_reportfilters`
--

LOCK TABLES `vtiger_reportfilters` WRITE;
/*!40000 ALTER TABLE `vtiger_reportfilters` DISABLE KEYS */;
INSERT INTO `vtiger_reportfilters` VALUES (1,'Private'),(2,'Public'),(3,'Shared');
/*!40000 ALTER TABLE `vtiger_reportfilters` ENABLE KEYS */;
UNLOCK TABLES;

--
-- Table structure for table `vtiger_reportfolder`
--

DROP TABLE IF EXISTS `vtiger_reportfolder`;
/*!40101 SET @saved_cs_client     = @@character_set_client */;
/*!40101 SET character_set_client = utf8 */;
CREATE TABLE `vtiger_reportfolder` (
  `folderid` int(19) NOT NULL AUTO_INCREMENT,
  `foldername` varchar(100) NOT NULL DEFAULT '',
  `description` varchar(250) DEFAULT '',
  `state` varchar(50) DEFAULT 'SAVED',
  PRIMARY KEY (`folderid`)
) ENGINE=InnoDB AUTO_INCREMENT=13 DEFAULT CHARSET=utf8;
/*!40101 SET character_set_client = @saved_cs_client */;

--
-- Dumping data for table `vtiger_reportfolder`
--

LOCK TABLES `vtiger_reportfolder` WRITE;
/*!40000 ALTER TABLE `vtiger_reportfolder` DISABLE KEYS */;
INSERT INTO `vtiger_reportfolder` VALUES (1,'Account and Contact Reports','Account and Contact Reports','SAVED'),(2,'Lead Reports','Lead Reports','SAVED'),(3,'Potential Reports','Potential Reports','SAVED'),(4,'Activity Reports','Activity Reports','SAVED'),(5,'HelpDesk Reports','HelpDesk Reports','SAVED'),(6,'Product Reports','Product Reports','SAVED'),(7,'Quote Reports','Quote Reports','SAVED'),(8,'PurchaseOrder Reports','PurchaseOrder Reports','SAVED'),(9,'Invoice Reports','Invoice Reports','SAVED'),(10,'SalesOrder Reports','SalesOrder Reports','SAVED'),(11,'Campaign Reports','Campaign Reports','SAVED'),(12,'Email Reports','Email Reports','SAVED');
/*!40000 ALTER TABLE `vtiger_reportfolder` ENABLE KEYS */;
UNLOCK TABLES;

--
-- Table structure for table `vtiger_reportgroupbycolumn`
--

DROP TABLE IF EXISTS `vtiger_reportgroupbycolumn`;
/*!40101 SET @saved_cs_client     = @@character_set_client */;
/*!40101 SET character_set_client = utf8 */;
CREATE TABLE `vtiger_reportgroupbycolumn` (
  `reportid` int(19) DEFAULT NULL,
  `sortid` int(19) DEFAULT NULL,
  `sortcolname` varchar(250) DEFAULT NULL,
  `dategroupbycriteria` varchar(250) DEFAULT NULL
) ENGINE=InnoDB DEFAULT CHARSET=utf8;
/*!40101 SET character_set_client = @saved_cs_client */;

--
-- Dumping data for table `vtiger_reportgroupbycolumn`
--

LOCK TABLES `vtiger_reportgroupbycolumn` WRITE;
/*!40000 ALTER TABLE `vtiger_reportgroupbycolumn` DISABLE KEYS */;
/*!40000 ALTER TABLE `vtiger_reportgroupbycolumn` ENABLE KEYS */;
UNLOCK TABLES;

--
-- Table structure for table `vtiger_reportmodules`
--

DROP TABLE IF EXISTS `vtiger_reportmodules`;
/*!40101 SET @saved_cs_client     = @@character_set_client */;
/*!40101 SET character_set_client = utf8 */;
CREATE TABLE `vtiger_reportmodules` (
  `reportmodulesid` int(19) NOT NULL,
  `primarymodule` varchar(50) NOT NULL DEFAULT '',
  `secondarymodules` varchar(250) DEFAULT '',
  PRIMARY KEY (`reportmodulesid`)
) ENGINE=InnoDB DEFAULT CHARSET=utf8;
/*!40101 SET character_set_client = @saved_cs_client */;

--
-- Dumping data for table `vtiger_reportmodules`
--

LOCK TABLES `vtiger_reportmodules` WRITE;
/*!40000 ALTER TABLE `vtiger_reportmodules` DISABLE KEYS */;
INSERT INTO `vtiger_reportmodules` VALUES (1,'Contacts','Accounts'),(2,'Contacts','Accounts'),(3,'Contacts','Potentials'),(4,'Leads',''),(5,'Leads',''),(6,'Potentials',''),(7,'Potentials',''),(8,'Calendar',''),(9,'Calendar',''),(10,'HelpDesk','Products'),(11,'HelpDesk',''),(12,'HelpDesk',''),(13,'Products',''),(14,'Products','Contacts'),(15,'Quotes',''),(16,'Quotes',''),(17,'PurchaseOrder','Contacts'),(18,'PurchaseOrder',''),(19,'Invoice',''),(20,'SalesOrder',''),(21,'Campaigns',''),(22,'Contacts','Emails'),(23,'Accounts','Emails'),(24,'Leads','Emails'),(25,'Vendors','Emails');
/*!40000 ALTER TABLE `vtiger_reportmodules` ENABLE KEYS */;
UNLOCK TABLES;

--
-- Table structure for table `vtiger_reportsharing`
--

DROP TABLE IF EXISTS `vtiger_reportsharing`;
/*!40101 SET @saved_cs_client     = @@character_set_client */;
/*!40101 SET character_set_client = utf8 */;
CREATE TABLE `vtiger_reportsharing` (
  `reportid` int(19) NOT NULL,
  `shareid` int(19) NOT NULL,
  `setype` varchar(200) NOT NULL
) ENGINE=InnoDB DEFAULT CHARSET=utf8;
/*!40101 SET character_set_client = @saved_cs_client */;

--
-- Dumping data for table `vtiger_reportsharing`
--

LOCK TABLES `vtiger_reportsharing` WRITE;
/*!40000 ALTER TABLE `vtiger_reportsharing` DISABLE KEYS */;
/*!40000 ALTER TABLE `vtiger_reportsharing` ENABLE KEYS */;
UNLOCK TABLES;

--
-- Table structure for table `vtiger_reportsortcol`
--

DROP TABLE IF EXISTS `vtiger_reportsortcol`;
/*!40101 SET @saved_cs_client     = @@character_set_client */;
/*!40101 SET character_set_client = utf8 */;
CREATE TABLE `vtiger_reportsortcol` (
  `sortcolid` int(19) NOT NULL,
  `reportid` int(19) NOT NULL,
  `columnname` varchar(250) DEFAULT '',
  `sortorder` varchar(250) DEFAULT 'Asc',
  PRIMARY KEY (`sortcolid`,`reportid`)
) ENGINE=InnoDB DEFAULT CHARSET=utf8;
/*!40101 SET character_set_client = @saved_cs_client */;

--
-- Dumping data for table `vtiger_reportsortcol`
--

LOCK TABLES `vtiger_reportsortcol` WRITE;
/*!40000 ALTER TABLE `vtiger_reportsortcol` DISABLE KEYS */;
INSERT INTO `vtiger_reportsortcol` VALUES (1,4,'vtiger_leaddetails:leadsource:Leads_Lead_Source:leadsource:V','Ascending'),(1,5,'vtiger_leaddetails:leadstatus:Leads_Lead_Status:leadstatus:V','Ascending'),(1,6,'vtiger_potential:sales_stage:Potentials_Sales_Stage:sales_stage:V','Ascending'),(1,11,'vtiger_troubletickets:priority:HelpDesk_Priority:ticketpriorities:V','Ascending');
/*!40000 ALTER TABLE `vtiger_reportsortcol` ENABLE KEYS */;
UNLOCK TABLES;

--
-- Table structure for table `vtiger_reportsummary`
--

DROP TABLE IF EXISTS `vtiger_reportsummary`;
/*!40101 SET @saved_cs_client     = @@character_set_client */;
/*!40101 SET character_set_client = utf8 */;
CREATE TABLE `vtiger_reportsummary` (
  `reportsummaryid` int(19) NOT NULL,
  `summarytype` int(19) NOT NULL,
  `columnname` varchar(250) NOT NULL DEFAULT '',
  PRIMARY KEY (`reportsummaryid`,`summarytype`,`columnname`),
  KEY `reportsummary_reportsummaryid_idx` (`reportsummaryid`)
) ENGINE=InnoDB DEFAULT CHARSET=utf8;
/*!40101 SET character_set_client = @saved_cs_client */;

--
-- Dumping data for table `vtiger_reportsummary`
--

LOCK TABLES `vtiger_reportsummary` WRITE;
/*!40000 ALTER TABLE `vtiger_reportsummary` DISABLE KEYS */;
/*!40000 ALTER TABLE `vtiger_reportsummary` ENABLE KEYS */;
UNLOCK TABLES;

--
-- Table structure for table `vtiger_reporttype`
--

DROP TABLE IF EXISTS `vtiger_reporttype`;
/*!40101 SET @saved_cs_client     = @@character_set_client */;
/*!40101 SET character_set_client = utf8 */;
CREATE TABLE `vtiger_reporttype` (
  `reportid` int(10) NOT NULL,
  `data` text,
  PRIMARY KEY (`reportid`)
) ENGINE=InnoDB DEFAULT CHARSET=utf8;
/*!40101 SET character_set_client = @saved_cs_client */;

--
-- Dumping data for table `vtiger_reporttype`
--

LOCK TABLES `vtiger_reporttype` WRITE;
/*!40000 ALTER TABLE `vtiger_reporttype` DISABLE KEYS */;
/*!40000 ALTER TABLE `vtiger_reporttype` ENABLE KEYS */;
UNLOCK TABLES;

--
-- Table structure for table `vtiger_role`
--

DROP TABLE IF EXISTS `vtiger_role`;
/*!40101 SET @saved_cs_client     = @@character_set_client */;
/*!40101 SET character_set_client = utf8 */;
CREATE TABLE `vtiger_role` (
  `roleid` varchar(255) NOT NULL,
  `rolename` varchar(200) DEFAULT NULL,
  `parentrole` varchar(255) DEFAULT NULL,
  `depth` int(19) DEFAULT NULL,
  `allowassignedrecordsto` int(2) NOT NULL DEFAULT '1',
  PRIMARY KEY (`roleid`)
) ENGINE=InnoDB DEFAULT CHARSET=utf8;
/*!40101 SET character_set_client = @saved_cs_client */;

--
-- Dumping data for table `vtiger_role`
--

LOCK TABLES `vtiger_role` WRITE;
/*!40000 ALTER TABLE `vtiger_role` DISABLE KEYS */;
INSERT INTO `vtiger_role` VALUES ('H1','Organization','H1',0,1),('H2','Administrator','H1::H2',1,1),('H3','Office User','H1::H2::H3',2,2),('H4','Dealer(1)','H1::H2::H3::H4',3,3),('H5','Sales Person(1)','H1::H2::H3::H4::H5',4,2),('H6','Factory User','H1::H2::H6',2,1),('H7','Dealer(2)','H1::H2::H3::H7',3,3),('H8','Sales Person(2)','H1::H2::H3::H7::H8',4,2),('H9','Dealer(3)','H1::H2::H3::H9',3,3);
/*!40000 ALTER TABLE `vtiger_role` ENABLE KEYS */;
UNLOCK TABLES;

--
-- Table structure for table `vtiger_role2picklist`
--

DROP TABLE IF EXISTS `vtiger_role2picklist`;
/*!40101 SET @saved_cs_client     = @@character_set_client */;
/*!40101 SET character_set_client = utf8 */;
CREATE TABLE `vtiger_role2picklist` (
  `roleid` varchar(255) NOT NULL,
  `picklistvalueid` int(11) NOT NULL,
  `picklistid` int(11) NOT NULL,
  `sortid` int(11) DEFAULT NULL,
  PRIMARY KEY (`roleid`,`picklistvalueid`,`picklistid`),
  KEY `role2picklist_roleid_picklistid_idx` (`roleid`,`picklistid`,`picklistvalueid`)
) ENGINE=InnoDB DEFAULT CHARSET=utf8;
/*!40101 SET character_set_client = @saved_cs_client */;

--
-- Dumping data for table `vtiger_role2picklist`
--

LOCK TABLES `vtiger_role2picklist` WRITE;
/*!40000 ALTER TABLE `vtiger_role2picklist` DISABLE KEYS */;
INSERT INTO `vtiger_role2picklist` VALUES ('H1',1,1,0),('H1',2,1,1),('H1',3,1,2),('H1',4,1,3),('H1',5,1,4),('H1',6,1,5),('H1',7,1,6),('H1',8,1,7),('H1',9,1,8),('H1',10,1,9),('H1',11,1,10),('H1',12,2,0),('H1',13,2,1),('H1',14,3,0),('H1',15,3,1),('H1',16,3,2),('H1',17,3,3),('H1',18,3,4),('H1',19,3,5),('H1',20,4,0),('H1',21,4,1),('H1',22,4,2),('H1',23,4,3),('H1',24,4,4),('H1',25,4,5),('H1',26,4,6),('H1',27,4,7),('H1',28,4,8),('H1',29,4,9),('H1',30,4,10),('H1',31,4,11),('H1',32,4,12),('H1',33,5,0),('H1',34,5,1),('H1',35,5,2),('H1',36,5,3),('H1',37,5,4),('H1',38,6,0),('H1',39,6,1),('H1',40,6,2),('H1',41,7,0),('H1',42,7,1),('H1',43,7,2),('H1',44,7,3),('H1',45,7,4),('H1',46,8,0),('H1',47,9,0),('H1',48,9,1),('H1',49,9,2),('H1',50,9,3),('H1',51,10,0),('H1',52,10,1),('H1',53,10,2),('H1',54,10,3),('H1',55,10,4),('H1',56,10,5),('H1',57,10,6),('H1',58,10,7),('H1',59,10,8),('H1',60,11,0),('H1',61,11,1),('H1',62,11,2),('H1',63,11,3),('H1',64,11,4),('H1',65,11,5),('H1',66,11,6),('H1',67,11,7),('H1',68,11,8),('H1',69,11,9),('H1',70,11,10),('H1',71,11,11),('H1',72,11,12),('H1',73,11,13),('H1',74,11,14),('H1',75,11,15),('H1',76,11,16),('H1',77,11,17),('H1',78,11,18),('H1',79,11,19),('H1',80,11,20),('H1',81,11,21),('H1',82,11,22),('H1',83,11,23),('H1',84,11,24),('H1',85,11,25),('H1',86,11,26),('H1',87,11,27),('H1',88,11,28),('H1',89,11,29),('H1',90,11,30),('H1',91,11,31),('H1',92,12,0),('H1',93,12,1),('H1',94,12,2),('H1',95,12,3),('H1',96,12,4),('H1',97,12,5),('H1',98,13,0),('H1',99,13,1),('H1',100,13,2),('H1',101,13,3),('H1',102,13,4),('H1',103,13,5),('H1',104,13,6),('H1',105,13,7),('H1',106,13,8),('H1',107,13,9),('H1',108,13,10),('H1',109,13,11),('H1',110,13,12),('H1',111,14,0),('H1',112,14,1),('H1',113,14,2),('H1',114,14,3),('H1',115,14,4),('H1',116,14,5),('H1',117,14,6),('H1',118,14,7),('H1',119,14,8),('H1',120,14,9),('H1',121,14,10),('H1',122,14,11),('H1',123,15,0),('H1',124,15,1),('H1',125,15,2),('H1',126,15,3),('H1',127,16,0),('H1',128,16,1),('H1',129,16,2),('H1',130,17,0),('H1',131,17,1),('H1',132,17,2),('H1',133,17,3),('H1',134,17,4),('H1',135,18,0),('H1',136,18,1),('H1',137,18,2),('H1',138,18,3),('H1',139,19,0),('H1',140,19,1),('H1',141,19,2),('H1',142,19,3),('H1',143,19,4),('H1',144,20,0),('H1',145,20,1),('H1',146,20,2),('H1',147,20,3),('H1',148,20,4),('H1',149,20,5),('H1',150,21,0),('H1',151,21,1),('H1',152,21,2),('H1',153,21,3),('H1',154,21,4),('H1',155,21,5),('H1',156,21,6),('H1',157,21,7),('H1',158,21,8),('H1',159,21,9),('H1',160,22,0),('H1',161,22,1),('H1',162,22,2),('H1',163,22,3),('H1',164,22,4),('H1',165,22,5),('H1',166,23,0),('H1',167,23,1),('H1',168,23,2),('H1',169,23,3),('H1',170,24,0),('H1',171,24,1),('H1',172,24,2),('H1',173,25,0),('H1',174,25,1),('H1',175,25,2),('H1',176,25,3),('H1',177,25,4),('H1',178,25,5),('H1',179,26,0),('H1',180,26,1),('H1',181,26,2),('H1',182,27,0),('H1',183,27,1),('H1',184,27,2),('H1',185,27,3),('H1',186,28,0),('H1',187,28,1),('H1',188,28,2),('H1',189,28,3),('H1',190,29,0),('H1',191,29,1),('H1',192,29,2),('H1',193,29,3),('H1',194,30,0),('H1',195,30,1),('H1',196,30,2),('H1',197,30,3),('H1',198,30,4),('H1',199,30,5),('H1',200,30,6),('H1',201,30,7),('H1',202,30,8),('H1',203,30,9),('H1',204,30,10),('H1',205,30,11),('H1',206,30,12),('H1',207,30,13),('H1',208,30,14),('H1',209,30,15),('H1',210,31,1),('H1',211,31,2),('H1',212,31,3),('H1',213,31,4),('H1',214,32,1),('H1',215,32,2),('H1',216,32,3),('H1',217,32,4),('H1',218,32,5),('H1',219,32,6),('H1',220,33,1),('H1',221,33,2),('H1',222,33,3),('H1',223,34,1),('H1',224,34,2),('H1',225,34,3),('H1',226,35,1),('H1',227,35,2),('H1',228,35,3),('H1',229,36,1),('H1',230,36,2),('H1',231,36,3),('H1',232,36,4),('H1',233,36,5),('H1',234,36,6),('H1',235,37,1),('H1',236,37,2),('H1',237,38,1),('H1',238,38,2),('H1',239,38,3),('H1',240,38,4),('H1',241,39,1),('H1',242,39,2),('H1',243,39,3),('H1',244,39,4),('H1',245,40,1),('H1',246,40,2),('H1',247,40,3),('H1',248,40,4),('H1',249,41,1),('H1',250,41,2),('H1',251,41,3),('H1',252,41,4),('H1',253,41,5),('H1',254,41,6),('H1',255,41,7),('H1',256,41,8),('H1',257,41,9),('H1',258,41,10),('H1',259,41,11),('H1',260,42,1),('H1',261,42,2),('H1',262,42,3),('H1',263,42,4),('H1',264,42,5),('H1',265,42,6),('H1',266,42,7),('H1',267,42,8),('H1',268,42,9),('H1',269,43,1),('H1',270,43,2),('H1',271,43,3),('H1',272,43,4),('H1',273,44,1),('H1',274,44,2),('H1',275,44,3),('H1',276,44,4),('H1',277,45,1),('H1',278,45,2),('H1',279,45,3),('H1',280,45,4),('H1',281,45,5),('H1',282,45,6),('H1',283,45,7),('H1',284,45,8),('H1',285,45,9),('H1',286,45,10),('H1',287,45,11),('H1',288,12,1),('H1',289,46,1),('H1',290,46,2),('H1',291,46,3),('H1',292,46,4),('H1',293,46,5),('H1',294,46,6),('H1',295,47,1),('H1',296,47,2),('H1',297,48,1),('H1',298,48,2),('H1',299,48,3),('H1',300,48,4),('H1',301,48,5),('H1',302,48,6),('H1',303,48,7),('H1',304,48,8),('H1',305,48,9),('H1',306,48,10),('H1',307,48,11),('H1',308,48,12),('H1',309,48,13),('H1',310,48,14),('H1',311,48,15),('H1',312,48,16),('H1',313,48,17),('H1',314,48,18),('H1',315,48,19),('H1',316,48,20),('H1',317,48,21),('H1',318,48,22),('H1',319,48,23),('H1',320,48,24),('H1',321,2,1),('H1',322,49,1),('H1',323,49,2),('H1',324,49,3),('H1',325,50,1),('H1',326,50,2),('H2',1,1,0),('H2',2,1,1),('H2',3,1,2),('H2',4,1,3),('H2',5,1,4),('H2',6,1,5),('H2',7,1,6),('H2',8,1,7),('H2',9,1,8),('H2',10,1,9),('H2',11,1,10),('H2',12,2,0),('H2',13,2,1),('H2',14,3,0),('H2',15,3,1),('H2',16,3,2),('H2',17,3,3),('H2',18,3,4),('H2',19,3,5),('H2',20,4,0),('H2',21,4,1),('H2',22,4,2),('H2',23,4,3),('H2',24,4,4),('H2',25,4,5),('H2',26,4,6),('H2',27,4,7),('H2',28,4,8),('H2',29,4,9),('H2',30,4,10),('H2',31,4,11),('H2',32,4,12),('H2',33,5,0),('H2',34,5,1),('H2',35,5,2),('H2',36,5,3),('H2',37,5,4),('H2',38,6,0),('H2',39,6,1),('H2',40,6,2),('H2',41,7,0),('H2',42,7,1),('H2',43,7,2),('H2',44,7,3),('H2',45,7,4),('H2',46,8,0),('H2',47,9,0),('H2',48,9,1),('H2',49,9,2),('H2',50,9,3),('H2',51,10,0),('H2',52,10,1),('H2',53,10,2),('H2',54,10,3),('H2',55,10,4),('H2',56,10,5),('H2',57,10,6),('H2',58,10,7),('H2',59,10,8),('H2',60,11,0),('H2',61,11,1),('H2',62,11,2),('H2',63,11,3),('H2',64,11,4),('H2',65,11,5),('H2',66,11,6),('H2',67,11,7),('H2',68,11,8),('H2',69,11,9),('H2',70,11,10),('H2',71,11,11),('H2',72,11,12),('H2',73,11,13),('H2',74,11,14),('H2',75,11,15),('H2',76,11,16),('H2',77,11,17),('H2',78,11,18),('H2',79,11,19),('H2',80,11,20),('H2',81,11,21),('H2',82,11,22),('H2',83,11,23),('H2',84,11,24),('H2',85,11,25),('H2',86,11,26),('H2',87,11,27),('H2',88,11,28),('H2',89,11,29),('H2',90,11,30),('H2',91,11,31),('H2',92,12,0),('H2',93,12,1),('H2',94,12,2),('H2',95,12,3),('H2',96,12,4),('H2',97,12,5),('H2',98,13,0),('H2',99,13,1),('H2',100,13,2),('H2',101,13,3),('H2',102,13,4),('H2',103,13,5),('H2',104,13,6),('H2',105,13,7),('H2',106,13,8),('H2',107,13,9),('H2',108,13,10),('H2',109,13,11),('H2',110,13,12),('H2',111,14,0),('H2',112,14,1),('H2',113,14,2),('H2',114,14,3),('H2',115,14,4),('H2',116,14,5),('H2',117,14,6),('H2',118,14,7),('H2',119,14,8),('H2',120,14,9),('H2',121,14,10),('H2',122,14,11),('H2',123,15,0),('H2',124,15,1),('H2',125,15,2),('H2',126,15,3),('H2',127,16,0),('H2',128,16,1),('H2',129,16,2),('H2',130,17,0),('H2',131,17,1),('H2',132,17,2),('H2',133,17,3),('H2',134,17,4),('H2',135,18,0),('H2',136,18,1),('H2',137,18,2),('H2',138,18,3),('H2',139,19,0),('H2',140,19,1),('H2',141,19,2),('H2',142,19,3),('H2',143,19,4),('H2',144,20,0),('H2',145,20,1),('H2',146,20,2),('H2',147,20,3),('H2',148,20,4),('H2',149,20,5),('H2',150,21,0),('H2',151,21,1),('H2',152,21,2),('H2',153,21,3),('H2',154,21,4),('H2',155,21,5),('H2',156,21,6),('H2',157,21,7),('H2',158,21,8),('H2',159,21,9),('H2',160,22,0),('H2',161,22,1),('H2',162,22,2),('H2',163,22,3),('H2',164,22,4),('H2',165,22,5),('H2',166,23,0),('H2',167,23,1),('H2',168,23,2),('H2',169,23,3),('H2',170,24,0),('H2',171,24,1),('H2',172,24,2),('H2',173,25,0),('H2',174,25,1),('H2',175,25,2),('H2',176,25,3),('H2',177,25,4),('H2',178,25,5),('H2',179,26,0),('H2',180,26,1),('H2',181,26,2),('H2',182,27,0),('H2',183,27,1),('H2',184,27,2),('H2',185,27,3),('H2',186,28,0),('H2',187,28,1),('H2',188,28,2),('H2',189,28,3),('H2',190,29,0),('H2',191,29,1),('H2',192,29,2),('H2',193,29,3),('H2',194,30,0),('H2',195,30,1),('H2',196,30,2),('H2',197,30,3),('H2',198,30,4),('H2',199,30,5),('H2',200,30,6),('H2',201,30,7),('H2',202,30,8),('H2',203,30,9),('H2',204,30,10),('H2',205,30,11),('H2',206,30,12),('H2',207,30,13),('H2',208,30,14),('H2',209,30,15),('H2',210,31,1),('H2',211,31,2),('H2',212,31,3),('H2',213,31,4),('H2',214,32,1),('H2',215,32,2),('H2',216,32,3),('H2',217,32,4),('H2',218,32,5),('H2',219,32,6),('H2',220,33,1),('H2',221,33,2),('H2',222,33,3),('H2',223,34,1),('H2',224,34,2),('H2',225,34,3),('H2',226,35,1),('H2',227,35,2),('H2',228,35,3),('H2',229,36,1),('H2',230,36,2),('H2',231,36,3),('H2',232,36,4),('H2',233,36,5),('H2',234,36,6),('H2',235,37,1),('H2',236,37,2),('H2',237,38,1),('H2',238,38,2),('H2',239,38,3),('H2',240,38,4),('H2',241,39,1),('H2',242,39,2),('H2',243,39,3),('H2',244,39,4),('H2',245,40,1),('H2',246,40,2),('H2',247,40,3),('H2',248,40,4),('H2',249,41,1),('H2',250,41,2),('H2',251,41,3),('H2',252,41,4),('H2',253,41,5),('H2',254,41,6),('H2',255,41,7),('H2',256,41,8),('H2',257,41,9),('H2',258,41,10),('H2',259,41,11),('H2',260,42,1),('H2',261,42,2),('H2',262,42,3),('H2',263,42,4),('H2',264,42,5),('H2',265,42,6),('H2',266,42,7),('H2',267,42,8),('H2',268,42,9),('H2',269,43,1),('H2',270,43,2),('H2',271,43,3),('H2',272,43,4),('H2',273,44,1),('H2',274,44,2),('H2',275,44,3),('H2',276,44,4),('H2',277,45,1),('H2',278,45,2),('H2',279,45,3),('H2',280,45,4),('H2',281,45,5),('H2',282,45,6),('H2',283,45,7),('H2',284,45,8),('H2',285,45,9),('H2',286,45,10),('H2',287,45,11),('H2',288,12,1),('H2',289,46,1),('H2',290,46,2),('H2',291,46,3),('H2',292,46,4),('H2',293,46,5),('H2',294,46,6),('H2',295,47,1),('H2',296,47,2),('H2',297,48,1),('H2',298,48,2),('H2',299,48,3),('H2',300,48,4),('H2',301,48,5),('H2',302,48,6),('H2',303,48,7),('H2',304,48,8),('H2',305,48,9),('H2',306,48,10),('H2',307,48,11),('H2',308,48,12),('H2',309,48,13),('H2',310,48,14),('H2',311,48,15),('H2',312,48,16),('H2',313,48,17),('H2',314,48,18),('H2',315,48,19),('H2',316,48,20),('H2',317,48,21),('H2',318,48,22),('H2',319,48,23),('H2',320,48,24),('H2',321,2,1),('H2',322,49,1),('H2',323,49,2),('H2',324,49,3),('H2',325,50,1),('H2',326,50,2),('H3',1,1,0),('H3',2,1,1),('H3',3,1,2),('H3',4,1,3),('H3',5,1,4),('H3',6,1,5),('H3',7,1,6),('H3',8,1,7),('H3',9,1,8),('H3',10,1,9),('H3',11,1,10),('H3',12,2,0),('H3',13,2,1),('H3',14,3,0),('H3',15,3,1),('H3',16,3,2),('H3',17,3,3),('H3',18,3,4),('H3',19,3,5),('H3',20,4,0),('H3',21,4,1),('H3',22,4,2),('H3',23,4,3),('H3',24,4,4),('H3',25,4,5),('H3',26,4,6),('H3',27,4,7),('H3',28,4,8),('H3',29,4,9),('H3',30,4,10),('H3',31,4,11),('H3',32,4,12),('H3',33,5,0),('H3',34,5,1),('H3',35,5,2),('H3',36,5,3),('H3',37,5,4),('H3',38,6,0),('H3',39,6,1),('H3',40,6,2),('H3',41,7,0),('H3',42,7,1),('H3',43,7,2),('H3',44,7,3),('H3',45,7,4),('H3',46,8,0),('H3',47,9,0),('H3',48,9,1),('H3',49,9,2),('H3',50,9,3),('H3',51,10,0),('H3',52,10,1),('H3',53,10,2),('H3',54,10,3),('H3',55,10,4),('H3',56,10,5),('H3',57,10,6),('H3',58,10,7),('H3',59,10,8),('H3',60,11,0),('H3',61,11,1),('H3',62,11,2),('H3',63,11,3),('H3',64,11,4),('H3',65,11,5),('H3',66,11,6),('H3',67,11,7),('H3',68,11,8),('H3',69,11,9),('H3',70,11,10),('H3',71,11,11),('H3',72,11,12),('H3',73,11,13),('H3',74,11,14),('H3',75,11,15),('H3',76,11,16),('H3',77,11,17),('H3',78,11,18),('H3',79,11,19),('H3',80,11,20),('H3',81,11,21),('H3',82,11,22),('H3',83,11,23),('H3',84,11,24),('H3',85,11,25),('H3',86,11,26),('H3',87,11,27),('H3',88,11,28),('H3',89,11,29),('H3',90,11,30),('H3',91,11,31),('H3',92,12,0),('H3',93,12,1),('H3',94,12,2),('H3',95,12,3),('H3',96,12,4),('H3',97,12,5),('H3',98,13,0),('H3',99,13,1),('H3',100,13,2),('H3',101,13,3),('H3',102,13,4),('H3',103,13,5),('H3',104,13,6),('H3',105,13,7),('H3',106,13,8),('H3',107,13,9),('H3',108,13,10),('H3',109,13,11),('H3',110,13,12),('H3',111,14,0),('H3',112,14,1),('H3',113,14,2),('H3',114,14,3),('H3',115,14,4),('H3',116,14,5),('H3',117,14,6),('H3',118,14,7),('H3',119,14,8),('H3',120,14,9),('H3',121,14,10),('H3',122,14,11),('H3',123,15,0),('H3',124,15,1),('H3',125,15,2),('H3',126,15,3),('H3',127,16,0),('H3',128,16,1),('H3',129,16,2),('H3',130,17,0),('H3',131,17,1),('H3',132,17,2),('H3',133,17,3),('H3',134,17,4),('H3',135,18,0),('H3',136,18,1),('H3',137,18,2),('H3',138,18,3),('H3',139,19,0),('H3',140,19,1),('H3',141,19,2),('H3',142,19,3),('H3',143,19,4),('H3',144,20,0),('H3',145,20,1),('H3',146,20,2),('H3',147,20,3),('H3',148,20,4),('H3',149,20,5),('H3',150,21,0),('H3',151,21,1),('H3',152,21,2),('H3',153,21,3),('H3',154,21,4),('H3',155,21,5),('H3',156,21,6),('H3',157,21,7),('H3',158,21,8),('H3',159,21,9),('H3',160,22,0),('H3',161,22,1),('H3',162,22,2),('H3',163,22,3),('H3',164,22,4),('H3',165,22,5),('H3',166,23,0),('H3',167,23,1),('H3',168,23,2),('H3',169,23,3),('H3',170,24,0),('H3',171,24,1),('H3',172,24,2),('H3',173,25,0),('H3',174,25,1),('H3',175,25,2),('H3',176,25,3),('H3',177,25,4),('H3',178,25,5),('H3',179,26,0),('H3',180,26,1),('H3',181,26,2),('H3',182,27,0),('H3',183,27,1),('H3',184,27,2),('H3',185,27,3),('H3',186,28,0),('H3',187,28,1),('H3',188,28,2),('H3',189,28,3),('H3',190,29,0),('H3',191,29,1),('H3',192,29,2),('H3',193,29,3),('H3',194,30,0),('H3',195,30,1),('H3',196,30,2),('H3',197,30,3),('H3',198,30,4),('H3',199,30,5),('H3',200,30,6),('H3',201,30,7),('H3',202,30,8),('H3',203,30,9),('H3',204,30,10),('H3',205,30,11),('H3',206,30,12),('H3',207,30,13),('H3',208,30,14),('H3',209,30,15),('H3',210,31,1),('H3',211,31,2),('H3',212,31,3),('H3',213,31,4),('H3',214,32,1),('H3',215,32,2),('H3',216,32,3),('H3',217,32,4),('H3',218,32,5),('H3',219,32,6),('H3',220,33,1),('H3',221,33,2),('H3',222,33,3),('H3',223,34,1),('H3',224,34,2),('H3',225,34,3),('H3',226,35,1),('H3',227,35,2),('H3',228,35,3),('H3',229,36,1),('H3',230,36,2),('H3',231,36,3),('H3',232,36,4),('H3',233,36,5),('H3',234,36,6),('H3',235,37,1),('H3',236,37,2),('H3',237,38,1),('H3',238,38,2),('H3',239,38,3),('H3',240,38,4),('H3',241,39,1),('H3',242,39,2),('H3',243,39,3),('H3',244,39,4),('H3',245,40,1),('H3',246,40,2),('H3',247,40,3),('H3',248,40,4),('H3',249,41,1),('H3',250,41,2),('H3',251,41,3),('H3',252,41,4),('H3',253,41,5),('H3',254,41,6),('H3',255,41,7),('H3',256,41,8),('H3',257,41,9),('H3',258,41,10),('H3',259,41,11),('H3',260,42,1),('H3',261,42,2),('H3',262,42,3),('H3',263,42,4),('H3',264,42,5),('H3',265,42,6),('H3',266,42,7),('H3',267,42,8),('H3',268,42,9),('H3',269,43,1),('H3',270,43,2),('H3',271,43,3),('H3',272,43,4),('H3',273,44,1),('H3',274,44,2),('H3',275,44,3),('H3',276,44,4),('H3',277,45,1),('H3',278,45,2),('H3',279,45,3),('H3',280,45,4),('H3',281,45,5),('H3',282,45,6),('H3',283,45,7),('H3',284,45,8),('H3',285,45,9),('H3',286,45,10),('H3',287,45,11),('H3',288,12,1),('H3',289,46,1),('H3',290,46,2),('H3',291,46,3),('H3',292,46,4),('H3',293,46,5),('H3',294,46,6),('H3',295,47,1),('H3',296,47,2),('H3',297,48,1),('H3',298,48,2),('H3',299,48,3),('H3',300,48,4),('H3',301,48,5),('H3',302,48,6),('H3',303,48,7),('H3',304,48,8),('H3',305,48,9),('H3',306,48,10),('H3',307,48,11),('H3',308,48,12),('H3',309,48,13),('H3',310,48,14),('H3',311,48,15),('H3',312,48,16),('H3',313,48,17),('H3',314,48,18),('H3',315,48,19),('H3',316,48,20),('H3',317,48,21),('H3',318,48,22),('H3',319,48,23),('H3',320,48,24),('H3',321,2,1),('H3',322,49,1),('H3',323,49,2),('H3',324,49,3),('H3',325,50,1),('H3',326,50,2),('H4',1,1,0),('H4',2,1,1),('H4',3,1,2),('H4',4,1,3),('H4',5,1,4),('H4',6,1,5),('H4',7,1,6),('H4',8,1,7),('H4',9,1,8),('H4',10,1,9),('H4',11,1,10),('H4',12,2,0),('H4',13,2,1),('H4',14,3,0),('H4',15,3,1),('H4',16,3,2),('H4',17,3,3),('H4',18,3,4),('H4',19,3,5),('H4',20,4,0),('H4',21,4,1),('H4',22,4,2),('H4',23,4,3),('H4',24,4,4),('H4',25,4,5),('H4',26,4,6),('H4',27,4,7),('H4',28,4,8),('H4',29,4,9),('H4',30,4,10),('H4',31,4,11),('H4',32,4,12),('H4',33,5,0),('H4',34,5,1),('H4',35,5,2),('H4',36,5,3),('H4',37,5,4),('H4',38,6,0),('H4',39,6,1),('H4',40,6,2),('H4',41,7,0),('H4',42,7,1),('H4',43,7,2),('H4',44,7,3),('H4',45,7,4),('H4',46,8,0),('H4',47,9,0),('H4',48,9,1),('H4',49,9,2),('H4',50,9,3),('H4',51,10,0),('H4',52,10,1),('H4',53,10,2),('H4',54,10,3),('H4',55,10,4),('H4',56,10,5),('H4',57,10,6),('H4',58,10,7),('H4',59,10,8),('H4',60,11,0),('H4',61,11,1),('H4',62,11,2),('H4',63,11,3),('H4',64,11,4),('H4',65,11,5),('H4',66,11,6),('H4',67,11,7),('H4',68,11,8),('H4',69,11,9),('H4',70,11,10),('H4',71,11,11),('H4',72,11,12),('H4',73,11,13),('H4',74,11,14),('H4',75,11,15),('H4',76,11,16),('H4',77,11,17),('H4',78,11,18),('H4',79,11,19),('H4',80,11,20),('H4',81,11,21),('H4',82,11,22),('H4',83,11,23),('H4',84,11,24),('H4',85,11,25),('H4',86,11,26),('H4',87,11,27),('H4',88,11,28),('H4',89,11,29),('H4',90,11,30),('H4',91,11,31),('H4',92,12,0),('H4',93,12,1),('H4',94,12,2),('H4',95,12,3),('H4',96,12,4),('H4',97,12,5),('H4',98,13,0),('H4',99,13,1),('H4',100,13,2),('H4',101,13,3),('H4',102,13,4),('H4',103,13,5),('H4',104,13,6),('H4',105,13,7),('H4',106,13,8),('H4',107,13,9),('H4',108,13,10),('H4',109,13,11),('H4',110,13,12),('H4',111,14,0),('H4',112,14,1),('H4',113,14,2),('H4',114,14,3),('H4',115,14,4),('H4',116,14,5),('H4',117,14,6),('H4',118,14,7),('H4',119,14,8),('H4',120,14,9),('H4',121,14,10),('H4',122,14,11),('H4',123,15,0),('H4',124,15,1),('H4',125,15,2),('H4',126,15,3),('H4',127,16,0),('H4',128,16,1),('H4',129,16,2),('H4',130,17,0),('H4',131,17,1),('H4',132,17,2),('H4',133,17,3),('H4',134,17,4),('H4',135,18,0),('H4',136,18,1),('H4',137,18,2),('H4',138,18,3),('H4',139,19,0),('H4',140,19,1),('H4',141,19,2),('H4',142,19,3),('H4',143,19,4),('H4',144,20,0),('H4',145,20,1),('H4',146,20,2),('H4',147,20,3),('H4',148,20,4),('H4',149,20,5),('H4',150,21,0),('H4',151,21,1),('H4',152,21,2),('H4',153,21,3),('H4',154,21,4),('H4',155,21,5),('H4',156,21,6),('H4',157,21,7),('H4',158,21,8),('H4',159,21,9),('H4',160,22,0),('H4',161,22,1),('H4',162,22,2),('H4',163,22,3),('H4',164,22,4),('H4',165,22,5),('H4',166,23,0),('H4',167,23,1),('H4',168,23,2),('H4',169,23,3),('H4',170,24,0),('H4',171,24,1),('H4',172,24,2),('H4',173,25,0),('H4',174,25,1),('H4',175,25,2),('H4',176,25,3),('H4',177,25,4),('H4',178,25,5),('H4',179,26,0),('H4',180,26,1),('H4',181,26,2),('H4',182,27,0),('H4',183,27,1),('H4',184,27,2),('H4',185,27,3),('H4',186,28,0),('H4',187,28,1),('H4',188,28,2),('H4',189,28,3),('H4',190,29,0),('H4',191,29,1),('H4',192,29,2),('H4',193,29,3),('H4',194,30,0),('H4',195,30,1),('H4',196,30,2),('H4',197,30,3),('H4',198,30,4),('H4',199,30,5),('H4',200,30,6),('H4',201,30,7),('H4',202,30,8),('H4',203,30,9),('H4',204,30,10),('H4',205,30,11),('H4',206,30,12),('H4',207,30,13),('H4',208,30,14),('H4',209,30,15),('H4',210,31,1),('H4',211,31,2),('H4',212,31,3),('H4',213,31,4),('H4',214,32,1),('H4',215,32,2),('H4',216,32,3),('H4',217,32,4),('H4',218,32,5),('H4',219,32,6),('H4',220,33,1),('H4',221,33,2),('H4',222,33,3),('H4',223,34,1),('H4',224,34,2),('H4',225,34,3),('H4',226,35,1),('H4',227,35,2),('H4',228,35,3),('H4',229,36,1),('H4',230,36,2),('H4',231,36,3),('H4',232,36,4),('H4',233,36,5),('H4',234,36,6),('H4',235,37,1),('H4',236,37,2),('H4',237,38,1),('H4',238,38,2),('H4',239,38,3),('H4',240,38,4),('H4',241,39,1),('H4',242,39,2),('H4',243,39,3),('H4',244,39,4),('H4',245,40,1),('H4',246,40,2),('H4',247,40,3),('H4',248,40,4),('H4',249,41,1),('H4',250,41,2),('H4',251,41,3),('H4',252,41,4),('H4',253,41,5),('H4',254,41,6),('H4',255,41,7),('H4',256,41,8),('H4',257,41,9),('H4',258,41,10),('H4',259,41,11),('H4',260,42,1),('H4',261,42,2),('H4',262,42,3),('H4',263,42,4),('H4',264,42,5),('H4',265,42,6),('H4',266,42,7),('H4',267,42,8),('H4',268,42,9),('H4',269,43,1),('H4',270,43,2),('H4',271,43,3),('H4',272,43,4),('H4',273,44,1),('H4',274,44,2),('H4',275,44,3),('H4',276,44,4),('H4',277,45,1),('H4',278,45,2),('H4',279,45,3),('H4',280,45,4),('H4',281,45,5),('H4',282,45,6),('H4',283,45,7),('H4',284,45,8),('H4',285,45,9),('H4',286,45,10),('H4',287,45,11),('H4',288,12,1),('H4',289,46,1),('H4',290,46,2),('H4',291,46,3),('H4',292,46,4),('H4',293,46,5),('H4',294,46,6),('H4',295,47,1),('H4',296,47,2),('H4',297,48,1),('H4',298,48,2),('H4',299,48,3),('H4',300,48,4),('H4',301,48,5),('H4',302,48,6),('H4',303,48,7),('H4',304,48,8),('H4',305,48,9),('H4',306,48,10),('H4',307,48,11),('H4',308,48,12),('H4',309,48,13),('H4',310,48,14),('H4',311,48,15),('H4',312,48,16),('H4',313,48,17),('H4',314,48,18),('H4',315,48,19),('H4',316,48,20),('H4',317,48,21),('H4',318,48,22),('H4',319,48,23),('H4',320,48,24),('H4',321,2,1),('H4',322,49,1),('H4',323,49,2),('H4',324,49,3),('H4',325,50,1),('H4',326,50,2),('H5',1,1,0),('H5',2,1,1),('H5',3,1,2),('H5',4,1,3),('H5',5,1,4),('H5',6,1,5),('H5',7,1,6),('H5',8,1,7),('H5',9,1,8),('H5',10,1,9),('H5',11,1,10),('H5',12,2,0),('H5',13,2,1),('H5',14,3,0),('H5',15,3,1),('H5',16,3,2),('H5',17,3,3),('H5',18,3,4),('H5',19,3,5),('H5',20,4,0),('H5',21,4,1),('H5',22,4,2),('H5',23,4,3),('H5',24,4,4),('H5',25,4,5),('H5',26,4,6),('H5',27,4,7),('H5',28,4,8),('H5',29,4,9),('H5',30,4,10),('H5',31,4,11),('H5',32,4,12),('H5',33,5,0),('H5',34,5,1),('H5',35,5,2),('H5',36,5,3),('H5',37,5,4),('H5',38,6,0),('H5',39,6,1),('H5',40,6,2),('H5',41,7,0),('H5',42,7,1),('H5',43,7,2),('H5',44,7,3),('H5',45,7,4),('H5',46,8,0),('H5',47,9,0),('H5',48,9,1),('H5',49,9,2),('H5',50,9,3),('H5',51,10,0),('H5',52,10,1),('H5',53,10,2),('H5',54,10,3),('H5',55,10,4),('H5',56,10,5),('H5',57,10,6),('H5',58,10,7),('H5',59,10,8),('H5',60,11,0),('H5',61,11,1),('H5',62,11,2),('H5',63,11,3),('H5',64,11,4),('H5',65,11,5),('H5',66,11,6),('H5',67,11,7),('H5',68,11,8),('H5',69,11,9),('H5',70,11,10),('H5',71,11,11),('H5',72,11,12),('H5',73,11,13),('H5',74,11,14),('H5',75,11,15),('H5',76,11,16),('H5',77,11,17),('H5',78,11,18),('H5',79,11,19),('H5',80,11,20),('H5',81,11,21),('H5',82,11,22),('H5',83,11,23),('H5',84,11,24),('H5',85,11,25),('H5',86,11,26),('H5',87,11,27),('H5',88,11,28),('H5',89,11,29),('H5',90,11,30),('H5',91,11,31),('H5',92,12,0),('H5',93,12,1),('H5',94,12,2),('H5',95,12,3),('H5',96,12,4),('H5',97,12,5),('H5',98,13,0),('H5',99,13,1),('H5',100,13,2),('H5',101,13,3),('H5',102,13,4),('H5',103,13,5),('H5',104,13,6),('H5',105,13,7),('H5',106,13,8),('H5',107,13,9),('H5',108,13,10),('H5',109,13,11),('H5',110,13,12),('H5',111,14,0),('H5',112,14,1),('H5',113,14,2),('H5',114,14,3),('H5',115,14,4),('H5',116,14,5),('H5',117,14,6),('H5',118,14,7),('H5',119,14,8),('H5',120,14,9),('H5',121,14,10),('H5',122,14,11),('H5',123,15,0),('H5',124,15,1),('H5',125,15,2),('H5',126,15,3),('H5',127,16,0),('H5',128,16,1),('H5',129,16,2),('H5',130,17,0),('H5',131,17,1),('H5',132,17,2),('H5',133,17,3),('H5',134,17,4),('H5',135,18,0),('H5',136,18,1),('H5',137,18,2),('H5',138,18,3),('H5',139,19,0),('H5',140,19,1),('H5',141,19,2),('H5',142,19,3),('H5',143,19,4),('H5',144,20,0),('H5',145,20,1),('H5',146,20,2),('H5',147,20,3),('H5',148,20,4),('H5',149,20,5),('H5',150,21,0),('H5',151,21,1),('H5',152,21,2),('H5',153,21,3),('H5',154,21,4),('H5',155,21,5),('H5',156,21,6),('H5',157,21,7),('H5',158,21,8),('H5',159,21,9),('H5',160,22,0),('H5',161,22,1),('H5',162,22,2),('H5',163,22,3),('H5',164,22,4),('H5',165,22,5),('H5',166,23,0),('H5',167,23,1),('H5',168,23,2),('H5',169,23,3),('H5',170,24,0),('H5',171,24,1),('H5',172,24,2),('H5',173,25,0),('H5',174,25,1),('H5',175,25,2),('H5',176,25,3),('H5',177,25,4),('H5',178,25,5),('H5',179,26,0),('H5',180,26,1),('H5',181,26,2),('H5',182,27,0),('H5',183,27,1),('H5',184,27,2),('H5',185,27,3),('H5',186,28,0),('H5',187,28,1),('H5',188,28,2),('H5',189,28,3),('H5',190,29,0),('H5',191,29,1),('H5',192,29,2),('H5',193,29,3),('H5',194,30,0),('H5',195,30,1),('H5',196,30,2),('H5',197,30,3),('H5',198,30,4),('H5',199,30,5),('H5',200,30,6),('H5',201,30,7),('H5',202,30,8),('H5',203,30,9),('H5',204,30,10),('H5',205,30,11),('H5',206,30,12),('H5',207,30,13),('H5',208,30,14),('H5',209,30,15),('H5',210,31,1),('H5',211,31,2),('H5',212,31,3),('H5',213,31,4),('H5',214,32,1),('H5',215,32,2),('H5',216,32,3),('H5',217,32,4),('H5',218,32,5),('H5',219,32,6),('H5',220,33,1),('H5',221,33,2),('H5',222,33,3),('H5',223,34,1),('H5',224,34,2),('H5',225,34,3),('H5',226,35,1),('H5',227,35,2),('H5',228,35,3),('H5',229,36,1),('H5',230,36,2),('H5',231,36,3),('H5',232,36,4),('H5',233,36,5),('H5',234,36,6),('H5',235,37,1),('H5',236,37,2),('H5',237,38,1),('H5',238,38,2),('H5',239,38,3),('H5',240,38,4),('H5',241,39,1),('H5',242,39,2),('H5',243,39,3),('H5',244,39,4),('H5',245,40,1),('H5',246,40,2),('H5',247,40,3),('H5',248,40,4),('H5',249,41,1),('H5',250,41,2),('H5',251,41,3),('H5',252,41,4),('H5',253,41,5),('H5',254,41,6),('H5',255,41,7),('H5',256,41,8),('H5',257,41,9),('H5',258,41,10),('H5',259,41,11),('H5',260,42,1),('H5',261,42,2),('H5',262,42,3),('H5',263,42,4),('H5',264,42,5),('H5',265,42,6),('H5',266,42,7),('H5',267,42,8),('H5',268,42,9),('H5',269,43,1),('H5',270,43,2),('H5',271,43,3),('H5',272,43,4),('H5',273,44,1),('H5',274,44,2),('H5',275,44,3),('H5',276,44,4),('H5',277,45,1),('H5',278,45,2),('H5',279,45,3),('H5',280,45,4),('H5',281,45,5),('H5',282,45,6),('H5',283,45,7),('H5',284,45,8),('H5',285,45,9),('H5',286,45,10),('H5',287,45,11),('H5',288,12,1),('H5',289,46,1),('H5',290,46,2),('H5',291,46,3),('H5',292,46,4),('H5',293,46,5),('H5',294,46,6),('H5',295,47,1),('H5',296,47,2),('H5',297,48,1),('H5',298,48,2),('H5',299,48,3),('H5',300,48,4),('H5',301,48,5),('H5',302,48,6),('H5',303,48,7),('H5',304,48,8),('H5',305,48,9),('H5',306,48,10),('H5',307,48,11),('H5',308,48,12),('H5',309,48,13),('H5',310,48,14),('H5',311,48,15),('H5',312,48,16),('H5',313,48,17),('H5',314,48,18),('H5',315,48,19),('H5',316,48,20),('H5',317,48,21),('H5',318,48,22),('H5',319,48,23),('H5',320,48,24),('H5',321,2,1),('H5',322,49,1),('H5',323,49,2),('H5',324,49,3),('H5',325,50,1),('H5',326,50,2),('H6',1,1,0),('H6',2,1,1),('H6',3,1,2),('H6',4,1,3),('H6',5,1,4),('H6',6,1,5),('H6',7,1,6),('H6',8,1,7),('H6',9,1,8),('H6',10,1,9),('H6',11,1,10),('H6',12,2,0),('H6',13,2,1),('H6',14,3,0),('H6',15,3,1),('H6',16,3,2),('H6',17,3,3),('H6',18,3,4),('H6',19,3,5),('H6',20,4,0),('H6',21,4,1),('H6',22,4,2),('H6',23,4,3),('H6',24,4,4),('H6',25,4,5),('H6',26,4,6),('H6',27,4,7),('H6',28,4,8),('H6',29,4,9),('H6',30,4,10),('H6',31,4,11),('H6',32,4,12),('H6',33,5,0),('H6',34,5,1),('H6',35,5,2),('H6',36,5,3),('H6',37,5,4),('H6',38,6,0),('H6',39,6,1),('H6',40,6,2),('H6',41,7,0),('H6',42,7,1),('H6',43,7,2),('H6',44,7,3),('H6',45,7,4),('H6',46,8,0),('H6',47,9,0),('H6',48,9,1),('H6',49,9,2),('H6',50,9,3),('H6',51,10,0),('H6',52,10,1),('H6',53,10,2),('H6',54,10,3),('H6',55,10,4),('H6',56,10,5),('H6',57,10,6),('H6',58,10,7),('H6',59,10,8),('H6',60,11,0),('H6',61,11,1),('H6',62,11,2),('H6',63,11,3),('H6',64,11,4),('H6',65,11,5),('H6',66,11,6),('H6',67,11,7),('H6',68,11,8),('H6',69,11,9),('H6',70,11,10),('H6',71,11,11),('H6',72,11,12),('H6',73,11,13),('H6',74,11,14),('H6',75,11,15),('H6',76,11,16),('H6',77,11,17),('H6',78,11,18),('H6',79,11,19),('H6',80,11,20),('H6',81,11,21),('H6',82,11,22),('H6',83,11,23),('H6',84,11,24),('H6',85,11,25),('H6',86,11,26),('H6',87,11,27),('H6',88,11,28),('H6',89,11,29),('H6',90,11,30),('H6',91,11,31),('H6',92,12,0),('H6',93,12,1),('H6',94,12,2),('H6',95,12,3),('H6',96,12,4),('H6',97,12,5),('H6',98,13,0),('H6',99,13,1),('H6',100,13,2),('H6',101,13,3),('H6',102,13,4),('H6',103,13,5),('H6',104,13,6),('H6',105,13,7),('H6',106,13,8),('H6',107,13,9),('H6',108,13,10),('H6',109,13,11),('H6',110,13,12),('H6',111,14,0),('H6',112,14,1),('H6',113,14,2),('H6',114,14,3),('H6',115,14,4),('H6',116,14,5),('H6',117,14,6),('H6',118,14,7),('H6',119,14,8),('H6',120,14,9),('H6',121,14,10),('H6',122,14,11),('H6',123,15,0),('H6',124,15,1),('H6',125,15,2),('H6',126,15,3),('H6',127,16,0),('H6',128,16,1),('H6',129,16,2),('H6',130,17,0),('H6',131,17,1),('H6',132,17,2),('H6',133,17,3),('H6',134,17,4),('H6',135,18,0),('H6',136,18,1),('H6',137,18,2),('H6',138,18,3),('H6',139,19,0),('H6',140,19,1),('H6',141,19,2),('H6',142,19,3),('H6',143,19,4),('H6',144,20,0),('H6',145,20,1),('H6',146,20,2),('H6',147,20,3),('H6',148,20,4),('H6',149,20,5),('H6',150,21,0),('H6',151,21,1),('H6',152,21,2),('H6',153,21,3),('H6',154,21,4),('H6',155,21,5),('H6',156,21,6),('H6',157,21,7),('H6',158,21,8),('H6',159,21,9),('H6',160,22,0),('H6',161,22,1),('H6',162,22,2),('H6',163,22,3),('H6',164,22,4),('H6',165,22,5),('H6',166,23,0),('H6',167,23,1),('H6',168,23,2),('H6',169,23,3),('H6',170,24,0),('H6',171,24,1),('H6',172,24,2),('H6',173,25,0),('H6',174,25,1),('H6',175,25,2),('H6',176,25,3),('H6',177,25,4),('H6',178,25,5),('H6',179,26,0),('H6',180,26,1),('H6',181,26,2),('H6',182,27,0),('H6',183,27,1),('H6',184,27,2),('H6',185,27,3),('H6',186,28,0),('H6',187,28,1),('H6',188,28,2),('H6',189,28,3),('H6',190,29,0),('H6',191,29,1),('H6',192,29,2),('H6',193,29,3),('H6',194,30,0),('H6',195,30,1),('H6',196,30,2),('H6',197,30,3),('H6',198,30,4),('H6',199,30,5),('H6',200,30,6),('H6',201,30,7),('H6',202,30,8),('H6',203,30,9),('H6',204,30,10),('H6',205,30,11),('H6',206,30,12),('H6',207,30,13),('H6',208,30,14),('H6',209,30,15),('H6',210,31,1),('H6',211,31,2),('H6',212,31,3),('H6',213,31,4),('H6',214,32,1),('H6',215,32,2),('H6',216,32,3),('H6',217,32,4),('H6',218,32,5),('H6',219,32,6),('H6',220,33,1),('H6',221,33,2),('H6',222,33,3),('H6',223,34,1),('H6',224,34,2),('H6',225,34,3),('H6',226,35,1),('H6',227,35,2),('H6',228,35,3),('H6',229,36,1),('H6',230,36,2),('H6',231,36,3),('H6',232,36,4),('H6',233,36,5),('H6',234,36,6),('H6',235,37,1),('H6',236,37,2),('H6',237,38,1),('H6',238,38,2),('H6',239,38,3),('H6',240,38,4),('H6',241,39,1),('H6',242,39,2),('H6',243,39,3),('H6',244,39,4),('H6',245,40,1),('H6',246,40,2),('H6',247,40,3),('H6',248,40,4),('H6',249,41,1),('H6',250,41,2),('H6',251,41,3),('H6',252,41,4),('H6',253,41,5),('H6',254,41,6),('H6',255,41,7),('H6',256,41,8),('H6',257,41,9),('H6',258,41,10),('H6',259,41,11),('H6',260,42,1),('H6',261,42,2),('H6',262,42,3),('H6',263,42,4),('H6',264,42,5),('H6',265,42,6),('H6',266,42,7),('H6',267,42,8),('H6',268,42,9),('H6',269,43,1),('H6',270,43,2),('H6',271,43,3),('H6',272,43,4),('H6',273,44,1),('H6',274,44,2),('H6',275,44,3),('H6',276,44,4),('H6',277,45,1),('H6',278,45,2),('H6',279,45,3),('H6',280,45,4),('H6',281,45,5),('H6',282,45,6),('H6',283,45,7),('H6',284,45,8),('H6',285,45,9),('H6',286,45,10),('H6',287,45,11),('H6',288,12,1),('H6',289,46,1),('H6',290,46,2),('H6',291,46,3),('H6',292,46,4),('H6',293,46,5),('H6',294,46,6),('H6',295,47,1),('H6',296,47,2),('H6',297,48,1),('H6',298,48,2),('H6',299,48,3),('H6',300,48,4),('H6',301,48,5),('H6',302,48,6),('H6',303,48,7),('H6',304,48,8),('H6',305,48,9),('H6',306,48,10),('H6',307,48,11),('H6',308,48,12),('H6',309,48,13),('H6',310,48,14),('H6',311,48,15),('H6',312,48,16),('H6',313,48,17),('H6',314,48,18),('H6',315,48,19),('H6',316,48,20),('H6',317,48,21),('H6',318,48,22),('H6',319,48,23),('H6',320,48,24),('H6',321,2,1),('H6',322,49,1),('H6',323,49,2),('H6',324,49,3),('H6',325,50,1),('H6',326,50,2),('H7',1,1,0),('H7',2,1,1),('H7',3,1,2),('H7',4,1,3),('H7',5,1,4),('H7',6,1,5),('H7',7,1,6),('H7',8,1,7),('H7',9,1,8),('H7',10,1,9),('H7',11,1,10),('H7',12,2,0),('H7',13,2,1),('H7',14,3,0),('H7',15,3,1),('H7',16,3,2),('H7',17,3,3),('H7',18,3,4),('H7',19,3,5),('H7',20,4,0),('H7',21,4,1),('H7',22,4,2),('H7',23,4,3),('H7',24,4,4),('H7',25,4,5),('H7',26,4,6),('H7',27,4,7),('H7',28,4,8),('H7',29,4,9),('H7',30,4,10),('H7',31,4,11),('H7',32,4,12),('H7',33,5,0),('H7',34,5,1),('H7',35,5,2),('H7',36,5,3),('H7',37,5,4),('H7',38,6,0),('H7',39,6,1),('H7',40,6,2),('H7',41,7,0),('H7',42,7,1),('H7',43,7,2),('H7',44,7,3),('H7',45,7,4),('H7',46,8,0),('H7',47,9,0),('H7',48,9,1),('H7',49,9,2),('H7',50,9,3),('H7',51,10,0),('H7',52,10,1),('H7',53,10,2),('H7',54,10,3),('H7',55,10,4),('H7',56,10,5),('H7',57,10,6),('H7',58,10,7),('H7',59,10,8),('H7',60,11,0),('H7',61,11,1),('H7',62,11,2),('H7',63,11,3),('H7',64,11,4),('H7',65,11,5),('H7',66,11,6),('H7',67,11,7),('H7',68,11,8),('H7',69,11,9),('H7',70,11,10),('H7',71,11,11),('H7',72,11,12),('H7',73,11,13),('H7',74,11,14),('H7',75,11,15),('H7',76,11,16),('H7',77,11,17),('H7',78,11,18),('H7',79,11,19),('H7',80,11,20),('H7',81,11,21),('H7',82,11,22),('H7',83,11,23),('H7',84,11,24),('H7',85,11,25),('H7',86,11,26),('H7',87,11,27),('H7',88,11,28),('H7',89,11,29),('H7',90,11,30),('H7',91,11,31),('H7',92,12,0),('H7',93,12,1),('H7',94,12,2),('H7',95,12,3),('H7',96,12,4),('H7',97,12,5),('H7',98,13,0),('H7',99,13,1),('H7',100,13,2),('H7',101,13,3),('H7',102,13,4),('H7',103,13,5),('H7',104,13,6),('H7',105,13,7),('H7',106,13,8),('H7',107,13,9),('H7',108,13,10),('H7',109,13,11),('H7',110,13,12),('H7',111,14,0),('H7',112,14,1),('H7',113,14,2),('H7',114,14,3),('H7',115,14,4),('H7',116,14,5),('H7',117,14,6),('H7',118,14,7),('H7',119,14,8),('H7',120,14,9),('H7',121,14,10),('H7',122,14,11),('H7',123,15,0),('H7',124,15,1),('H7',125,15,2),('H7',126,15,3),('H7',127,16,0),('H7',128,16,1),('H7',129,16,2),('H7',130,17,0),('H7',131,17,1),('H7',132,17,2),('H7',133,17,3),('H7',134,17,4),('H7',135,18,0),('H7',136,18,1),('H7',137,18,2),('H7',138,18,3),('H7',139,19,0),('H7',140,19,1),('H7',141,19,2),('H7',142,19,3),('H7',143,19,4),('H7',144,20,0),('H7',145,20,1),('H7',146,20,2),('H7',147,20,3),('H7',148,20,4),('H7',149,20,5),('H7',150,21,0),('H7',151,21,1),('H7',152,21,2),('H7',153,21,3),('H7',154,21,4),('H7',155,21,5),('H7',156,21,6),('H7',157,21,7),('H7',158,21,8),('H7',159,21,9),('H7',160,22,0),('H7',161,22,1),('H7',162,22,2),('H7',163,22,3),('H7',164,22,4),('H7',165,22,5),('H7',166,23,0),('H7',167,23,1),('H7',168,23,2),('H7',169,23,3),('H7',170,24,0),('H7',171,24,1),('H7',172,24,2),('H7',173,25,0),('H7',174,25,1),('H7',175,25,2),('H7',176,25,3),('H7',177,25,4),('H7',178,25,5),('H7',179,26,0),('H7',180,26,1),('H7',181,26,2),('H7',182,27,0),('H7',183,27,1),('H7',184,27,2),('H7',185,27,3),('H7',186,28,0),('H7',187,28,1),('H7',188,28,2),('H7',189,28,3),('H7',190,29,0),('H7',191,29,1),('H7',192,29,2),('H7',193,29,3),('H7',194,30,0),('H7',195,30,1),('H7',196,30,2),('H7',197,30,3),('H7',198,30,4),('H7',199,30,5),('H7',200,30,6),('H7',201,30,7),('H7',202,30,8),('H7',203,30,9),('H7',204,30,10),('H7',205,30,11),('H7',206,30,12),('H7',207,30,13),('H7',208,30,14),('H7',209,30,15),('H7',210,31,1),('H7',211,31,2),('H7',212,31,3),('H7',213,31,4),('H7',214,32,1),('H7',215,32,2),('H7',216,32,3),('H7',217,32,4),('H7',218,32,5),('H7',219,32,6),('H7',220,33,1),('H7',221,33,2),('H7',222,33,3),('H7',223,34,1),('H7',224,34,2),('H7',225,34,3),('H7',226,35,1),('H7',227,35,2),('H7',228,35,3),('H7',229,36,1),('H7',230,36,2),('H7',231,36,3),('H7',232,36,4),('H7',233,36,5),('H7',234,36,6),('H7',235,37,1),('H7',236,37,2),('H7',237,38,1),('H7',238,38,2),('H7',239,38,3),('H7',240,38,4),('H7',241,39,1),('H7',242,39,2),('H7',243,39,3),('H7',244,39,4),('H7',245,40,1),('H7',246,40,2),('H7',247,40,3),('H7',248,40,4),('H7',249,41,1),('H7',250,41,2),('H7',251,41,3),('H7',252,41,4),('H7',253,41,5),('H7',254,41,6),('H7',255,41,7),('H7',256,41,8),('H7',257,41,9),('H7',258,41,10),('H7',259,41,11),('H7',260,42,1),('H7',261,42,2),('H7',262,42,3),('H7',263,42,4),('H7',264,42,5),('H7',265,42,6),('H7',266,42,7),('H7',267,42,8),('H7',268,42,9),('H7',269,43,1),('H7',270,43,2),('H7',271,43,3),('H7',272,43,4),('H7',273,44,1),('H7',274,44,2),('H7',275,44,3),('H7',276,44,4),('H7',277,45,1),('H7',278,45,2),('H7',279,45,3),('H7',280,45,4),('H7',281,45,5),('H7',282,45,6),('H7',283,45,7),('H7',284,45,8),('H7',285,45,9),('H7',286,45,10),('H7',287,45,11),('H7',288,12,1),('H7',289,46,1),('H7',290,46,2),('H7',291,46,3),('H7',292,46,4),('H7',293,46,5),('H7',294,46,6),('H7',295,47,1),('H7',296,47,2),('H7',297,48,1),('H7',298,48,2),('H7',299,48,3),('H7',300,48,4),('H7',301,48,5),('H7',302,48,6),('H7',303,48,7),('H7',304,48,8),('H7',305,48,9),('H7',306,48,10),('H7',307,48,11),('H7',308,48,12),('H7',309,48,13),('H7',310,48,14),('H7',311,48,15),('H7',312,48,16),('H7',313,48,17),('H7',314,48,18),('H7',315,48,19),('H7',316,48,20),('H7',317,48,21),('H7',318,48,22),('H7',319,48,23),('H7',320,48,24),('H7',321,2,1),('H7',322,49,1),('H7',323,49,2),('H7',324,49,3),('H7',325,50,1),('H7',326,50,2),('H8',1,1,0),('H8',2,1,1),('H8',3,1,2),('H8',4,1,3),('H8',5,1,4),('H8',6,1,5),('H8',7,1,6),('H8',8,1,7),('H8',9,1,8),('H8',10,1,9),('H8',11,1,10),('H8',12,2,0),('H8',13,2,1),('H8',14,3,0),('H8',15,3,1),('H8',16,3,2),('H8',17,3,3),('H8',18,3,4),('H8',19,3,5),('H8',20,4,0),('H8',21,4,1),('H8',22,4,2),('H8',23,4,3),('H8',24,4,4),('H8',25,4,5),('H8',26,4,6),('H8',27,4,7),('H8',28,4,8),('H8',29,4,9),('H8',30,4,10),('H8',31,4,11),('H8',32,4,12),('H8',33,5,0),('H8',34,5,1),('H8',35,5,2),('H8',36,5,3),('H8',37,5,4),('H8',38,6,0),('H8',39,6,1),('H8',40,6,2),('H8',41,7,0),('H8',42,7,1),('H8',43,7,2),('H8',44,7,3),('H8',45,7,4),('H8',46,8,0),('H8',47,9,0),('H8',48,9,1),('H8',49,9,2),('H8',50,9,3),('H8',51,10,0),('H8',52,10,1),('H8',53,10,2),('H8',54,10,3),('H8',55,10,4),('H8',56,10,5),('H8',57,10,6),('H8',58,10,7),('H8',59,10,8),('H8',60,11,0),('H8',61,11,1),('H8',62,11,2),('H8',63,11,3),('H8',64,11,4),('H8',65,11,5),('H8',66,11,6),('H8',67,11,7),('H8',68,11,8),('H8',69,11,9),('H8',70,11,10),('H8',71,11,11),('H8',72,11,12),('H8',73,11,13),('H8',74,11,14),('H8',75,11,15),('H8',76,11,16),('H8',77,11,17),('H8',78,11,18),('H8',79,11,19),('H8',80,11,20),('H8',81,11,21),('H8',82,11,22),('H8',83,11,23),('H8',84,11,24),('H8',85,11,25),('H8',86,11,26),('H8',87,11,27),('H8',88,11,28),('H8',89,11,29),('H8',90,11,30),('H8',91,11,31),('H8',92,12,0),('H8',93,12,1),('H8',94,12,2),('H8',95,12,3),('H8',96,12,4),('H8',97,12,5),('H8',98,13,0),('H8',99,13,1),('H8',100,13,2),('H8',101,13,3),('H8',102,13,4),('H8',103,13,5),('H8',104,13,6),('H8',105,13,7),('H8',106,13,8),('H8',107,13,9),('H8',108,13,10),('H8',109,13,11),('H8',110,13,12),('H8',111,14,0),('H8',112,14,1),('H8',113,14,2),('H8',114,14,3),('H8',115,14,4),('H8',116,14,5),('H8',117,14,6),('H8',118,14,7),('H8',119,14,8),('H8',120,14,9),('H8',121,14,10),('H8',122,14,11),('H8',123,15,0),('H8',124,15,1),('H8',125,15,2),('H8',126,15,3),('H8',127,16,0),('H8',128,16,1),('H8',129,16,2),('H8',130,17,0),('H8',131,17,1),('H8',132,17,2),('H8',133,17,3),('H8',134,17,4),('H8',135,18,0),('H8',136,18,1),('H8',137,18,2),('H8',138,18,3),('H8',139,19,0),('H8',140,19,1),('H8',141,19,2),('H8',142,19,3),('H8',143,19,4),('H8',144,20,0),('H8',145,20,1),('H8',146,20,2),('H8',147,20,3),('H8',148,20,4),('H8',149,20,5),('H8',150,21,0),('H8',151,21,1),('H8',152,21,2),('H8',153,21,3),('H8',154,21,4),('H8',155,21,5),('H8',156,21,6),('H8',157,21,7),('H8',158,21,8),('H8',159,21,9),('H8',160,22,0),('H8',161,22,1),('H8',162,22,2),('H8',163,22,3),('H8',164,22,4),('H8',165,22,5),('H8',166,23,0),('H8',167,23,1),('H8',168,23,2),('H8',169,23,3),('H8',170,24,0),('H8',171,24,1),('H8',172,24,2),('H8',173,25,0),('H8',174,25,1),('H8',175,25,2),('H8',176,25,3),('H8',177,25,4),('H8',178,25,5),('H8',179,26,0),('H8',180,26,1),('H8',181,26,2),('H8',182,27,0),('H8',183,27,1),('H8',184,27,2),('H8',185,27,3),('H8',186,28,0),('H8',187,28,1),('H8',188,28,2),('H8',189,28,3),('H8',190,29,0),('H8',191,29,1),('H8',192,29,2),('H8',193,29,3),('H8',194,30,0),('H8',195,30,1),('H8',196,30,2),('H8',197,30,3),('H8',198,30,4),('H8',199,30,5),('H8',200,30,6),('H8',201,30,7),('H8',202,30,8),('H8',203,30,9),('H8',204,30,10),('H8',205,30,11),('H8',206,30,12),('H8',207,30,13),('H8',208,30,14),('H8',209,30,15),('H8',210,31,1),('H8',211,31,2),('H8',212,31,3),('H8',213,31,4),('H8',214,32,1),('H8',215,32,2),('H8',216,32,3),('H8',217,32,4),('H8',218,32,5),('H8',219,32,6),('H8',220,33,1),('H8',221,33,2),('H8',222,33,3),('H8',223,34,1),('H8',224,34,2),('H8',225,34,3),('H8',226,35,1),('H8',227,35,2),('H8',228,35,3),('H8',229,36,1),('H8',230,36,2),('H8',231,36,3),('H8',232,36,4),('H8',233,36,5),('H8',234,36,6),('H8',235,37,1),('H8',236,37,2),('H8',237,38,1),('H8',238,38,2),('H8',239,38,3),('H8',240,38,4),('H8',241,39,1),('H8',242,39,2),('H8',243,39,3),('H8',244,39,4),('H8',245,40,1),('H8',246,40,2),('H8',247,40,3),('H8',248,40,4),('H8',249,41,1),('H8',250,41,2),('H8',251,41,3),('H8',252,41,4),('H8',253,41,5),('H8',254,41,6),('H8',255,41,7),('H8',256,41,8),('H8',257,41,9),('H8',258,41,10),('H8',259,41,11),('H8',260,42,1),('H8',261,42,2),('H8',262,42,3),('H8',263,42,4),('H8',264,42,5),('H8',265,42,6),('H8',266,42,7),('H8',267,42,8),('H8',268,42,9),('H8',269,43,1),('H8',270,43,2),('H8',271,43,3),('H8',272,43,4),('H8',273,44,1),('H8',274,44,2),('H8',275,44,3),('H8',276,44,4),('H8',277,45,1),('H8',278,45,2),('H8',279,45,3),('H8',280,45,4),('H8',281,45,5),('H8',282,45,6),('H8',283,45,7),('H8',284,45,8),('H8',285,45,9),('H8',286,45,10),('H8',287,45,11),('H8',288,12,1),('H8',289,46,1),('H8',290,46,2),('H8',291,46,3),('H8',292,46,4),('H8',293,46,5),('H8',294,46,6),('H8',295,47,1),('H8',296,47,2),('H8',297,48,1),('H8',298,48,2),('H8',299,48,3),('H8',300,48,4),('H8',301,48,5),('H8',302,48,6),('H8',303,48,7),('H8',304,48,8),('H8',305,48,9),('H8',306,48,10),('H8',307,48,11),('H8',308,48,12),('H8',309,48,13),('H8',310,48,14),('H8',311,48,15),('H8',312,48,16),('H8',313,48,17),('H8',314,48,18),('H8',315,48,19),('H8',316,48,20),('H8',317,48,21),('H8',318,48,22),('H8',319,48,23),('H8',320,48,24),('H8',321,2,1),('H8',322,49,1),('H8',323,49,2),('H8',324,49,3),('H8',325,50,1),('H8',326,50,2),('H9',1,1,0),('H9',2,1,1),('H9',3,1,2),('H9',4,1,3),('H9',5,1,4),('H9',6,1,5),('H9',7,1,6),('H9',8,1,7),('H9',9,1,8),('H9',10,1,9),('H9',11,1,10),('H9',12,2,0),('H9',13,2,1),('H9',14,3,0),('H9',15,3,1),('H9',16,3,2),('H9',17,3,3),('H9',18,3,4),('H9',19,3,5),('H9',20,4,0),('H9',21,4,1),('H9',22,4,2),('H9',23,4,3),('H9',24,4,4),('H9',25,4,5),('H9',26,4,6),('H9',27,4,7),('H9',28,4,8),('H9',29,4,9),('H9',30,4,10),('H9',31,4,11),('H9',32,4,12),('H9',33,5,0),('H9',34,5,1),('H9',35,5,2),('H9',36,5,3),('H9',37,5,4),('H9',38,6,0),('H9',39,6,1),('H9',40,6,2),('H9',41,7,0),('H9',42,7,1),('H9',43,7,2),('H9',44,7,3),('H9',45,7,4),('H9',46,8,0),('H9',47,9,0),('H9',48,9,1),('H9',49,9,2),('H9',50,9,3),('H9',51,10,0),('H9',52,10,1),('H9',53,10,2),('H9',54,10,3),('H9',55,10,4),('H9',56,10,5),('H9',57,10,6),('H9',58,10,7),('H9',59,10,8),('H9',60,11,0),('H9',61,11,1),('H9',62,11,2),('H9',63,11,3),('H9',64,11,4),('H9',65,11,5),('H9',66,11,6),('H9',67,11,7),('H9',68,11,8),('H9',69,11,9),('H9',70,11,10),('H9',71,11,11),('H9',72,11,12),('H9',73,11,13),('H9',74,11,14),('H9',75,11,15),('H9',76,11,16),('H9',77,11,17),('H9',78,11,18),('H9',79,11,19),('H9',80,11,20),('H9',81,11,21),('H9',82,11,22),('H9',83,11,23),('H9',84,11,24),('H9',85,11,25),('H9',86,11,26),('H9',87,11,27),('H9',88,11,28),('H9',89,11,29),('H9',90,11,30),('H9',91,11,31),('H9',92,12,0),('H9',93,12,1),('H9',94,12,2),('H9',95,12,3),('H9',96,12,4),('H9',97,12,5),('H9',98,13,0),('H9',99,13,1),('H9',100,13,2),('H9',101,13,3),('H9',102,13,4),('H9',103,13,5),('H9',104,13,6),('H9',105,13,7),('H9',106,13,8),('H9',107,13,9),('H9',108,13,10),('H9',109,13,11),('H9',110,13,12),('H9',111,14,0),('H9',112,14,1),('H9',113,14,2),('H9',114,14,3),('H9',115,14,4),('H9',116,14,5),('H9',117,14,6),('H9',118,14,7),('H9',119,14,8),('H9',120,14,9),('H9',121,14,10),('H9',122,14,11),('H9',123,15,0),('H9',124,15,1),('H9',125,15,2),('H9',126,15,3),('H9',127,16,0),('H9',128,16,1),('H9',129,16,2),('H9',130,17,0),('H9',131,17,1),('H9',132,17,2),('H9',133,17,3),('H9',134,17,4),('H9',135,18,0),('H9',136,18,1),('H9',137,18,2),('H9',138,18,3),('H9',139,19,0),('H9',140,19,1),('H9',141,19,2),('H9',142,19,3),('H9',143,19,4),('H9',144,20,0),('H9',145,20,1),('H9',146,20,2),('H9',147,20,3),('H9',148,20,4),('H9',149,20,5),('H9',150,21,0),('H9',151,21,1),('H9',152,21,2),('H9',153,21,3),('H9',154,21,4),('H9',155,21,5),('H9',156,21,6),('H9',157,21,7),('H9',158,21,8),('H9',159,21,9),('H9',160,22,0),('H9',161,22,1),('H9',162,22,2),('H9',163,22,3),('H9',164,22,4),('H9',165,22,5),('H9',166,23,0),('H9',167,23,1),('H9',168,23,2),('H9',169,23,3),('H9',170,24,0),('H9',171,24,1),('H9',172,24,2),('H9',173,25,0),('H9',174,25,1),('H9',175,25,2),('H9',176,25,3),('H9',177,25,4),('H9',178,25,5),('H9',179,26,0),('H9',180,26,1),('H9',181,26,2),('H9',182,27,0),('H9',183,27,1),('H9',184,27,2),('H9',185,27,3),('H9',186,28,0),('H9',187,28,1),('H9',188,28,2),('H9',189,28,3),('H9',190,29,0),('H9',191,29,1),('H9',192,29,2),('H9',193,29,3),('H9',194,30,0),('H9',195,30,1),('H9',196,30,2),('H9',197,30,3),('H9',198,30,4),('H9',199,30,5),('H9',200,30,6),('H9',201,30,7),('H9',202,30,8),('H9',203,30,9),('H9',204,30,10),('H9',205,30,11),('H9',206,30,12),('H9',207,30,13),('H9',208,30,14),('H9',209,30,15),('H9',210,31,1),('H9',211,31,2),('H9',212,31,3),('H9',213,31,4),('H9',214,32,1),('H9',215,32,2),('H9',216,32,3),('H9',217,32,4),('H9',218,32,5),('H9',219,32,6),('H9',220,33,1),('H9',221,33,2),('H9',222,33,3),('H9',223,34,1),('H9',224,34,2),('H9',225,34,3),('H9',226,35,1),('H9',227,35,2),('H9',228,35,3),('H9',229,36,1),('H9',230,36,2),('H9',231,36,3),('H9',232,36,4),('H9',233,36,5),('H9',234,36,6),('H9',235,37,1),('H9',236,37,2),('H9',237,38,1),('H9',238,38,2),('H9',239,38,3),('H9',240,38,4),('H9',241,39,1),('H9',242,39,2),('H9',243,39,3),('H9',244,39,4),('H9',245,40,1),('H9',246,40,2),('H9',247,40,3),('H9',248,40,4),('H9',249,41,1),('H9',250,41,2),('H9',251,41,3),('H9',252,41,4),('H9',253,41,5),('H9',254,41,6),('H9',255,41,7),('H9',256,41,8),('H9',257,41,9),('H9',258,41,10),('H9',259,41,11),('H9',260,42,1),('H9',261,42,2),('H9',262,42,3),('H9',263,42,4),('H9',264,42,5),('H9',265,42,6),('H9',266,42,7),('H9',267,42,8),('H9',268,42,9),('H9',269,43,1),('H9',270,43,2),('H9',271,43,3),('H9',272,43,4),('H9',273,44,1),('H9',274,44,2),('H9',275,44,3),('H9',276,44,4),('H9',277,45,1),('H9',278,45,2),('H9',279,45,3),('H9',280,45,4),('H9',281,45,5),('H9',282,45,6),('H9',283,45,7),('H9',284,45,8),('H9',285,45,9),('H9',286,45,10),('H9',287,45,11),('H9',288,12,1),('H9',289,46,1),('H9',290,46,2),('H9',291,46,3),('H9',292,46,4),('H9',293,46,5),('H9',294,46,6),('H9',295,47,1),('H9',296,47,2),('H9',297,48,1),('H9',298,48,2),('H9',299,48,3),('H9',300,48,4),('H9',301,48,5),('H9',302,48,6),('H9',303,48,7),('H9',304,48,8),('H9',305,48,9),('H9',306,48,10),('H9',307,48,11),('H9',308,48,12),('H9',309,48,13),('H9',310,48,14),('H9',311,48,15),('H9',312,48,16),('H9',313,48,17),('H9',314,48,18),('H9',315,48,19),('H9',316,48,20),('H9',317,48,21),('H9',318,48,22),('H9',319,48,23),('H9',320,48,24),('H9',321,2,1),('H9',322,49,1),('H9',323,49,2),('H9',324,49,3),('H9',325,50,1),('H9',326,50,2);
/*!40000 ALTER TABLE `vtiger_role2picklist` ENABLE KEYS */;
UNLOCK TABLES;

--
-- Table structure for table `vtiger_role2profile`
--

DROP TABLE IF EXISTS `vtiger_role2profile`;
/*!40101 SET @saved_cs_client     = @@character_set_client */;
/*!40101 SET character_set_client = utf8 */;
CREATE TABLE `vtiger_role2profile` (
  `roleid` varchar(255) NOT NULL,
  `profileid` int(11) NOT NULL,
  PRIMARY KEY (`roleid`,`profileid`),
  KEY `role2profile_roleid_profileid_idx` (`roleid`,`profileid`)
) ENGINE=InnoDB DEFAULT CHARSET=utf8;
/*!40101 SET character_set_client = @saved_cs_client */;

--
-- Dumping data for table `vtiger_role2profile`
--

LOCK TABLES `vtiger_role2profile` WRITE;
/*!40000 ALTER TABLE `vtiger_role2profile` DISABLE KEYS */;
INSERT INTO `vtiger_role2profile` VALUES ('H2',1),('H3',5),('H4',7),('H5',8),('H6',6),('H7',7),('H8',8),('H9',7);
/*!40000 ALTER TABLE `vtiger_role2profile` ENABLE KEYS */;
UNLOCK TABLES;

--
-- Table structure for table `vtiger_role_seq`
--

DROP TABLE IF EXISTS `vtiger_role_seq`;
/*!40101 SET @saved_cs_client     = @@character_set_client */;
/*!40101 SET character_set_client = utf8 */;
CREATE TABLE `vtiger_role_seq` (
  `id` int(11) NOT NULL
) ENGINE=InnoDB DEFAULT CHARSET=utf8;
/*!40101 SET character_set_client = @saved_cs_client */;

--
-- Dumping data for table `vtiger_role_seq`
--

LOCK TABLES `vtiger_role_seq` WRITE;
/*!40000 ALTER TABLE `vtiger_role_seq` DISABLE KEYS */;
INSERT INTO `vtiger_role_seq` VALUES (9);
/*!40000 ALTER TABLE `vtiger_role_seq` ENABLE KEYS */;
UNLOCK TABLES;

--
-- Table structure for table `vtiger_rowheight`
--

DROP TABLE IF EXISTS `vtiger_rowheight`;
/*!40101 SET @saved_cs_client     = @@character_set_client */;
/*!40101 SET character_set_client = utf8 */;
CREATE TABLE `vtiger_rowheight` (
  `rowheightid` int(11) NOT NULL AUTO_INCREMENT,
  `rowheight` varchar(200) NOT NULL,
  `sortorderid` int(11) DEFAULT NULL,
  `presence` int(11) NOT NULL DEFAULT '1',
  PRIMARY KEY (`rowheightid`)
) ENGINE=InnoDB AUTO_INCREMENT=4 DEFAULT CHARSET=utf8;
/*!40101 SET character_set_client = @saved_cs_client */;

--
-- Dumping data for table `vtiger_rowheight`
--

LOCK TABLES `vtiger_rowheight` WRITE;
/*!40000 ALTER TABLE `vtiger_rowheight` DISABLE KEYS */;
INSERT INTO `vtiger_rowheight` VALUES (1,'wide',1,1),(2,'medium',2,1),(3,'narrow',3,1);
/*!40000 ALTER TABLE `vtiger_rowheight` ENABLE KEYS */;
UNLOCK TABLES;

--
-- Table structure for table `vtiger_rowheight_seq`
--

DROP TABLE IF EXISTS `vtiger_rowheight_seq`;
/*!40101 SET @saved_cs_client     = @@character_set_client */;
/*!40101 SET character_set_client = utf8 */;
CREATE TABLE `vtiger_rowheight_seq` (
  `id` int(11) NOT NULL
) ENGINE=InnoDB DEFAULT CHARSET=utf8;
/*!40101 SET character_set_client = @saved_cs_client */;

--
-- Dumping data for table `vtiger_rowheight_seq`
--

LOCK TABLES `vtiger_rowheight_seq` WRITE;
/*!40000 ALTER TABLE `vtiger_rowheight_seq` DISABLE KEYS */;
INSERT INTO `vtiger_rowheight_seq` VALUES (3);
/*!40000 ALTER TABLE `vtiger_rowheight_seq` ENABLE KEYS */;
UNLOCK TABLES;

--
-- Table structure for table `vtiger_rss`
--

DROP TABLE IF EXISTS `vtiger_rss`;
/*!40101 SET @saved_cs_client     = @@character_set_client */;
/*!40101 SET character_set_client = utf8 */;
CREATE TABLE `vtiger_rss` (
  `rssid` int(19) NOT NULL,
  `rssurl` varchar(200) NOT NULL DEFAULT '',
  `rsstitle` varchar(200) DEFAULT NULL,
  `rsstype` int(10) DEFAULT '0',
  `starred` int(1) DEFAULT '0',
  PRIMARY KEY (`rssid`)
) ENGINE=InnoDB DEFAULT CHARSET=utf8;
/*!40101 SET character_set_client = @saved_cs_client */;

--
-- Dumping data for table `vtiger_rss`
--

LOCK TABLES `vtiger_rss` WRITE;
/*!40000 ALTER TABLE `vtiger_rss` DISABLE KEYS */;
/*!40000 ALTER TABLE `vtiger_rss` ENABLE KEYS */;
UNLOCK TABLES;

--
-- Table structure for table `vtiger_sales_stage`
--

DROP TABLE IF EXISTS `vtiger_sales_stage`;
/*!40101 SET @saved_cs_client     = @@character_set_client */;
/*!40101 SET character_set_client = utf8 */;
CREATE TABLE `vtiger_sales_stage` (
  `sales_stage_id` int(19) NOT NULL AUTO_INCREMENT,
  `sales_stage` varchar(200) DEFAULT NULL,
  `presence` int(1) NOT NULL DEFAULT '1',
  `picklist_valueid` int(19) NOT NULL DEFAULT '0',
  `sortorderid` int(11) DEFAULT NULL,
  PRIMARY KEY (`sales_stage_id`)
) ENGINE=InnoDB AUTO_INCREMENT=11 DEFAULT CHARSET=utf8;
/*!40101 SET character_set_client = @saved_cs_client */;

--
-- Dumping data for table `vtiger_sales_stage`
--

LOCK TABLES `vtiger_sales_stage` WRITE;
/*!40000 ALTER TABLE `vtiger_sales_stage` DISABLE KEYS */;
INSERT INTO `vtiger_sales_stage` VALUES (1,'Prospecting',1,150,0),(2,'Qualification',1,151,1),(3,'Needs Analysis',1,152,2),(4,'Value Proposition',1,153,3),(5,'Id. Decision Makers',1,154,4),(6,'Perception Analysis',1,155,5),(7,'Proposal or Price Quote',1,156,6),(8,'Negotiation or Review',1,157,7),(9,'Closed Won',0,158,8),(10,'Closed Lost',0,159,9);
/*!40000 ALTER TABLE `vtiger_sales_stage` ENABLE KEYS */;
UNLOCK TABLES;

--
-- Table structure for table `vtiger_sales_stage_seq`
--

DROP TABLE IF EXISTS `vtiger_sales_stage_seq`;
/*!40101 SET @saved_cs_client     = @@character_set_client */;
/*!40101 SET character_set_client = utf8 */;
CREATE TABLE `vtiger_sales_stage_seq` (
  `id` int(11) NOT NULL
) ENGINE=InnoDB DEFAULT CHARSET=utf8;
/*!40101 SET character_set_client = @saved_cs_client */;

--
-- Dumping data for table `vtiger_sales_stage_seq`
--

LOCK TABLES `vtiger_sales_stage_seq` WRITE;
/*!40000 ALTER TABLE `vtiger_sales_stage_seq` DISABLE KEYS */;
INSERT INTO `vtiger_sales_stage_seq` VALUES (10);
/*!40000 ALTER TABLE `vtiger_sales_stage_seq` ENABLE KEYS */;
UNLOCK TABLES;

--
-- Table structure for table `vtiger_salesmanactivityrel`
--

DROP TABLE IF EXISTS `vtiger_salesmanactivityrel`;
/*!40101 SET @saved_cs_client     = @@character_set_client */;
/*!40101 SET character_set_client = utf8 */;
CREATE TABLE `vtiger_salesmanactivityrel` (
  `smid` int(19) NOT NULL DEFAULT '0',
  `activityid` int(19) NOT NULL DEFAULT '0',
  PRIMARY KEY (`smid`,`activityid`),
  KEY `salesmanactivityrel_activityid_idx` (`activityid`),
  KEY `salesmanactivityrel_smid_idx` (`smid`)
) ENGINE=InnoDB DEFAULT CHARSET=utf8;
/*!40101 SET character_set_client = @saved_cs_client */;

--
-- Dumping data for table `vtiger_salesmanactivityrel`
--

LOCK TABLES `vtiger_salesmanactivityrel` WRITE;
/*!40000 ALTER TABLE `vtiger_salesmanactivityrel` DISABLE KEYS */;
/*!40000 ALTER TABLE `vtiger_salesmanactivityrel` ENABLE KEYS */;
UNLOCK TABLES;

--
-- Table structure for table `vtiger_salesmanattachmentsrel`
--

DROP TABLE IF EXISTS `vtiger_salesmanattachmentsrel`;
/*!40101 SET @saved_cs_client     = @@character_set_client */;
/*!40101 SET character_set_client = utf8 */;
CREATE TABLE `vtiger_salesmanattachmentsrel` (
  `smid` int(19) NOT NULL DEFAULT '0',
  `attachmentsid` int(19) NOT NULL DEFAULT '0',
  PRIMARY KEY (`smid`,`attachmentsid`),
  KEY `salesmanattachmentsrel_smid_idx` (`smid`),
  KEY `salesmanattachmentsrel_attachmentsid_idx` (`attachmentsid`)
) ENGINE=InnoDB DEFAULT CHARSET=utf8;
/*!40101 SET character_set_client = @saved_cs_client */;

--
-- Dumping data for table `vtiger_salesmanattachmentsrel`
--

LOCK TABLES `vtiger_salesmanattachmentsrel` WRITE;
/*!40000 ALTER TABLE `vtiger_salesmanattachmentsrel` DISABLE KEYS */;
INSERT INTO `vtiger_salesmanattachmentsrel` VALUES (11,90);
/*!40000 ALTER TABLE `vtiger_salesmanattachmentsrel` ENABLE KEYS */;
UNLOCK TABLES;

--
-- Table structure for table `vtiger_salesmanticketrel`
--

DROP TABLE IF EXISTS `vtiger_salesmanticketrel`;
/*!40101 SET @saved_cs_client     = @@character_set_client */;
/*!40101 SET character_set_client = utf8 */;
CREATE TABLE `vtiger_salesmanticketrel` (
  `smid` int(19) NOT NULL DEFAULT '0',
  `id` int(19) NOT NULL DEFAULT '0',
  PRIMARY KEY (`smid`,`id`),
  KEY `salesmanticketrel_smid_idx` (`smid`),
  KEY `salesmanticketrel_id_idx` (`id`)
) ENGINE=InnoDB DEFAULT CHARSET=utf8;
/*!40101 SET character_set_client = @saved_cs_client */;

--
-- Dumping data for table `vtiger_salesmanticketrel`
--

LOCK TABLES `vtiger_salesmanticketrel` WRITE;
/*!40000 ALTER TABLE `vtiger_salesmanticketrel` DISABLE KEYS */;
/*!40000 ALTER TABLE `vtiger_salesmanticketrel` ENABLE KEYS */;
UNLOCK TABLES;

--
-- Table structure for table `vtiger_salesorder`
--

DROP TABLE IF EXISTS `vtiger_salesorder`;
/*!40101 SET @saved_cs_client     = @@character_set_client */;
/*!40101 SET character_set_client = utf8 */;
CREATE TABLE `vtiger_salesorder` (
  `salesorderid` int(19) NOT NULL DEFAULT '0',
  `subject` varchar(100) DEFAULT NULL,
  `potentialid` int(19) DEFAULT NULL,
  `customerno` varchar(100) DEFAULT NULL,
  `salesorder_no` varchar(100) DEFAULT NULL,
  `quoteid` int(19) DEFAULT NULL,
  `vendorterms` varchar(100) DEFAULT NULL,
  `contactid` int(19) DEFAULT NULL,
  `vendorid` int(19) DEFAULT NULL,
  `duedate` date DEFAULT NULL,
  `carrier` varchar(200) DEFAULT NULL,
  `pending` varchar(200) DEFAULT NULL,
  `type` varchar(100) DEFAULT NULL,
  `adjustment` decimal(25,8) DEFAULT NULL,
  `salescommission` decimal(25,3) DEFAULT NULL,
  `exciseduty` decimal(25,3) DEFAULT NULL,
  `total` decimal(25,8) DEFAULT NULL,
  `subtotal` decimal(25,8) DEFAULT NULL,
  `retail_margin` decimal(25,3) DEFAULT NULL,
  `retail_actual_margin` decimal(25,3) DEFAULT NULL,
  `retail_actual_discount` decimal(25,3) DEFAULT NULL,
  `retail_adjustment` decimal(25,8) DEFAULT NULL,
  `retail_salescommission` decimal(25,3) DEFAULT NULL,
  `retail_exciseduty` decimal(25,3) DEFAULT NULL,
  `retail_total` decimal(25,8) DEFAULT NULL,
  `retail_subtotal` decimal(25,8) DEFAULT NULL,
  `taxtype` varchar(25) DEFAULT NULL,
  `discount_percent` decimal(25,3) DEFAULT NULL,
  `discount_amount` decimal(25,8) DEFAULT NULL,
  `s_h_amount` decimal(25,8) DEFAULT NULL,
  `retail_discount_percent` decimal(25,3) DEFAULT NULL,
  `retail_discount_amount` decimal(25,8) DEFAULT NULL,
  `retail_s_h_amount` decimal(25,8) DEFAULT NULL,
  `accountid` int(19) DEFAULT NULL,
  `terms_conditions` text,
  `purchaseorder` varchar(200) DEFAULT NULL,
  `sostatus` varchar(200) DEFAULT NULL,
  `currency_id` int(19) NOT NULL DEFAULT '1',
  `conversion_rate` decimal(10,3) NOT NULL DEFAULT '1.000',
  `enable_recurring` int(11) DEFAULT '0',
  `pre_tax_total` decimal(25,8) DEFAULT NULL,
  `s_h_percent` int(11) DEFAULT NULL,
  `retail_currency_id` int(19) NOT NULL DEFAULT '1',
  `retail_conversion_rate` decimal(10,3) NOT NULL DEFAULT '1.000',
  `retail_enable_recurring` int(11) DEFAULT '0',
  `retail_pre_tax_total` decimal(25,8) DEFAULT NULL,
  `retail_s_h_percent` int(11) DEFAULT NULL,
  PRIMARY KEY (`salesorderid`),
  KEY `salesorder_vendorid_idx` (`vendorid`),
  KEY `salesorder_contactid_idx` (`contactid`)
) ENGINE=InnoDB DEFAULT CHARSET=utf8;
/*!40101 SET character_set_client = @saved_cs_client */;

--
-- Dumping data for table `vtiger_salesorder`
--

LOCK TABLES `vtiger_salesorder` WRITE;
/*!40000 ALTER TABLE `vtiger_salesorder` DISABLE KEYS */;
INSERT INTO `vtiger_salesorder` VALUES (11,'D1 SO1',0,'','SO1',10,NULL,0,NULL,NULL,'','',NULL,0.00000000,0.000,0.000,1967.23000000,1549.00000000,NULL,NULL,NULL,NULL,NULL,NULL,NULL,NULL,'group',0.000,0.00000000,0.00000000,NULL,NULL,NULL,6,'- Unless otherwise agreed in writing by the supplier all invoices are payable within thirty (30) days of the date of invoice, in the currency of the invoice, drawn on a bank based in India or by such other method as is agreed in advance by the Supplier.\r\n\r\n - All prices are not inclusive of VAT which shall be payable in addition by the Customer at the applicable rate.','','Created',1,1.000,0,1549.00000000,27,1,1.000,0,NULL,NULL),(40,'Q001',38,'','SO2',39,NULL,37,NULL,'2015-04-30','DHL','',NULL,0.00000000,0.000,35.000,443.24000000,109.00000000,NULL,NULL,NULL,NULL,NULL,NULL,NULL,NULL,'group',0.000,NULL,240.00000000,NULL,NULL,NULL,36,'- Unless otherwise agreed in writing by the supplier all invoices are payable within thirty (30) days of the date of invoice.','','Created',1,1.000,0,349.00000000,27,1,1.000,0,NULL,NULL),(85,'test1',0,'','SO3',84,NULL,0,NULL,NULL,'','',NULL,0.00000000,0.000,0.000,184.80000000,168.00000000,50.000,34.640,23.500,0.00000000,NULL,NULL,282.74000000,302.40000000,'group',NULL,NULL,0.00000000,15.000,NULL,0.00000000,36,'- Unless otherwise agreed in writing by the supplier all invoices are payable within thirty (30) days of the date of invoice.','','Created',1,1.000,0,168.00000000,10,1,1.000,0,257.04000000,NULL);
/*!40000 ALTER TABLE `vtiger_salesorder` ENABLE KEYS */;
UNLOCK TABLES;

--
-- Table structure for table `vtiger_salesordercf`
--

DROP TABLE IF EXISTS `vtiger_salesordercf`;
/*!40101 SET @saved_cs_client     = @@character_set_client */;
/*!40101 SET character_set_client = utf8 */;
CREATE TABLE `vtiger_salesordercf` (
  `salesorderid` int(19) NOT NULL DEFAULT '0',
  PRIMARY KEY (`salesorderid`)
) ENGINE=InnoDB DEFAULT CHARSET=utf8;
/*!40101 SET character_set_client = @saved_cs_client */;

--
-- Dumping data for table `vtiger_salesordercf`
--

LOCK TABLES `vtiger_salesordercf` WRITE;
/*!40000 ALTER TABLE `vtiger_salesordercf` DISABLE KEYS */;
INSERT INTO `vtiger_salesordercf` VALUES (11),(40),(85);
/*!40000 ALTER TABLE `vtiger_salesordercf` ENABLE KEYS */;
UNLOCK TABLES;

--
-- Table structure for table `vtiger_salutationtype`
--

DROP TABLE IF EXISTS `vtiger_salutationtype`;
/*!40101 SET @saved_cs_client     = @@character_set_client */;
/*!40101 SET character_set_client = utf8 */;
CREATE TABLE `vtiger_salutationtype` (
  `salutationid` int(19) NOT NULL AUTO_INCREMENT,
  `salutationtype` varchar(200) NOT NULL,
  `presence` int(1) NOT NULL DEFAULT '1',
  `picklist_valueid` int(19) NOT NULL DEFAULT '0',
  `sortorderid` int(11) DEFAULT NULL,
  PRIMARY KEY (`salutationid`)
) ENGINE=InnoDB AUTO_INCREMENT=7 DEFAULT CHARSET=utf8;
/*!40101 SET character_set_client = @saved_cs_client */;

--
-- Dumping data for table `vtiger_salutationtype`
--

LOCK TABLES `vtiger_salutationtype` WRITE;
/*!40000 ALTER TABLE `vtiger_salutationtype` DISABLE KEYS */;
INSERT INTO `vtiger_salutationtype` VALUES (2,'Mr.',1,161,1),(3,'Ms.',1,162,2),(4,'Mrs.',1,163,3),(5,'Dr.',1,164,4),(6,'Prof.',1,165,5);
/*!40000 ALTER TABLE `vtiger_salutationtype` ENABLE KEYS */;
UNLOCK TABLES;

--
-- Table structure for table `vtiger_salutationtype_seq`
--

DROP TABLE IF EXISTS `vtiger_salutationtype_seq`;
/*!40101 SET @saved_cs_client     = @@character_set_client */;
/*!40101 SET character_set_client = utf8 */;
CREATE TABLE `vtiger_salutationtype_seq` (
  `id` int(11) NOT NULL
) ENGINE=InnoDB DEFAULT CHARSET=utf8;
/*!40101 SET character_set_client = @saved_cs_client */;

--
-- Dumping data for table `vtiger_salutationtype_seq`
--

LOCK TABLES `vtiger_salutationtype_seq` WRITE;
/*!40000 ALTER TABLE `vtiger_salutationtype_seq` DISABLE KEYS */;
INSERT INTO `vtiger_salutationtype_seq` VALUES (6);
/*!40000 ALTER TABLE `vtiger_salutationtype_seq` ENABLE KEYS */;
UNLOCK TABLES;

--
-- Table structure for table `vtiger_scheduled_reports`
--

DROP TABLE IF EXISTS `vtiger_scheduled_reports`;
/*!40101 SET @saved_cs_client     = @@character_set_client */;
/*!40101 SET character_set_client = utf8 */;
CREATE TABLE `vtiger_scheduled_reports` (
  `reportid` int(11) NOT NULL,
  `recipients` text,
  `schedule` text,
  `format` varchar(10) DEFAULT NULL,
  `next_trigger_time` timestamp NULL DEFAULT NULL,
  PRIMARY KEY (`reportid`)
) ENGINE=InnoDB DEFAULT CHARSET=utf8;
/*!40101 SET character_set_client = @saved_cs_client */;

--
-- Dumping data for table `vtiger_scheduled_reports`
--

LOCK TABLES `vtiger_scheduled_reports` WRITE;
/*!40000 ALTER TABLE `vtiger_scheduled_reports` DISABLE KEYS */;
/*!40000 ALTER TABLE `vtiger_scheduled_reports` ENABLE KEYS */;
UNLOCK TABLES;

--
-- Table structure for table `vtiger_schedulereports`
--

DROP TABLE IF EXISTS `vtiger_schedulereports`;
/*!40101 SET @saved_cs_client     = @@character_set_client */;
/*!40101 SET character_set_client = utf8 */;
CREATE TABLE `vtiger_schedulereports` (
  `reportid` int(10) DEFAULT NULL,
  `scheduleid` int(3) DEFAULT NULL,
  `recipients` text,
  `schdate` varchar(20) DEFAULT NULL,
  `schtime` time DEFAULT NULL,
  `schdayoftheweek` varchar(100) DEFAULT NULL,
  `schdayofthemonth` varchar(100) DEFAULT NULL,
  `schannualdates` varchar(500) DEFAULT NULL,
  `specificemails` varchar(500) DEFAULT NULL,
  `next_trigger_time` timestamp NULL DEFAULT CURRENT_TIMESTAMP
) ENGINE=InnoDB DEFAULT CHARSET=utf8;
/*!40101 SET character_set_client = @saved_cs_client */;

--
-- Dumping data for table `vtiger_schedulereports`
--

LOCK TABLES `vtiger_schedulereports` WRITE;
/*!40000 ALTER TABLE `vtiger_schedulereports` DISABLE KEYS */;
/*!40000 ALTER TABLE `vtiger_schedulereports` ENABLE KEYS */;
UNLOCK TABLES;

--
-- Table structure for table `vtiger_seactivityrel`
--

DROP TABLE IF EXISTS `vtiger_seactivityrel`;
/*!40101 SET @saved_cs_client     = @@character_set_client */;
/*!40101 SET character_set_client = utf8 */;
CREATE TABLE `vtiger_seactivityrel` (
  `crmid` int(19) NOT NULL,
  `activityid` int(19) NOT NULL,
  PRIMARY KEY (`crmid`,`activityid`),
  KEY `seactivityrel_activityid_idx` (`activityid`),
  KEY `seactivityrel_crmid_idx` (`crmid`)
) ENGINE=InnoDB DEFAULT CHARSET=utf8;
/*!40101 SET character_set_client = @saved_cs_client */;

--
-- Dumping data for table `vtiger_seactivityrel`
--

LOCK TABLES `vtiger_seactivityrel` WRITE;
/*!40000 ALTER TABLE `vtiger_seactivityrel` DISABLE KEYS */;
INSERT INTO `vtiger_seactivityrel` VALUES (3,48),(4,49),(3,50),(7,51),(24,52),(25,53),(24,54),(24,55),(28,56),(32,57),(33,58),(32,59),(37,60),(38,61),(44,62),(45,63);
/*!40000 ALTER TABLE `vtiger_seactivityrel` ENABLE KEYS */;
UNLOCK TABLES;

--
-- Table structure for table `vtiger_seactivityrel_seq`
--

DROP TABLE IF EXISTS `vtiger_seactivityrel_seq`;
/*!40101 SET @saved_cs_client     = @@character_set_client */;
/*!40101 SET character_set_client = utf8 */;
CREATE TABLE `vtiger_seactivityrel_seq` (
  `id` int(11) NOT NULL
) ENGINE=InnoDB DEFAULT CHARSET=utf8;
/*!40101 SET character_set_client = @saved_cs_client */;

--
-- Dumping data for table `vtiger_seactivityrel_seq`
--

LOCK TABLES `vtiger_seactivityrel_seq` WRITE;
/*!40000 ALTER TABLE `vtiger_seactivityrel_seq` DISABLE KEYS */;
INSERT INTO `vtiger_seactivityrel_seq` VALUES (1);
/*!40000 ALTER TABLE `vtiger_seactivityrel_seq` ENABLE KEYS */;
UNLOCK TABLES;

--
-- Table structure for table `vtiger_seattachmentsrel`
--

DROP TABLE IF EXISTS `vtiger_seattachmentsrel`;
/*!40101 SET @saved_cs_client     = @@character_set_client */;
/*!40101 SET character_set_client = utf8 */;
CREATE TABLE `vtiger_seattachmentsrel` (
  `crmid` int(19) NOT NULL DEFAULT '0',
  `attachmentsid` int(19) NOT NULL DEFAULT '0',
  PRIMARY KEY (`crmid`,`attachmentsid`),
  KEY `seattachmentsrel_attachmentsid_idx` (`attachmentsid`),
  KEY `seattachmentsrel_crmid_idx` (`crmid`),
  KEY `seattachmentsrel_attachmentsid_crmid_idx` (`attachmentsid`,`crmid`)
) ENGINE=InnoDB DEFAULT CHARSET=utf8;
/*!40101 SET character_set_client = @saved_cs_client */;

--
-- Dumping data for table `vtiger_seattachmentsrel`
--

LOCK TABLES `vtiger_seattachmentsrel` WRITE;
/*!40000 ALTER TABLE `vtiger_seattachmentsrel` DISABLE KEYS */;
INSERT INTO `vtiger_seattachmentsrel` VALUES (28,29),(65,66),(67,68),(69,70),(71,72),(71,73),(74,75),(74,76),(91,92);
/*!40000 ALTER TABLE `vtiger_seattachmentsrel` ENABLE KEYS */;
UNLOCK TABLES;

--
-- Table structure for table `vtiger_selectcolumn`
--

DROP TABLE IF EXISTS `vtiger_selectcolumn`;
/*!40101 SET @saved_cs_client     = @@character_set_client */;
/*!40101 SET character_set_client = utf8 */;
CREATE TABLE `vtiger_selectcolumn` (
  `queryid` int(19) NOT NULL,
  `columnindex` int(11) NOT NULL DEFAULT '0',
  `columnname` varchar(250) DEFAULT '',
  PRIMARY KEY (`queryid`,`columnindex`),
  KEY `selectcolumn_queryid_idx` (`queryid`)
) ENGINE=InnoDB DEFAULT CHARSET=utf8;
/*!40101 SET character_set_client = @saved_cs_client */;

--
-- Dumping data for table `vtiger_selectcolumn`
--

LOCK TABLES `vtiger_selectcolumn` WRITE;
/*!40000 ALTER TABLE `vtiger_selectcolumn` DISABLE KEYS */;
INSERT INTO `vtiger_selectcolumn` VALUES (1,0,'vtiger_contactdetails:firstname:Contacts_First_Name:firstname:V'),(1,1,'vtiger_contactdetails:lastname:Contacts_Last_Name:lastname:V'),(1,2,'vtiger_contactsubdetails:leadsource:Contacts_Lead_Source:leadsource:V'),(1,3,'vtiger_contactdetails:accountid:Contacts_Account_Name:account_id:V'),(1,4,'vtiger_account:industry:Accounts_industry:industry:V'),(1,5,'vtiger_contactdetails:email:Contacts_Email:email:E'),(2,0,'vtiger_contactdetails:firstname:Contacts_First_Name:firstname:V'),(2,1,'vtiger_contactdetails:lastname:Contacts_Last_Name:lastname:V'),(2,2,'vtiger_contactsubdetails:leadsource:Contacts_Lead_Source:leadsource:V'),(2,3,'vtiger_contactdetails:accountid:Contacts_Account_Name:account_id:V'),(2,4,'vtiger_account:industry:Accounts_industry:industry:V'),(2,5,'vtiger_contactdetails:email:Contacts_Email:email:E'),(3,0,'vtiger_contactdetails:firstname:Contacts_First_Name:firstname:V'),(3,1,'vtiger_contactdetails:lastname:Contacts_Last_Name:lastname:V'),(3,2,'vtiger_contactdetails:accountid:Contacts_Account_Name:account_id:V'),(3,3,'vtiger_contactdetails:email:Contacts_Email:email:E'),(3,4,'vtiger_potential:potentialname:Potentials_Potential_Name:potentialname:V'),(3,5,'vtiger_potential:sales_stage:Potentials_Sales_Stage:sales_stage:V'),(4,0,'vtiger_leaddetails:firstname:Leads_First_Name:firstname:V'),(4,1,'vtiger_leaddetails:lastname:Leads_Last_Name:lastname:V'),(4,2,'vtiger_leaddetails:company:Leads_Company:company:V'),(4,3,'vtiger_leaddetails:email:Leads_Email:email:E'),(4,4,'vtiger_leaddetails:leadsource:Leads_Lead_Source:leadsource:V'),(5,0,'vtiger_leaddetails:firstname:Leads_First_Name:firstname:V'),(5,1,'vtiger_leaddetails:lastname:Leads_Last_Name:lastname:V'),(5,2,'vtiger_leaddetails:company:Leads_Company:company:V'),(5,3,'vtiger_leaddetails:email:Leads_Email:email:E'),(5,4,'vtiger_leaddetails:leadsource:Leads_Lead_Source:leadsource:V'),(5,5,'vtiger_leaddetails:leadstatus:Leads_Lead_Status:leadstatus:V'),(6,0,'vtiger_potential:potentialname:Potentials_Potential_Name:potentialname:V'),(6,1,'vtiger_potential:amount:Potentials_Amount:amount:N'),(6,2,'vtiger_potential:potentialtype:Potentials_Type:opportunity_type:V'),(6,3,'vtiger_potential:leadsource:Potentials_Lead_Source:leadsource:V'),(6,4,'vtiger_potential:sales_stage:Potentials_Sales_Stage:sales_stage:V'),(7,0,'vtiger_potential:potentialname:Potentials_Potential_Name:potentialname:V'),(7,1,'vtiger_potential:amount:Potentials_Amount:amount:N'),(7,2,'vtiger_potential:potentialtype:Potentials_Type:opportunity_type:V'),(7,3,'vtiger_potential:leadsource:Potentials_Lead_Source:leadsource:V'),(7,4,'vtiger_potential:sales_stage:Potentials_Sales_Stage:sales_stage:V'),(8,0,'vtiger_activity:subject:Calendar_Subject:subject:V'),(8,1,'vtiger_contactdetailsCalendar:lastname:Calendar_Contact_Name:contact_id:I'),(8,2,'vtiger_activity:status:Calendar_Status:taskstatus:V'),(8,3,'vtiger_activity:priority:Calendar_Priority:taskpriority:V'),(8,4,'vtiger_usersCalendar:user_name:Calendar_Assigned_To:assigned_user_id:V'),(9,0,'vtiger_activity:subject:Calendar_Subject:subject:V'),(9,1,'vtiger_contactdetailsCalendar:lastname:Calendar_Contact_Name:contact_id:I'),(9,2,'vtiger_activity:status:Calendar_Status:taskstatus:V'),(9,3,'vtiger_activity:priority:Calendar_Priority:taskpriority:V'),(9,4,'vtiger_usersCalendar:user_name:Calendar_Assigned_To:assigned_user_id:V'),(10,0,'vtiger_troubletickets:title:HelpDesk_Title:ticket_title:V'),(10,1,'vtiger_troubletickets:status:HelpDesk_Status:ticketstatus:V'),(10,2,'vtiger_products:productname:Products_Product_Name:productname:V'),(10,3,'vtiger_products:discontinued:Products_Product_Active:discontinued:V'),(10,4,'vtiger_products:productcategory:Products_Product_Category:productcategory:V'),(10,5,'vtiger_products:manufacturer:Products_Manufacturer:manufacturer:V'),(11,0,'vtiger_troubletickets:title:HelpDesk_Title:ticket_title:V'),(11,1,'vtiger_troubletickets:priority:HelpDesk_Priority:ticketpriorities:V'),(11,2,'vtiger_troubletickets:severity:HelpDesk_Severity:ticketseverities:V'),(11,3,'vtiger_troubletickets:status:HelpDesk_Status:ticketstatus:V'),(11,4,'vtiger_troubletickets:category:HelpDesk_Category:ticketcategories:V'),(11,5,'vtiger_usersHelpDesk:user_name:HelpDesk_Assigned_To:assigned_user_id:V'),(12,0,'vtiger_troubletickets:title:HelpDesk_Title:ticket_title:V'),(12,1,'vtiger_troubletickets:priority:HelpDesk_Priority:ticketpriorities:V'),(12,2,'vtiger_troubletickets:severity:HelpDesk_Severity:ticketseverities:V'),(12,3,'vtiger_troubletickets:status:HelpDesk_Status:ticketstatus:V'),(12,4,'vtiger_troubletickets:category:HelpDesk_Category:ticketcategories:V'),(12,5,'vtiger_usersHelpDesk:user_name:HelpDesk_Assigned_To:assigned_user_id:V'),(13,0,'vtiger_products:productname:Products_Product_Name:productname:V'),(13,1,'vtiger_products:productcode:Products_Product_Code:productcode:V'),(13,2,'vtiger_products:discontinued:Products_Product_Active:discontinued:V'),(13,3,'vtiger_products:productcategory:Products_Product_Category:productcategory:V'),(13,4,'vtiger_products:website:Products_Website:website:V'),(13,5,'vtiger_vendorRelProducts:vendorname:Products_Vendor_Name:vendor_id:I'),(13,6,'vtiger_products:mfr_part_no:Products_Mfr_PartNo:mfr_part_no:V'),(14,0,'vtiger_products:productname:Products_Product_Name:productname:V'),(14,1,'vtiger_products:manufacturer:Products_Manufacturer:manufacturer:V'),(14,2,'vtiger_products:productcategory:Products_Product_Category:productcategory:V'),(14,3,'vtiger_contactdetails:firstname:Contacts_First_Name:firstname:V'),(14,4,'vtiger_contactdetails:lastname:Contacts_Last_Name:lastname:V'),(14,5,'vtiger_contactsubdetails:leadsource:Contacts_Lead_Source:leadsource:V'),(15,0,'vtiger_quotes:subject:Quotes_Subject:subject:V'),(15,1,'vtiger_potentialRelQuotes:potentialname:Quotes_Potential_Name:potential_id:I'),(15,2,'vtiger_quotes:quotestage:Quotes_Quote_Stage:quotestage:V'),(15,3,'vtiger_quotes:contactid:Quotes_Contact_Name:contact_id:V'),(15,4,'vtiger_usersRel1:user_name:Quotes_Inventory_Manager:assigned_user_id1:I'),(15,5,'vtiger_accountQuotes:accountname:Quotes_Account_Name:account_id:I'),(16,0,'vtiger_quotes:subject:Quotes_Subject:subject:V'),(16,1,'vtiger_potentialRelQuotes:potentialname:Quotes_Potential_Name:potential_id:I'),(16,2,'vtiger_quotes:quotestage:Quotes_Quote_Stage:quotestage:V'),(16,3,'vtiger_quotes:contactid:Quotes_Contact_Name:contact_id:V'),(16,4,'vtiger_usersRel1:user_name:Quotes_Inventory_Manager:assigned_user_id1:I'),(16,5,'vtiger_accountQuotes:accountname:Quotes_Account_Name:account_id:I'),(16,6,'vtiger_quotes:carrier:Quotes_Carrier:carrier:V'),(16,7,'vtiger_quotes:shipping:Quotes_Shipping:shipping:V'),(17,0,'vtiger_purchaseorder:subject:PurchaseOrder_Subject:subject:V'),(17,1,'vtiger_vendorRelPurchaseOrder:vendorname:PurchaseOrder_Vendor_Name:vendor_id:I'),(17,2,'vtiger_purchaseorder:tracking_no:PurchaseOrder_Tracking_Number:tracking_no:V'),(17,3,'vtiger_contactdetails:firstname:Contacts_First_Name:firstname:V'),(17,4,'vtiger_contactdetails:lastname:Contacts_Last_Name:lastname:V'),(17,5,'vtiger_contactsubdetails:leadsource:Contacts_Lead_Source:leadsource:V'),(17,6,'vtiger_contactdetails:email:Contacts_Email:email:E'),(18,0,'vtiger_purchaseorder:subject:PurchaseOrder_Subject:subject:V'),(18,1,'vtiger_vendorRelPurchaseOrder:vendorname:PurchaseOrder_Vendor_Name:vendor_id:I'),(18,2,'vtiger_purchaseorder:requisition_no:PurchaseOrder_Requisition_No:requisition_no:V'),(18,3,'vtiger_purchaseorder:tracking_no:PurchaseOrder_Tracking_Number:tracking_no:V'),(18,4,'vtiger_contactdetailsPurchaseOrder:lastname:PurchaseOrder_Contact_Name:contact_id:I'),(18,5,'vtiger_purchaseorder:carrier:PurchaseOrder_Carrier:carrier:V'),(18,6,'vtiger_purchaseorder:salescommission:PurchaseOrder_Sales_Commission:salescommission:N'),(18,7,'vtiger_purchaseorder:exciseduty:PurchaseOrder_Excise_Duty:exciseduty:N'),(18,8,'vtiger_usersPurchaseOrder:user_name:PurchaseOrder_Assigned_To:assigned_user_id:V'),(19,0,'vtiger_invoice:subject:Invoice_Subject:subject:V'),(19,1,'vtiger_invoice:salesorderid:Invoice_Sales_Order:salesorder_id:I'),(19,2,'vtiger_invoice:customerno:Invoice_Customer_No:customerno:V'),(19,3,'vtiger_invoice:exciseduty:Invoice_Excise_Duty:exciseduty:N'),(19,4,'vtiger_invoice:salescommission:Invoice_Sales_Commission:salescommission:N'),(19,5,'vtiger_accountInvoice:accountname:Invoice_Account_Name:account_id:I'),(20,0,'vtiger_salesorder:subject:SalesOrder_Subject:subject:V'),(20,1,'vtiger_quotesSalesOrder:subject:SalesOrder_Quote_Name:quote_id:I'),(20,2,'vtiger_contactdetailsSalesOrder:lastname:SalesOrder_Contact_Name:contact_id:I'),(20,3,'vtiger_salesorder:duedate:SalesOrder_Due_Date:duedate:D'),(20,4,'vtiger_salesorder:carrier:SalesOrder_Carrier:carrier:V'),(20,5,'vtiger_salesorder:sostatus:SalesOrder_Status:sostatus:V'),(20,6,'vtiger_accountSalesOrder:accountname:SalesOrder_Account_Name:account_id:I'),(20,7,'vtiger_salesorder:salescommission:SalesOrder_Sales_Commission:salescommission:N'),(20,8,'vtiger_salesorder:exciseduty:SalesOrder_Excise_Duty:exciseduty:N'),(20,9,'vtiger_usersSalesOrder:user_name:SalesOrder_Assigned_To:assigned_user_id:V'),(21,0,'vtiger_campaign:campaignname:Campaigns_Campaign_Name:campaignname:V'),(21,1,'vtiger_campaign:campaigntype:Campaigns_Campaign_Type:campaigntype:V'),(21,2,'vtiger_campaign:targetaudience:Campaigns_Target_Audience:targetaudience:V'),(21,3,'vtiger_campaign:budgetcost:Campaigns_Budget_Cost:budgetcost:I'),(21,4,'vtiger_campaign:actualcost:Campaigns_Actual_Cost:actualcost:I'),(21,5,'vtiger_campaign:expectedrevenue:Campaigns_Expected_Revenue:expectedrevenue:I'),(21,6,'vtiger_campaign:expectedsalescount:Campaigns_Expected_Sales_Count:expectedsalescount:N'),(21,7,'vtiger_campaign:actualsalescount:Campaigns_Actual_Sales_Count:actualsalescount:N'),(21,8,'vtiger_usersCampaigns:user_name:Campaigns_Assigned_To:assigned_user_id:V'),(22,0,'vtiger_contactdetails:lastname:Contacts_Last_Name:lastname:V'),(22,1,'vtiger_contactdetails:email:Contacts_Email:email:E'),(22,2,'vtiger_activity:subject:Emails_Subject:subject:V'),(22,3,'vtiger_email_track:access_count:Emails_Access_Count:access_count:V'),(23,0,'vtiger_account:accountname:Accounts_Account_Name:accountname:V'),(23,1,'vtiger_account:phone:Accounts_Phone:phone:V'),(23,2,'vtiger_account:email1:Accounts_Email:email1:E'),(23,3,'vtiger_activity:subject:Emails_Subject:subject:V'),(23,4,'vtiger_email_track:access_count:Emails_Access_Count:access_count:V'),(24,0,'vtiger_leaddetails:lastname:Leads_Last_Name:lastname:V'),(24,1,'vtiger_leaddetails:company:Leads_Company:company:V'),(24,2,'vtiger_leaddetails:email:Leads_Email:email:E'),(24,3,'vtiger_activity:subject:Emails_Subject:subject:V'),(24,4,'vtiger_email_track:access_count:Emails_Access_Count:access_count:V'),(25,0,'vtiger_vendor:vendorname:Vendors_Vendor_Name:vendorname:V'),(25,1,'vtiger_vendor:glacct:Vendors_GL_Account:glacct:V'),(25,2,'vtiger_vendor:email:Vendors_Email:email:E'),(25,3,'vtiger_activity:subject:Emails_Subject:subject:V'),(25,4,'vtiger_email_track:access_count:Emails_Access_Count:access_count:V');
/*!40000 ALTER TABLE `vtiger_selectcolumn` ENABLE KEYS */;
UNLOCK TABLES;

--
-- Table structure for table `vtiger_selectquery`
--

DROP TABLE IF EXISTS `vtiger_selectquery`;
/*!40101 SET @saved_cs_client     = @@character_set_client */;
/*!40101 SET character_set_client = utf8 */;
CREATE TABLE `vtiger_selectquery` (
  `queryid` int(19) NOT NULL,
  `startindex` int(19) DEFAULT '0',
  `numofobjects` int(19) DEFAULT '0',
  PRIMARY KEY (`queryid`),
  KEY `selectquery_queryid_idx` (`queryid`)
) ENGINE=InnoDB DEFAULT CHARSET=utf8;
/*!40101 SET character_set_client = @saved_cs_client */;

--
-- Dumping data for table `vtiger_selectquery`
--

LOCK TABLES `vtiger_selectquery` WRITE;
/*!40000 ALTER TABLE `vtiger_selectquery` DISABLE KEYS */;
INSERT INTO `vtiger_selectquery` VALUES (1,0,0),(2,0,0),(3,0,0),(4,0,0),(5,0,0),(6,0,0),(7,0,0),(8,0,0),(9,0,0),(10,0,0),(11,0,0),(12,0,0),(13,0,0),(14,0,0),(15,0,0),(16,0,0),(17,0,0),(18,0,0),(19,0,0),(20,0,0),(21,0,0),(22,0,0),(23,0,0),(24,0,0),(25,0,0);
/*!40000 ALTER TABLE `vtiger_selectquery` ENABLE KEYS */;
UNLOCK TABLES;

--
-- Table structure for table `vtiger_selectquery_seq`
--

DROP TABLE IF EXISTS `vtiger_selectquery_seq`;
/*!40101 SET @saved_cs_client     = @@character_set_client */;
/*!40101 SET character_set_client = utf8 */;
CREATE TABLE `vtiger_selectquery_seq` (
  `id` int(11) NOT NULL
) ENGINE=InnoDB DEFAULT CHARSET=utf8;
/*!40101 SET character_set_client = @saved_cs_client */;

--
-- Dumping data for table `vtiger_selectquery_seq`
--

LOCK TABLES `vtiger_selectquery_seq` WRITE;
/*!40000 ALTER TABLE `vtiger_selectquery_seq` DISABLE KEYS */;
INSERT INTO `vtiger_selectquery_seq` VALUES (25);
/*!40000 ALTER TABLE `vtiger_selectquery_seq` ENABLE KEYS */;
UNLOCK TABLES;

--
-- Table structure for table `vtiger_senotesrel`
--

DROP TABLE IF EXISTS `vtiger_senotesrel`;
/*!40101 SET @saved_cs_client     = @@character_set_client */;
/*!40101 SET character_set_client = utf8 */;
CREATE TABLE `vtiger_senotesrel` (
  `crmid` int(19) NOT NULL DEFAULT '0',
  `notesid` int(19) NOT NULL DEFAULT '0',
  PRIMARY KEY (`crmid`,`notesid`),
  KEY `senotesrel_notesid_idx` (`notesid`),
  KEY `senotesrel_crmid_idx` (`crmid`),
  CONSTRAINT `fk1_crmid` FOREIGN KEY (`crmid`) REFERENCES `vtiger_crmentity` (`crmid`) ON DELETE CASCADE
) ENGINE=InnoDB DEFAULT CHARSET=utf8;
/*!40101 SET character_set_client = @saved_cs_client */;

--
-- Dumping data for table `vtiger_senotesrel`
--

LOCK TABLES `vtiger_senotesrel` WRITE;
/*!40000 ALTER TABLE `vtiger_senotesrel` DISABLE KEYS */;
/*!40000 ALTER TABLE `vtiger_senotesrel` ENABLE KEYS */;
UNLOCK TABLES;

--
-- Table structure for table `vtiger_seproductsrel`
--

DROP TABLE IF EXISTS `vtiger_seproductsrel`;
/*!40101 SET @saved_cs_client     = @@character_set_client */;
/*!40101 SET character_set_client = utf8 */;
CREATE TABLE `vtiger_seproductsrel` (
  `crmid` int(19) NOT NULL DEFAULT '0',
  `productid` int(19) NOT NULL DEFAULT '0',
  `setype` varchar(30) NOT NULL,
  PRIMARY KEY (`crmid`,`productid`),
  KEY `seproductsrel_productid_idx` (`productid`),
  KEY `seproductrel_crmid_idx` (`crmid`)
) ENGINE=InnoDB DEFAULT CHARSET=utf8;
/*!40101 SET character_set_client = @saved_cs_client */;

--
-- Dumping data for table `vtiger_seproductsrel`
--

LOCK TABLES `vtiger_seproductsrel` WRITE;
/*!40000 ALTER TABLE `vtiger_seproductsrel` DISABLE KEYS */;
INSERT INTO `vtiger_seproductsrel` VALUES (30,8,'Leads'),(32,8,'Contacts');
/*!40000 ALTER TABLE `vtiger_seproductsrel` ENABLE KEYS */;
UNLOCK TABLES;

--
-- Table structure for table `vtiger_service`
--

DROP TABLE IF EXISTS `vtiger_service`;
/*!40101 SET @saved_cs_client     = @@character_set_client */;
/*!40101 SET character_set_client = utf8 */;
CREATE TABLE `vtiger_service` (
  `serviceid` int(11) NOT NULL,
  `service_no` varchar(100) NOT NULL,
  `servicename` varchar(50) NOT NULL,
  `servicecategory` varchar(200) DEFAULT NULL,
  `qty_per_unit` decimal(11,2) DEFAULT '0.00',
  `unit_price` decimal(25,8) DEFAULT NULL,
  `sales_start_date` date DEFAULT NULL,
  `sales_end_date` date DEFAULT NULL,
  `start_date` date DEFAULT NULL,
  `expiry_date` date DEFAULT NULL,
  `discontinued` int(1) NOT NULL DEFAULT '0',
  `service_usageunit` varchar(200) DEFAULT NULL,
  `website` varchar(100) DEFAULT NULL,
  `taxclass` varchar(200) DEFAULT NULL,
  `currency_id` int(19) NOT NULL DEFAULT '1',
  `commissionrate` decimal(7,3) DEFAULT NULL,
  PRIMARY KEY (`serviceid`),
  CONSTRAINT `fk_1_vtiger_service` FOREIGN KEY (`serviceid`) REFERENCES `vtiger_crmentity` (`crmid`) ON DELETE CASCADE
) ENGINE=InnoDB DEFAULT CHARSET=utf8;
/*!40101 SET character_set_client = @saved_cs_client */;

--
-- Dumping data for table `vtiger_service`
--

LOCK TABLES `vtiger_service` WRITE;
/*!40000 ALTER TABLE `vtiger_service` DISABLE KEYS */;
/*!40000 ALTER TABLE `vtiger_service` ENABLE KEYS */;
UNLOCK TABLES;

--
-- Table structure for table `vtiger_service_usageunit`
--

DROP TABLE IF EXISTS `vtiger_service_usageunit`;
/*!40101 SET @saved_cs_client     = @@character_set_client */;
/*!40101 SET character_set_client = utf8 */;
CREATE TABLE `vtiger_service_usageunit` (
  `service_usageunitid` int(11) NOT NULL AUTO_INCREMENT,
  `service_usageunit` varchar(200) NOT NULL,
  `presence` int(1) NOT NULL DEFAULT '1',
  `picklist_valueid` int(11) NOT NULL DEFAULT '0',
  `sortorderid` int(11) DEFAULT '0',
  PRIMARY KEY (`service_usageunitid`)
) ENGINE=InnoDB AUTO_INCREMENT=4 DEFAULT CHARSET=utf8;
/*!40101 SET character_set_client = @saved_cs_client */;

--
-- Dumping data for table `vtiger_service_usageunit`
--

LOCK TABLES `vtiger_service_usageunit` WRITE;
/*!40000 ALTER TABLE `vtiger_service_usageunit` DISABLE KEYS */;
INSERT INTO `vtiger_service_usageunit` VALUES (1,'Hours',1,226,1),(2,'Days',1,227,2),(3,'Incidents',1,228,3);
/*!40000 ALTER TABLE `vtiger_service_usageunit` ENABLE KEYS */;
UNLOCK TABLES;

--
-- Table structure for table `vtiger_service_usageunit_seq`
--

DROP TABLE IF EXISTS `vtiger_service_usageunit_seq`;
/*!40101 SET @saved_cs_client     = @@character_set_client */;
/*!40101 SET character_set_client = utf8 */;
CREATE TABLE `vtiger_service_usageunit_seq` (
  `id` int(11) NOT NULL
) ENGINE=InnoDB DEFAULT CHARSET=utf8;
/*!40101 SET character_set_client = @saved_cs_client */;

--
-- Dumping data for table `vtiger_service_usageunit_seq`
--

LOCK TABLES `vtiger_service_usageunit_seq` WRITE;
/*!40000 ALTER TABLE `vtiger_service_usageunit_seq` DISABLE KEYS */;
INSERT INTO `vtiger_service_usageunit_seq` VALUES (3);
/*!40000 ALTER TABLE `vtiger_service_usageunit_seq` ENABLE KEYS */;
UNLOCK TABLES;

--
-- Table structure for table `vtiger_servicecategory`
--

DROP TABLE IF EXISTS `vtiger_servicecategory`;
/*!40101 SET @saved_cs_client     = @@character_set_client */;
/*!40101 SET character_set_client = utf8 */;
CREATE TABLE `vtiger_servicecategory` (
  `servicecategoryid` int(11) NOT NULL AUTO_INCREMENT,
  `servicecategory` varchar(200) NOT NULL,
  `presence` int(1) NOT NULL DEFAULT '1',
  `picklist_valueid` int(11) NOT NULL DEFAULT '0',
  `sortorderid` int(11) DEFAULT '0',
  PRIMARY KEY (`servicecategoryid`)
) ENGINE=InnoDB AUTO_INCREMENT=7 DEFAULT CHARSET=utf8;
/*!40101 SET character_set_client = @saved_cs_client */;

--
-- Dumping data for table `vtiger_servicecategory`
--

LOCK TABLES `vtiger_servicecategory` WRITE;
/*!40000 ALTER TABLE `vtiger_servicecategory` DISABLE KEYS */;
INSERT INTO `vtiger_servicecategory` VALUES (2,'Support',1,230,2),(3,'Installation',1,231,3),(4,'Migration',1,232,4),(5,'Customization',1,233,5),(6,'Training',1,234,6);
/*!40000 ALTER TABLE `vtiger_servicecategory` ENABLE KEYS */;
UNLOCK TABLES;

--
-- Table structure for table `vtiger_servicecategory_seq`
--

DROP TABLE IF EXISTS `vtiger_servicecategory_seq`;
/*!40101 SET @saved_cs_client     = @@character_set_client */;
/*!40101 SET character_set_client = utf8 */;
CREATE TABLE `vtiger_servicecategory_seq` (
  `id` int(11) NOT NULL
) ENGINE=InnoDB DEFAULT CHARSET=utf8;
/*!40101 SET character_set_client = @saved_cs_client */;

--
-- Dumping data for table `vtiger_servicecategory_seq`
--

LOCK TABLES `vtiger_servicecategory_seq` WRITE;
/*!40000 ALTER TABLE `vtiger_servicecategory_seq` DISABLE KEYS */;
INSERT INTO `vtiger_servicecategory_seq` VALUES (6);
/*!40000 ALTER TABLE `vtiger_servicecategory_seq` ENABLE KEYS */;
UNLOCK TABLES;

--
-- Table structure for table `vtiger_servicecf`
--

DROP TABLE IF EXISTS `vtiger_servicecf`;
/*!40101 SET @saved_cs_client     = @@character_set_client */;
/*!40101 SET character_set_client = utf8 */;
CREATE TABLE `vtiger_servicecf` (
  `serviceid` int(19) NOT NULL DEFAULT '0',
  PRIMARY KEY (`serviceid`)
) ENGINE=InnoDB DEFAULT CHARSET=utf8;
/*!40101 SET character_set_client = @saved_cs_client */;

--
-- Dumping data for table `vtiger_servicecf`
--

LOCK TABLES `vtiger_servicecf` WRITE;
/*!40000 ALTER TABLE `vtiger_servicecf` DISABLE KEYS */;
/*!40000 ALTER TABLE `vtiger_servicecf` ENABLE KEYS */;
UNLOCK TABLES;

--
-- Table structure for table `vtiger_servicecontracts`
--

DROP TABLE IF EXISTS `vtiger_servicecontracts`;
/*!40101 SET @saved_cs_client     = @@character_set_client */;
/*!40101 SET character_set_client = utf8 */;
CREATE TABLE `vtiger_servicecontracts` (
  `servicecontractsid` int(11) DEFAULT NULL,
  `start_date` date DEFAULT NULL,
  `end_date` date DEFAULT NULL,
  `sc_related_to` int(11) DEFAULT NULL,
  `tracking_unit` varchar(100) DEFAULT NULL,
  `total_units` decimal(5,2) DEFAULT NULL,
  `used_units` decimal(5,2) DEFAULT NULL,
  `subject` varchar(100) DEFAULT NULL,
  `due_date` date DEFAULT NULL,
  `planned_duration` varchar(256) DEFAULT NULL,
  `actual_duration` varchar(256) DEFAULT NULL,
  `contract_status` varchar(200) DEFAULT NULL,
  `priority` varchar(200) DEFAULT NULL,
  `contract_type` varchar(200) DEFAULT NULL,
  `progress` decimal(5,2) DEFAULT NULL,
  `contract_no` varchar(100) DEFAULT NULL
) ENGINE=InnoDB DEFAULT CHARSET=utf8;
/*!40101 SET character_set_client = @saved_cs_client */;

--
-- Dumping data for table `vtiger_servicecontracts`
--

LOCK TABLES `vtiger_servicecontracts` WRITE;
/*!40000 ALTER TABLE `vtiger_servicecontracts` DISABLE KEYS */;
/*!40000 ALTER TABLE `vtiger_servicecontracts` ENABLE KEYS */;
UNLOCK TABLES;

--
-- Table structure for table `vtiger_servicecontractscf`
--

DROP TABLE IF EXISTS `vtiger_servicecontractscf`;
/*!40101 SET @saved_cs_client     = @@character_set_client */;
/*!40101 SET character_set_client = utf8 */;
CREATE TABLE `vtiger_servicecontractscf` (
  `servicecontractsid` int(11) NOT NULL,
  PRIMARY KEY (`servicecontractsid`)
) ENGINE=InnoDB DEFAULT CHARSET=utf8;
/*!40101 SET character_set_client = @saved_cs_client */;

--
-- Dumping data for table `vtiger_servicecontractscf`
--

LOCK TABLES `vtiger_servicecontractscf` WRITE;
/*!40000 ALTER TABLE `vtiger_servicecontractscf` DISABLE KEYS */;
/*!40000 ALTER TABLE `vtiger_servicecontractscf` ENABLE KEYS */;
UNLOCK TABLES;

--
-- Table structure for table `vtiger_seticketsrel`
--

DROP TABLE IF EXISTS `vtiger_seticketsrel`;
/*!40101 SET @saved_cs_client     = @@character_set_client */;
/*!40101 SET character_set_client = utf8 */;
CREATE TABLE `vtiger_seticketsrel` (
  `crmid` int(19) NOT NULL DEFAULT '0',
  `ticketid` int(19) NOT NULL DEFAULT '0',
  PRIMARY KEY (`crmid`,`ticketid`),
  KEY `seticketsrel_crmid_idx` (`crmid`),
  KEY `seticketsrel_ticketid_idx` (`ticketid`)
) ENGINE=InnoDB DEFAULT CHARSET=utf8;
/*!40101 SET character_set_client = @saved_cs_client */;

--
-- Dumping data for table `vtiger_seticketsrel`
--

LOCK TABLES `vtiger_seticketsrel` WRITE;
/*!40000 ALTER TABLE `vtiger_seticketsrel` DISABLE KEYS */;
/*!40000 ALTER TABLE `vtiger_seticketsrel` ENABLE KEYS */;
UNLOCK TABLES;

--
-- Table structure for table `vtiger_settings_blocks`
--

DROP TABLE IF EXISTS `vtiger_settings_blocks`;
/*!40101 SET @saved_cs_client     = @@character_set_client */;
/*!40101 SET character_set_client = utf8 */;
CREATE TABLE `vtiger_settings_blocks` (
  `blockid` int(19) NOT NULL,
  `label` varchar(250) DEFAULT NULL,
  `sequence` int(19) DEFAULT NULL,
  PRIMARY KEY (`blockid`)
) ENGINE=InnoDB DEFAULT CHARSET=utf8;
/*!40101 SET character_set_client = @saved_cs_client */;

--
-- Dumping data for table `vtiger_settings_blocks`
--

LOCK TABLES `vtiger_settings_blocks` WRITE;
/*!40000 ALTER TABLE `vtiger_settings_blocks` DISABLE KEYS */;
INSERT INTO `vtiger_settings_blocks` VALUES (1,'LBL_USER_MANAGEMENT',1),(2,'LBL_STUDIO',2),(3,'LBL_COMMUNICATION_TEMPLATES',3),(4,'LBL_OTHER_SETTINGS',4),(5,'LBL_INTEGRATION',5);
/*!40000 ALTER TABLE `vtiger_settings_blocks` ENABLE KEYS */;
UNLOCK TABLES;

--
-- Table structure for table `vtiger_settings_blocks_seq`
--

DROP TABLE IF EXISTS `vtiger_settings_blocks_seq`;
/*!40101 SET @saved_cs_client     = @@character_set_client */;
/*!40101 SET character_set_client = utf8 */;
CREATE TABLE `vtiger_settings_blocks_seq` (
  `id` int(11) NOT NULL
) ENGINE=InnoDB DEFAULT CHARSET=utf8;
/*!40101 SET character_set_client = @saved_cs_client */;

--
-- Dumping data for table `vtiger_settings_blocks_seq`
--

LOCK TABLES `vtiger_settings_blocks_seq` WRITE;
/*!40000 ALTER TABLE `vtiger_settings_blocks_seq` DISABLE KEYS */;
INSERT INTO `vtiger_settings_blocks_seq` VALUES (5);
/*!40000 ALTER TABLE `vtiger_settings_blocks_seq` ENABLE KEYS */;
UNLOCK TABLES;

--
-- Table structure for table `vtiger_settings_field`
--

DROP TABLE IF EXISTS `vtiger_settings_field`;
/*!40101 SET @saved_cs_client     = @@character_set_client */;
/*!40101 SET character_set_client = utf8 */;
CREATE TABLE `vtiger_settings_field` (
  `fieldid` int(19) NOT NULL,
  `blockid` int(19) DEFAULT NULL,
  `name` varchar(250) DEFAULT NULL,
  `iconpath` varchar(300) DEFAULT NULL,
  `description` text,
  `linkto` text,
  `sequence` int(19) DEFAULT NULL,
  `active` int(19) DEFAULT '0',
  `pinned` int(1) DEFAULT '0',
  PRIMARY KEY (`fieldid`)
) ENGINE=InnoDB DEFAULT CHARSET=utf8;
/*!40101 SET character_set_client = @saved_cs_client */;

--
-- Dumping data for table `vtiger_settings_field`
--

LOCK TABLES `vtiger_settings_field` WRITE;
/*!40000 ALTER TABLE `vtiger_settings_field` DISABLE KEYS */;
INSERT INTO `vtiger_settings_field` VALUES (1,1,'LBL_USERS','ico-users.gif','LBL_USER_DESCRIPTION','index.php?module=Users&parent=Settings&view=List',1,0,1),(2,1,'LBL_ROLES','ico-roles.gif','LBL_ROLE_DESCRIPTION','index.php?module=Roles&parent=Settings&view=Index',2,0,0),(3,1,'LBL_PROFILES','ico-profile.gif','LBL_PROFILE_DESCRIPTION','index.php?module=Profiles&parent=Settings&view=List',3,0,0),(4,1,'USERGROUPLIST','ico-groups.gif','LBL_GROUP_DESCRIPTION','index.php?module=Groups&parent=Settings&view=List',4,0,0),(5,1,'LBL_SHARING_ACCESS','shareaccess.gif','LBL_SHARING_ACCESS_DESCRIPTION','index.php?module=SharingAccess&parent=Settings&view=Index',5,0,0),(6,1,'LBL_FIELDS_ACCESS','orgshar.gif','LBL_SHARING_FIELDS_DESCRIPTION','index.php?module=FieldAccess&parent=Settings&view=Index',6,0,0),(7,1,'LBL_LOGIN_HISTORY_DETAILS','set-IcoLoginHistory.gif','LBL_LOGIN_HISTORY_DESCRIPTION','index.php?module=LoginHistory&parent=Settings&view=List',7,0,0),(8,2,'VTLIB_LBL_MODULE_MANAGER','vtlib_modmng.gif','VTLIB_LBL_MODULE_MANAGER_DESCRIPTION','index.php?module=ModuleManager&parent=Settings&view=List',8,0,1),(9,2,'LBL_PICKLIST_EDITOR','picklist.gif','LBL_PICKLIST_DESCRIPTION','index.php?parent=Settings&module=Picklist&view=Index',1,0,1),(10,2,'LBL_PICKLIST_DEPENDENCY_SETUP','picklistdependency.gif','LBL_PICKLIST_DEPENDENCY_DESCRIPTION','index.php?parent=Settings&module=PickListDependency&view=List',2,0,0),(11,2,'LBL_MENU_EDITOR','menueditor.png','LBL_MENU_DESC','index.php?module=MenuEditor&parent=Settings&view=Index',3,0,0),(12,3,'NOTIFICATIONSCHEDULERS','notification.gif','LBL_NOTIF_SCHED_DESCRIPTION','index.php?module=Settings&view=listnotificationschedulers&parenttab=Settings',4,0,0),(13,3,'INVENTORYNOTIFICATION','inventory.gif','LBL_INV_NOTIF_DESCRIPTION','index.php?module=Settings&view=listinventorynotifications&parenttab=Settings',1,0,0),(14,3,'LBL_COMPANY_DETAILS','company.gif','LBL_COMPANY_DESCRIPTION','index.php?parent=Settings&module=Vtiger&view=CompanyDetails',2,0,0),(15,4,'LBL_MAIL_SERVER_SETTINGS','ogmailserver.gif','LBL_MAIL_SERVER_DESCRIPTION','index.php?parent=Settings&module=Vtiger&view=OutgoingServerDetail',3,0,0),(16,4,'LBL_CURRENCY_SETTINGS','currency.gif','LBL_CURRENCY_DESCRIPTION','index.php?parent=Settings&module=Currency&view=List',4,0,0),(17,4,'LBL_TAX_SETTINGS','taxConfiguration.gif','LBL_TAX_DESCRIPTION','index.php?module=Vtiger&parent=Settings&view=TaxIndex',5,0,0),(18,4,'LBL_SYSTEM_INFO','system.gif','LBL_SYSTEM_DESCRIPTION','index.php?module=Settings&submodule=Server&view=ProxyConfig',6,1,0),(19,4,'LBL_ANNOUNCEMENT','announ.gif','LBL_ANNOUNCEMENT_DESCRIPTION','index.php?parent=Settings&module=Vtiger&view=AnnouncementEdit',1,0,0),(20,4,'LBL_DEFAULT_MODULE_VIEW','set-IcoTwoTabConfig.gif','LBL_DEFAULT_MODULE_VIEW_DESC','index.php?module=Settings&action=DefModuleView&parenttab=Settings',2,0,0),(21,4,'INVENTORYTERMSANDCONDITIONS','terms.gif','LBL_INV_TANDC_DESCRIPTION','index.php?parent=Settings&module=Vtiger&view=TermsAndConditionsEdit',3,0,0),(22,4,'LBL_CUSTOMIZE_MODENT_NUMBER','settingsInvNumber.gif','LBL_CUSTOMIZE_MODENT_NUMBER_DESCRIPTION','index.php?module=Vtiger&parent=Settings&view=CustomRecordNumbering',4,0,0),(23,4,'LBL_MAIL_SCANNER','mailScanner.gif','LBL_MAIL_SCANNER_DESCRIPTION','index.php?parent=Settings&module=MailConverter&view=List',5,0,0),(24,4,'LBL_LIST_WORKFLOWS','settingsWorkflow.png','LBL_LIST_WORKFLOWS_DESCRIPTION','index.php?module=Workflows&parent=Settings&view=List',6,0,1),(25,4,'LBL_CONFIG_EDITOR','migrate.gif','LBL_CONFIG_EDITOR_DESCRIPTION','index.php?module=Vtiger&parent=Settings&view=ConfigEditorDetail',7,0,0),(26,4,'Scheduler','Cron.png','Allows you to Configure Cron Task','index.php?module=CronTasks&parent=Settings&view=List',8,0,0),(27,4,'LBL_WORKFLOW_LIST','settingsWorkflow.png','LBL_AVAILABLE_WORKLIST_LIST','index.php?module=com_vtiger_workflow&action=workflowlist',8,0,0),(28,4,'ModTracker','set-IcoLoginHistory.gif','LBL_MODTRACKER_DESCRIPTION','index.php?module=ModTracker&action=BasicSettings&parenttab=Settings&formodule=ModTracker',9,0,0),(30,4,'LBL_CUSTOMER_PORTAL','portal_icon.png','PORTAL_EXTENSION_DESCRIPTION','index.php?module=CustomerPortal&action=index&parenttab=Settings',10,0,0),(31,4,'Webforms','modules/Webforms/img/Webform.png','LBL_WEBFORMS_DESCRIPTION','index.php?module=Webforms&action=index&parenttab=Settings',11,1,0),(32,2,'LBL_EDIT_FIELDS','','LBL_LAYOUT_EDITOR_DESCRIPTION','index.php?module=LayoutEditor&parent=Settings&view=Index',NULL,0,0);
/*!40000 ALTER TABLE `vtiger_settings_field` ENABLE KEYS */;
UNLOCK TABLES;

--
-- Table structure for table `vtiger_settings_field_seq`
--

DROP TABLE IF EXISTS `vtiger_settings_field_seq`;
/*!40101 SET @saved_cs_client     = @@character_set_client */;
/*!40101 SET character_set_client = utf8 */;
CREATE TABLE `vtiger_settings_field_seq` (
  `id` int(11) NOT NULL
) ENGINE=InnoDB DEFAULT CHARSET=utf8;
/*!40101 SET character_set_client = @saved_cs_client */;

--
-- Dumping data for table `vtiger_settings_field_seq`
--

LOCK TABLES `vtiger_settings_field_seq` WRITE;
/*!40000 ALTER TABLE `vtiger_settings_field_seq` DISABLE KEYS */;
INSERT INTO `vtiger_settings_field_seq` VALUES (32);
/*!40000 ALTER TABLE `vtiger_settings_field_seq` ENABLE KEYS */;
UNLOCK TABLES;

--
-- Table structure for table `vtiger_sharedcalendar`
--

DROP TABLE IF EXISTS `vtiger_sharedcalendar`;
/*!40101 SET @saved_cs_client     = @@character_set_client */;
/*!40101 SET character_set_client = utf8 */;
CREATE TABLE `vtiger_sharedcalendar` (
  `userid` int(19) NOT NULL,
  `sharedid` int(19) NOT NULL,
  PRIMARY KEY (`userid`,`sharedid`)
) ENGINE=InnoDB DEFAULT CHARSET=utf8;
/*!40101 SET character_set_client = @saved_cs_client */;

--
-- Dumping data for table `vtiger_sharedcalendar`
--

LOCK TABLES `vtiger_sharedcalendar` WRITE;
/*!40000 ALTER TABLE `vtiger_sharedcalendar` DISABLE KEYS */;
/*!40000 ALTER TABLE `vtiger_sharedcalendar` ENABLE KEYS */;
UNLOCK TABLES;

--
-- Table structure for table `vtiger_shareduserinfo`
--

DROP TABLE IF EXISTS `vtiger_shareduserinfo`;
/*!40101 SET @saved_cs_client     = @@character_set_client */;
/*!40101 SET character_set_client = utf8 */;
CREATE TABLE `vtiger_shareduserinfo` (
  `userid` int(19) NOT NULL DEFAULT '0',
  `shareduserid` int(19) NOT NULL DEFAULT '0',
  `color` varchar(50) DEFAULT NULL,
  `visible` int(19) DEFAULT '1'
) ENGINE=InnoDB DEFAULT CHARSET=utf8;
/*!40101 SET character_set_client = @saved_cs_client */;

--
-- Dumping data for table `vtiger_shareduserinfo`
--

LOCK TABLES `vtiger_shareduserinfo` WRITE;
/*!40000 ALTER TABLE `vtiger_shareduserinfo` DISABLE KEYS */;
/*!40000 ALTER TABLE `vtiger_shareduserinfo` ENABLE KEYS */;
UNLOCK TABLES;

--
-- Table structure for table `vtiger_shippingtaxinfo`
--

DROP TABLE IF EXISTS `vtiger_shippingtaxinfo`;
/*!40101 SET @saved_cs_client     = @@character_set_client */;
/*!40101 SET character_set_client = utf8 */;
CREATE TABLE `vtiger_shippingtaxinfo` (
  `taxid` int(3) NOT NULL,
  `taxname` varchar(50) DEFAULT NULL,
  `taxlabel` varchar(50) DEFAULT NULL,
  `percentage` decimal(7,3) DEFAULT NULL,
  `deleted` int(1) DEFAULT NULL,
  PRIMARY KEY (`taxid`),
  KEY `shippingtaxinfo_taxname_idx` (`taxname`)
) ENGINE=InnoDB DEFAULT CHARSET=utf8;
/*!40101 SET character_set_client = @saved_cs_client */;

--
-- Dumping data for table `vtiger_shippingtaxinfo`
--

LOCK TABLES `vtiger_shippingtaxinfo` WRITE;
/*!40000 ALTER TABLE `vtiger_shippingtaxinfo` DISABLE KEYS */;
INSERT INTO `vtiger_shippingtaxinfo` VALUES (1,'shtax1','Sales Tax',10.000,0),(2,'shtax2','Sales',0.000,1),(3,'shtax3','Service',0.000,1);
/*!40000 ALTER TABLE `vtiger_shippingtaxinfo` ENABLE KEYS */;
UNLOCK TABLES;

--
-- Table structure for table `vtiger_shippingtaxinfo_seq`
--

DROP TABLE IF EXISTS `vtiger_shippingtaxinfo_seq`;
/*!40101 SET @saved_cs_client     = @@character_set_client */;
/*!40101 SET character_set_client = utf8 */;
CREATE TABLE `vtiger_shippingtaxinfo_seq` (
  `id` int(11) NOT NULL
) ENGINE=InnoDB DEFAULT CHARSET=utf8;
/*!40101 SET character_set_client = @saved_cs_client */;

--
-- Dumping data for table `vtiger_shippingtaxinfo_seq`
--

LOCK TABLES `vtiger_shippingtaxinfo_seq` WRITE;
/*!40000 ALTER TABLE `vtiger_shippingtaxinfo_seq` DISABLE KEYS */;
INSERT INTO `vtiger_shippingtaxinfo_seq` VALUES (3);
/*!40000 ALTER TABLE `vtiger_shippingtaxinfo_seq` ENABLE KEYS */;
UNLOCK TABLES;

--
-- Table structure for table `vtiger_shorturls`
--

DROP TABLE IF EXISTS `vtiger_shorturls`;
/*!40101 SET @saved_cs_client     = @@character_set_client */;
/*!40101 SET character_set_client = utf8 */;
CREATE TABLE `vtiger_shorturls` (
  `id` int(11) NOT NULL AUTO_INCREMENT,
  `uid` varchar(50) DEFAULT NULL,
  `handler_path` varchar(400) DEFAULT NULL,
  `handler_class` varchar(100) DEFAULT NULL,
  `handler_function` varchar(100) DEFAULT NULL,
  `handler_data` varchar(255) DEFAULT NULL,
  `onetime` int(5) DEFAULT NULL,
  PRIMARY KEY (`id`),
  KEY `uid` (`uid`)
) ENGINE=InnoDB AUTO_INCREMENT=2 DEFAULT CHARSET=utf8;
/*!40101 SET character_set_client = @saved_cs_client */;

--
-- Dumping data for table `vtiger_shorturls`
--

LOCK TABLES `vtiger_shorturls` WRITE;
/*!40000 ALTER TABLE `vtiger_shorturls` DISABLE KEYS */;
INSERT INTO `vtiger_shorturls` VALUES (1,'55360eeff0edb4.22364595','modules/Users/handlers/ForgotPassword.php','Users_ForgotPassword_Handler','changePassword','{\"username\":\"systemadmin\",\"email\":\"glorykk318@gmail.com\",\"time\":1429606127,\"hash\":\"b701d7b8b951bed19489165d3d301a0f\"}',0);
/*!40000 ALTER TABLE `vtiger_shorturls` ENABLE KEYS */;
UNLOCK TABLES;

--
-- Table structure for table `vtiger_smsnotifier`
--

DROP TABLE IF EXISTS `vtiger_smsnotifier`;
/*!40101 SET @saved_cs_client     = @@character_set_client */;
/*!40101 SET character_set_client = utf8 */;
CREATE TABLE `vtiger_smsnotifier` (
  `smsnotifierid` int(11) DEFAULT NULL,
  `message` text,
  `status` varchar(100) DEFAULT NULL
) ENGINE=InnoDB DEFAULT CHARSET=utf8;
/*!40101 SET character_set_client = @saved_cs_client */;

--
-- Dumping data for table `vtiger_smsnotifier`
--

LOCK TABLES `vtiger_smsnotifier` WRITE;
/*!40000 ALTER TABLE `vtiger_smsnotifier` DISABLE KEYS */;
/*!40000 ALTER TABLE `vtiger_smsnotifier` ENABLE KEYS */;
UNLOCK TABLES;

--
-- Table structure for table `vtiger_smsnotifier_servers`
--

DROP TABLE IF EXISTS `vtiger_smsnotifier_servers`;
/*!40101 SET @saved_cs_client     = @@character_set_client */;
/*!40101 SET character_set_client = utf8 */;
CREATE TABLE `vtiger_smsnotifier_servers` (
  `id` int(11) NOT NULL AUTO_INCREMENT,
  `password` varchar(255) DEFAULT NULL,
  `isactive` int(1) DEFAULT NULL,
  `providertype` varchar(50) DEFAULT NULL,
  `username` varchar(255) DEFAULT NULL,
  `parameters` text,
  PRIMARY KEY (`id`)
) ENGINE=InnoDB DEFAULT CHARSET=utf8;
/*!40101 SET character_set_client = @saved_cs_client */;

--
-- Dumping data for table `vtiger_smsnotifier_servers`
--

LOCK TABLES `vtiger_smsnotifier_servers` WRITE;
/*!40000 ALTER TABLE `vtiger_smsnotifier_servers` DISABLE KEYS */;
/*!40000 ALTER TABLE `vtiger_smsnotifier_servers` ENABLE KEYS */;
UNLOCK TABLES;

--
-- Table structure for table `vtiger_smsnotifier_status`
--

DROP TABLE IF EXISTS `vtiger_smsnotifier_status`;
/*!40101 SET @saved_cs_client     = @@character_set_client */;
/*!40101 SET character_set_client = utf8 */;
CREATE TABLE `vtiger_smsnotifier_status` (
  `smsnotifierid` int(11) DEFAULT NULL,
  `tonumber` varchar(20) DEFAULT NULL,
  `status` varchar(10) DEFAULT NULL,
  `smsmessageid` varchar(50) DEFAULT NULL,
  `needlookup` int(1) DEFAULT '1',
  `statusid` int(11) NOT NULL AUTO_INCREMENT,
  `statusmessage` varchar(100) DEFAULT NULL,
  PRIMARY KEY (`statusid`)
) ENGINE=InnoDB DEFAULT CHARSET=utf8;
/*!40101 SET character_set_client = @saved_cs_client */;

--
-- Dumping data for table `vtiger_smsnotifier_status`
--

LOCK TABLES `vtiger_smsnotifier_status` WRITE;
/*!40000 ALTER TABLE `vtiger_smsnotifier_status` DISABLE KEYS */;
/*!40000 ALTER TABLE `vtiger_smsnotifier_status` ENABLE KEYS */;
UNLOCK TABLES;

--
-- Table structure for table `vtiger_smsnotifiercf`
--

DROP TABLE IF EXISTS `vtiger_smsnotifiercf`;
/*!40101 SET @saved_cs_client     = @@character_set_client */;
/*!40101 SET character_set_client = utf8 */;
CREATE TABLE `vtiger_smsnotifiercf` (
  `smsnotifierid` int(11) NOT NULL,
  PRIMARY KEY (`smsnotifierid`)
) ENGINE=InnoDB DEFAULT CHARSET=utf8;
/*!40101 SET character_set_client = @saved_cs_client */;

--
-- Dumping data for table `vtiger_smsnotifiercf`
--

LOCK TABLES `vtiger_smsnotifiercf` WRITE;
/*!40000 ALTER TABLE `vtiger_smsnotifiercf` DISABLE KEYS */;
/*!40000 ALTER TABLE `vtiger_smsnotifiercf` ENABLE KEYS */;
UNLOCK TABLES;

--
-- Table structure for table `vtiger_soapservice`
--

DROP TABLE IF EXISTS `vtiger_soapservice`;
/*!40101 SET @saved_cs_client     = @@character_set_client */;
/*!40101 SET character_set_client = utf8 */;
CREATE TABLE `vtiger_soapservice` (
  `id` int(19) DEFAULT NULL,
  `type` varchar(25) DEFAULT NULL,
  `sessionid` varchar(100) DEFAULT NULL
) ENGINE=InnoDB DEFAULT CHARSET=utf8;
/*!40101 SET character_set_client = @saved_cs_client */;

--
-- Dumping data for table `vtiger_soapservice`
--

LOCK TABLES `vtiger_soapservice` WRITE;
/*!40000 ALTER TABLE `vtiger_soapservice` DISABLE KEYS */;
/*!40000 ALTER TABLE `vtiger_soapservice` ENABLE KEYS */;
UNLOCK TABLES;

--
-- Table structure for table `vtiger_sobillads`
--

DROP TABLE IF EXISTS `vtiger_sobillads`;
/*!40101 SET @saved_cs_client     = @@character_set_client */;
/*!40101 SET character_set_client = utf8 */;
CREATE TABLE `vtiger_sobillads` (
  `sobilladdressid` int(19) NOT NULL DEFAULT '0',
  `bill_city` varchar(30) DEFAULT NULL,
  `bill_code` varchar(30) DEFAULT NULL,
  `bill_country` varchar(30) DEFAULT NULL,
  `bill_state` varchar(30) DEFAULT NULL,
  `bill_street` varchar(250) DEFAULT NULL,
  `bill_pobox` varchar(30) DEFAULT NULL,
  PRIMARY KEY (`sobilladdressid`)
) ENGINE=InnoDB DEFAULT CHARSET=utf8;
/*!40101 SET character_set_client = @saved_cs_client */;

--
-- Dumping data for table `vtiger_sobillads`
--

LOCK TABLES `vtiger_sobillads` WRITE;
/*!40000 ALTER TABLE `vtiger_sobillads` DISABLE KEYS */;
INSERT INTO `vtiger_sobillads` VALUES (11,'','','','','a',''),(40,'Brisbane','4151','AUSTRALIA','QLD','123 Street',''),(85,'','','','','asdfas','');
/*!40000 ALTER TABLE `vtiger_sobillads` ENABLE KEYS */;
UNLOCK TABLES;

--
-- Table structure for table `vtiger_soshipads`
--

DROP TABLE IF EXISTS `vtiger_soshipads`;
/*!40101 SET @saved_cs_client     = @@character_set_client */;
/*!40101 SET character_set_client = utf8 */;
CREATE TABLE `vtiger_soshipads` (
  `soshipaddressid` int(19) NOT NULL DEFAULT '0',
  `ship_city` varchar(30) DEFAULT NULL,
  `ship_code` varchar(30) DEFAULT NULL,
  `ship_country` varchar(30) DEFAULT NULL,
  `ship_state` varchar(30) DEFAULT NULL,
  `ship_street` varchar(250) DEFAULT NULL,
  `ship_pobox` varchar(30) DEFAULT NULL,
  PRIMARY KEY (`soshipaddressid`)
) ENGINE=InnoDB DEFAULT CHARSET=utf8;
/*!40101 SET character_set_client = @saved_cs_client */;

--
-- Dumping data for table `vtiger_soshipads`
--

LOCK TABLES `vtiger_soshipads` WRITE;
/*!40000 ALTER TABLE `vtiger_soshipads` DISABLE KEYS */;
INSERT INTO `vtiger_soshipads` VALUES (11,'','','','','a',''),(40,'','','','','PO',''),(85,'','','','','gdfgs','');
/*!40000 ALTER TABLE `vtiger_soshipads` ENABLE KEYS */;
UNLOCK TABLES;

--
-- Table structure for table `vtiger_sostatus`
--

DROP TABLE IF EXISTS `vtiger_sostatus`;
/*!40101 SET @saved_cs_client     = @@character_set_client */;
/*!40101 SET character_set_client = utf8 */;
CREATE TABLE `vtiger_sostatus` (
  `sostatusid` int(19) NOT NULL AUTO_INCREMENT,
  `sostatus` varchar(200) NOT NULL,
  `presence` int(1) NOT NULL DEFAULT '1',
  `picklist_valueid` int(19) NOT NULL DEFAULT '0',
  `sortorderid` int(11) DEFAULT NULL,
  PRIMARY KEY (`sostatusid`),
  UNIQUE KEY `sostatus_sostatus_idx` (`sostatus`)
) ENGINE=InnoDB AUTO_INCREMENT=5 DEFAULT CHARSET=utf8;
/*!40101 SET character_set_client = @saved_cs_client */;

--
-- Dumping data for table `vtiger_sostatus`
--

LOCK TABLES `vtiger_sostatus` WRITE;
/*!40000 ALTER TABLE `vtiger_sostatus` DISABLE KEYS */;
INSERT INTO `vtiger_sostatus` VALUES (1,'Created',0,166,0),(2,'Approved',0,167,1),(3,'Delivered',0,168,2),(4,'Cancelled',0,169,3);
/*!40000 ALTER TABLE `vtiger_sostatus` ENABLE KEYS */;
UNLOCK TABLES;

--
-- Table structure for table `vtiger_sostatus_seq`
--

DROP TABLE IF EXISTS `vtiger_sostatus_seq`;
/*!40101 SET @saved_cs_client     = @@character_set_client */;
/*!40101 SET character_set_client = utf8 */;
CREATE TABLE `vtiger_sostatus_seq` (
  `id` int(11) NOT NULL
) ENGINE=InnoDB DEFAULT CHARSET=utf8;
/*!40101 SET character_set_client = @saved_cs_client */;

--
-- Dumping data for table `vtiger_sostatus_seq`
--

LOCK TABLES `vtiger_sostatus_seq` WRITE;
/*!40000 ALTER TABLE `vtiger_sostatus_seq` DISABLE KEYS */;
INSERT INTO `vtiger_sostatus_seq` VALUES (4);
/*!40000 ALTER TABLE `vtiger_sostatus_seq` ENABLE KEYS */;
UNLOCK TABLES;

--
-- Table structure for table `vtiger_sostatushistory`
--

DROP TABLE IF EXISTS `vtiger_sostatushistory`;
/*!40101 SET @saved_cs_client     = @@character_set_client */;
/*!40101 SET character_set_client = utf8 */;
CREATE TABLE `vtiger_sostatushistory` (
  `historyid` int(19) NOT NULL AUTO_INCREMENT,
  `salesorderid` int(19) NOT NULL,
  `accountname` varchar(100) DEFAULT NULL,
  `total` decimal(10,0) DEFAULT NULL,
  `sostatus` varchar(200) DEFAULT NULL,
  `lastmodified` datetime DEFAULT NULL,
  PRIMARY KEY (`historyid`),
  KEY `sostatushistory_salesorderid_idx` (`salesorderid`)
) ENGINE=InnoDB DEFAULT CHARSET=utf8;
/*!40101 SET character_set_client = @saved_cs_client */;

--
-- Dumping data for table `vtiger_sostatushistory`
--

LOCK TABLES `vtiger_sostatushistory` WRITE;
/*!40000 ALTER TABLE `vtiger_sostatushistory` DISABLE KEYS */;
/*!40000 ALTER TABLE `vtiger_sostatushistory` ENABLE KEYS */;
UNLOCK TABLES;

--
-- Table structure for table `vtiger_sqltimelog`
--

DROP TABLE IF EXISTS `vtiger_sqltimelog`;
/*!40101 SET @saved_cs_client     = @@character_set_client */;
/*!40101 SET character_set_client = utf8 */;
CREATE TABLE `vtiger_sqltimelog` (
  `id` int(11) DEFAULT NULL,
  `type` varchar(10) DEFAULT NULL,
  `data` text,
  `started` decimal(20,6) DEFAULT NULL,
  `ended` decimal(20,6) DEFAULT NULL,
  `loggedon` datetime DEFAULT NULL
) ENGINE=InnoDB DEFAULT CHARSET=utf8;
/*!40101 SET character_set_client = @saved_cs_client */;

--
-- Dumping data for table `vtiger_sqltimelog`
--

LOCK TABLES `vtiger_sqltimelog` WRITE;
/*!40000 ALTER TABLE `vtiger_sqltimelog` DISABLE KEYS */;
/*!40000 ALTER TABLE `vtiger_sqltimelog` ENABLE KEYS */;
UNLOCK TABLES;

--
-- Table structure for table `vtiger_start_hour`
--

DROP TABLE IF EXISTS `vtiger_start_hour`;
/*!40101 SET @saved_cs_client     = @@character_set_client */;
/*!40101 SET character_set_client = utf8 */;
CREATE TABLE `vtiger_start_hour` (
  `start_hourid` int(11) NOT NULL AUTO_INCREMENT,
  `start_hour` varchar(200) NOT NULL,
  `presence` int(1) NOT NULL DEFAULT '1',
  `picklist_valueid` int(11) NOT NULL DEFAULT '0',
  `sortorderid` int(11) DEFAULT '0',
  PRIMARY KEY (`start_hourid`)
) ENGINE=InnoDB AUTO_INCREMENT=25 DEFAULT CHARSET=utf8;
/*!40101 SET character_set_client = @saved_cs_client */;

--
-- Dumping data for table `vtiger_start_hour`
--

LOCK TABLES `vtiger_start_hour` WRITE;
/*!40000 ALTER TABLE `vtiger_start_hour` DISABLE KEYS */;
INSERT INTO `vtiger_start_hour` VALUES (1,'00:00',1,297,1),(2,'01:00',1,298,2),(3,'02:00',1,299,3),(4,'03:00',1,300,4),(5,'04:00',1,301,5),(6,'05:00',1,302,6),(7,'06:00',1,303,7),(8,'07:00',1,304,8),(9,'08:00',1,305,9),(10,'09:00',1,306,10),(11,'10:00',1,307,11),(12,'11:00',1,308,12),(13,'12:00',1,309,13),(14,'13:00',1,310,14),(15,'14:00',1,311,15),(16,'15:00',1,312,16),(17,'16:00',1,313,17),(18,'17:00',1,314,18),(19,'18:00',1,315,19),(20,'19:00',1,316,20),(21,'20:00',1,317,21),(22,'21:00',1,318,22),(23,'22:00',1,319,23),(24,'23:00',1,320,24);
/*!40000 ALTER TABLE `vtiger_start_hour` ENABLE KEYS */;
UNLOCK TABLES;

--
-- Table structure for table `vtiger_start_hour_seq`
--

DROP TABLE IF EXISTS `vtiger_start_hour_seq`;
/*!40101 SET @saved_cs_client     = @@character_set_client */;
/*!40101 SET character_set_client = utf8 */;
CREATE TABLE `vtiger_start_hour_seq` (
  `id` int(11) NOT NULL
) ENGINE=InnoDB DEFAULT CHARSET=utf8;
/*!40101 SET character_set_client = @saved_cs_client */;

--
-- Dumping data for table `vtiger_start_hour_seq`
--

LOCK TABLES `vtiger_start_hour_seq` WRITE;
/*!40000 ALTER TABLE `vtiger_start_hour_seq` DISABLE KEYS */;
INSERT INTO `vtiger_start_hour_seq` VALUES (24);
/*!40000 ALTER TABLE `vtiger_start_hour_seq` ENABLE KEYS */;
UNLOCK TABLES;

--
-- Table structure for table `vtiger_status`
--

DROP TABLE IF EXISTS `vtiger_status`;
/*!40101 SET @saved_cs_client     = @@character_set_client */;
/*!40101 SET character_set_client = utf8 */;
CREATE TABLE `vtiger_status` (
  `statusid` int(19) NOT NULL AUTO_INCREMENT,
  `status` varchar(200) NOT NULL,
  `presence` int(1) NOT NULL DEFAULT '1',
  `picklist_valueid` int(19) NOT NULL DEFAULT '0',
  PRIMARY KEY (`statusid`)
) ENGINE=InnoDB AUTO_INCREMENT=3 DEFAULT CHARSET=utf8;
/*!40101 SET character_set_client = @saved_cs_client */;

--
-- Dumping data for table `vtiger_status`
--

LOCK TABLES `vtiger_status` WRITE;
/*!40000 ALTER TABLE `vtiger_status` DISABLE KEYS */;
INSERT INTO `vtiger_status` VALUES (1,'Active',0,1),(2,'Inactive',1,1);
/*!40000 ALTER TABLE `vtiger_status` ENABLE KEYS */;
UNLOCK TABLES;

--
-- Table structure for table `vtiger_status_seq`
--

DROP TABLE IF EXISTS `vtiger_status_seq`;
/*!40101 SET @saved_cs_client     = @@character_set_client */;
/*!40101 SET character_set_client = utf8 */;
CREATE TABLE `vtiger_status_seq` (
  `id` int(11) NOT NULL
) ENGINE=InnoDB DEFAULT CHARSET=utf8;
/*!40101 SET character_set_client = @saved_cs_client */;

--
-- Dumping data for table `vtiger_status_seq`
--

LOCK TABLES `vtiger_status_seq` WRITE;
/*!40000 ALTER TABLE `vtiger_status_seq` DISABLE KEYS */;
INSERT INTO `vtiger_status_seq` VALUES (2);
/*!40000 ALTER TABLE `vtiger_status_seq` ENABLE KEYS */;
UNLOCK TABLES;

--
-- Table structure for table `vtiger_systems`
--

DROP TABLE IF EXISTS `vtiger_systems`;
/*!40101 SET @saved_cs_client     = @@character_set_client */;
/*!40101 SET character_set_client = utf8 */;
CREATE TABLE `vtiger_systems` (
  `id` int(19) NOT NULL,
  `server` varchar(100) DEFAULT NULL,
  `server_port` int(19) DEFAULT NULL,
  `server_username` varchar(100) DEFAULT NULL,
  `server_password` varchar(100) DEFAULT NULL,
  `server_type` varchar(20) DEFAULT NULL,
  `smtp_auth` varchar(5) DEFAULT NULL,
  `server_path` varchar(256) DEFAULT NULL,
  `from_email_field` varchar(50) DEFAULT NULL,
  PRIMARY KEY (`id`)
) ENGINE=InnoDB DEFAULT CHARSET=utf8;
/*!40101 SET character_set_client = @saved_cs_client */;

--
-- Dumping data for table `vtiger_systems`
--

LOCK TABLES `vtiger_systems` WRITE;
/*!40000 ALTER TABLE `vtiger_systems` DISABLE KEYS */;
INSERT INTO `vtiger_systems` VALUES (1,'ssl://smtp.gmail.com:465',0,'dealerportal2015','suntexpassword','email','1',NULL,'');
/*!40000 ALTER TABLE `vtiger_systems` ENABLE KEYS */;
UNLOCK TABLES;

--
-- Table structure for table `vtiger_systems_seq`
--

DROP TABLE IF EXISTS `vtiger_systems_seq`;
/*!40101 SET @saved_cs_client     = @@character_set_client */;
/*!40101 SET character_set_client = utf8 */;
CREATE TABLE `vtiger_systems_seq` (
  `id` int(11) NOT NULL
) ENGINE=InnoDB DEFAULT CHARSET=utf8;
/*!40101 SET character_set_client = @saved_cs_client */;

--
-- Dumping data for table `vtiger_systems_seq`
--

LOCK TABLES `vtiger_systems_seq` WRITE;
/*!40000 ALTER TABLE `vtiger_systems_seq` DISABLE KEYS */;
INSERT INTO `vtiger_systems_seq` VALUES (1);
/*!40000 ALTER TABLE `vtiger_systems_seq` ENABLE KEYS */;
UNLOCK TABLES;

--
-- Table structure for table `vtiger_tab`
--

DROP TABLE IF EXISTS `vtiger_tab`;
/*!40101 SET @saved_cs_client     = @@character_set_client */;
/*!40101 SET character_set_client = utf8 */;
CREATE TABLE `vtiger_tab` (
  `tabid` int(19) NOT NULL DEFAULT '0',
  `name` varchar(25) NOT NULL,
  `presence` int(19) NOT NULL DEFAULT '1',
  `tabsequence` int(10) DEFAULT NULL,
  `tablabel` varchar(25) NOT NULL,
  `modifiedby` int(19) DEFAULT NULL,
  `modifiedtime` int(19) DEFAULT NULL,
  `customized` int(19) DEFAULT NULL,
  `ownedby` int(19) DEFAULT NULL,
  `isentitytype` int(11) NOT NULL DEFAULT '1',
  `trial` int(1) NOT NULL DEFAULT '0',
  `version` varchar(10) DEFAULT NULL,
  `parent` varchar(30) DEFAULT NULL,
  PRIMARY KEY (`tabid`),
  UNIQUE KEY `tab_name_idx` (`name`),
  KEY `tab_modifiedby_idx` (`modifiedby`),
  KEY `tab_tabid_idx` (`tabid`)
) ENGINE=InnoDB DEFAULT CHARSET=utf8;
/*!40101 SET character_set_client = @saved_cs_client */;

--
-- Dumping data for table `vtiger_tab`
--

LOCK TABLES `vtiger_tab` WRITE;
/*!40000 ALTER TABLE `vtiger_tab` DISABLE KEYS */;
INSERT INTO `vtiger_tab` VALUES (1,'Dashboard',0,-1,'Dashboards',NULL,NULL,0,1,0,0,NULL,'Analytics'),(2,'Potentials',0,2,'Potentials',NULL,NULL,0,0,1,0,NULL,'Sales'),(3,'Home',0,-1,'Home',NULL,NULL,0,1,0,0,NULL,NULL),(4,'Contacts',0,4,'Contacts',NULL,NULL,0,0,1,0,NULL,'Sales'),(6,'Accounts',0,3,'Accounts',NULL,NULL,0,0,1,0,NULL,'Sales'),(7,'Leads',0,1,'Leads',NULL,NULL,0,0,1,0,NULL,'Sales'),(8,'Documents',1,-1,'Documents',NULL,NULL,0,0,1,0,NULL,'Tools'),(9,'Calendar',1,-1,'Calendar',NULL,NULL,0,0,1,0,NULL,'Tools'),(10,'Emails',0,-1,'Emails',NULL,NULL,0,1,1,0,NULL,'Tools'),(13,'HelpDesk',1,-1,'HelpDesk',NULL,NULL,0,0,1,0,NULL,'Support'),(14,'Products',0,-1,'Products',NULL,NULL,0,0,1,0,NULL,'Inventory'),(15,'Faq',1,-1,'Faq',NULL,NULL,0,1,1,0,NULL,'Support'),(16,'Events',2,-1,'Events',NULL,NULL,0,0,1,0,NULL,NULL),(18,'Vendors',1,-1,'Vendors',NULL,NULL,0,0,1,0,NULL,'Inventory'),(19,'PriceBooks',1,-1,'PriceBooks',NULL,NULL,0,1,1,0,NULL,'Inventory'),(20,'Quotes',0,5,'Quotes',NULL,NULL,0,0,1,0,NULL,'Sales'),(21,'PurchaseOrder',1,-1,'PurchaseOrder',NULL,NULL,0,0,1,0,NULL,'Inventory'),(22,'SalesOrder',0,6,'SalesOrder',NULL,NULL,0,0,1,0,NULL,'Sales'),(23,'Invoice',1,-1,'Invoice',NULL,NULL,0,0,1,0,NULL,'Sales'),(24,'Rss',1,-1,'Rss',NULL,NULL,0,1,0,0,NULL,'Tools'),(25,'Reports',1,-1,'Reports',NULL,NULL,0,1,0,0,NULL,'Analytics'),(26,'Campaigns',1,-1,'Campaigns',NULL,NULL,0,0,1,0,NULL,'Marketing'),(27,'Portal',1,-1,'Portal',NULL,NULL,0,1,0,0,NULL,'Tools'),(28,'Webmails',0,-1,'Webmails',NULL,NULL,0,1,1,0,NULL,NULL),(29,'Users',0,-1,'Users',NULL,NULL,0,1,0,0,NULL,NULL),(30,'Import',0,-1,'Import',NULL,NULL,1,0,0,0,'1.7',''),(31,'MailManager',1,-1,'MailManager',NULL,NULL,1,0,0,0,'1.9','Tools'),(32,'Mobile',0,-1,'Mobile',NULL,NULL,1,0,0,0,'2.0',''),(33,'ModTracker',0,-1,'ModTracker',NULL,NULL,0,0,0,0,'1.2',''),(34,'PBXManager',1,-1,'PBXManager',NULL,NULL,1,0,1,0,'2.2','Tools'),(35,'ServiceContracts',1,-1,'Service Contracts',NULL,NULL,0,0,1,0,'2.4','Support'),(36,'Services',1,-1,'Services',NULL,NULL,0,0,1,0,'2.6','Inventory'),(37,'WSAPP',0,-1,'WSAPP',NULL,NULL,1,0,0,0,'3.4.4',''),(38,'Assets',1,-1,'Assets',NULL,NULL,0,0,1,0,'2.0','Inventory'),(39,'CustomerPortal',1,-1,'CustomerPortal',NULL,NULL,0,0,0,0,'1.4',''),(40,'EmailTemplates',1,-1,'Email Templates',NULL,NULL,1,0,0,0,'1.0','Tools'),(41,'Google',1,-1,'Google',NULL,NULL,0,0,0,0,'1.5',''),(42,'ModComments',1,-1,'Comments',NULL,NULL,0,0,1,0,'2.1','Tools'),(43,'ProjectMilestone',1,-1,'ProjectMilestone',NULL,NULL,0,0,1,0,'3.0','Support'),(44,'ProjectTask',1,-1,'ProjectTask',NULL,NULL,0,0,1,0,'3.1','Support'),(45,'Project',1,-1,'Project',NULL,NULL,0,0,1,0,'3.3','Support'),(46,'RecycleBin',1,-1,'Recycle Bin',NULL,NULL,0,0,0,0,'1.5','Tools'),(47,'SMSNotifier',1,-1,'SMSNotifier',NULL,NULL,0,0,1,0,'1.9','Tools'),(48,'Webforms',1,-1,'Webforms',NULL,NULL,0,0,0,0,'1.6',''),(49,'ExtensionStore',0,-1,'Extension Store',NULL,NULL,1,0,0,0,'1.1.4','Settings');
/*!40000 ALTER TABLE `vtiger_tab` ENABLE KEYS */;
UNLOCK TABLES;

--
-- Table structure for table `vtiger_tab_info`
--

DROP TABLE IF EXISTS `vtiger_tab_info`;
/*!40101 SET @saved_cs_client     = @@character_set_client */;
/*!40101 SET character_set_client = utf8 */;
CREATE TABLE `vtiger_tab_info` (
  `tabid` int(19) DEFAULT NULL,
  `prefname` varchar(256) DEFAULT NULL,
  `prefvalue` varchar(256) DEFAULT NULL
) ENGINE=InnoDB DEFAULT CHARSET=utf8;
/*!40101 SET character_set_client = @saved_cs_client */;

--
-- Dumping data for table `vtiger_tab_info`
--

LOCK TABLES `vtiger_tab_info` WRITE;
/*!40000 ALTER TABLE `vtiger_tab_info` DISABLE KEYS */;
INSERT INTO `vtiger_tab_info` VALUES (30,'vtiger_min_version','6.0.0rc'),(30,'vtiger_max_version','6.*'),(31,'vtiger_min_version','6.0.0RC'),(32,'vtiger_min_version','6.0.0rc'),(33,'vtiger_min_version','6.0.0rc'),(34,'vtiger_min_version','6.0.0'),(34,'vtiger_max_version','6.*'),(35,'vtiger_min_version','6.0.0rc'),(36,'vtiger_min_version','6.0.0rc'),(36,'vtiger_max_version','6.*'),(37,'vtiger_min_version','6.0.0rc'),(38,'vtiger_min_version','6.0.0rc'),(38,'vtiger_max_version','6.*'),(39,'vtiger_min_version','6.0.0rc'),(39,'vtiger_max_version','6.*'),(40,'vtiger_min_version','6.0.0rc'),(40,'vtiger_max_version','6.*'),(41,'vtiger_min_version','6.0.0rc'),(41,'vtiger_max_version','6.*'),(42,'vtiger_min_version','6.0.0rc'),(42,'vtiger_max_version','6.*'),(43,'vtiger_min_version','6.0.0rc'),(43,'vtiger_max_version','6.*'),(44,'vtiger_min_version','6.0.0rc'),(45,'vtiger_min_version','6.0.0rc'),(46,'vtiger_min_version','6.0.0rc'),(46,'vtiger_max_version','6.*'),(47,'vtiger_min_version','6.0.0rc'),(47,'vtiger_max_version','6.*'),(48,'vtiger_min_version','6.0.0rc'),(48,'vtiger_max_version','6.*'),(49,'vtiger_min_version','6.0.0'),(49,'vtiger_max_version','6.*');
/*!40000 ALTER TABLE `vtiger_tab_info` ENABLE KEYS */;
UNLOCK TABLES;

--
-- Table structure for table `vtiger_taskpriority`
--

DROP TABLE IF EXISTS `vtiger_taskpriority`;
/*!40101 SET @saved_cs_client     = @@character_set_client */;
/*!40101 SET character_set_client = utf8 */;
CREATE TABLE `vtiger_taskpriority` (
  `taskpriorityid` int(19) NOT NULL AUTO_INCREMENT,
  `taskpriority` varchar(200) DEFAULT NULL,
  `presence` int(1) NOT NULL DEFAULT '1',
  `picklist_valueid` int(19) NOT NULL DEFAULT '0',
  `sortorderid` int(11) DEFAULT NULL,
  PRIMARY KEY (`taskpriorityid`)
) ENGINE=InnoDB AUTO_INCREMENT=4 DEFAULT CHARSET=utf8;
/*!40101 SET character_set_client = @saved_cs_client */;

--
-- Dumping data for table `vtiger_taskpriority`
--

LOCK TABLES `vtiger_taskpriority` WRITE;
/*!40000 ALTER TABLE `vtiger_taskpriority` DISABLE KEYS */;
INSERT INTO `vtiger_taskpriority` VALUES (1,'High',1,170,0),(2,'Medium',1,171,1),(3,'Low',1,172,2);
/*!40000 ALTER TABLE `vtiger_taskpriority` ENABLE KEYS */;
UNLOCK TABLES;

--
-- Table structure for table `vtiger_taskpriority_seq`
--

DROP TABLE IF EXISTS `vtiger_taskpriority_seq`;
/*!40101 SET @saved_cs_client     = @@character_set_client */;
/*!40101 SET character_set_client = utf8 */;
CREATE TABLE `vtiger_taskpriority_seq` (
  `id` int(11) NOT NULL
) ENGINE=InnoDB DEFAULT CHARSET=utf8;
/*!40101 SET character_set_client = @saved_cs_client */;

--
-- Dumping data for table `vtiger_taskpriority_seq`
--

LOCK TABLES `vtiger_taskpriority_seq` WRITE;
/*!40000 ALTER TABLE `vtiger_taskpriority_seq` DISABLE KEYS */;
INSERT INTO `vtiger_taskpriority_seq` VALUES (3);
/*!40000 ALTER TABLE `vtiger_taskpriority_seq` ENABLE KEYS */;
UNLOCK TABLES;

--
-- Table structure for table `vtiger_taskstatus`
--

DROP TABLE IF EXISTS `vtiger_taskstatus`;
/*!40101 SET @saved_cs_client     = @@character_set_client */;
/*!40101 SET character_set_client = utf8 */;
CREATE TABLE `vtiger_taskstatus` (
  `taskstatusid` int(19) NOT NULL AUTO_INCREMENT,
  `taskstatus` varchar(200) DEFAULT NULL,
  `presence` int(1) NOT NULL DEFAULT '1',
  `picklist_valueid` int(19) NOT NULL DEFAULT '0',
  `sortorderid` int(11) DEFAULT NULL,
  PRIMARY KEY (`taskstatusid`)
) ENGINE=InnoDB AUTO_INCREMENT=7 DEFAULT CHARSET=utf8;
/*!40101 SET character_set_client = @saved_cs_client */;

--
-- Dumping data for table `vtiger_taskstatus`
--

LOCK TABLES `vtiger_taskstatus` WRITE;
/*!40000 ALTER TABLE `vtiger_taskstatus` DISABLE KEYS */;
INSERT INTO `vtiger_taskstatus` VALUES (1,'Not Started',0,173,0),(2,'In Progress',0,174,1),(3,'Completed',0,175,2),(4,'Pending Input',0,176,3),(5,'Deferred',0,177,4),(6,'Planned',0,178,5);
/*!40000 ALTER TABLE `vtiger_taskstatus` ENABLE KEYS */;
UNLOCK TABLES;

--
-- Table structure for table `vtiger_taskstatus_seq`
--

DROP TABLE IF EXISTS `vtiger_taskstatus_seq`;
/*!40101 SET @saved_cs_client     = @@character_set_client */;
/*!40101 SET character_set_client = utf8 */;
CREATE TABLE `vtiger_taskstatus_seq` (
  `id` int(11) NOT NULL
) ENGINE=InnoDB DEFAULT CHARSET=utf8;
/*!40101 SET character_set_client = @saved_cs_client */;

--
-- Dumping data for table `vtiger_taskstatus_seq`
--

LOCK TABLES `vtiger_taskstatus_seq` WRITE;
/*!40000 ALTER TABLE `vtiger_taskstatus_seq` DISABLE KEYS */;
INSERT INTO `vtiger_taskstatus_seq` VALUES (6);
/*!40000 ALTER TABLE `vtiger_taskstatus_seq` ENABLE KEYS */;
UNLOCK TABLES;

--
-- Table structure for table `vtiger_taxclass`
--

DROP TABLE IF EXISTS `vtiger_taxclass`;
/*!40101 SET @saved_cs_client     = @@character_set_client */;
/*!40101 SET character_set_client = utf8 */;
CREATE TABLE `vtiger_taxclass` (
  `taxclassid` int(19) NOT NULL AUTO_INCREMENT,
  `taxclass` varchar(200) NOT NULL,
  `sortorderid` int(19) NOT NULL DEFAULT '0',
  `presence` int(1) NOT NULL DEFAULT '1',
  PRIMARY KEY (`taxclassid`),
  UNIQUE KEY `taxclass_carrier_idx` (`taxclass`)
) ENGINE=InnoDB AUTO_INCREMENT=3 DEFAULT CHARSET=utf8;
/*!40101 SET character_set_client = @saved_cs_client */;

--
-- Dumping data for table `vtiger_taxclass`
--

LOCK TABLES `vtiger_taxclass` WRITE;
/*!40000 ALTER TABLE `vtiger_taxclass` DISABLE KEYS */;
INSERT INTO `vtiger_taxclass` VALUES (1,'SalesTax',0,1),(2,'Vat',1,1);
/*!40000 ALTER TABLE `vtiger_taxclass` ENABLE KEYS */;
UNLOCK TABLES;

--
-- Table structure for table `vtiger_taxclass_seq`
--

DROP TABLE IF EXISTS `vtiger_taxclass_seq`;
/*!40101 SET @saved_cs_client     = @@character_set_client */;
/*!40101 SET character_set_client = utf8 */;
CREATE TABLE `vtiger_taxclass_seq` (
  `id` int(11) NOT NULL
) ENGINE=InnoDB DEFAULT CHARSET=utf8;
/*!40101 SET character_set_client = @saved_cs_client */;

--
-- Dumping data for table `vtiger_taxclass_seq`
--

LOCK TABLES `vtiger_taxclass_seq` WRITE;
/*!40000 ALTER TABLE `vtiger_taxclass_seq` DISABLE KEYS */;
INSERT INTO `vtiger_taxclass_seq` VALUES (2);
/*!40000 ALTER TABLE `vtiger_taxclass_seq` ENABLE KEYS */;
UNLOCK TABLES;

--
-- Table structure for table `vtiger_ticketcategories`
--

DROP TABLE IF EXISTS `vtiger_ticketcategories`;
/*!40101 SET @saved_cs_client     = @@character_set_client */;
/*!40101 SET character_set_client = utf8 */;
CREATE TABLE `vtiger_ticketcategories` (
  `ticketcategories_id` int(19) NOT NULL AUTO_INCREMENT,
  `ticketcategories` varchar(200) DEFAULT NULL,
  `presence` int(1) NOT NULL DEFAULT '0',
  `picklist_valueid` int(19) NOT NULL DEFAULT '0',
  `sortorderid` int(11) DEFAULT NULL,
  PRIMARY KEY (`ticketcategories_id`)
) ENGINE=InnoDB AUTO_INCREMENT=4 DEFAULT CHARSET=utf8;
/*!40101 SET character_set_client = @saved_cs_client */;

--
-- Dumping data for table `vtiger_ticketcategories`
--

LOCK TABLES `vtiger_ticketcategories` WRITE;
/*!40000 ALTER TABLE `vtiger_ticketcategories` DISABLE KEYS */;
INSERT INTO `vtiger_ticketcategories` VALUES (1,'Big Problem',1,179,0),(2,'Small Problem',1,180,1),(3,'Other Problem',1,181,2);
/*!40000 ALTER TABLE `vtiger_ticketcategories` ENABLE KEYS */;
UNLOCK TABLES;

--
-- Table structure for table `vtiger_ticketcategories_seq`
--

DROP TABLE IF EXISTS `vtiger_ticketcategories_seq`;
/*!40101 SET @saved_cs_client     = @@character_set_client */;
/*!40101 SET character_set_client = utf8 */;
CREATE TABLE `vtiger_ticketcategories_seq` (
  `id` int(11) NOT NULL
) ENGINE=InnoDB DEFAULT CHARSET=utf8;
/*!40101 SET character_set_client = @saved_cs_client */;

--
-- Dumping data for table `vtiger_ticketcategories_seq`
--

LOCK TABLES `vtiger_ticketcategories_seq` WRITE;
/*!40000 ALTER TABLE `vtiger_ticketcategories_seq` DISABLE KEYS */;
INSERT INTO `vtiger_ticketcategories_seq` VALUES (3);
/*!40000 ALTER TABLE `vtiger_ticketcategories_seq` ENABLE KEYS */;
UNLOCK TABLES;

--
-- Table structure for table `vtiger_ticketcf`
--

DROP TABLE IF EXISTS `vtiger_ticketcf`;
/*!40101 SET @saved_cs_client     = @@character_set_client */;
/*!40101 SET character_set_client = utf8 */;
CREATE TABLE `vtiger_ticketcf` (
  `ticketid` int(19) NOT NULL DEFAULT '0',
  `from_portal` varchar(3) DEFAULT NULL,
  PRIMARY KEY (`ticketid`)
) ENGINE=InnoDB DEFAULT CHARSET=utf8;
/*!40101 SET character_set_client = @saved_cs_client */;

--
-- Dumping data for table `vtiger_ticketcf`
--

LOCK TABLES `vtiger_ticketcf` WRITE;
/*!40000 ALTER TABLE `vtiger_ticketcf` DISABLE KEYS */;
/*!40000 ALTER TABLE `vtiger_ticketcf` ENABLE KEYS */;
UNLOCK TABLES;

--
-- Table structure for table `vtiger_ticketcomments`
--

DROP TABLE IF EXISTS `vtiger_ticketcomments`;
/*!40101 SET @saved_cs_client     = @@character_set_client */;
/*!40101 SET character_set_client = utf8 */;
CREATE TABLE `vtiger_ticketcomments` (
  `commentid` int(19) NOT NULL AUTO_INCREMENT,
  `ticketid` int(19) DEFAULT NULL,
  `comments` text,
  `ownerid` int(19) NOT NULL DEFAULT '0',
  `ownertype` varchar(10) DEFAULT NULL,
  `createdtime` datetime NOT NULL,
  PRIMARY KEY (`commentid`),
  KEY `ticketcomments_ticketid_idx` (`ticketid`)
) ENGINE=InnoDB DEFAULT CHARSET=utf8;
/*!40101 SET character_set_client = @saved_cs_client */;

--
-- Dumping data for table `vtiger_ticketcomments`
--

LOCK TABLES `vtiger_ticketcomments` WRITE;
/*!40000 ALTER TABLE `vtiger_ticketcomments` DISABLE KEYS */;
/*!40000 ALTER TABLE `vtiger_ticketcomments` ENABLE KEYS */;
UNLOCK TABLES;

--
-- Table structure for table `vtiger_ticketpriorities`
--

DROP TABLE IF EXISTS `vtiger_ticketpriorities`;
/*!40101 SET @saved_cs_client     = @@character_set_client */;
/*!40101 SET character_set_client = utf8 */;
CREATE TABLE `vtiger_ticketpriorities` (
  `ticketpriorities_id` int(19) NOT NULL AUTO_INCREMENT,
  `ticketpriorities` varchar(200) DEFAULT NULL,
  `presence` int(1) NOT NULL DEFAULT '0',
  `picklist_valueid` int(19) NOT NULL DEFAULT '0',
  `sortorderid` int(11) DEFAULT NULL,
  PRIMARY KEY (`ticketpriorities_id`)
) ENGINE=InnoDB AUTO_INCREMENT=5 DEFAULT CHARSET=utf8;
/*!40101 SET character_set_client = @saved_cs_client */;

--
-- Dumping data for table `vtiger_ticketpriorities`
--

LOCK TABLES `vtiger_ticketpriorities` WRITE;
/*!40000 ALTER TABLE `vtiger_ticketpriorities` DISABLE KEYS */;
INSERT INTO `vtiger_ticketpriorities` VALUES (1,'Low',1,182,0),(2,'Normal',1,183,1),(3,'High',1,184,2),(4,'Urgent',1,185,3);
/*!40000 ALTER TABLE `vtiger_ticketpriorities` ENABLE KEYS */;
UNLOCK TABLES;

--
-- Table structure for table `vtiger_ticketpriorities_seq`
--

DROP TABLE IF EXISTS `vtiger_ticketpriorities_seq`;
/*!40101 SET @saved_cs_client     = @@character_set_client */;
/*!40101 SET character_set_client = utf8 */;
CREATE TABLE `vtiger_ticketpriorities_seq` (
  `id` int(11) NOT NULL
) ENGINE=InnoDB DEFAULT CHARSET=utf8;
/*!40101 SET character_set_client = @saved_cs_client */;

--
-- Dumping data for table `vtiger_ticketpriorities_seq`
--

LOCK TABLES `vtiger_ticketpriorities_seq` WRITE;
/*!40000 ALTER TABLE `vtiger_ticketpriorities_seq` DISABLE KEYS */;
INSERT INTO `vtiger_ticketpriorities_seq` VALUES (4);
/*!40000 ALTER TABLE `vtiger_ticketpriorities_seq` ENABLE KEYS */;
UNLOCK TABLES;

--
-- Table structure for table `vtiger_ticketseverities`
--

DROP TABLE IF EXISTS `vtiger_ticketseverities`;
/*!40101 SET @saved_cs_client     = @@character_set_client */;
/*!40101 SET character_set_client = utf8 */;
CREATE TABLE `vtiger_ticketseverities` (
  `ticketseverities_id` int(19) NOT NULL AUTO_INCREMENT,
  `ticketseverities` varchar(200) DEFAULT NULL,
  `presence` int(1) NOT NULL DEFAULT '0',
  `picklist_valueid` int(19) NOT NULL DEFAULT '0',
  `sortorderid` int(11) DEFAULT NULL,
  PRIMARY KEY (`ticketseverities_id`)
) ENGINE=InnoDB AUTO_INCREMENT=5 DEFAULT CHARSET=utf8;
/*!40101 SET character_set_client = @saved_cs_client */;

--
-- Dumping data for table `vtiger_ticketseverities`
--

LOCK TABLES `vtiger_ticketseverities` WRITE;
/*!40000 ALTER TABLE `vtiger_ticketseverities` DISABLE KEYS */;
INSERT INTO `vtiger_ticketseverities` VALUES (1,'Minor',1,186,0),(2,'Major',1,187,1),(3,'Feature',1,188,2),(4,'Critical',1,189,3);
/*!40000 ALTER TABLE `vtiger_ticketseverities` ENABLE KEYS */;
UNLOCK TABLES;

--
-- Table structure for table `vtiger_ticketseverities_seq`
--

DROP TABLE IF EXISTS `vtiger_ticketseverities_seq`;
/*!40101 SET @saved_cs_client     = @@character_set_client */;
/*!40101 SET character_set_client = utf8 */;
CREATE TABLE `vtiger_ticketseverities_seq` (
  `id` int(11) NOT NULL
) ENGINE=InnoDB DEFAULT CHARSET=utf8;
/*!40101 SET character_set_client = @saved_cs_client */;

--
-- Dumping data for table `vtiger_ticketseverities_seq`
--

LOCK TABLES `vtiger_ticketseverities_seq` WRITE;
/*!40000 ALTER TABLE `vtiger_ticketseverities_seq` DISABLE KEYS */;
INSERT INTO `vtiger_ticketseverities_seq` VALUES (4);
/*!40000 ALTER TABLE `vtiger_ticketseverities_seq` ENABLE KEYS */;
UNLOCK TABLES;

--
-- Table structure for table `vtiger_ticketstatus`
--

DROP TABLE IF EXISTS `vtiger_ticketstatus`;
/*!40101 SET @saved_cs_client     = @@character_set_client */;
/*!40101 SET character_set_client = utf8 */;
CREATE TABLE `vtiger_ticketstatus` (
  `ticketstatus_id` int(19) NOT NULL AUTO_INCREMENT,
  `ticketstatus` varchar(200) DEFAULT NULL,
  `presence` int(1) NOT NULL DEFAULT '0',
  `picklist_valueid` int(19) NOT NULL DEFAULT '0',
  `sortorderid` int(11) DEFAULT NULL,
  PRIMARY KEY (`ticketstatus_id`)
) ENGINE=InnoDB AUTO_INCREMENT=5 DEFAULT CHARSET=utf8;
/*!40101 SET character_set_client = @saved_cs_client */;

--
-- Dumping data for table `vtiger_ticketstatus`
--

LOCK TABLES `vtiger_ticketstatus` WRITE;
/*!40000 ALTER TABLE `vtiger_ticketstatus` DISABLE KEYS */;
INSERT INTO `vtiger_ticketstatus` VALUES (1,'Open',0,190,0),(2,'In Progress',0,191,1),(3,'Wait For Response',0,192,2),(4,'Closed',0,193,3);
/*!40000 ALTER TABLE `vtiger_ticketstatus` ENABLE KEYS */;
UNLOCK TABLES;

--
-- Table structure for table `vtiger_ticketstatus_seq`
--

DROP TABLE IF EXISTS `vtiger_ticketstatus_seq`;
/*!40101 SET @saved_cs_client     = @@character_set_client */;
/*!40101 SET character_set_client = utf8 */;
CREATE TABLE `vtiger_ticketstatus_seq` (
  `id` int(11) NOT NULL
) ENGINE=InnoDB DEFAULT CHARSET=utf8;
/*!40101 SET character_set_client = @saved_cs_client */;

--
-- Dumping data for table `vtiger_ticketstatus_seq`
--

LOCK TABLES `vtiger_ticketstatus_seq` WRITE;
/*!40000 ALTER TABLE `vtiger_ticketstatus_seq` DISABLE KEYS */;
INSERT INTO `vtiger_ticketstatus_seq` VALUES (4);
/*!40000 ALTER TABLE `vtiger_ticketstatus_seq` ENABLE KEYS */;
UNLOCK TABLES;

--
-- Table structure for table `vtiger_time_zone`
--

DROP TABLE IF EXISTS `vtiger_time_zone`;
/*!40101 SET @saved_cs_client     = @@character_set_client */;
/*!40101 SET character_set_client = utf8 */;
CREATE TABLE `vtiger_time_zone` (
  `time_zoneid` int(19) NOT NULL AUTO_INCREMENT,
  `time_zone` varchar(200) NOT NULL,
  `sortorderid` int(19) NOT NULL DEFAULT '0',
  `presence` int(1) NOT NULL DEFAULT '1',
  PRIMARY KEY (`time_zoneid`)
) ENGINE=InnoDB AUTO_INCREMENT=97 DEFAULT CHARSET=utf8;
/*!40101 SET character_set_client = @saved_cs_client */;

--
-- Dumping data for table `vtiger_time_zone`
--

LOCK TABLES `vtiger_time_zone` WRITE;
/*!40000 ALTER TABLE `vtiger_time_zone` DISABLE KEYS */;
INSERT INTO `vtiger_time_zone` VALUES (1,'Pacific/Midway',0,1),(2,'Pacific/Samoa',1,1),(3,'Pacific/Honolulu',2,1),(4,'America/Anchorage',3,1),(5,'America/Los_Angeles',4,1),(6,'America/Tijuana',5,1),(7,'America/Denver',6,1),(8,'America/Chihuahua',7,1),(9,'America/Mazatlan',8,1),(10,'America/Phoenix',9,1),(11,'America/Regina',10,1),(12,'America/Tegucigalpa',11,1),(13,'America/Chicago',12,1),(14,'America/Mexico_City',13,1),(15,'America/Monterrey',14,1),(16,'America/New_York',15,1),(17,'America/Bogota',16,1),(18,'America/Lima',17,1),(19,'America/Rio_Branco',18,1),(20,'America/Indiana/Indianapolis',19,1),(21,'America/Caracas',20,1),(22,'America/Halifax',21,1),(23,'America/Manaus',22,1),(24,'America/Santiago',23,1),(25,'America/La_Paz',24,1),(26,'America/Cuiaba',25,1),(27,'America/Asuncion',26,1),(28,'America/St_Johns',27,1),(29,'America/Argentina/Buenos_Aires',28,1),(30,'America/Sao_Paulo',29,1),(31,'America/Godthab',30,1),(32,'America/Montevideo',31,1),(33,'Atlantic/South_Georgia',32,1),(34,'Atlantic/Azores',33,1),(35,'Atlantic/Cape_Verde',34,1),(36,'Europe/London',35,1),(37,'UTC',36,1),(38,'Africa/Monrovia',37,1),(39,'Africa/Casablanca',38,1),(40,'Europe/Belgrade',39,1),(41,'Europe/Sarajevo',40,1),(42,'Europe/Brussels',41,1),(43,'Africa/Algiers',42,1),(44,'Europe/Amsterdam',43,1),(45,'Europe/Minsk',44,1),(46,'Africa/Cairo',45,1),(47,'Europe/Helsinki',46,1),(48,'Europe/Athens',47,1),(49,'Europe/Istanbul',48,1),(50,'Asia/Jerusalem',49,1),(51,'Asia/Amman',50,1),(52,'Asia/Beirut',51,1),(53,'Africa/Windhoek',52,1),(54,'Africa/Harare',53,1),(55,'Asia/Kuwait',54,1),(56,'Asia/Baghdad',55,1),(57,'Africa/Nairobi',56,1),(58,'Asia/Tehran',57,1),(59,'Asia/Tbilisi',58,1),(60,'Europe/Moscow',59,1),(61,'Asia/Muscat',60,1),(62,'Asia/Baku',61,1),(63,'Asia/Yerevan',62,1),(64,'Asia/Karachi',63,1),(65,'Asia/Tashkent',64,1),(66,'Asia/Kolkata',65,1),(67,'Asia/Colombo',66,1),(68,'Asia/Katmandu',67,1),(69,'Asia/Dhaka',68,1),(70,'Asia/Almaty',69,1),(71,'Asia/Yekaterinburg',70,1),(72,'Asia/Rangoon',71,1),(73,'Asia/Novosibirsk',72,1),(74,'Asia/Bangkok',73,1),(75,'Asia/Brunei',74,1),(76,'Asia/Krasnoyarsk',75,1),(77,'Asia/Ulaanbaatar',76,1),(78,'Asia/Kuala_Lumpur',77,1),(79,'Asia/Taipei',78,1),(80,'Australia/Perth',79,1),(81,'Asia/Irkutsk',80,1),(82,'Asia/Seoul',81,1),(83,'Asia/Tokyo',82,1),(84,'Australia/Darwin',83,1),(85,'Australia/Adelaide',84,1),(86,'Australia/Canberra',85,1),(87,'Australia/Brisbane',86,1),(88,'Australia/Hobart',87,1),(89,'Asia/Vladivostok',88,1),(90,'Pacific/Guam',89,1),(91,'Asia/Yakutsk',90,1),(92,'Pacific/Fiji',91,1),(93,'Asia/Kamchatka',92,1),(94,'Pacific/Auckland',93,1),(95,'Asia/Magadan',94,1),(96,'Pacific/Tongatapu',95,1);
/*!40000 ALTER TABLE `vtiger_time_zone` ENABLE KEYS */;
UNLOCK TABLES;

--
-- Table structure for table `vtiger_time_zone_seq`
--

DROP TABLE IF EXISTS `vtiger_time_zone_seq`;
/*!40101 SET @saved_cs_client     = @@character_set_client */;
/*!40101 SET character_set_client = utf8 */;
CREATE TABLE `vtiger_time_zone_seq` (
  `id` int(11) NOT NULL
) ENGINE=InnoDB DEFAULT CHARSET=utf8;
/*!40101 SET character_set_client = @saved_cs_client */;

--
-- Dumping data for table `vtiger_time_zone_seq`
--

LOCK TABLES `vtiger_time_zone_seq` WRITE;
/*!40000 ALTER TABLE `vtiger_time_zone_seq` DISABLE KEYS */;
INSERT INTO `vtiger_time_zone_seq` VALUES (96);
/*!40000 ALTER TABLE `vtiger_time_zone_seq` ENABLE KEYS */;
UNLOCK TABLES;

--
-- Table structure for table `vtiger_tmp_read_group_rel_sharing_per`
--

DROP TABLE IF EXISTS `vtiger_tmp_read_group_rel_sharing_per`;
/*!40101 SET @saved_cs_client     = @@character_set_client */;
/*!40101 SET character_set_client = utf8 */;
CREATE TABLE `vtiger_tmp_read_group_rel_sharing_per` (
  `userid` int(11) NOT NULL,
  `tabid` int(11) NOT NULL,
  `relatedtabid` int(11) NOT NULL,
  `sharedgroupid` int(11) NOT NULL,
  PRIMARY KEY (`userid`,`tabid`,`relatedtabid`,`sharedgroupid`),
  KEY `tmp_read_group_rel_sharing_per_userid_sharedgroupid_tabid` (`userid`,`sharedgroupid`,`tabid`)
) ENGINE=InnoDB DEFAULT CHARSET=utf8;
/*!40101 SET character_set_client = @saved_cs_client */;

--
-- Dumping data for table `vtiger_tmp_read_group_rel_sharing_per`
--

LOCK TABLES `vtiger_tmp_read_group_rel_sharing_per` WRITE;
/*!40000 ALTER TABLE `vtiger_tmp_read_group_rel_sharing_per` DISABLE KEYS */;
/*!40000 ALTER TABLE `vtiger_tmp_read_group_rel_sharing_per` ENABLE KEYS */;
UNLOCK TABLES;

--
-- Table structure for table `vtiger_tmp_read_group_sharing_per`
--

DROP TABLE IF EXISTS `vtiger_tmp_read_group_sharing_per`;
/*!40101 SET @saved_cs_client     = @@character_set_client */;
/*!40101 SET character_set_client = utf8 */;
CREATE TABLE `vtiger_tmp_read_group_sharing_per` (
  `userid` int(11) NOT NULL,
  `tabid` int(11) NOT NULL,
  `sharedgroupid` int(11) NOT NULL,
  PRIMARY KEY (`userid`,`tabid`,`sharedgroupid`),
  KEY `tmp_read_group_sharing_per_userid_sharedgroupid_idx` (`userid`,`sharedgroupid`)
) ENGINE=InnoDB DEFAULT CHARSET=utf8;
/*!40101 SET character_set_client = @saved_cs_client */;

--
-- Dumping data for table `vtiger_tmp_read_group_sharing_per`
--

LOCK TABLES `vtiger_tmp_read_group_sharing_per` WRITE;
/*!40000 ALTER TABLE `vtiger_tmp_read_group_sharing_per` DISABLE KEYS */;
/*!40000 ALTER TABLE `vtiger_tmp_read_group_sharing_per` ENABLE KEYS */;
UNLOCK TABLES;

--
-- Table structure for table `vtiger_tmp_read_user_rel_sharing_per`
--

DROP TABLE IF EXISTS `vtiger_tmp_read_user_rel_sharing_per`;
/*!40101 SET @saved_cs_client     = @@character_set_client */;
/*!40101 SET character_set_client = utf8 */;
CREATE TABLE `vtiger_tmp_read_user_rel_sharing_per` (
  `userid` int(11) NOT NULL,
  `tabid` int(11) NOT NULL,
  `relatedtabid` int(11) NOT NULL,
  `shareduserid` int(11) NOT NULL,
  PRIMARY KEY (`userid`,`tabid`,`relatedtabid`,`shareduserid`),
  KEY `tmp_read_user_rel_sharing_per_userid_shared_reltabid_idx` (`userid`,`shareduserid`,`relatedtabid`)
) ENGINE=InnoDB DEFAULT CHARSET=utf8;
/*!40101 SET character_set_client = @saved_cs_client */;

--
-- Dumping data for table `vtiger_tmp_read_user_rel_sharing_per`
--

LOCK TABLES `vtiger_tmp_read_user_rel_sharing_per` WRITE;
/*!40000 ALTER TABLE `vtiger_tmp_read_user_rel_sharing_per` DISABLE KEYS */;
INSERT INTO `vtiger_tmp_read_user_rel_sharing_per` VALUES (7,6,2,7),(7,2,20,7),(7,6,20,7),(7,2,22,7),(7,6,22,7),(7,20,22,7),(7,6,23,7),(7,22,23,7),(7,6,2,9),(7,2,20,9),(7,6,20,9),(7,2,22,9),(7,6,22,9),(7,20,22,9),(7,6,23,9),(7,22,23,9),(7,6,2,10),(7,2,20,10),(7,6,20,10),(7,2,22,10),(7,6,22,10),(7,20,22,10),(7,6,23,10),(7,22,23,10),(8,6,2,8),(8,2,20,8),(8,6,20,8),(8,2,22,8),(8,6,22,8),(8,20,22,8),(8,6,23,8),(8,22,23,8),(8,6,2,11),(8,2,20,11),(8,6,20,11),(8,2,22,11),(8,6,22,11),(8,20,22,11),(8,6,23,11),(8,22,23,11),(8,6,2,12),(8,2,20,12),(8,6,20,12),(8,2,22,12),(8,6,22,12),(8,20,22,12),(8,6,23,12),(8,22,23,12),(9,6,2,7),(9,2,20,7),(9,6,20,7),(9,2,22,7),(9,6,22,7),(9,20,22,7),(9,6,23,7),(9,22,23,7),(9,6,2,9),(9,2,20,9),(9,6,20,9),(9,2,22,9),(9,6,22,9),(9,20,22,9),(9,6,23,9),(9,22,23,9),(9,6,2,10),(9,2,20,10),(9,6,20,10),(9,2,22,10),(9,6,22,10),(9,20,22,10),(9,6,23,10),(9,22,23,10),(10,6,2,7),(10,2,20,7),(10,6,20,7),(10,2,22,7),(10,6,22,7),(10,20,22,7),(10,6,23,7),(10,22,23,7),(10,6,2,9),(10,2,20,9),(10,6,20,9),(10,2,22,9),(10,6,22,9),(10,20,22,9),(10,6,23,9),(10,22,23,9),(10,6,2,10),(10,2,20,10),(10,6,20,10),(10,2,22,10),(10,6,22,10),(10,20,22,10),(10,6,23,10),(10,22,23,10),(11,6,2,8),(11,2,20,8),(11,6,20,8),(11,2,22,8),(11,6,22,8),(11,20,22,8),(11,6,23,8),(11,22,23,8),(11,6,2,11),(11,2,20,11),(11,6,20,11),(11,2,22,11),(11,6,22,11),(11,20,22,11),(11,6,23,11),(11,22,23,11),(11,6,2,12),(11,2,20,12),(11,6,20,12),(11,2,22,12),(11,6,22,12),(11,20,22,12),(11,6,23,12),(11,22,23,12),(12,6,2,8),(12,2,20,8),(12,6,20,8),(12,2,22,8),(12,6,22,8),(12,20,22,8),(12,6,23,8),(12,22,23,8),(12,6,2,11),(12,2,20,11),(12,6,20,11),(12,2,22,11),(12,6,22,11),(12,20,22,11),(12,6,23,11),(12,22,23,11),(12,6,2,12),(12,2,20,12),(12,6,20,12),(12,2,22,12),(12,6,22,12),(12,20,22,12),(12,6,23,12),(12,22,23,12);
/*!40000 ALTER TABLE `vtiger_tmp_read_user_rel_sharing_per` ENABLE KEYS */;
UNLOCK TABLES;

--
-- Table structure for table `vtiger_tmp_read_user_sharing_per`
--

DROP TABLE IF EXISTS `vtiger_tmp_read_user_sharing_per`;
/*!40101 SET @saved_cs_client     = @@character_set_client */;
/*!40101 SET character_set_client = utf8 */;
CREATE TABLE `vtiger_tmp_read_user_sharing_per` (
  `userid` int(11) NOT NULL,
  `tabid` int(11) NOT NULL,
  `shareduserid` int(11) NOT NULL,
  PRIMARY KEY (`userid`,`tabid`,`shareduserid`),
  KEY `tmp_read_user_sharing_per_userid_shareduserid_idx` (`userid`,`shareduserid`)
) ENGINE=InnoDB DEFAULT CHARSET=utf8;
/*!40101 SET character_set_client = @saved_cs_client */;

--
-- Dumping data for table `vtiger_tmp_read_user_sharing_per`
--

LOCK TABLES `vtiger_tmp_read_user_sharing_per` WRITE;
/*!40000 ALTER TABLE `vtiger_tmp_read_user_sharing_per` DISABLE KEYS */;
INSERT INTO `vtiger_tmp_read_user_sharing_per` VALUES (7,2,7),(7,4,7),(7,6,7),(7,7,7),(7,20,7),(7,22,7),(7,2,9),(7,4,9),(7,6,9),(7,7,9),(7,20,9),(7,22,9),(7,2,10),(7,4,10),(7,6,10),(7,7,10),(7,20,10),(7,22,10),(8,2,8),(8,4,8),(8,6,8),(8,7,8),(8,20,8),(8,22,8),(8,2,11),(8,4,11),(8,6,11),(8,7,11),(8,20,11),(8,22,11),(8,2,12),(8,4,12),(8,6,12),(8,7,12),(8,20,12),(8,22,12),(9,2,7),(9,4,7),(9,6,7),(9,7,7),(9,20,7),(9,22,7),(9,2,9),(9,4,9),(9,6,9),(9,7,9),(9,20,9),(9,22,9),(9,2,10),(9,4,10),(9,6,10),(9,7,10),(9,20,10),(9,22,10),(10,2,7),(10,4,7),(10,6,7),(10,7,7),(10,20,7),(10,22,7),(10,2,9),(10,4,9),(10,6,9),(10,7,9),(10,20,9),(10,22,9),(10,2,10),(10,4,10),(10,6,10),(10,7,10),(10,20,10),(10,22,10),(11,2,8),(11,4,8),(11,6,8),(11,7,8),(11,20,8),(11,22,8),(11,2,11),(11,4,11),(11,6,11),(11,7,11),(11,20,11),(11,22,11),(11,2,12),(11,4,12),(11,6,12),(11,7,12),(11,20,12),(11,22,12),(12,2,8),(12,4,8),(12,6,8),(12,7,8),(12,20,8),(12,22,8),(12,2,11),(12,4,11),(12,6,11),(12,7,11),(12,20,11),(12,22,11),(12,2,12),(12,4,12),(12,6,12),(12,7,12),(12,20,12),(12,22,12);
/*!40000 ALTER TABLE `vtiger_tmp_read_user_sharing_per` ENABLE KEYS */;
UNLOCK TABLES;

--
-- Table structure for table `vtiger_tmp_write_group_rel_sharing_per`
--

DROP TABLE IF EXISTS `vtiger_tmp_write_group_rel_sharing_per`;
/*!40101 SET @saved_cs_client     = @@character_set_client */;
/*!40101 SET character_set_client = utf8 */;
CREATE TABLE `vtiger_tmp_write_group_rel_sharing_per` (
  `userid` int(11) NOT NULL,
  `tabid` int(11) NOT NULL,
  `relatedtabid` int(11) NOT NULL,
  `sharedgroupid` int(11) NOT NULL,
  PRIMARY KEY (`userid`,`tabid`,`relatedtabid`,`sharedgroupid`),
  KEY `tmp_write_group_rel_sharing_per_userid_sharedgroupid_tabid_idx` (`userid`,`sharedgroupid`,`tabid`)
) ENGINE=InnoDB DEFAULT CHARSET=utf8;
/*!40101 SET character_set_client = @saved_cs_client */;

--
-- Dumping data for table `vtiger_tmp_write_group_rel_sharing_per`
--

LOCK TABLES `vtiger_tmp_write_group_rel_sharing_per` WRITE;
/*!40000 ALTER TABLE `vtiger_tmp_write_group_rel_sharing_per` DISABLE KEYS */;
/*!40000 ALTER TABLE `vtiger_tmp_write_group_rel_sharing_per` ENABLE KEYS */;
UNLOCK TABLES;

--
-- Table structure for table `vtiger_tmp_write_group_sharing_per`
--

DROP TABLE IF EXISTS `vtiger_tmp_write_group_sharing_per`;
/*!40101 SET @saved_cs_client     = @@character_set_client */;
/*!40101 SET character_set_client = utf8 */;
CREATE TABLE `vtiger_tmp_write_group_sharing_per` (
  `userid` int(11) NOT NULL,
  `tabid` int(11) NOT NULL,
  `sharedgroupid` int(11) NOT NULL,
  PRIMARY KEY (`userid`,`tabid`,`sharedgroupid`),
  KEY `tmp_write_group_sharing_per_UK1` (`userid`,`sharedgroupid`)
) ENGINE=InnoDB DEFAULT CHARSET=utf8;
/*!40101 SET character_set_client = @saved_cs_client */;

--
-- Dumping data for table `vtiger_tmp_write_group_sharing_per`
--

LOCK TABLES `vtiger_tmp_write_group_sharing_per` WRITE;
/*!40000 ALTER TABLE `vtiger_tmp_write_group_sharing_per` DISABLE KEYS */;
/*!40000 ALTER TABLE `vtiger_tmp_write_group_sharing_per` ENABLE KEYS */;
UNLOCK TABLES;

--
-- Table structure for table `vtiger_tmp_write_user_rel_sharing_per`
--

DROP TABLE IF EXISTS `vtiger_tmp_write_user_rel_sharing_per`;
/*!40101 SET @saved_cs_client     = @@character_set_client */;
/*!40101 SET character_set_client = utf8 */;
CREATE TABLE `vtiger_tmp_write_user_rel_sharing_per` (
  `userid` int(11) NOT NULL,
  `tabid` int(11) NOT NULL,
  `relatedtabid` int(11) NOT NULL,
  `shareduserid` int(11) NOT NULL,
  PRIMARY KEY (`userid`,`tabid`,`relatedtabid`,`shareduserid`),
  KEY `tmp_write_user_rel_sharing_per_userid_sharduserid_tabid_idx` (`userid`,`shareduserid`,`tabid`)
) ENGINE=InnoDB DEFAULT CHARSET=utf8;
/*!40101 SET character_set_client = @saved_cs_client */;

--
-- Dumping data for table `vtiger_tmp_write_user_rel_sharing_per`
--

LOCK TABLES `vtiger_tmp_write_user_rel_sharing_per` WRITE;
/*!40000 ALTER TABLE `vtiger_tmp_write_user_rel_sharing_per` DISABLE KEYS */;
/*!40000 ALTER TABLE `vtiger_tmp_write_user_rel_sharing_per` ENABLE KEYS */;
UNLOCK TABLES;

--
-- Table structure for table `vtiger_tmp_write_user_sharing_per`
--

DROP TABLE IF EXISTS `vtiger_tmp_write_user_sharing_per`;
/*!40101 SET @saved_cs_client     = @@character_set_client */;
/*!40101 SET character_set_client = utf8 */;
CREATE TABLE `vtiger_tmp_write_user_sharing_per` (
  `userid` int(11) NOT NULL,
  `tabid` int(11) NOT NULL,
  `shareduserid` int(11) NOT NULL,
  PRIMARY KEY (`userid`,`tabid`,`shareduserid`),
  KEY `tmp_write_user_sharing_per_userid_shareduserid_idx` (`userid`,`shareduserid`)
) ENGINE=InnoDB DEFAULT CHARSET=utf8;
/*!40101 SET character_set_client = @saved_cs_client */;

--
-- Dumping data for table `vtiger_tmp_write_user_sharing_per`
--

LOCK TABLES `vtiger_tmp_write_user_sharing_per` WRITE;
/*!40000 ALTER TABLE `vtiger_tmp_write_user_sharing_per` DISABLE KEYS */;
INSERT INTO `vtiger_tmp_write_user_sharing_per` VALUES (7,2,7),(7,4,7),(7,6,7),(7,7,7),(7,20,7),(7,22,7),(7,2,9),(7,4,9),(7,6,9),(7,7,9),(7,20,9),(7,22,9),(7,2,10),(7,4,10),(7,6,10),(7,7,10),(7,20,10),(7,22,10),(8,2,8),(8,4,8),(8,6,8),(8,7,8),(8,20,8),(8,22,8),(8,2,11),(8,4,11),(8,6,11),(8,7,11),(8,20,11),(8,22,11),(8,2,12),(8,4,12),(8,6,12),(8,7,12),(8,20,12),(8,22,12),(9,2,7),(9,4,7),(9,6,7),(9,7,7),(9,20,7),(9,22,7),(9,2,9),(9,4,9),(9,6,9),(9,7,9),(9,20,9),(9,22,9),(9,2,10),(9,4,10),(9,6,10),(9,7,10),(9,20,10),(9,22,10),(10,2,7),(10,4,7),(10,6,7),(10,7,7),(10,20,7),(10,22,7),(10,2,9),(10,4,9),(10,6,9),(10,7,9),(10,20,9),(10,22,9),(10,2,10),(10,4,10),(10,6,10),(10,7,10),(10,20,10),(10,22,10),(11,2,8),(11,4,8),(11,6,8),(11,7,8),(11,20,8),(11,22,8),(11,2,11),(11,4,11),(11,6,11),(11,7,11),(11,20,11),(11,22,11),(11,2,12),(11,4,12),(11,6,12),(11,7,12),(11,20,12),(11,22,12),(12,2,8),(12,4,8),(12,6,8),(12,7,8),(12,20,8),(12,22,8),(12,2,11),(12,4,11),(12,6,11),(12,7,11),(12,20,11),(12,22,11),(12,2,12),(12,4,12),(12,6,12),(12,7,12),(12,20,12),(12,22,12);
/*!40000 ALTER TABLE `vtiger_tmp_write_user_sharing_per` ENABLE KEYS */;
UNLOCK TABLES;

--
-- Table structure for table `vtiger_tracker`
--

DROP TABLE IF EXISTS `vtiger_tracker`;
/*!40101 SET @saved_cs_client     = @@character_set_client */;
/*!40101 SET character_set_client = utf8 */;
CREATE TABLE `vtiger_tracker` (
  `id` int(11) NOT NULL AUTO_INCREMENT,
  `user_id` varchar(36) DEFAULT NULL,
  `module_name` varchar(25) DEFAULT NULL,
  `item_id` varchar(36) DEFAULT NULL,
  `item_summary` varchar(255) DEFAULT NULL,
  PRIMARY KEY (`id`)
) ENGINE=InnoDB DEFAULT CHARSET=utf8;
/*!40101 SET character_set_client = @saved_cs_client */;

--
-- Dumping data for table `vtiger_tracker`
--

LOCK TABLES `vtiger_tracker` WRITE;
/*!40000 ALTER TABLE `vtiger_tracker` DISABLE KEYS */;
/*!40000 ALTER TABLE `vtiger_tracker` ENABLE KEYS */;
UNLOCK TABLES;

--
-- Table structure for table `vtiger_tracking_unit`
--

DROP TABLE IF EXISTS `vtiger_tracking_unit`;
/*!40101 SET @saved_cs_client     = @@character_set_client */;
/*!40101 SET character_set_client = utf8 */;
CREATE TABLE `vtiger_tracking_unit` (
  `tracking_unitid` int(11) NOT NULL AUTO_INCREMENT,
  `tracking_unit` varchar(200) NOT NULL,
  `presence` int(1) NOT NULL DEFAULT '1',
  `picklist_valueid` int(11) NOT NULL DEFAULT '0',
  `sortorderid` int(11) DEFAULT '0',
  PRIMARY KEY (`tracking_unitid`)
) ENGINE=InnoDB AUTO_INCREMENT=5 DEFAULT CHARSET=utf8;
/*!40101 SET character_set_client = @saved_cs_client */;

--
-- Dumping data for table `vtiger_tracking_unit`
--

LOCK TABLES `vtiger_tracking_unit` WRITE;
/*!40000 ALTER TABLE `vtiger_tracking_unit` DISABLE KEYS */;
INSERT INTO `vtiger_tracking_unit` VALUES (2,'Hours',1,211,2),(3,'Days',1,212,3),(4,'Incidents',1,213,4);
/*!40000 ALTER TABLE `vtiger_tracking_unit` ENABLE KEYS */;
UNLOCK TABLES;

--
-- Table structure for table `vtiger_tracking_unit_seq`
--

DROP TABLE IF EXISTS `vtiger_tracking_unit_seq`;
/*!40101 SET @saved_cs_client     = @@character_set_client */;
/*!40101 SET character_set_client = utf8 */;
CREATE TABLE `vtiger_tracking_unit_seq` (
  `id` int(11) NOT NULL
) ENGINE=InnoDB DEFAULT CHARSET=utf8;
/*!40101 SET character_set_client = @saved_cs_client */;

--
-- Dumping data for table `vtiger_tracking_unit_seq`
--

LOCK TABLES `vtiger_tracking_unit_seq` WRITE;
/*!40000 ALTER TABLE `vtiger_tracking_unit_seq` DISABLE KEYS */;
INSERT INTO `vtiger_tracking_unit_seq` VALUES (4);
/*!40000 ALTER TABLE `vtiger_tracking_unit_seq` ENABLE KEYS */;
UNLOCK TABLES;

--
-- Table structure for table `vtiger_troubletickets`
--

DROP TABLE IF EXISTS `vtiger_troubletickets`;
/*!40101 SET @saved_cs_client     = @@character_set_client */;
/*!40101 SET character_set_client = utf8 */;
CREATE TABLE `vtiger_troubletickets` (
  `ticketid` int(19) NOT NULL,
  `ticket_no` varchar(100) NOT NULL,
  `groupname` varchar(100) DEFAULT NULL,
  `parent_id` varchar(100) DEFAULT NULL,
  `product_id` varchar(100) DEFAULT NULL,
  `priority` varchar(200) DEFAULT NULL,
  `severity` varchar(200) DEFAULT NULL,
  `status` varchar(200) DEFAULT NULL,
  `category` varchar(200) DEFAULT NULL,
  `title` varchar(255) NOT NULL,
  `solution` text,
  `update_log` text,
  `version_id` int(11) DEFAULT NULL,
  `hours` decimal(25,8) DEFAULT NULL,
  `days` decimal(25,8) DEFAULT NULL,
  `contact_id` int(19) DEFAULT NULL,
  PRIMARY KEY (`ticketid`),
  KEY `troubletickets_ticketid_idx` (`ticketid`),
  KEY `troubletickets_status_idx` (`status`)
) ENGINE=InnoDB DEFAULT CHARSET=utf8;
/*!40101 SET character_set_client = @saved_cs_client */;

--
-- Dumping data for table `vtiger_troubletickets`
--

LOCK TABLES `vtiger_troubletickets` WRITE;
/*!40000 ALTER TABLE `vtiger_troubletickets` DISABLE KEYS */;
/*!40000 ALTER TABLE `vtiger_troubletickets` ENABLE KEYS */;
UNLOCK TABLES;

--
-- Table structure for table `vtiger_usageunit`
--

DROP TABLE IF EXISTS `vtiger_usageunit`;
/*!40101 SET @saved_cs_client     = @@character_set_client */;
/*!40101 SET character_set_client = utf8 */;
CREATE TABLE `vtiger_usageunit` (
  `usageunitid` int(19) NOT NULL AUTO_INCREMENT,
  `usageunit` varchar(200) NOT NULL,
  `presence` int(1) NOT NULL DEFAULT '1',
  `picklist_valueid` int(19) NOT NULL DEFAULT '0',
  `sortorderid` int(11) DEFAULT NULL,
  PRIMARY KEY (`usageunitid`),
  UNIQUE KEY `usageunit_usageunit_idx` (`usageunit`)
) ENGINE=InnoDB AUTO_INCREMENT=17 DEFAULT CHARSET=utf8;
/*!40101 SET character_set_client = @saved_cs_client */;

--
-- Dumping data for table `vtiger_usageunit`
--

LOCK TABLES `vtiger_usageunit` WRITE;
/*!40000 ALTER TABLE `vtiger_usageunit` DISABLE KEYS */;
INSERT INTO `vtiger_usageunit` VALUES (1,'Box',1,194,0),(2,'Carton',1,195,1),(3,'Dozen',1,196,2),(4,'Each',1,197,3),(5,'Hours',1,198,4),(6,'Impressions',1,199,5),(7,'Lb',1,200,6),(8,'M',1,201,7),(9,'Pack',1,202,8),(10,'Pages',1,203,9),(11,'Pieces',1,204,10),(12,'Quantity',1,205,11),(13,'Reams',1,206,12),(14,'Sheet',1,207,13),(15,'Spiral Binder',1,208,14),(16,'Sq Ft',1,209,15);
/*!40000 ALTER TABLE `vtiger_usageunit` ENABLE KEYS */;
UNLOCK TABLES;

--
-- Table structure for table `vtiger_usageunit_seq`
--

DROP TABLE IF EXISTS `vtiger_usageunit_seq`;
/*!40101 SET @saved_cs_client     = @@character_set_client */;
/*!40101 SET character_set_client = utf8 */;
CREATE TABLE `vtiger_usageunit_seq` (
  `id` int(11) NOT NULL
) ENGINE=InnoDB DEFAULT CHARSET=utf8;
/*!40101 SET character_set_client = @saved_cs_client */;

--
-- Dumping data for table `vtiger_usageunit_seq`
--

LOCK TABLES `vtiger_usageunit_seq` WRITE;
/*!40000 ALTER TABLE `vtiger_usageunit_seq` DISABLE KEYS */;
INSERT INTO `vtiger_usageunit_seq` VALUES (16);
/*!40000 ALTER TABLE `vtiger_usageunit_seq` ENABLE KEYS */;
UNLOCK TABLES;

--
-- Table structure for table `vtiger_user2mergefields`
--

DROP TABLE IF EXISTS `vtiger_user2mergefields`;
/*!40101 SET @saved_cs_client     = @@character_set_client */;
/*!40101 SET character_set_client = utf8 */;
CREATE TABLE `vtiger_user2mergefields` (
  `userid` int(11) DEFAULT NULL,
  `tabid` int(19) DEFAULT NULL,
  `fieldid` int(19) DEFAULT NULL,
  `visible` int(2) DEFAULT NULL,
  KEY `userid_tabid_idx` (`userid`,`tabid`)
) ENGINE=InnoDB DEFAULT CHARSET=utf8;
/*!40101 SET character_set_client = @saved_cs_client */;

--
-- Dumping data for table `vtiger_user2mergefields`
--

LOCK TABLES `vtiger_user2mergefields` WRITE;
/*!40000 ALTER TABLE `vtiger_user2mergefields` DISABLE KEYS */;
/*!40000 ALTER TABLE `vtiger_user2mergefields` ENABLE KEYS */;
UNLOCK TABLES;

--
-- Table structure for table `vtiger_user2role`
--

DROP TABLE IF EXISTS `vtiger_user2role`;
/*!40101 SET @saved_cs_client     = @@character_set_client */;
/*!40101 SET character_set_client = utf8 */;
CREATE TABLE `vtiger_user2role` (
  `userid` int(11) NOT NULL,
  `roleid` varchar(255) NOT NULL,
  PRIMARY KEY (`userid`),
  KEY `user2role_roleid_idx` (`roleid`)
) ENGINE=InnoDB DEFAULT CHARSET=utf8;
/*!40101 SET character_set_client = @saved_cs_client */;

--
-- Dumping data for table `vtiger_user2role`
--

LOCK TABLES `vtiger_user2role` WRITE;
/*!40000 ALTER TABLE `vtiger_user2role` DISABLE KEYS */;
INSERT INTO `vtiger_user2role` VALUES (1,'H2'),(5,'H2'),(13,'H2'),(6,'H3'),(7,'H4'),(9,'H5'),(10,'H5'),(8,'H7'),(11,'H8'),(12,'H8');
/*!40000 ALTER TABLE `vtiger_user2role` ENABLE KEYS */;
UNLOCK TABLES;

--
-- Table structure for table `vtiger_user_module_preferences`
--

DROP TABLE IF EXISTS `vtiger_user_module_preferences`;
/*!40101 SET @saved_cs_client     = @@character_set_client */;
/*!40101 SET character_set_client = utf8 */;
CREATE TABLE `vtiger_user_module_preferences` (
  `userid` int(19) NOT NULL,
  `tabid` int(19) NOT NULL,
  `default_cvid` int(19) NOT NULL,
  PRIMARY KEY (`userid`,`tabid`)
) ENGINE=InnoDB DEFAULT CHARSET=utf8;
/*!40101 SET character_set_client = @saved_cs_client */;

--
-- Dumping data for table `vtiger_user_module_preferences`
--

LOCK TABLES `vtiger_user_module_preferences` WRITE;
/*!40000 ALTER TABLE `vtiger_user_module_preferences` DISABLE KEYS */;
/*!40000 ALTER TABLE `vtiger_user_module_preferences` ENABLE KEYS */;
UNLOCK TABLES;

--
-- Table structure for table `vtiger_users`
--

DROP TABLE IF EXISTS `vtiger_users`;
/*!40101 SET @saved_cs_client     = @@character_set_client */;
/*!40101 SET character_set_client = utf8 */;
CREATE TABLE `vtiger_users` (
  `id` int(11) NOT NULL AUTO_INCREMENT,
  `user_name` varchar(255) DEFAULT NULL,
  `user_password` varchar(200) DEFAULT NULL,
  `user_hash` varchar(32) DEFAULT NULL,
  `cal_color` varchar(25) DEFAULT '#E6FAD8',
  `first_name` varchar(30) DEFAULT NULL,
  `last_name` varchar(30) DEFAULT NULL,
  `reports_to_id` varchar(36) DEFAULT NULL,
  `is_admin` varchar(3) DEFAULT '0',
  `currency_id` int(19) NOT NULL DEFAULT '1',
  `description` text,
  `date_entered` timestamp NOT NULL,
  `date_modified` timestamp NOT NULL,
  `modified_user_id` varchar(36) DEFAULT NULL,
  `title` varchar(50) DEFAULT NULL,
  `department` varchar(50) DEFAULT NULL,
  `phone_home` varchar(50) DEFAULT NULL,
  `phone_mobile` varchar(50) DEFAULT NULL,
  `phone_work` varchar(50) DEFAULT NULL,
  `phone_other` varchar(50) DEFAULT NULL,
  `phone_fax` varchar(50) DEFAULT NULL,
  `email1` varchar(100) DEFAULT NULL,
  `email2` varchar(100) DEFAULT NULL,
  `secondaryemail` varchar(100) DEFAULT NULL,
  `status` varchar(25) DEFAULT NULL,
  `signature` text,
  `address_street` varchar(150) DEFAULT NULL,
  `address_city` varchar(100) DEFAULT NULL,
  `address_state` varchar(100) DEFAULT NULL,
  `address_country` varchar(25) DEFAULT NULL,
  `address_postalcode` varchar(9) DEFAULT NULL,
  `user_preferences` text,
  `tz` varchar(30) DEFAULT NULL,
  `holidays` varchar(60) DEFAULT NULL,
  `namedays` varchar(60) DEFAULT NULL,
  `workdays` varchar(30) DEFAULT NULL,
  `weekstart` int(11) DEFAULT NULL,
  `date_format` varchar(200) DEFAULT NULL,
  `hour_format` varchar(30) DEFAULT 'am/pm',
  `start_hour` varchar(30) DEFAULT '10:00',
  `end_hour` varchar(30) DEFAULT '23:00',
  `activity_view` varchar(200) DEFAULT 'Today',
  `lead_view` varchar(200) DEFAULT 'Today',
  `imagename` varchar(250) DEFAULT NULL,
  `deleted` int(1) NOT NULL DEFAULT '0',
  `confirm_password` varchar(300) DEFAULT NULL,
  `internal_mailer` varchar(3) NOT NULL DEFAULT '1',
  `reminder_interval` varchar(100) DEFAULT NULL,
  `reminder_next_time` varchar(100) DEFAULT NULL,
  `crypt_type` varchar(20) NOT NULL DEFAULT 'MD5',
  `accesskey` varchar(36) DEFAULT NULL,
  `theme` varchar(100) DEFAULT NULL,
  `language` varchar(36) DEFAULT NULL,
  `time_zone` varchar(200) DEFAULT NULL,
  `currency_grouping_pattern` varchar(100) DEFAULT NULL,
  `currency_decimal_separator` varchar(2) DEFAULT NULL,
  `currency_grouping_separator` varchar(2) DEFAULT NULL,
  `currency_symbol_placement` varchar(20) DEFAULT NULL,
  `phone_crm_extension` varchar(100) DEFAULT NULL,
  `no_of_currency_decimals` varchar(2) DEFAULT NULL,
  `truncate_trailing_zeros` varchar(3) DEFAULT NULL,
  `dayoftheweek` varchar(100) DEFAULT NULL,
  `callduration` varchar(100) DEFAULT NULL,
  `othereventduration` varchar(100) DEFAULT NULL,
  `calendarsharedtype` varchar(100) DEFAULT NULL,
  `default_record_view` varchar(10) DEFAULT NULL,
  `leftpanelhide` varchar(3) DEFAULT NULL,
  `rowheight` varchar(10) DEFAULT NULL,
  `defaulteventstatus` varchar(50) DEFAULT NULL,
  `defaultactivitytype` varchar(50) DEFAULT NULL,
  `hidecompletedevents` int(11) DEFAULT NULL,
  `is_owner` varchar(5) DEFAULT NULL,
  PRIMARY KEY (`id`),
  KEY `user_user_name_idx` (`user_name`),
  KEY `user_user_password_idx` (`user_password`)
) ENGINE=InnoDB AUTO_INCREMENT=14 DEFAULT CHARSET=utf8;
/*!40101 SET character_set_client = @saved_cs_client */;

--
-- Dumping data for table `vtiger_users`
--

LOCK TABLES `vtiger_users` WRITE;
/*!40000 ALTER TABLE `vtiger_users` DISABLE KEYS */;
INSERT INTO `vtiger_users` VALUES (1,'systemadmin','$1$sy000000$r3DCIBeFDhNXvU96rIU2x/','e3274be5c857fb42ab72d786e281b4b8','#E6FAD8','','systemadmin','','on',1,'','0000-00-00 00:00:00','0000-00-00 00:00:00',NULL,'','','','','','','','glorykk318@gmail.com','','','Active','','','','','','',NULL,NULL,NULL,NULL,NULL,NULL,'mm-dd-yyyy','12','00:00','23:00','This Week','Today','',0,'$1$sy000000$r3DCIBeFDhNXvU96rIU2x/','1','1 Minute',NULL,'PHP5.3MD5','PA7wtsZ487EefEkU','alphagrey','en_us','America/Los_Angeles','123,456,789','.',',','$1.0','','2','1','Sunday','5','5','public','Summary','0','medium','Select an Option','Select an Option',0,'1'),(5,'administrator','$1$ad000000$ro80DgPrNX8nFi4.YrQuT0','200ceb26807d6bf99fd6f4f0d1ca54d4','#E6FAD8','','Administrator','','off',1,'','0000-00-00 00:00:00','0000-00-00 00:00:00',NULL,'','','','','','','','administrator@a.com','','','Active','---\r\nAdam','','','','','',NULL,NULL,NULL,NULL,NULL,NULL,'dd-mm-yyyy','12','00:00','','Today','Today','',0,'$1$ad000000$ro80DgPrNX8nFi4.YrQuT0','0','',NULL,'PHP5.3MD5','0ROTL3aDG59Bn4X','alphagrey','en_us','Asia/Brunei','123,456,789','.',',','$1.0','','2','0','Monday','5','5','public','Summary','0','medium','Select an Option','Select an Option',0,'0'),(6,'officer','$1$of000000$Yp.i6RzY756XzSVID3lsL/','d31d86d0de8dd34fc535c67e480deaa2','#E6FAD8','','Officer','','off',1,'','0000-00-00 00:00:00','0000-00-00 00:00:00',NULL,'','','','','','','','officer@a.com','','','Active','','','','','','',NULL,NULL,NULL,NULL,NULL,NULL,'dd-mm-yyyy','12','00:00','','Today','Today','',0,'$1$of000000$Yp.i6RzY756XzSVID3lsL/','0','',NULL,'PHP5.3MD5','BXlTAs0amKiU2466','softed','en_us','Pacific/Midway','123,456,789','.',',','$1.0','','2','0','Monday','5','5','public','Summary','0','medium','Select an Option','Select an Option',0,'0'),(7,'dealer1','$1$de000000$mX3RBB0QwQmas5Xo.YaWp.','edefb1af4daf6c5facb8aba92e13f4b0','#E6FAD8','','Dealer','','off',1,'','0000-00-00 00:00:00','0000-00-00 00:00:00',NULL,'','','','','','','','dealer1@a.com','','','Active','','','','','','',NULL,NULL,NULL,NULL,NULL,NULL,'dd-mm-yyyy','12','00:00','','Today','Today','',0,'$1$de000000$mX3RBB0QwQmas5Xo.YaWp.','0','',NULL,'PHP5.3MD5','0hVyOpVF5Rs1mmU6','softed','en_us','Pacific/Midway','123,456,789','.',',','$1.0','','2','0','Monday','5','5','public','Summary','0','medium','Select an Option','Select an Option',0,'0'),(8,'dealer2','$1$de000000$aLGelxC.frFte/fVx4Rl/0','4c7e001a4be55733348f9a828508c3fc','#E6FAD8','','Dealer2','','off',1,'','0000-00-00 00:00:00','0000-00-00 00:00:00',NULL,'','','','','','','','dealer2@a.com','','','Active','','','','','','',NULL,NULL,NULL,NULL,NULL,NULL,'dd-mm-yyyy','12','00:00','','Today','Today','',0,'$1$de000000$aLGelxC.frFte/fVx4Rl/0','0','',NULL,'PHP5.3MD5','ebdguVoE2EA2hv3','softed','en_us','Pacific/Midway','123,456,789','.',',','$1.0','','2','0','Monday','5','5','public','Summary','0','medium','Select an Option','Select an Option',0,'0'),(9,'d1user1','$1$d1000000$3ja.nmzZrLrGM0BQ57yYt/','93308bfcf528dcbe50de7810f7310a28','#E6FAD8','','d1user1','','off',1,'','0000-00-00 00:00:00','0000-00-00 00:00:00',NULL,'','','','','','','','d1user1@a.com','','','Active','','','','','','',NULL,NULL,NULL,NULL,NULL,NULL,'dd-mm-yyyy','12','00:00','','Today','Today','',0,'$1$d1000000$3ja.nmzZrLrGM0BQ57yYt/','0','',NULL,'PHP5.3MD5','sIJ3Ol6uRgVftrM4','softed','en_us','Australia/Brisbane','123,456,789','.',',','$1.0','','2','0','Monday','5','5','public','Summary','0','medium','Select an Option','Call',0,'0'),(10,'d1user2','$1$d1000000$gxJtHZ5O3UqewGng86Byu1','15af1b705b61302397da4c33944162f2','#E6FAD8','','d1user2','','off',1,'','0000-00-00 00:00:00','0000-00-00 00:00:00',NULL,'','','','','','','','d1user2@a.com','','','Active','','','','','','',NULL,NULL,NULL,NULL,NULL,NULL,'dd-mm-yyyy','12','00:00','','Today','Today','',0,'$1$d1000000$gxJtHZ5O3UqewGng86Byu1','0','',NULL,'PHP5.3MD5','DnqQvEmjogxG9bAE','softed','en_us','Pacific/Midway','123,456,789','.',',','$1.0','','2','0','Monday','5','5','public','Summary','0','medium','Select an Option','Select an Option',0,'0'),(11,'d2user1','$1$d2000000$KGTNX2oU31jnkMq/LbbQV.','19bb0edddb70504d5e36cc6f80d54e9b','#E6FAD8','','d2user1','','off',1,'','0000-00-00 00:00:00','0000-00-00 00:00:00',NULL,'','','','','','','','d2user1@a.com','','','Active','','','','','','',NULL,NULL,NULL,NULL,NULL,NULL,'dd-mm-yyyy','12','00:00','','Today','Today','ProfileShot_Adam.jpg',0,'$1$d2000000$KGTNX2oU31jnkMq/LbbQV.','0','',NULL,'PHP5.3MD5','Db3nE3stIOAI2ipG','softed','en_us','Pacific/Midway','123,456,789','.',',','$1.0','','2','0','Monday','5','5','public','Summary','0','medium','Select an Option','Select an Option',0,'0'),(12,'d2user2','$1$d2000000$t6xUwRZNPiW/8nJ6FZNVg.','a3d97ac5ff731b7ef408141d1012f383','#E6FAD8','','d2user2','','off',1,'','0000-00-00 00:00:00','0000-00-00 00:00:00',NULL,'','','','','','','','d2user2@a.com','','','Active','','','','','','',NULL,NULL,NULL,NULL,NULL,NULL,'dd-mm-yyyy','12','00:00','','Today','Today','',0,'$1$d2000000$t6xUwRZNPiW/8nJ6FZNVg.','0','',NULL,'PHP5.3MD5','SmRFJnM7B78anff','alphagrey','en_us','Pacific/Midway','123,456,789','.',',','$1.0','','2','0','Monday','5','5','public','Summary','0','medium','Select an Option','Select an Option',0,'0'),(13,'test','$1$te000000$WEtYf6AuFT8QJT7Tzb9Y9.','21232f297a57a5a743894a0e4a801fc3','#E6FAD8','','test','','on',1,'','0000-00-00 00:00:00','0000-00-00 00:00:00',NULL,'','','','','','','','test@gmail.com','','','Active','','','','','','',NULL,NULL,NULL,NULL,NULL,NULL,'dd-mm-yyyy','12','00:00','','Today','Today','',0,'$1$te000000$WEtYf6AuFT8QJT7Tzb9Y9.','0','',NULL,'PHP5.3MD5','9U2YlA2UpzTqGkFN','alphagrey','en_us','Pacific/Midway','123,456,789','.',',','$1.0','','2','0','Monday','5','5','public','Summary','0','medium','Select an Option','Select an Option',0,'1');
/*!40000 ALTER TABLE `vtiger_users` ENABLE KEYS */;
UNLOCK TABLES;

--
-- Table structure for table `vtiger_users2group`
--

DROP TABLE IF EXISTS `vtiger_users2group`;
/*!40101 SET @saved_cs_client     = @@character_set_client */;
/*!40101 SET character_set_client = utf8 */;
CREATE TABLE `vtiger_users2group` (
  `groupid` int(19) NOT NULL,
  `userid` int(19) NOT NULL,
  PRIMARY KEY (`groupid`,`userid`),
  KEY `users2group_groupname_uerid_idx` (`groupid`,`userid`)
) ENGINE=InnoDB DEFAULT CHARSET=utf8;
/*!40101 SET character_set_client = @saved_cs_client */;

--
-- Dumping data for table `vtiger_users2group`
--

LOCK TABLES `vtiger_users2group` WRITE;
/*!40000 ALTER TABLE `vtiger_users2group` DISABLE KEYS */;
/*!40000 ALTER TABLE `vtiger_users2group` ENABLE KEYS */;
UNLOCK TABLES;

--
-- Table structure for table `vtiger_users_last_import`
--

DROP TABLE IF EXISTS `vtiger_users_last_import`;
/*!40101 SET @saved_cs_client     = @@character_set_client */;
/*!40101 SET character_set_client = utf8 */;
CREATE TABLE `vtiger_users_last_import` (
  `id` int(36) NOT NULL AUTO_INCREMENT,
  `assigned_user_id` varchar(36) DEFAULT NULL,
  `bean_type` varchar(36) DEFAULT NULL,
  `bean_id` varchar(36) DEFAULT NULL,
  `deleted` int(1) NOT NULL DEFAULT '0',
  PRIMARY KEY (`id`),
  KEY `idx_user_id` (`assigned_user_id`)
) ENGINE=InnoDB DEFAULT CHARSET=utf8;
/*!40101 SET character_set_client = @saved_cs_client */;

--
-- Dumping data for table `vtiger_users_last_import`
--

LOCK TABLES `vtiger_users_last_import` WRITE;
/*!40000 ALTER TABLE `vtiger_users_last_import` DISABLE KEYS */;
/*!40000 ALTER TABLE `vtiger_users_last_import` ENABLE KEYS */;
UNLOCK TABLES;

--
-- Table structure for table `vtiger_users_seq`
--

DROP TABLE IF EXISTS `vtiger_users_seq`;
/*!40101 SET @saved_cs_client     = @@character_set_client */;
/*!40101 SET character_set_client = utf8 */;
CREATE TABLE `vtiger_users_seq` (
  `id` int(11) NOT NULL
) ENGINE=InnoDB DEFAULT CHARSET=utf8;
/*!40101 SET character_set_client = @saved_cs_client */;

--
-- Dumping data for table `vtiger_users_seq`
--

LOCK TABLES `vtiger_users_seq` WRITE;
/*!40000 ALTER TABLE `vtiger_users_seq` DISABLE KEYS */;
INSERT INTO `vtiger_users_seq` VALUES (13);
/*!40000 ALTER TABLE `vtiger_users_seq` ENABLE KEYS */;
UNLOCK TABLES;

--
-- Table structure for table `vtiger_userscf`
--

DROP TABLE IF EXISTS `vtiger_userscf`;
/*!40101 SET @saved_cs_client     = @@character_set_client */;
/*!40101 SET character_set_client = utf8 */;
CREATE TABLE `vtiger_userscf` (
  `usersid` int(11) NOT NULL,
  PRIMARY KEY (`usersid`)
) ENGINE=InnoDB DEFAULT CHARSET=utf8;
/*!40101 SET character_set_client = @saved_cs_client */;

--
-- Dumping data for table `vtiger_userscf`
--

LOCK TABLES `vtiger_userscf` WRITE;
/*!40000 ALTER TABLE `vtiger_userscf` DISABLE KEYS */;
/*!40000 ALTER TABLE `vtiger_userscf` ENABLE KEYS */;
UNLOCK TABLES;

--
-- Table structure for table `vtiger_vendor`
--

DROP TABLE IF EXISTS `vtiger_vendor`;
/*!40101 SET @saved_cs_client     = @@character_set_client */;
/*!40101 SET character_set_client = utf8 */;
CREATE TABLE `vtiger_vendor` (
  `vendorid` int(19) NOT NULL DEFAULT '0',
  `vendor_no` varchar(100) NOT NULL,
  `vendorname` varchar(100) DEFAULT NULL,
  `phone` varchar(100) DEFAULT NULL,
  `email` varchar(100) DEFAULT NULL,
  `website` varchar(100) DEFAULT NULL,
  `glacct` varchar(200) DEFAULT NULL,
  `category` varchar(50) DEFAULT NULL,
  `street` text,
  `city` varchar(30) DEFAULT NULL,
  `state` varchar(30) DEFAULT NULL,
  `pobox` varchar(30) DEFAULT NULL,
  `postalcode` varchar(100) DEFAULT NULL,
  `country` varchar(100) DEFAULT NULL,
  `description` text,
  PRIMARY KEY (`vendorid`)
) ENGINE=InnoDB DEFAULT CHARSET=utf8;
/*!40101 SET character_set_client = @saved_cs_client */;

--
-- Dumping data for table `vtiger_vendor`
--

LOCK TABLES `vtiger_vendor` WRITE;
/*!40000 ALTER TABLE `vtiger_vendor` DISABLE KEYS */;
/*!40000 ALTER TABLE `vtiger_vendor` ENABLE KEYS */;
UNLOCK TABLES;

--
-- Table structure for table `vtiger_vendorcf`
--

DROP TABLE IF EXISTS `vtiger_vendorcf`;
/*!40101 SET @saved_cs_client     = @@character_set_client */;
/*!40101 SET character_set_client = utf8 */;
CREATE TABLE `vtiger_vendorcf` (
  `vendorid` int(19) NOT NULL DEFAULT '0',
  PRIMARY KEY (`vendorid`)
) ENGINE=InnoDB DEFAULT CHARSET=utf8;
/*!40101 SET character_set_client = @saved_cs_client */;

--
-- Dumping data for table `vtiger_vendorcf`
--

LOCK TABLES `vtiger_vendorcf` WRITE;
/*!40000 ALTER TABLE `vtiger_vendorcf` DISABLE KEYS */;
/*!40000 ALTER TABLE `vtiger_vendorcf` ENABLE KEYS */;
UNLOCK TABLES;

--
-- Table structure for table `vtiger_vendorcontactrel`
--

DROP TABLE IF EXISTS `vtiger_vendorcontactrel`;
/*!40101 SET @saved_cs_client     = @@character_set_client */;
/*!40101 SET character_set_client = utf8 */;
CREATE TABLE `vtiger_vendorcontactrel` (
  `vendorid` int(19) NOT NULL DEFAULT '0',
  `contactid` int(19) NOT NULL DEFAULT '0',
  PRIMARY KEY (`vendorid`,`contactid`),
  KEY `vendorcontactrel_vendorid_idx` (`vendorid`),
  KEY `vendorcontactrel_contact_idx` (`contactid`)
) ENGINE=InnoDB DEFAULT CHARSET=utf8;
/*!40101 SET character_set_client = @saved_cs_client */;

--
-- Dumping data for table `vtiger_vendorcontactrel`
--

LOCK TABLES `vtiger_vendorcontactrel` WRITE;
/*!40000 ALTER TABLE `vtiger_vendorcontactrel` DISABLE KEYS */;
/*!40000 ALTER TABLE `vtiger_vendorcontactrel` ENABLE KEYS */;
UNLOCK TABLES;

--
-- Table structure for table `vtiger_version`
--

DROP TABLE IF EXISTS `vtiger_version`;
/*!40101 SET @saved_cs_client     = @@character_set_client */;
/*!40101 SET character_set_client = utf8 */;
CREATE TABLE `vtiger_version` (
  `id` int(11) NOT NULL AUTO_INCREMENT,
  `old_version` varchar(30) DEFAULT NULL,
  `current_version` varchar(30) DEFAULT NULL,
  PRIMARY KEY (`id`)
) ENGINE=InnoDB AUTO_INCREMENT=2 DEFAULT CHARSET=utf8;
/*!40101 SET character_set_client = @saved_cs_client */;

--
-- Dumping data for table `vtiger_version`
--

LOCK TABLES `vtiger_version` WRITE;
/*!40000 ALTER TABLE `vtiger_version` DISABLE KEYS */;
INSERT INTO `vtiger_version` VALUES (1,'6.2.0','6.2.0');
/*!40000 ALTER TABLE `vtiger_version` ENABLE KEYS */;
UNLOCK TABLES;

--
-- Table structure for table `vtiger_version_seq`
--

DROP TABLE IF EXISTS `vtiger_version_seq`;
/*!40101 SET @saved_cs_client     = @@character_set_client */;
/*!40101 SET character_set_client = utf8 */;
CREATE TABLE `vtiger_version_seq` (
  `id` int(11) NOT NULL
) ENGINE=InnoDB DEFAULT CHARSET=utf8;
/*!40101 SET character_set_client = @saved_cs_client */;

--
-- Dumping data for table `vtiger_version_seq`
--

LOCK TABLES `vtiger_version_seq` WRITE;
/*!40000 ALTER TABLE `vtiger_version_seq` DISABLE KEYS */;
INSERT INTO `vtiger_version_seq` VALUES (1);
/*!40000 ALTER TABLE `vtiger_version_seq` ENABLE KEYS */;
UNLOCK TABLES;

--
-- Table structure for table `vtiger_visibility`
--

DROP TABLE IF EXISTS `vtiger_visibility`;
/*!40101 SET @saved_cs_client     = @@character_set_client */;
/*!40101 SET character_set_client = utf8 */;
CREATE TABLE `vtiger_visibility` (
  `visibilityid` int(19) NOT NULL AUTO_INCREMENT,
  `visibility` varchar(200) NOT NULL,
  `sortorderid` int(19) NOT NULL DEFAULT '0',
  `presence` int(1) NOT NULL DEFAULT '1',
  PRIMARY KEY (`visibilityid`),
  UNIQUE KEY `visibility_visibility_idx` (`visibility`)
) ENGINE=InnoDB AUTO_INCREMENT=3 DEFAULT CHARSET=utf8;
/*!40101 SET character_set_client = @saved_cs_client */;

--
-- Dumping data for table `vtiger_visibility`
--

LOCK TABLES `vtiger_visibility` WRITE;
/*!40000 ALTER TABLE `vtiger_visibility` DISABLE KEYS */;
INSERT INTO `vtiger_visibility` VALUES (1,'Private',0,1),(2,'Public',1,1);
/*!40000 ALTER TABLE `vtiger_visibility` ENABLE KEYS */;
UNLOCK TABLES;

--
-- Table structure for table `vtiger_visibility_seq`
--

DROP TABLE IF EXISTS `vtiger_visibility_seq`;
/*!40101 SET @saved_cs_client     = @@character_set_client */;
/*!40101 SET character_set_client = utf8 */;
CREATE TABLE `vtiger_visibility_seq` (
  `id` int(11) NOT NULL
) ENGINE=InnoDB DEFAULT CHARSET=utf8;
/*!40101 SET character_set_client = @saved_cs_client */;

--
-- Dumping data for table `vtiger_visibility_seq`
--

LOCK TABLES `vtiger_visibility_seq` WRITE;
/*!40000 ALTER TABLE `vtiger_visibility_seq` DISABLE KEYS */;
INSERT INTO `vtiger_visibility_seq` VALUES (2);
/*!40000 ALTER TABLE `vtiger_visibility_seq` ENABLE KEYS */;
UNLOCK TABLES;

--
-- Table structure for table `vtiger_webforms`
--

DROP TABLE IF EXISTS `vtiger_webforms`;
/*!40101 SET @saved_cs_client     = @@character_set_client */;
/*!40101 SET character_set_client = utf8 */;
CREATE TABLE `vtiger_webforms` (
  `id` int(19) NOT NULL AUTO_INCREMENT,
  `name` varchar(100) NOT NULL,
  `publicid` varchar(100) NOT NULL,
  `enabled` int(1) NOT NULL DEFAULT '1',
  `targetmodule` varchar(50) NOT NULL,
  `description` text,
  `ownerid` int(19) NOT NULL,
  `returnurl` varchar(250) DEFAULT NULL,
  `captcha` int(1) NOT NULL DEFAULT '0',
  `roundrobin` int(1) NOT NULL DEFAULT '0',
  `roundrobin_userid` varchar(256) DEFAULT NULL,
  `roundrobin_logic` int(11) NOT NULL DEFAULT '0',
  PRIMARY KEY (`id`),
  UNIQUE KEY `webformname` (`name`),
  UNIQUE KEY `publicid` (`id`),
  KEY `webforms_webforms_id_idx` (`id`)
) ENGINE=InnoDB DEFAULT CHARSET=utf8;
/*!40101 SET character_set_client = @saved_cs_client */;

--
-- Dumping data for table `vtiger_webforms`
--

LOCK TABLES `vtiger_webforms` WRITE;
/*!40000 ALTER TABLE `vtiger_webforms` DISABLE KEYS */;
/*!40000 ALTER TABLE `vtiger_webforms` ENABLE KEYS */;
UNLOCK TABLES;

--
-- Table structure for table `vtiger_webforms_field`
--

DROP TABLE IF EXISTS `vtiger_webforms_field`;
/*!40101 SET @saved_cs_client     = @@character_set_client */;
/*!40101 SET character_set_client = utf8 */;
CREATE TABLE `vtiger_webforms_field` (
  `id` int(19) NOT NULL AUTO_INCREMENT,
  `webformid` int(19) NOT NULL,
  `fieldname` varchar(50) NOT NULL,
  `neutralizedfield` varchar(50) NOT NULL,
  `defaultvalue` varchar(200) DEFAULT NULL,
  `required` int(10) NOT NULL DEFAULT '0',
  `sequence` int(10) DEFAULT NULL,
  `hidden` int(10) DEFAULT NULL,
  PRIMARY KEY (`id`),
  KEY `webforms_webforms_field_idx` (`id`),
  KEY `fk_1_vtiger_webforms_field` (`webformid`),
  KEY `fk_2_vtiger_webforms_field` (`fieldname`),
  CONSTRAINT `fk_1_vtiger_webforms_field` FOREIGN KEY (`webformid`) REFERENCES `vtiger_webforms` (`id`) ON DELETE CASCADE,
  CONSTRAINT `fk_3_vtiger_webforms_field` FOREIGN KEY (`fieldname`) REFERENCES `vtiger_field` (`fieldname`) ON DELETE CASCADE
) ENGINE=InnoDB DEFAULT CHARSET=utf8;
/*!40101 SET character_set_client = @saved_cs_client */;

--
-- Dumping data for table `vtiger_webforms_field`
--

LOCK TABLES `vtiger_webforms_field` WRITE;
/*!40000 ALTER TABLE `vtiger_webforms_field` DISABLE KEYS */;
/*!40000 ALTER TABLE `vtiger_webforms_field` ENABLE KEYS */;
UNLOCK TABLES;

--
-- Table structure for table `vtiger_wordtemplates`
--

DROP TABLE IF EXISTS `vtiger_wordtemplates`;
/*!40101 SET @saved_cs_client     = @@character_set_client */;
/*!40101 SET character_set_client = utf8 */;
CREATE TABLE `vtiger_wordtemplates` (
  `templateid` int(19) NOT NULL,
  `filename` varchar(100) NOT NULL,
  `module` varchar(30) NOT NULL,
  `date_entered` timestamp NOT NULL,
  `parent_type` varchar(50) NOT NULL,
  `data` longblob,
  `description` text,
  `filesize` varchar(50) NOT NULL,
  `filetype` varchar(20) NOT NULL,
  `deleted` int(1) NOT NULL DEFAULT '0',
  PRIMARY KEY (`templateid`)
) ENGINE=InnoDB DEFAULT CHARSET=utf8;
/*!40101 SET character_set_client = @saved_cs_client */;

--
-- Dumping data for table `vtiger_wordtemplates`
--

LOCK TABLES `vtiger_wordtemplates` WRITE;
/*!40000 ALTER TABLE `vtiger_wordtemplates` DISABLE KEYS */;
/*!40000 ALTER TABLE `vtiger_wordtemplates` ENABLE KEYS */;
UNLOCK TABLES;

--
-- Table structure for table `vtiger_ws_entity`
--

DROP TABLE IF EXISTS `vtiger_ws_entity`;
/*!40101 SET @saved_cs_client     = @@character_set_client */;
/*!40101 SET character_set_client = utf8 */;
CREATE TABLE `vtiger_ws_entity` (
  `id` int(11) NOT NULL AUTO_INCREMENT,
  `name` varchar(25) NOT NULL,
  `handler_path` varchar(255) NOT NULL,
  `handler_class` varchar(64) NOT NULL,
  `ismodule` int(3) NOT NULL,
  PRIMARY KEY (`id`)
) ENGINE=InnoDB AUTO_INCREMENT=36 DEFAULT CHARSET=utf8;
/*!40101 SET character_set_client = @saved_cs_client */;

--
-- Dumping data for table `vtiger_ws_entity`
--

LOCK TABLES `vtiger_ws_entity` WRITE;
/*!40000 ALTER TABLE `vtiger_ws_entity` DISABLE KEYS */;
INSERT INTO `vtiger_ws_entity` VALUES (1,'Campaigns','include/Webservices/VtigerModuleOperation.php','VtigerModuleOperation',1),(2,'Vendors','include/Webservices/VtigerModuleOperation.php','VtigerModuleOperation',1),(3,'Faq','include/Webservices/VtigerModuleOperation.php','VtigerModuleOperation',1),(4,'Quotes','include/Webservices/LineItem/VtigerInventoryOperation.php','VtigerInventoryOperation',1),(5,'PurchaseOrder','include/Webservices/LineItem/VtigerInventoryOperation.php','VtigerInventoryOperation',1),(6,'SalesOrder','include/Webservices/LineItem/VtigerInventoryOperation.php','VtigerInventoryOperation',1),(7,'Invoice','include/Webservices/LineItem/VtigerInventoryOperation.php','VtigerInventoryOperation',1),(8,'PriceBooks','include/Webservices/VtigerModuleOperation.php','VtigerModuleOperation',1),(9,'Calendar','include/Webservices/VtigerModuleOperation.php','VtigerModuleOperation',1),(10,'Leads','include/Webservices/VtigerModuleOperation.php','VtigerModuleOperation',1),(11,'Accounts','include/Webservices/VtigerModuleOperation.php','VtigerModuleOperation',1),(12,'Contacts','include/Webservices/VtigerModuleOperation.php','VtigerModuleOperation',1),(13,'Potentials','include/Webservices/VtigerModuleOperation.php','VtigerModuleOperation',1),(14,'Products','include/Webservices/VtigerModuleOperation.php','VtigerModuleOperation',1),(15,'Documents','include/Webservices/VtigerModuleOperation.php','VtigerModuleOperation',1),(16,'Emails','include/Webservices/VtigerModuleOperation.php','VtigerModuleOperation',1),(17,'HelpDesk','include/Webservices/VtigerModuleOperation.php','VtigerModuleOperation',1),(18,'Events','include/Webservices/VtigerModuleOperation.php','VtigerModuleOperation',1),(19,'Users','include/Webservices/VtigerModuleOperation.php','VtigerModuleOperation',1),(20,'Groups','include/Webservices/VtigerActorOperation.php','VtigerActorOperation',0),(21,'Currency','include/Webservices/VtigerActorOperation.php','VtigerActorOperation',0),(22,'DocumentFolders','include/Webservices/VtigerActorOperation.php','VtigerActorOperation',0),(23,'CompanyDetails','include/Webservices/VtigerCompanyDetails.php','VtigerCompanyDetails',0),(24,'PBXManager','include/Webservices/VtigerModuleOperation.php','VtigerModuleOperation',1),(25,'ServiceContracts','include/Webservices/VtigerModuleOperation.php','VtigerModuleOperation',1),(26,'Services','include/Webservices/VtigerModuleOperation.php','VtigerModuleOperation',1),(27,'Assets','include/Webservices/VtigerModuleOperation.php','VtigerModuleOperation',1),(28,'ModComments','include/Webservices/VtigerModuleOperation.php','VtigerModuleOperation',1),(29,'ProjectMilestone','include/Webservices/VtigerModuleOperation.php','VtigerModuleOperation',1),(30,'ProjectTask','include/Webservices/VtigerModuleOperation.php','VtigerModuleOperation',1),(31,'Project','include/Webservices/VtigerModuleOperation.php','VtigerModuleOperation',1),(32,'SMSNotifier','include/Webservices/VtigerModuleOperation.php','VtigerModuleOperation',1),(33,'LineItem','include/Webservices/LineItem/VtigerLineItemOperation.php','VtigerLineItemOperation',0),(34,'Tax','include/Webservices/LineItem/VtigerTaxOperation.php','VtigerTaxOperation',0),(35,'ProductTaxes','include/Webservices/LineItem/VtigerProductTaxesOperation.php','VtigerProductTaxesOperation',0);
/*!40000 ALTER TABLE `vtiger_ws_entity` ENABLE KEYS */;
UNLOCK TABLES;

--
-- Table structure for table `vtiger_ws_entity_fieldtype`
--

DROP TABLE IF EXISTS `vtiger_ws_entity_fieldtype`;
/*!40101 SET @saved_cs_client     = @@character_set_client */;
/*!40101 SET character_set_client = utf8 */;
CREATE TABLE `vtiger_ws_entity_fieldtype` (
  `fieldtypeid` int(19) NOT NULL AUTO_INCREMENT,
  `table_name` varchar(50) NOT NULL,
  `field_name` varchar(50) NOT NULL,
  `fieldtype` varchar(200) NOT NULL,
  PRIMARY KEY (`fieldtypeid`),
  UNIQUE KEY `vtiger_idx_1_tablename_fieldname` (`table_name`,`field_name`)
) ENGINE=InnoDB AUTO_INCREMENT=11 DEFAULT CHARSET=utf8;
/*!40101 SET character_set_client = @saved_cs_client */;

--
-- Dumping data for table `vtiger_ws_entity_fieldtype`
--

LOCK TABLES `vtiger_ws_entity_fieldtype` WRITE;
/*!40000 ALTER TABLE `vtiger_ws_entity_fieldtype` DISABLE KEYS */;
INSERT INTO `vtiger_ws_entity_fieldtype` VALUES (1,'vtiger_attachmentsfolder','createdby','reference'),(2,'vtiger_organizationdetails','logoname','file'),(3,'vtiger_organizationdetails','phone','phone'),(4,'vtiger_organizationdetails','fax','phone'),(5,'vtiger_organizationdetails','website','url'),(6,'vtiger_inventoryproductrel','productid','reference'),(7,'vtiger_inventoryproductrel','id','reference'),(8,'vtiger_inventoryproductrel','incrementondel','autogenerated'),(9,'vtiger_producttaxrel','productid','reference'),(10,'vtiger_producttaxrel','taxid','reference');
/*!40000 ALTER TABLE `vtiger_ws_entity_fieldtype` ENABLE KEYS */;
UNLOCK TABLES;

--
-- Table structure for table `vtiger_ws_entity_fieldtype_seq`
--

DROP TABLE IF EXISTS `vtiger_ws_entity_fieldtype_seq`;
/*!40101 SET @saved_cs_client     = @@character_set_client */;
/*!40101 SET character_set_client = utf8 */;
CREATE TABLE `vtiger_ws_entity_fieldtype_seq` (
  `id` int(11) NOT NULL
) ENGINE=InnoDB DEFAULT CHARSET=utf8;
/*!40101 SET character_set_client = @saved_cs_client */;

--
-- Dumping data for table `vtiger_ws_entity_fieldtype_seq`
--

LOCK TABLES `vtiger_ws_entity_fieldtype_seq` WRITE;
/*!40000 ALTER TABLE `vtiger_ws_entity_fieldtype_seq` DISABLE KEYS */;
INSERT INTO `vtiger_ws_entity_fieldtype_seq` VALUES (10);
/*!40000 ALTER TABLE `vtiger_ws_entity_fieldtype_seq` ENABLE KEYS */;
UNLOCK TABLES;

--
-- Table structure for table `vtiger_ws_entity_name`
--

DROP TABLE IF EXISTS `vtiger_ws_entity_name`;
/*!40101 SET @saved_cs_client     = @@character_set_client */;
/*!40101 SET character_set_client = utf8 */;
CREATE TABLE `vtiger_ws_entity_name` (
  `entity_id` int(11) NOT NULL,
  `name_fields` varchar(50) NOT NULL,
  `index_field` varchar(50) NOT NULL,
  `table_name` varchar(50) NOT NULL,
  PRIMARY KEY (`entity_id`)
) ENGINE=InnoDB DEFAULT CHARSET=utf8;
/*!40101 SET character_set_client = @saved_cs_client */;

--
-- Dumping data for table `vtiger_ws_entity_name`
--

LOCK TABLES `vtiger_ws_entity_name` WRITE;
/*!40000 ALTER TABLE `vtiger_ws_entity_name` DISABLE KEYS */;
INSERT INTO `vtiger_ws_entity_name` VALUES (20,'groupname','groupid','vtiger_groups'),(21,'currency_name','id','vtiger_currency_info'),(22,'foldername','folderid','vtiger_attachmentsfolder'),(23,'organizationname','groupid','vtiger_organizationdetails'),(34,'taxlabel','taxid','vtiger_inventorytaxinfo');
/*!40000 ALTER TABLE `vtiger_ws_entity_name` ENABLE KEYS */;
UNLOCK TABLES;

--
-- Table structure for table `vtiger_ws_entity_referencetype`
--

DROP TABLE IF EXISTS `vtiger_ws_entity_referencetype`;
/*!40101 SET @saved_cs_client     = @@character_set_client */;
/*!40101 SET character_set_client = utf8 */;
CREATE TABLE `vtiger_ws_entity_referencetype` (
  `fieldtypeid` int(19) NOT NULL,
  `type` varchar(25) NOT NULL,
  PRIMARY KEY (`fieldtypeid`,`type`)
) ENGINE=InnoDB DEFAULT CHARSET=utf8;
/*!40101 SET character_set_client = @saved_cs_client */;

--
-- Dumping data for table `vtiger_ws_entity_referencetype`
--

LOCK TABLES `vtiger_ws_entity_referencetype` WRITE;
/*!40000 ALTER TABLE `vtiger_ws_entity_referencetype` DISABLE KEYS */;
INSERT INTO `vtiger_ws_entity_referencetype` VALUES (5,'Users'),(6,'Products'),(7,'Invoice'),(7,'PurchaseOrder'),(7,'Quotes'),(7,'SalesOrder'),(9,'Products'),(10,'Tax');
/*!40000 ALTER TABLE `vtiger_ws_entity_referencetype` ENABLE KEYS */;
UNLOCK TABLES;

--
-- Table structure for table `vtiger_ws_entity_seq`
--

DROP TABLE IF EXISTS `vtiger_ws_entity_seq`;
/*!40101 SET @saved_cs_client     = @@character_set_client */;
/*!40101 SET character_set_client = utf8 */;
CREATE TABLE `vtiger_ws_entity_seq` (
  `id` int(11) NOT NULL
) ENGINE=InnoDB DEFAULT CHARSET=utf8;
/*!40101 SET character_set_client = @saved_cs_client */;

--
-- Dumping data for table `vtiger_ws_entity_seq`
--

LOCK TABLES `vtiger_ws_entity_seq` WRITE;
/*!40000 ALTER TABLE `vtiger_ws_entity_seq` DISABLE KEYS */;
INSERT INTO `vtiger_ws_entity_seq` VALUES (35);
/*!40000 ALTER TABLE `vtiger_ws_entity_seq` ENABLE KEYS */;
UNLOCK TABLES;

--
-- Table structure for table `vtiger_ws_entity_tables`
--

DROP TABLE IF EXISTS `vtiger_ws_entity_tables`;
/*!40101 SET @saved_cs_client     = @@character_set_client */;
/*!40101 SET character_set_client = utf8 */;
CREATE TABLE `vtiger_ws_entity_tables` (
  `webservice_entity_id` int(11) NOT NULL,
  `table_name` varchar(50) NOT NULL,
  PRIMARY KEY (`webservice_entity_id`,`table_name`)
) ENGINE=InnoDB DEFAULT CHARSET=utf8;
/*!40101 SET character_set_client = @saved_cs_client */;

--
-- Dumping data for table `vtiger_ws_entity_tables`
--

LOCK TABLES `vtiger_ws_entity_tables` WRITE;
/*!40000 ALTER TABLE `vtiger_ws_entity_tables` DISABLE KEYS */;
INSERT INTO `vtiger_ws_entity_tables` VALUES (20,'vtiger_groups'),(21,'vtiger_currency_info'),(22,'vtiger_attachmentsfolder'),(23,'vtiger_organizationdetails'),(33,'vtiger_inventoryproductrel'),(34,'vtiger_inventorytaxinfo'),(35,'vtiger_producttaxrel');
/*!40000 ALTER TABLE `vtiger_ws_entity_tables` ENABLE KEYS */;
UNLOCK TABLES;

--
-- Table structure for table `vtiger_ws_fieldinfo`
--

DROP TABLE IF EXISTS `vtiger_ws_fieldinfo`;
/*!40101 SET @saved_cs_client     = @@character_set_client */;
/*!40101 SET character_set_client = utf8 */;
CREATE TABLE `vtiger_ws_fieldinfo` (
  `id` varchar(64) NOT NULL,
  `property_name` varchar(32) DEFAULT NULL,
  `property_value` varchar(64) DEFAULT NULL,
  PRIMARY KEY (`id`)
) ENGINE=InnoDB DEFAULT CHARSET=utf8;
/*!40101 SET character_set_client = @saved_cs_client */;

--
-- Dumping data for table `vtiger_ws_fieldinfo`
--

LOCK TABLES `vtiger_ws_fieldinfo` WRITE;
/*!40000 ALTER TABLE `vtiger_ws_fieldinfo` DISABLE KEYS */;
INSERT INTO `vtiger_ws_fieldinfo` VALUES ('vtiger_organizationdetails.organization_id','upload.path','1');
/*!40000 ALTER TABLE `vtiger_ws_fieldinfo` ENABLE KEYS */;
UNLOCK TABLES;

--
-- Table structure for table `vtiger_ws_fieldtype`
--

DROP TABLE IF EXISTS `vtiger_ws_fieldtype`;
/*!40101 SET @saved_cs_client     = @@character_set_client */;
/*!40101 SET character_set_client = utf8 */;
CREATE TABLE `vtiger_ws_fieldtype` (
  `fieldtypeid` int(19) NOT NULL AUTO_INCREMENT,
  `uitype` varchar(30) NOT NULL,
  `fieldtype` varchar(200) NOT NULL,
  PRIMARY KEY (`fieldtypeid`),
  UNIQUE KEY `uitype_idx` (`uitype`)
) ENGINE=InnoDB AUTO_INCREMENT=40 DEFAULT CHARSET=utf8;
/*!40101 SET character_set_client = @saved_cs_client */;

--
-- Dumping data for table `vtiger_ws_fieldtype`
--

LOCK TABLES `vtiger_ws_fieldtype` WRITE;
/*!40000 ALTER TABLE `vtiger_ws_fieldtype` DISABLE KEYS */;
INSERT INTO `vtiger_ws_fieldtype` VALUES (1,'15','picklist'),(2,'16','picklist'),(3,'19','text'),(4,'20','text'),(5,'21','text'),(6,'24','text'),(7,'3','autogenerated'),(8,'11','phone'),(9,'33','multipicklist'),(10,'17','url'),(11,'85','skype'),(12,'56','boolean'),(13,'156','boolean'),(14,'53','owner'),(15,'61','file'),(16,'28','file'),(17,'13','email'),(18,'71','currency'),(19,'72','currency'),(20,'50','reference'),(21,'51','reference'),(22,'57','reference'),(23,'58','reference'),(24,'73','reference'),(25,'75','reference'),(26,'76','reference'),(27,'78','reference'),(28,'80','reference'),(29,'81','reference'),(30,'101','reference'),(31,'52','reference'),(32,'357','reference'),(33,'59','reference'),(34,'66','reference'),(35,'77','reference'),(36,'68','reference'),(37,'117','reference'),(38,'26','reference'),(39,'10','reference');
/*!40000 ALTER TABLE `vtiger_ws_fieldtype` ENABLE KEYS */;
UNLOCK TABLES;

--
-- Table structure for table `vtiger_ws_operation`
--

DROP TABLE IF EXISTS `vtiger_ws_operation`;
/*!40101 SET @saved_cs_client     = @@character_set_client */;
/*!40101 SET character_set_client = utf8 */;
CREATE TABLE `vtiger_ws_operation` (
  `operationid` int(11) NOT NULL AUTO_INCREMENT,
  `name` varchar(128) NOT NULL,
  `handler_path` varchar(255) NOT NULL,
  `handler_method` varchar(64) NOT NULL,
  `type` varchar(8) NOT NULL,
  `prelogin` int(3) NOT NULL,
  PRIMARY KEY (`operationid`)
) ENGINE=InnoDB AUTO_INCREMENT=34 DEFAULT CHARSET=utf8;
/*!40101 SET character_set_client = @saved_cs_client */;

--
-- Dumping data for table `vtiger_ws_operation`
--

LOCK TABLES `vtiger_ws_operation` WRITE;
/*!40000 ALTER TABLE `vtiger_ws_operation` DISABLE KEYS */;
INSERT INTO `vtiger_ws_operation` VALUES (1,'login','include/Webservices/Login.php','vtws_login','POST',1),(2,'retrieve','include/Webservices/Retrieve.php','vtws_retrieve','GET',0),(3,'create','include/Webservices/Create.php','vtws_create','POST',0),(4,'update','include/Webservices/Update.php','vtws_update','POST',0),(5,'delete','include/Webservices/Delete.php','vtws_delete','POST',0),(6,'sync','include/Webservices/GetUpdates.php','vtws_sync','GET',0),(7,'query','include/Webservices/Query.php','vtws_query','GET',0),(8,'logout','include/Webservices/Logout.php','vtws_logout','POST',0),(9,'listtypes','include/Webservices/ModuleTypes.php','vtws_listtypes','GET',0),(10,'getchallenge','include/Webservices/AuthToken.php','vtws_getchallenge','GET',1),(11,'describe','include/Webservices/DescribeObject.php','vtws_describe','GET',0),(12,'extendsession','include/Webservices/ExtendSession.php','vtws_extendSession','POST',1),(13,'convertlead','include/Webservices/ConvertLead.php','vtws_convertlead','POST',0),(14,'revise','include/Webservices/Revise.php','vtws_revise','POST',0),(15,'changePassword','include/Webservices/ChangePassword.php','vtws_changePassword','POST',0),(16,'deleteUser','include/Webservices/DeleteUser.php','vtws_deleteUser','POST',0),(17,'mobile.fetchallalerts','modules/Mobile/api/wsapi.php','mobile_ws_fetchAllAlerts','POST',0),(18,'mobile.alertdetailswithmessage','modules/Mobile/api/wsapi.php','mobile_ws_alertDetailsWithMessage','POST',0),(19,'mobile.fetchmodulefilters','modules/Mobile/api/wsapi.php','mobile_ws_fetchModuleFilters','POST',0),(20,'mobile.fetchrecord','modules/Mobile/api/wsapi.php','mobile_ws_fetchRecord','POST',0),(21,'mobile.fetchrecordwithgrouping','modules/Mobile/api/wsapi.php','mobile_ws_fetchRecordWithGrouping','POST',0),(22,'mobile.filterdetailswithcount','modules/Mobile/api/wsapi.php','mobile_ws_filterDetailsWithCount','POST',0),(23,'mobile.listmodulerecords','modules/Mobile/api/wsapi.php','mobile_ws_listModuleRecords','POST',0),(24,'mobile.saverecord','modules/Mobile/api/wsapi.php','mobile_ws_saveRecord','POST',0),(25,'mobile.syncModuleRecords','modules/Mobile/api/wsapi.php','mobile_ws_syncModuleRecords','POST',0),(26,'mobile.query','modules/Mobile/api/wsapi.php','mobile_ws_query','POST',0),(27,'mobile.querywithgrouping','modules/Mobile/api/wsapi.php','mobile_ws_queryWithGrouping','POST',0),(28,'wsapp_register','modules/WSAPP/api/ws/Register.php','wsapp_register','POST',0),(29,'wsapp_deregister','modules/WSAPP/api/ws/DeRegister.php','wsapp_deregister','POST',0),(30,'wsapp_get','modules/WSAPP/api/ws/Get.php','wsapp_get','POST',0),(31,'wsapp_put','modules/WSAPP/api/ws/Put.php','wsapp_put','POST',0),(32,'wsapp_map','modules/WSAPP/api/ws/Map.php','wsapp_map','POST',0),(33,'retrieve_inventory','include/Webservices/LineItem/RetrieveInventory.php','vtws_retrieve_inventory','GET',0);
/*!40000 ALTER TABLE `vtiger_ws_operation` ENABLE KEYS */;
UNLOCK TABLES;

--
-- Table structure for table `vtiger_ws_operation_parameters`
--

DROP TABLE IF EXISTS `vtiger_ws_operation_parameters`;
/*!40101 SET @saved_cs_client     = @@character_set_client */;
/*!40101 SET character_set_client = utf8 */;
CREATE TABLE `vtiger_ws_operation_parameters` (
  `operationid` int(11) NOT NULL AUTO_INCREMENT,
  `name` varchar(128) NOT NULL,
  `type` varchar(64) NOT NULL,
  `sequence` int(11) NOT NULL,
  PRIMARY KEY (`operationid`,`name`)
) ENGINE=InnoDB AUTO_INCREMENT=34 DEFAULT CHARSET=utf8;
/*!40101 SET character_set_client = @saved_cs_client */;

--
-- Dumping data for table `vtiger_ws_operation_parameters`
--

LOCK TABLES `vtiger_ws_operation_parameters` WRITE;
/*!40000 ALTER TABLE `vtiger_ws_operation_parameters` DISABLE KEYS */;
INSERT INTO `vtiger_ws_operation_parameters` VALUES (1,'accessKey','String',2),(1,'username','String',1),(2,'id','String',1),(3,'element','encoded',2),(3,'elementType','String',1),(4,'element','encoded',1),(5,'id','String',1),(6,'elementType','String',2),(6,'modifiedTime','DateTime',1),(7,'query','String',1),(8,'sessionName','String',1),(9,'fieldTypeList','encoded',1),(10,'username','String',1),(11,'elementType','String',1),(13,'accountName','String',3),(13,'assignedTo','String',2),(13,'avoidPotential','Boolean',4),(13,'leadId','String',1),(13,'potential','Encoded',5),(14,'element','Encoded',1),(15,'confirmPassword','String',4),(15,'id','String',1),(15,'newPassword','String',3),(15,'oldPassword','String',2),(16,'id','String',1),(16,'newOwnerId','String',2),(18,'alertid','string',1),(19,'module','string',1),(20,'record','string',1),(21,'record','string',1),(22,'filterid','string',1),(23,'elements','encoded',1),(24,'module','string',1),(24,'record','string',2),(24,'values','encoded',3),(25,'module','string',1),(25,'page','string',3),(25,'syncToken','string',2),(26,'module','string',1),(26,'page','string',3),(26,'query','string',2),(27,'module','string',1),(27,'page','string',3),(27,'query','string',2),(28,'synctype','string',2),(28,'type','string',1),(29,'key','string',2),(29,'type','string',1),(30,'key','string',1),(30,'module','string',2),(30,'token','string',3),(31,'element','encoded',2),(31,'key','string',1),(32,'element','encoded',2),(32,'key','string',1),(33,'id','String',1);
/*!40000 ALTER TABLE `vtiger_ws_operation_parameters` ENABLE KEYS */;
UNLOCK TABLES;

--
-- Table structure for table `vtiger_ws_operation_seq`
--

DROP TABLE IF EXISTS `vtiger_ws_operation_seq`;
/*!40101 SET @saved_cs_client     = @@character_set_client */;
/*!40101 SET character_set_client = utf8 */;
CREATE TABLE `vtiger_ws_operation_seq` (
  `id` int(11) NOT NULL
) ENGINE=InnoDB DEFAULT CHARSET=utf8;
/*!40101 SET character_set_client = @saved_cs_client */;

--
-- Dumping data for table `vtiger_ws_operation_seq`
--

LOCK TABLES `vtiger_ws_operation_seq` WRITE;
/*!40000 ALTER TABLE `vtiger_ws_operation_seq` DISABLE KEYS */;
INSERT INTO `vtiger_ws_operation_seq` VALUES (33);
/*!40000 ALTER TABLE `vtiger_ws_operation_seq` ENABLE KEYS */;
UNLOCK TABLES;

--
-- Table structure for table `vtiger_ws_referencetype`
--

DROP TABLE IF EXISTS `vtiger_ws_referencetype`;
/*!40101 SET @saved_cs_client     = @@character_set_client */;
/*!40101 SET character_set_client = utf8 */;
CREATE TABLE `vtiger_ws_referencetype` (
  `fieldtypeid` int(19) NOT NULL,
  `type` varchar(25) NOT NULL,
  PRIMARY KEY (`fieldtypeid`,`type`)
) ENGINE=InnoDB DEFAULT CHARSET=utf8;
/*!40101 SET character_set_client = @saved_cs_client */;

--
-- Dumping data for table `vtiger_ws_referencetype`
--

LOCK TABLES `vtiger_ws_referencetype` WRITE;
/*!40000 ALTER TABLE `vtiger_ws_referencetype` DISABLE KEYS */;
INSERT INTO `vtiger_ws_referencetype` VALUES (20,'Accounts'),(21,'Accounts'),(22,'Contacts'),(23,'Campaigns'),(24,'Accounts'),(25,'Vendors'),(26,'Potentials'),(27,'Quotes'),(28,'SalesOrder'),(29,'Vendors'),(30,'Users'),(31,'Campaigns'),(31,'Users'),(32,'Accounts'),(32,'Contacts'),(32,'Leads'),(32,'Users'),(32,'Vendors'),(33,'Products'),(34,'Accounts'),(34,'Campaigns'),(34,'HelpDesk'),(34,'Leads'),(34,'Potentials'),(35,'Users'),(36,'Accounts'),(36,'Contacts'),(37,'Currency'),(38,'DocumentFolders');
/*!40000 ALTER TABLE `vtiger_ws_referencetype` ENABLE KEYS */;
UNLOCK TABLES;

--
-- Table structure for table `vtiger_ws_userauthtoken`
--

DROP TABLE IF EXISTS `vtiger_ws_userauthtoken`;
/*!40101 SET @saved_cs_client     = @@character_set_client */;
/*!40101 SET character_set_client = utf8 */;
CREATE TABLE `vtiger_ws_userauthtoken` (
  `userid` int(19) NOT NULL,
  `token` varchar(36) NOT NULL,
  `expiretime` int(19) NOT NULL,
  PRIMARY KEY (`userid`,`expiretime`),
  UNIQUE KEY `userid_idx` (`userid`)
) ENGINE=InnoDB DEFAULT CHARSET=utf8;
/*!40101 SET character_set_client = @saved_cs_client */;

--
-- Dumping data for table `vtiger_ws_userauthtoken`
--

LOCK TABLES `vtiger_ws_userauthtoken` WRITE;
/*!40000 ALTER TABLE `vtiger_ws_userauthtoken` DISABLE KEYS */;
/*!40000 ALTER TABLE `vtiger_ws_userauthtoken` ENABLE KEYS */;
UNLOCK TABLES;

--
-- Table structure for table `vtiger_wsapp`
--

DROP TABLE IF EXISTS `vtiger_wsapp`;
/*!40101 SET @saved_cs_client     = @@character_set_client */;
/*!40101 SET character_set_client = utf8 */;
CREATE TABLE `vtiger_wsapp` (
  `appid` int(11) NOT NULL AUTO_INCREMENT,
  `name` varchar(200) NOT NULL,
  `appkey` varchar(255) DEFAULT NULL,
  `type` varchar(100) DEFAULT NULL,
  PRIMARY KEY (`appid`)
) ENGINE=InnoDB AUTO_INCREMENT=2 DEFAULT CHARSET=utf8;
/*!40101 SET character_set_client = @saved_cs_client */;

--
-- Dumping data for table `vtiger_wsapp`
--

LOCK TABLES `vtiger_wsapp` WRITE;
/*!40000 ALTER TABLE `vtiger_wsapp` DISABLE KEYS */;
INSERT INTO `vtiger_wsapp` VALUES (1,'vtigerCRM','5501be207b319','user');
/*!40000 ALTER TABLE `vtiger_wsapp` ENABLE KEYS */;
UNLOCK TABLES;

--
-- Table structure for table `vtiger_wsapp_handlerdetails`
--

DROP TABLE IF EXISTS `vtiger_wsapp_handlerdetails`;
/*!40101 SET @saved_cs_client     = @@character_set_client */;
/*!40101 SET character_set_client = utf8 */;
CREATE TABLE `vtiger_wsapp_handlerdetails` (
  `type` varchar(200) NOT NULL,
  `handlerclass` varchar(100) DEFAULT NULL,
  `handlerpath` varchar(300) DEFAULT NULL
) ENGINE=InnoDB DEFAULT CHARSET=utf8;
/*!40101 SET character_set_client = @saved_cs_client */;

--
-- Dumping data for table `vtiger_wsapp_handlerdetails`
--

LOCK TABLES `vtiger_wsapp_handlerdetails` WRITE;
/*!40000 ALTER TABLE `vtiger_wsapp_handlerdetails` DISABLE KEYS */;
INSERT INTO `vtiger_wsapp_handlerdetails` VALUES ('Outlook','OutlookHandler','modules/WSAPP/Handlers/OutlookHandler.php'),('vtigerCRM','vtigerCRMHandler','modules/WSAPP/Handlers/vtigerCRMHandler.php'),('vtigerSyncLib','WSAPP_VtigerSyncEventHandler','modules/WSAPP/synclib/handlers/VtigerSyncEventHandler.php'),('Google_vtigerHandler','Google_Vtiger_Handler','modules/Google/handlers/Vtiger.php'),('Google_vtigerSyncHandler','Google_VtigerSync_Handler','modules/Google/handlers/VtigerSync.php');
/*!40000 ALTER TABLE `vtiger_wsapp_handlerdetails` ENABLE KEYS */;
UNLOCK TABLES;

--
-- Table structure for table `vtiger_wsapp_queuerecords`
--

DROP TABLE IF EXISTS `vtiger_wsapp_queuerecords`;
/*!40101 SET @saved_cs_client     = @@character_set_client */;
/*!40101 SET character_set_client = utf8 */;
CREATE TABLE `vtiger_wsapp_queuerecords` (
  `syncserverid` int(19) DEFAULT NULL,
  `details` varchar(300) DEFAULT NULL,
  `flag` varchar(100) DEFAULT NULL,
  `appid` int(19) DEFAULT NULL
) ENGINE=InnoDB DEFAULT CHARSET=utf8;
/*!40101 SET character_set_client = @saved_cs_client */;

--
-- Dumping data for table `vtiger_wsapp_queuerecords`
--

LOCK TABLES `vtiger_wsapp_queuerecords` WRITE;
/*!40000 ALTER TABLE `vtiger_wsapp_queuerecords` DISABLE KEYS */;
/*!40000 ALTER TABLE `vtiger_wsapp_queuerecords` ENABLE KEYS */;
UNLOCK TABLES;

--
-- Table structure for table `vtiger_wsapp_recordmapping`
--

DROP TABLE IF EXISTS `vtiger_wsapp_recordmapping`;
/*!40101 SET @saved_cs_client     = @@character_set_client */;
/*!40101 SET character_set_client = utf8 */;
CREATE TABLE `vtiger_wsapp_recordmapping` (
  `id` int(19) NOT NULL AUTO_INCREMENT,
  `serverid` varchar(10) DEFAULT NULL,
  `clientid` varchar(255) DEFAULT NULL,
  `clientmodifiedtime` datetime DEFAULT NULL,
  `appid` int(11) DEFAULT NULL,
  `servermodifiedtime` datetime DEFAULT NULL,
  `serverappid` int(11) DEFAULT NULL,
  PRIMARY KEY (`id`)
) ENGINE=InnoDB DEFAULT CHARSET=utf8;
/*!40101 SET character_set_client = @saved_cs_client */;

--
-- Dumping data for table `vtiger_wsapp_recordmapping`
--

LOCK TABLES `vtiger_wsapp_recordmapping` WRITE;
/*!40000 ALTER TABLE `vtiger_wsapp_recordmapping` DISABLE KEYS */;
/*!40000 ALTER TABLE `vtiger_wsapp_recordmapping` ENABLE KEYS */;
UNLOCK TABLES;

--
-- Table structure for table `vtiger_wsapp_sync_state`
--

DROP TABLE IF EXISTS `vtiger_wsapp_sync_state`;
/*!40101 SET @saved_cs_client     = @@character_set_client */;
/*!40101 SET character_set_client = utf8 */;
CREATE TABLE `vtiger_wsapp_sync_state` (
  `id` int(19) NOT NULL AUTO_INCREMENT,
  `name` varchar(200) DEFAULT NULL,
  `stateencodedvalues` varchar(300) NOT NULL,
  `userid` int(19) DEFAULT NULL,
  PRIMARY KEY (`id`)
) ENGINE=InnoDB DEFAULT CHARSET=utf8;
/*!40101 SET character_set_client = @saved_cs_client */;

--
-- Dumping data for table `vtiger_wsapp_sync_state`
--

LOCK TABLES `vtiger_wsapp_sync_state` WRITE;
/*!40000 ALTER TABLE `vtiger_wsapp_sync_state` DISABLE KEYS */;
/*!40000 ALTER TABLE `vtiger_wsapp_sync_state` ENABLE KEYS */;
UNLOCK TABLES;
/*!40103 SET TIME_ZONE=@OLD_TIME_ZONE */;

/*!40101 SET SQL_MODE=@OLD_SQL_MODE */;
/*!40014 SET FOREIGN_KEY_CHECKS=@OLD_FOREIGN_KEY_CHECKS */;
/*!40014 SET UNIQUE_CHECKS=@OLD_UNIQUE_CHECKS */;
/*!40101 SET CHARACTER_SET_CLIENT=@OLD_CHARACTER_SET_CLIENT */;
/*!40101 SET CHARACTER_SET_RESULTS=@OLD_CHARACTER_SET_RESULTS */;
/*!40101 SET COLLATION_CONNECTION=@OLD_COLLATION_CONNECTION */;
/*!40111 SET SQL_NOTES=@OLD_SQL_NOTES */;

-- Dump completed on 2015-05-06 11:10:56
